Using global (7-scenario) normalization: max_xy=52.5987, max_dist=53.2021
Running 2 rehearsal comparisons, 10 seeds each.

======================================================================
Rehearsal comparison: scenario1 -> scenario32straight  (s1_to_s32straight)
======================================================================
  seed 0: pretrain on scenario1 (1928 samples), zero-shot eval on scenario32straight (475 held-out test samples)
cpu
-----------------------------------------------------------------------
      Layer (type)        Output Shape         Param #     Tr. Param #
=======================================================================
          Linear-1           [32, 256]           1,280           1,280
            ReLU-2           [32, 256]               0               0
          Linear-3           [32, 256]          65,792          65,792
          Linear-4           [32, 256]          65,792          65,792
          Linear-5            [32, 16]           4,112           4,112
=======================================================================
Total params: 136,976
Trainable params: 136,976
Non-trainable params: 0
-----------------------------------------------------------------------
val_loss=15.6943
accuracy
[0.         0.00421053 0.01263158 0.43789474]
val_loss=18.9314
accuracy
[0.00210526 0.00631579 0.01263158 0.01473684]
val_loss=21.1834
accuracy
[0.00210526 0.00631579 0.00842105 0.01473684]
val_loss=15.6290
accuracy
[0.00210526 0.00631579 0.00842105 0.02315789]
val_loss=15.9185
accuracy
[0.         0.00631579 0.00842105 0.36842105]
val_loss=11.1693
accuracy
[0.         0.00421053 0.28842105 0.36842105]
val_loss=13.9188
accuracy
[0.         0.00631579 0.36       0.38315789]
val_loss=15.5060
accuracy
[0.         0.00631579 0.36       0.36842105]
val_loss=17.1595
accuracy
[0.         0.00631579 0.00842105 0.37263158]
val_loss=13.8425
accuracy
[0.         0.05894737 0.36       0.38526316]
val_loss=14.8654
accuracy
[0.         0.00631579 0.36       0.36842105]
val_loss=14.6963
accuracy
[0.         0.00631579 0.34315789 0.37684211]
val_loss=14.7648
accuracy
[0.         0.35578947 0.36       0.36842105]
val_loss=16.8827
accuracy
[0.         0.00631579 0.00842105 0.36842105]
val_loss=15.2546
accuracy
[0.         0.15368421 0.22526316 0.37052632]
val_loss=15.8467
accuracy
[0.         0.35578947 0.36       0.37052632]
val_loss=17.8102
accuracy
[0.         0.00421053 0.36       0.37052632]
val_loss=16.8476
accuracy
[0.         0.35368421 0.36       0.44421053]
val_loss=16.0404
accuracy
[0.         0.00631579 0.00842105 0.46315789]
val_loss=14.2139
accuracy
[0.         0.35578947 0.36       0.48421053]
val_loss=15.0749
accuracy
[0.         0.34736842 0.36       0.45894737]
val_loss=15.6810
accuracy
[0.         0.34105263 0.36       0.47157895]
val_loss=15.4593
accuracy
[0.         0.35578947 0.36210526 0.48210526]
val_loss=15.7633
accuracy
[0.         0.33684211 0.36       0.44842105]
val_loss=16.3407
accuracy
[0.         0.35578947 0.36       0.49052632]
val_loss=16.1213
accuracy
[0.         0.35578947 0.36210526 0.48631579]
val_loss=15.7827
accuracy
[0.         0.35578947 0.36210526 0.49263158]
val_loss=15.9464
accuracy
[0.         0.35578947 0.36210526 0.48631579]
val_loss=16.2869
accuracy
[0.         0.35578947 0.36210526 0.49052632]
val_loss=16.2137
accuracy
[0.         0.35578947 0.36210526 0.48421053]
val_loss=17.1431
accuracy
[0.         0.34736842 0.36210526 0.47157895]
val_loss=16.6271
accuracy
[0.         0.34105263 0.36       0.45894737]
val_loss=16.7632
accuracy
[0.         0.33473684 0.36210526 0.45052632]
val_loss=16.4308
accuracy
[0.         0.34736842 0.36       0.47157895]
val_loss=16.3095
accuracy
[0.         0.35578947 0.36210526 0.48631579]
val_loss=15.8782
accuracy
[0.         0.34736842 0.36       0.46947368]
val_loss=16.0254
accuracy
[0.         0.35578947 0.36210526 0.49263158]
val_loss=16.6490
accuracy
[0.         0.35368421 0.36210526 0.47157895]
val_loss=16.1896
accuracy
[0.         0.35578947 0.36210526 0.48842105]
val_loss=16.0322
accuracy
[0.         0.35578947 0.36       0.47789474]
val_loss=16.3416
accuracy
[0.         0.35578947 0.36210526 0.48210526]
val_loss=16.5605
accuracy
[0.         0.35578947 0.36210526 0.48210526]
val_loss=16.3041
accuracy
[0.         0.35578947 0.36210526 0.48421053]
val_loss=16.4930
accuracy
[0.         0.35578947 0.36210526 0.48210526]
val_loss=16.4751
accuracy
[0.         0.35578947 0.36210526 0.48210526]
val_loss=16.7073
accuracy
[0.         0.35578947 0.36210526 0.48210526]
val_loss=16.6402
accuracy
[0.         0.35578947 0.36421053 0.48210526]
val_loss=16.7970
accuracy
[0.         0.35578947 0.36210526 0.48421053]
val_loss=16.6278
accuracy
[0.         0.35578947 0.36210526 0.48210526]
val_loss=16.5450
accuracy
[0.         0.35578947 0.36421053 0.48210526]
val_loss=16.6159
accuracy
[0.         0.35578947 0.36210526 0.48210526]
val_loss=16.6637
accuracy
[0.         0.35578947 0.36421053 0.48210526]
val_loss=16.7526
accuracy
[0.         0.35578947 0.36210526 0.48210526]
val_loss=16.5516
accuracy
[0.         0.35578947 0.36210526 0.48      ]
val_loss=16.7148
accuracy
[0.         0.35578947 0.36210526 0.48210526]
val_loss=16.7969
accuracy
[0.         0.35578947 0.36210526 0.49052632]
val_loss=16.8795
accuracy
[0.         0.35578947 0.36210526 0.48210526]
val_loss=16.7966
accuracy
[0.         0.35578947 0.36210526 0.48210526]
val_loss=16.6934
accuracy
[0.         0.35578947 0.36210526 0.48210526]
val_loss=16.7784
accuracy
[0.         0.35578947 0.36210526 0.48210526]
val_loss=16.8293
accuracy
[0.         0.35578947 0.36210526 0.48210526]
val_loss=16.8299
accuracy
[0.         0.35578947 0.36210526 0.48210526]
val_loss=16.8291
accuracy
[0.         0.35578947 0.36210526 0.48210526]
val_loss=16.8482
accuracy
[0.         0.35578947 0.36210526 0.48210526]
val_loss=16.8859
accuracy
[0.         0.35578947 0.36210526 0.48210526]
val_loss=16.8628
accuracy
[0.         0.35578947 0.36210526 0.48210526]
val_loss=16.8668
accuracy
[0.         0.35578947 0.36210526 0.48210526]
val_loss=16.8568
accuracy
[0.         0.35578947 0.36210526 0.48210526]
val_loss=16.8964
accuracy
[0.         0.35578947 0.36210526 0.48210526]
val_loss=16.8610
accuracy
[0.         0.35578947 0.36210526 0.48210526]
val_loss=16.9337
accuracy
[0.         0.35578947 0.36210526 0.48210526]
val_loss=16.9183
accuracy
[0.         0.35578947 0.36210526 0.48210526]
val_loss=16.8597
accuracy
[0.         0.35578947 0.36210526 0.48210526]
val_loss=16.8700
accuracy
[0.         0.35578947 0.36210526 0.48210526]
val_loss=16.8870
accuracy
[0.         0.35578947 0.36210526 0.48210526]
val_loss=16.8906
accuracy
[0.         0.35578947 0.36210526 0.48210526]
val_loss=16.9005
accuracy
[0.         0.35578947 0.36210526 0.48210526]
val_loss=16.9205
accuracy
[0.         0.35578947 0.36210526 0.48210526]
val_loss=16.9162
accuracy
[0.         0.35578947 0.36       0.48210526]
val_loss=16.9473
accuracy
[0.         0.35578947 0.36210526 0.48210526]
Finished Training
    rehearsal replay buffer: 500 of 1928 source samples
cpu
Finished Training
cpu
Finished Training
cpu
Finished Training
cpu
Finished Training
cpu
Finished Training
cpu
Finished Training
cpu
Finished Training
cpu
Finished Training
cpu
Finished Training
cpu
Finished Training
cpu
Finished Training
cpu
Finished Training
cpu
Finished Training
cpu
Finished Training
cpu
Finished Training
cpu
Finished Training
cpu
Finished Training
cpu
Finished Training
cpu
Finished Training
cpu
Finished Training
cpu
Finished Training
cpu
Finished Training
  seed 1: pretrain on scenario1 (1928 samples), zero-shot eval on scenario32straight (475 held-out test samples)
cpu
-----------------------------------------------------------------------
      Layer (type)        Output Shape         Param #     Tr. Param #
=======================================================================
          Linear-1           [32, 256]           1,280           1,280
            ReLU-2           [32, 256]               0               0
          Linear-3           [32, 256]          65,792          65,792
          Linear-4           [32, 256]          65,792          65,792
          Linear-5            [32, 16]           4,112           4,112
=======================================================================
Total params: 136,976
Trainable params: 136,976
Non-trainable params: 0
-----------------------------------------------------------------------
val_loss=15.7172
accuracy
[0.00210526 0.00210526 0.00421053 0.48631579]
val_loss=11.7008
accuracy
[0.         0.00210526 0.00421053 0.00421053]
val_loss=15.7476
accuracy
[0.         0.00210526 0.00421053 0.40210526]
val_loss=17.9805
accuracy
[0.         0.00210526 0.00210526 0.40210526]
val_loss=11.7697
accuracy
[0.         0.00210526 0.4        0.40210526]
val_loss=15.0149
accuracy
[0.         0.00210526 0.00210526 0.4       ]
val_loss=14.9221
accuracy
[0.         0.00210526 0.4        0.40210526]
val_loss=16.3508
accuracy
[0.         0.00210526 0.00210526 0.40210526]
val_loss=14.8479
accuracy
[0.         0.00210526 0.40421053 0.41894737]
val_loss=12.7539
accuracy
[0.         0.00210526 0.4        0.42105263]
val_loss=16.6681
accuracy
[0.         0.00210526 0.4        0.4       ]
val_loss=15.5743
accuracy
[0.         0.39789474 0.4        0.41473684]
val_loss=15.9401
accuracy
[0.         0.00210526 0.4        0.41263158]
val_loss=14.1111
accuracy
[0.         0.00210526 0.00210526 0.40631579]
val_loss=15.7939
accuracy
[0.         0.39157895 0.39789474 0.41894737]
val_loss=15.5768
accuracy
[0.         0.00210526 0.4        0.40210526]
val_loss=14.7939
accuracy
[0.         0.37684211 0.4        0.40631579]
val_loss=15.7751
accuracy
[0.         0.         0.39789474 0.46736842]
val_loss=13.8706
accuracy
[0.         0.39789474 0.39789474 0.45894737]
val_loss=13.8661
accuracy
[0.         0.39789474 0.39789474 0.42105263]
val_loss=15.1890
accuracy
[0.         0.39789474 0.39789474 0.42315789]
val_loss=15.8468
accuracy
[0.         0.39789474 0.39789474 0.42315789]
val_loss=16.2772
accuracy
[0.         0.37684211 0.39789474 0.41894737]
val_loss=15.6565
accuracy
[0.         0.39789474 0.39789474 0.42526316]
val_loss=15.7336
accuracy
[0.         0.39789474 0.39789474 0.42315789]
val_loss=16.0282
accuracy
[0.         0.39789474 0.40210526 0.42315789]
val_loss=15.9782
accuracy
[0.         0.39789474 0.39789474 0.42105263]
val_loss=16.1078
accuracy
[0.         0.39789474 0.39789474 0.42105263]
val_loss=16.1917
accuracy
[0.         0.39578947 0.4        0.41473684]
val_loss=16.7199
accuracy
[0.         0.38947368 0.4        0.41894737]
val_loss=16.6530
accuracy
[0.         0.39789474 0.4        0.42105263]
val_loss=16.5393
accuracy
[0.         0.39789474 0.39789474 0.42105263]
val_loss=16.1374
accuracy
[0.         0.39789474 0.39789474 0.46947368]
val_loss=16.3685
accuracy
[0.         0.39789474 0.39789474 0.41894737]
val_loss=16.7650
accuracy
[0.         0.39789474 0.39789474 0.46315789]
val_loss=16.7035
accuracy
[0.         0.39789474 0.39789474 0.44      ]
val_loss=16.3920
accuracy
[0.         0.39578947 0.4        0.42105263]
val_loss=15.8106
accuracy
[0.         0.39789474 0.39789474 0.46947368]
val_loss=16.3835
accuracy
[0.         0.39578947 0.4        0.41684211]
val_loss=16.5346
accuracy
[0.         0.39368421 0.39789474 0.45263158]
val_loss=16.5906
accuracy
[0.         0.39789474 0.4        0.45684211]
val_loss=16.5400
accuracy
[0.         0.39789474 0.39789474 0.46736842]
val_loss=16.6978
accuracy
[0.         0.39789474 0.39789474 0.46736842]
val_loss=16.7825
accuracy
[0.         0.39789474 0.39789474 0.46736842]
val_loss=16.8132
accuracy
[0.         0.39789474 0.39789474 0.46526316]
val_loss=16.7748
accuracy
[0.         0.39789474 0.4        0.45684211]
val_loss=16.8820
accuracy
[0.         0.39789474 0.39789474 0.46526316]
val_loss=16.9177
accuracy
[0.         0.39789474 0.39789474 0.46526316]
val_loss=16.8996
accuracy
[0.         0.39789474 0.4        0.46526316]
val_loss=16.8148
accuracy
[0.         0.39789474 0.4        0.46315789]
val_loss=16.9445
accuracy
[0.         0.39789474 0.39789474 0.46736842]
val_loss=16.8591
accuracy
[0.         0.39789474 0.4        0.45894737]
val_loss=16.9470
accuracy
[0.         0.39789474 0.4        0.46736842]
val_loss=16.9546
accuracy
[0.         0.39789474 0.39789474 0.46736842]
val_loss=16.9839
accuracy
[0.         0.39789474 0.39789474 0.46736842]
val_loss=17.2005
accuracy
[0.         0.39789474 0.4        0.46526316]
val_loss=16.9164
accuracy
[0.         0.39789474 0.4        0.46736842]
val_loss=16.9092
accuracy
[0.         0.39789474 0.4        0.46526316]
val_loss=17.0932
accuracy
[0.         0.39789474 0.4        0.46736842]
val_loss=16.8452
accuracy
[0.         0.39789474 0.39789474 0.46947368]
val_loss=16.8357
accuracy
[0.         0.39789474 0.4        0.46736842]
val_loss=16.8729
accuracy
[0.         0.39789474 0.4        0.46736842]
val_loss=16.9007
accuracy
[0.         0.39789474 0.4        0.46736842]
val_loss=16.9212
accuracy
[0.         0.39789474 0.4        0.46736842]
val_loss=16.9694
accuracy
[0.         0.39789474 0.4        0.46736842]
val_loss=17.0021
accuracy
[0.         0.39789474 0.4        0.46736842]
val_loss=17.0146
accuracy
[0.         0.39789474 0.4        0.46736842]
val_loss=17.0492
accuracy
[0.         0.39789474 0.4        0.46736842]
val_loss=17.0335
accuracy
[0.         0.39789474 0.4        0.46736842]
val_loss=17.1058
accuracy
[0.         0.39789474 0.4        0.46736842]
val_loss=17.0891
accuracy
[0.         0.39789474 0.4        0.46736842]
val_loss=17.1078
accuracy
[0.         0.39789474 0.4        0.46736842]
val_loss=17.1058
accuracy
[0.         0.39789474 0.4        0.46736842]
val_loss=17.0986
accuracy
[0.         0.39789474 0.4        0.46736842]
val_loss=17.1349
accuracy
[0.         0.39789474 0.4        0.46736842]
val_loss=17.1383
accuracy
[0.         0.39789474 0.4        0.46736842]
val_loss=17.1404
accuracy
[0.         0.39789474 0.4        0.46736842]
val_loss=17.1657
accuracy
[0.         0.39789474 0.4        0.46736842]
val_loss=17.1800
accuracy
[0.         0.39789474 0.4        0.46736842]
val_loss=17.1938
accuracy
[0.         0.39789474 0.4        0.46736842]
Finished Training
    rehearsal replay buffer: 500 of 1928 source samples
cpu
Finished Training
cpu
Finished Training
cpu
Finished Training
cpu
Finished Training
cpu
Finished Training
cpu
Finished Training
cpu
Finished Training
cpu
Finished Training
cpu
Finished Training
cpu
Finished Training
cpu
Finished Training
cpu
Finished Training
cpu
Finished Training
cpu
Finished Training
cpu
Finished Training
cpu
Finished Training
cpu
Finished Training
cpu
Finished Training
cpu
Finished Training
cpu
Finished Training
cpu
Finished Training
cpu
Finished Training
  seed 2: pretrain on scenario1 (1928 samples), zero-shot eval on scenario32straight (475 held-out test samples)
cpu
-----------------------------------------------------------------------
      Layer (type)        Output Shape         Param #     Tr. Param #
=======================================================================
          Linear-1           [32, 256]           1,280           1,280
            ReLU-2           [32, 256]               0               0
          Linear-3           [32, 256]          65,792          65,792
          Linear-4           [32, 256]          65,792          65,792
          Linear-5            [32, 16]           4,112           4,112
=======================================================================
Total params: 136,976
Trainable params: 136,976
Non-trainable params: 0
-----------------------------------------------------------------------
val_loss=9.6382
accuracy
[0.         0.00210526 0.00421053 0.23157895]
val_loss=16.1226
accuracy
[0.         0.00210526 0.00421053 0.01684211]
val_loss=19.0328
accuracy
[0.         0.00210526 0.00421053 0.00631579]
val_loss=18.9821
accuracy
[0.         0.00421053 0.00421053 0.37684211]
val_loss=17.6754
accuracy
[0.         0.00210526 0.00421053 0.37684211]
val_loss=20.1552
accuracy
[0.         0.00210526 0.00421053 0.37473684]
val_loss=16.4863
accuracy
[0.         0.00210526 0.37263158 0.37684211]
val_loss=18.0487
accuracy
[0.         0.05473684 0.37263158 0.37473684]
val_loss=13.5880
accuracy
[0.         0.37052632 0.37263158 0.46736842]
val_loss=14.6790
accuracy
[0.         0.37052632 0.37263158 0.40210526]
val_loss=14.7050
accuracy
[0.         0.37052632 0.37263158 0.47157895]
val_loss=14.3713
accuracy
[0.         0.37052632 0.37263158 0.45894737]
val_loss=13.5032
accuracy
[0.         0.37052632 0.37263158 0.44210526]
val_loss=14.6712
accuracy
[0.         0.37052632 0.37263158 0.38105263]
val_loss=16.0170
accuracy
[0.         0.05684211 0.36631579 0.38105263]
val_loss=21.6186
accuracy
[0.         0.00210526 0.00421053 0.42105263]
val_loss=15.7283
accuracy
[0.         0.37052632 0.37263158 0.37894737]
val_loss=14.0860
accuracy
[0.         0.37052632 0.37263158 0.37894737]
val_loss=12.7135
accuracy
[0.         0.36631579 0.37263158 0.37894737]
val_loss=15.6910
accuracy
[0.         0.37052632 0.37263158 0.37684211]
val_loss=15.9570
accuracy
[0.         0.37052632 0.37263158 0.37684211]
val_loss=16.1616
accuracy
[0.         0.37052632 0.37263158 0.37684211]
val_loss=16.1604
accuracy
[0.         0.37052632 0.37263158 0.37684211]
val_loss=16.5713
accuracy
[0.         0.37052632 0.37263158 0.37684211]
val_loss=16.2248
accuracy
[0.         0.37052632 0.37263158 0.37684211]
val_loss=16.6951
accuracy
[0.         0.37052632 0.37263158 0.37684211]
val_loss=16.6526
accuracy
[0.         0.37052632 0.37263158 0.37684211]
val_loss=17.0373
accuracy
[0.         0.37052632 0.37263158 0.37684211]
val_loss=16.5935
accuracy
[0.         0.37052632 0.37263158 0.37684211]
val_loss=16.7701
accuracy
[0.         0.37052632 0.37263158 0.37684211]
val_loss=17.1093
accuracy
[0.         0.37052632 0.37263158 0.37684211]
val_loss=16.0475
accuracy
[0.         0.37052632 0.37263158 0.37894737]
val_loss=16.4113
accuracy
[0.         0.37052632 0.37263158 0.37684211]
val_loss=16.0356
accuracy
[0.         0.37052632 0.37263158 0.37894737]
val_loss=16.3771
accuracy
[0.         0.37052632 0.37263158 0.37684211]
val_loss=16.3966
accuracy
[0.         0.37052632 0.37263158 0.37684211]
val_loss=16.3298
accuracy
[0.         0.37052632 0.37263158 0.37684211]
val_loss=16.2675
accuracy
[0.         0.37052632 0.37263158 0.37684211]
val_loss=16.8045
accuracy
[0.         0.37052632 0.37263158 0.37684211]
val_loss=16.5138
accuracy
[0.         0.37052632 0.37263158 0.37684211]
val_loss=16.5895
accuracy
[0.         0.37052632 0.37263158 0.37684211]
val_loss=16.4871
accuracy
[0.         0.37052632 0.37263158 0.37684211]
val_loss=16.6213
accuracy
[0.         0.37052632 0.37263158 0.37684211]
val_loss=16.6015
accuracy
[0.         0.37052632 0.37263158 0.37684211]
val_loss=16.6499
accuracy
[0.         0.37052632 0.37263158 0.37684211]
val_loss=16.5907
accuracy
[0.         0.37052632 0.37263158 0.37684211]
val_loss=16.8128
accuracy
[0.         0.37052632 0.37263158 0.37684211]
val_loss=16.6686
accuracy
[0.         0.37052632 0.37263158 0.37684211]
val_loss=16.7157
accuracy
[0.         0.37052632 0.37263158 0.37684211]
val_loss=16.9151
accuracy
[0.         0.37052632 0.37263158 0.37684211]
val_loss=16.6955
accuracy
[0.         0.37052632 0.37263158 0.37684211]
val_loss=16.8622
accuracy
[0.         0.37052632 0.37263158 0.37684211]
val_loss=16.8735
accuracy
[0.         0.37052632 0.37263158 0.37684211]
val_loss=16.6502
accuracy
[0.         0.37052632 0.37263158 0.37684211]
val_loss=16.9020
accuracy
[0.         0.37052632 0.37263158 0.37684211]
val_loss=17.0264
accuracy
[0.         0.37052632 0.37263158 0.37684211]
val_loss=16.8305
accuracy
[0.         0.37052632 0.37263158 0.37684211]
val_loss=16.9493
accuracy
[0.         0.37052632 0.37263158 0.37684211]
val_loss=17.1333
accuracy
[0.         0.37052632 0.37263158 0.37684211]
val_loss=16.8576
accuracy
[0.         0.37052632 0.37263158 0.37684211]
val_loss=16.8759
accuracy
[0.         0.37052632 0.37263158 0.37684211]
val_loss=16.8561
accuracy
[0.         0.37052632 0.37263158 0.37684211]
val_loss=16.8910
accuracy
[0.         0.37052632 0.37263158 0.37684211]
val_loss=16.8608
accuracy
[0.         0.37052632 0.37263158 0.37684211]
val_loss=16.8860
accuracy
[0.         0.37052632 0.37263158 0.37684211]
val_loss=16.8820
accuracy
[0.         0.37052632 0.37263158 0.37684211]
val_loss=16.9141
accuracy
[0.         0.37052632 0.37263158 0.37684211]
val_loss=16.8885
accuracy
[0.         0.37052632 0.37263158 0.37684211]
val_loss=16.9311
accuracy
[0.         0.37052632 0.37263158 0.37684211]
val_loss=16.9021
accuracy
[0.         0.37052632 0.37263158 0.37684211]
val_loss=16.9087
accuracy
[0.         0.37052632 0.37263158 0.37684211]
val_loss=16.9235
accuracy
[0.         0.37052632 0.37263158 0.37684211]
val_loss=16.9158
accuracy
[0.         0.37052632 0.37263158 0.37684211]
val_loss=16.9831
accuracy
[0.         0.37052632 0.37263158 0.37684211]
val_loss=16.9156
accuracy
[0.         0.37052632 0.37263158 0.37684211]
val_loss=16.9756
accuracy
[0.         0.37052632 0.37263158 0.37684211]
val_loss=16.9770
accuracy
[0.         0.37052632 0.37263158 0.37684211]
val_loss=17.0075
accuracy
[0.         0.37052632 0.37263158 0.37684211]
val_loss=16.9754
accuracy
[0.         0.37052632 0.37263158 0.37684211]
val_loss=16.9739
accuracy
[0.         0.37052632 0.37263158 0.37684211]
Finished Training
    rehearsal replay buffer: 500 of 1928 source samples
cpu
Finished Training
cpu
Finished Training
cpu
Finished Training
cpu
Finished Training
cpu
Finished Training
cpu
Finished Training
cpu
Finished Training
cpu
Finished Training
cpu
Finished Training
cpu
Finished Training
cpu
Finished Training
cpu
Finished Training
cpu
Finished Training
cpu
Finished Training
cpu
Finished Training
cpu
Finished Training
cpu
Finished Training
cpu
Finished Training
cpu
Finished Training
cpu
Finished Training
cpu
Finished Training
cpu
Finished Training
  seed 3: pretrain on scenario1 (1928 samples), zero-shot eval on scenario32straight (475 held-out test samples)
cpu
-----------------------------------------------------------------------
      Layer (type)        Output Shape         Param #     Tr. Param #
=======================================================================
          Linear-1           [32, 256]           1,280           1,280
            ReLU-2           [32, 256]               0               0
          Linear-3           [32, 256]          65,792          65,792
          Linear-4           [32, 256]          65,792          65,792
          Linear-5            [32, 16]           4,112           4,112
=======================================================================
Total params: 136,976
Trainable params: 136,976
Non-trainable params: 0
-----------------------------------------------------------------------
val_loss=12.4029
accuracy
[0.         0.00210526 0.00631579 0.41263158]
val_loss=19.2480
accuracy
[0.00210526 0.00210526 0.00631579 0.34526316]
val_loss=27.5874
accuracy
[0.00210526 0.00210526 0.00210526 0.00842105]
val_loss=21.6783
accuracy
[0.00210526 0.00210526 0.00421053 0.34736842]
val_loss=27.5323
accuracy
[0.         0.00210526 0.00421053 0.00842105]
val_loss=23.9201
accuracy
[0.00210526 0.00210526 0.00421053 0.34736842]
val_loss=22.1067
accuracy
[0.00210526 0.00210526 0.00421053 0.34736842]
val_loss=19.2553
accuracy
[0.00210526 0.00210526 0.34105263 0.34947368]
val_loss=20.8684
accuracy
[0.00210526 0.00210526 0.34105263 0.34736842]
val_loss=22.3774
accuracy
[0.         0.00210526 0.00421053 0.34736842]
val_loss=20.0915
accuracy
[0.00210526 0.34105263 0.34105263 0.34736842]
val_loss=19.8772
accuracy
[0.         0.09052632 0.34105263 0.34947368]
val_loss=19.8107
accuracy
[0.00210526 0.00210526 0.34105263 0.34315789]
val_loss=16.3331
accuracy
[0.00210526 0.34105263 0.34105263 0.34315789]
val_loss=17.8303
accuracy
[0.00210526 0.34105263 0.34105263 0.34736842]
val_loss=18.9555
accuracy
[0.00210526 0.00210526 0.34105263 0.34947368]
val_loss=15.2729
accuracy
[0.00210526 0.34105263 0.34105263 0.34526316]
val_loss=17.2603
accuracy
[0.00210526 0.00210526 0.00421053 0.38947368]
val_loss=15.5466
accuracy
[0.00210526 0.34105263 0.34105263 0.34947368]
val_loss=17.3859
accuracy
[0.00210526 0.00210526 0.34105263 0.36210526]
val_loss=17.1164
accuracy
[0.00210526 0.00210526 0.34105263 0.35157895]
val_loss=17.6551
accuracy
[0.00210526 0.34105263 0.34105263 0.34947368]
val_loss=17.7912
accuracy
[0.00210526 0.34105263 0.34105263 0.34947368]
val_loss=18.1823
accuracy
[0.00210526 0.34105263 0.34105263 0.34736842]
val_loss=18.0095
accuracy
[0.00210526 0.34105263 0.34105263 0.34947368]
val_loss=18.1877
accuracy
[0.00210526 0.34105263 0.34315789 0.34947368]
val_loss=18.2461
accuracy
[0.00210526 0.34105263 0.34315789 0.35157895]
val_loss=18.4142
accuracy
[0.00210526 0.34105263 0.34315789 0.34947368]
val_loss=18.1335
accuracy
[0.00210526 0.34105263 0.34315789 0.34947368]
val_loss=18.3960
accuracy
[0.00210526 0.34105263 0.34315789 0.35368421]
val_loss=18.4432
accuracy
[0.00210526 0.34105263 0.34105263 0.34947368]
val_loss=18.1060
accuracy
[0.00210526 0.34105263 0.34105263 0.34947368]
val_loss=18.7362
accuracy
[0.00210526 0.34105263 0.34315789 0.35157895]
val_loss=18.2910
accuracy
[0.00210526 0.34105263 0.34315789 0.34947368]
val_loss=18.4046
accuracy
[0.00210526 0.34105263 0.34105263 0.34947368]
val_loss=18.6738
accuracy
[0.00210526 0.34105263 0.34315789 0.36      ]
val_loss=18.6798
accuracy
[0.00210526 0.34105263 0.34315789 0.36      ]
val_loss=18.7532
accuracy
[0.00210526 0.34105263 0.34315789 0.35157895]
val_loss=18.5477
accuracy
[0.00210526 0.34105263 0.34315789 0.36210526]
val_loss=18.5436
accuracy
[0.00210526 0.34105263 0.34315789 0.36631579]
val_loss=18.8432
accuracy
[0.00210526 0.34105263 0.34315789 0.36210526]
val_loss=19.0006
accuracy
[0.00210526 0.34105263 0.34315789 0.36210526]
val_loss=19.0193
accuracy
[0.00210526 0.34105263 0.34315789 0.36210526]
val_loss=19.0907
accuracy
[0.00210526 0.34105263 0.34315789 0.36210526]
val_loss=19.1751
accuracy
[0.00210526 0.34105263 0.34315789 0.36210526]
val_loss=19.1617
accuracy
[0.00210526 0.34105263 0.34315789 0.36210526]
val_loss=19.1075
accuracy
[0.00210526 0.34105263 0.34315789 0.36210526]
val_loss=19.1187
accuracy
[0.00210526 0.34105263 0.34315789 0.36210526]
val_loss=19.0958
accuracy
[0.00210526 0.34105263 0.34315789 0.36210526]
val_loss=19.1980
accuracy
[0.00210526 0.34105263 0.34315789 0.36210526]
val_loss=19.3056
accuracy
[0.00210526 0.34105263 0.34315789 0.36210526]
val_loss=19.2893
accuracy
[0.00210526 0.34105263 0.34315789 0.36210526]
val_loss=19.2782
accuracy
[0.00210526 0.34105263 0.34315789 0.36210526]
val_loss=19.3388
accuracy
[0.00210526 0.34105263 0.34315789 0.36210526]
val_loss=19.2988
accuracy
[0.00210526 0.34105263 0.34315789 0.36210526]
val_loss=19.4211
accuracy
[0.00210526 0.34105263 0.34315789 0.36210526]
val_loss=19.4629
accuracy
[0.00210526 0.34105263 0.34315789 0.36210526]
val_loss=19.3635
accuracy
[0.00210526 0.34105263 0.34315789 0.36210526]
val_loss=19.4212
accuracy
[0.00210526 0.34105263 0.34315789 0.36210526]
val_loss=19.5632
accuracy
[0.00210526 0.34105263 0.34315789 0.36210526]
val_loss=19.4650
accuracy
[0.00210526 0.34105263 0.34315789 0.36210526]
val_loss=19.4858
accuracy
[0.00210526 0.34105263 0.34315789 0.36210526]
val_loss=19.4935
accuracy
[0.00210526 0.34105263 0.34315789 0.36210526]
val_loss=19.4704
accuracy
[0.00210526 0.34105263 0.34315789 0.36210526]
val_loss=19.5344
accuracy
[0.00210526 0.34105263 0.34315789 0.36210526]
val_loss=19.5228
accuracy
[0.00210526 0.34105263 0.34315789 0.36210526]
val_loss=19.5280
accuracy
[0.00210526 0.34105263 0.34315789 0.36210526]
val_loss=19.5337
accuracy
[0.00210526 0.34105263 0.34315789 0.36210526]
val_loss=19.5372
accuracy
[0.00210526 0.34105263 0.34315789 0.36210526]
val_loss=19.5855
accuracy
[0.00210526 0.34105263 0.34315789 0.36210526]
val_loss=19.5550
accuracy
[0.00210526 0.34105263 0.34315789 0.36210526]
val_loss=19.5452
accuracy
[0.00210526 0.34105263 0.34315789 0.36421053]
val_loss=19.5410
accuracy
[0.00210526 0.34105263 0.34315789 0.36421053]
val_loss=19.5715
accuracy
[0.00210526 0.34105263 0.34315789 0.36210526]
val_loss=19.6105
accuracy
[0.00210526 0.34105263 0.34315789 0.36210526]
val_loss=19.6052
accuracy
[0.00210526 0.34105263 0.34315789 0.36421053]
val_loss=19.6651
accuracy
[0.00210526 0.34105263 0.34315789 0.36210526]
val_loss=19.6468
accuracy
[0.00210526 0.34105263 0.34315789 0.36210526]
val_loss=19.6087
accuracy
[0.00210526 0.34105263 0.34315789 0.36421053]
val_loss=19.6177
accuracy
[0.00210526 0.34105263 0.34315789 0.36210526]
Finished Training
    rehearsal replay buffer: 500 of 1928 source samples
cpu
Finished Training
cpu
Finished Training
cpu
Finished Training
cpu
Finished Training
cpu
Finished Training
cpu
Finished Training
cpu
Finished Training
cpu
Finished Training
cpu
Finished Training
cpu
Finished Training
cpu
Finished Training
cpu
Finished Training
cpu
Finished Training
cpu
Finished Training
cpu
Finished Training
cpu
Finished Training
cpu
Finished Training
cpu
Finished Training
cpu
Finished Training
cpu
Finished Training
cpu
Finished Training
cpu
Finished Training
  seed 4: pretrain on scenario1 (1928 samples), zero-shot eval on scenario32straight (475 held-out test samples)
cpu
-----------------------------------------------------------------------
      Layer (type)        Output Shape         Param #     Tr. Param #
=======================================================================
          Linear-1           [32, 256]           1,280           1,280
            ReLU-2           [32, 256]               0               0
          Linear-3           [32, 256]          65,792          65,792
          Linear-4           [32, 256]          65,792          65,792
          Linear-5            [32, 16]           4,112           4,112
=======================================================================
Total params: 136,976
Trainable params: 136,976
Non-trainable params: 0
-----------------------------------------------------------------------
val_loss=13.5048
accuracy
[0.         0.         0.00631579 0.42315789]
val_loss=15.5226
accuracy
[0.         0.         0.00631579 0.07789474]
val_loss=22.3629
accuracy
[0.         0.         0.00631579 0.01263158]
val_loss=19.8173
accuracy
[0.         0.         0.00421053 0.35789474]
val_loss=20.8956
accuracy
[0.         0.         0.00421053 0.35789474]
val_loss=18.6941
accuracy
[0.         0.00210526 0.00631579 0.35789474]
val_loss=20.2153
accuracy
[0.         0.         0.00210526 0.35789474]
val_loss=17.3934
accuracy
[0.         0.34736842 0.34736842 0.35789474]
val_loss=22.4821
accuracy
[0.         0.         0.00210526 0.35789474]
val_loss=19.4127
accuracy
[0.         0.         0.34736842 0.35789474]
val_loss=17.8307
accuracy
[0.         0.34736842 0.34947368 0.42526316]
val_loss=18.0671
accuracy
[0.         0.21052632 0.34947368 0.44210526]
val_loss=14.8208
accuracy
[0.         0.34736842 0.34947368 0.41894737]
val_loss=18.6010
accuracy
[0.         0.         0.34736842 0.44210526]
val_loss=18.6521
accuracy
[0.         0.         0.00421053 0.4       ]
val_loss=16.1358
accuracy
[0.         0.         0.35157895 0.36842105]
val_loss=16.5002
accuracy
[0.         0.01684211 0.34736842 0.35789474]
val_loss=13.5783
accuracy
[0.         0.34105263 0.34736842 0.35578947]
val_loss=14.7343
accuracy
[0.         0.34736842 0.34947368 0.35789474]
val_loss=15.5402
accuracy
[0.         0.34736842 0.34736842 0.35578947]
val_loss=15.8050
accuracy
[0.         0.34736842 0.34947368 0.35789474]
val_loss=16.5736
accuracy
[0.         0.34736842 0.34736842 0.35789474]
val_loss=16.9275
accuracy
[0.         0.34736842 0.34947368 0.35789474]
val_loss=16.8345
accuracy
[0.         0.34736842 0.34947368 0.35789474]
val_loss=16.9808
accuracy
[0.         0.34736842 0.35157895 0.35789474]
val_loss=17.4671
accuracy
[0.         0.34736842 0.34947368 0.35789474]
val_loss=17.3944
accuracy
[0.         0.34736842 0.34947368 0.35789474]
val_loss=17.2948
accuracy
[0.         0.34736842 0.34947368 0.35789474]
val_loss=17.3504
accuracy
[0.         0.34736842 0.35157895 0.35789474]
val_loss=17.3665
accuracy
[0.         0.34736842 0.34947368 0.35789474]
val_loss=17.4933
accuracy
[0.         0.34736842 0.35157895 0.35789474]
val_loss=17.4090
accuracy
[0.         0.34736842 0.35157895 0.36      ]
val_loss=18.1115
accuracy
[0.         0.34736842 0.35157895 0.36210526]
val_loss=17.9923
accuracy
[0.         0.34736842 0.34947368 0.36      ]
val_loss=17.6746
accuracy
[0.         0.34736842 0.35157895 0.35789474]
val_loss=17.8816
accuracy
[0.         0.34736842 0.34947368 0.35789474]
val_loss=18.5214
accuracy
[0.         0.34736842 0.34947368 0.35789474]
val_loss=18.2488
accuracy
[0.         0.34736842 0.34947368 0.35789474]
val_loss=17.9653
accuracy
[0.         0.34736842 0.35157895 0.35789474]
val_loss=18.1288
accuracy
[0.         0.34736842 0.35157895 0.35789474]
val_loss=18.1770
accuracy
[0.         0.34736842 0.34947368 0.35789474]
val_loss=18.2764
accuracy
[0.         0.34736842 0.34947368 0.35789474]
val_loss=18.3320
accuracy
[0.         0.34736842 0.35157895 0.35789474]
val_loss=18.3638
accuracy
[0.         0.34736842 0.35157895 0.35789474]
val_loss=18.5494
accuracy
[0.         0.34736842 0.34947368 0.35789474]
val_loss=18.4683
accuracy
[0.         0.34736842 0.35157895 0.35789474]
val_loss=18.5602
accuracy
[0.         0.34736842 0.35157895 0.35789474]
val_loss=18.5947
accuracy
[0.         0.34736842 0.34947368 0.35789474]
val_loss=18.6270
accuracy
[0.         0.34736842 0.35157895 0.35789474]
val_loss=18.6993
accuracy
[0.         0.34736842 0.35157895 0.35789474]
val_loss=18.8670
accuracy
[0.         0.34736842 0.35157895 0.35789474]
val_loss=18.7332
accuracy
[0.         0.34736842 0.35157895 0.35789474]
val_loss=18.7928
accuracy
[0.         0.34736842 0.35157895 0.35789474]
val_loss=18.8883
accuracy
[0.         0.34736842 0.34947368 0.35789474]
val_loss=18.8382
accuracy
[0.         0.34736842 0.34947368 0.35789474]
val_loss=18.8131
accuracy
[0.         0.34736842 0.35157895 0.35789474]
val_loss=18.9411
accuracy
[0.         0.34736842 0.35157895 0.35789474]
val_loss=19.0902
accuracy
[0.         0.34736842 0.34947368 0.35789474]
val_loss=19.0162
accuracy
[0.         0.34736842 0.35157895 0.35789474]
val_loss=18.9944
accuracy
[0.         0.34736842 0.35157895 0.35789474]
val_loss=19.0344
accuracy
[0.         0.34736842 0.35157895 0.35789474]
val_loss=19.0616
accuracy
[0.         0.34736842 0.35157895 0.35789474]
val_loss=19.0442
accuracy
[0.         0.34736842 0.35157895 0.35789474]
val_loss=19.0736
accuracy
[0.         0.34736842 0.35157895 0.35789474]
val_loss=19.0734
accuracy
[0.         0.34736842 0.35157895 0.35789474]
val_loss=19.1076
accuracy
[0.         0.34736842 0.35157895 0.35789474]
val_loss=19.1132
accuracy
[0.         0.34736842 0.35157895 0.35789474]
val_loss=19.1241
accuracy
[0.         0.34736842 0.35157895 0.35789474]
val_loss=19.0926
accuracy
[0.         0.34736842 0.35157895 0.35789474]
val_loss=19.1015
accuracy
[0.         0.34736842 0.35157895 0.35789474]
val_loss=19.1328
accuracy
[0.         0.34736842 0.35157895 0.35789474]
val_loss=19.1228
accuracy
[0.         0.34736842 0.35157895 0.35789474]
val_loss=19.1425
accuracy
[0.         0.34736842 0.35157895 0.35789474]
val_loss=19.1352
accuracy
[0.         0.34736842 0.35157895 0.35789474]
val_loss=19.1608
accuracy
[0.         0.34736842 0.35157895 0.35789474]
val_loss=19.2023
accuracy
[0.         0.34736842 0.35157895 0.35789474]
val_loss=19.2008
accuracy
[0.         0.34736842 0.35157895 0.35789474]
val_loss=19.2173
accuracy
[0.         0.34736842 0.35157895 0.35789474]
val_loss=19.2451
accuracy
[0.         0.34736842 0.35157895 0.35789474]
val_loss=19.2471
accuracy
[0.         0.34736842 0.35157895 0.35789474]
Finished Training
    rehearsal replay buffer: 500 of 1928 source samples
cpu
Finished Training
cpu
Finished Training
cpu
Finished Training
cpu
Finished Training
cpu
Finished Training
cpu
Finished Training
cpu
Finished Training
cpu
Finished Training
cpu
Finished Training
cpu
Finished Training
cpu
Finished Training
cpu
Finished Training
cpu
Finished Training
cpu
Finished Training
cpu
Finished Training
cpu
Finished Training
cpu
Finished Training
cpu
Finished Training
cpu
Finished Training
cpu
Finished Training
cpu
Finished Training
cpu
Finished Training
  seed 5: pretrain on scenario1 (1928 samples), zero-shot eval on scenario32straight (475 held-out test samples)
cpu
-----------------------------------------------------------------------
      Layer (type)        Output Shape         Param #     Tr. Param #
=======================================================================
          Linear-1           [32, 256]           1,280           1,280
            ReLU-2           [32, 256]               0               0
          Linear-3           [32, 256]          65,792          65,792
          Linear-4           [32, 256]          65,792          65,792
          Linear-5            [32, 16]           4,112           4,112
=======================================================================
Total params: 136,976
Trainable params: 136,976
Non-trainable params: 0
-----------------------------------------------------------------------
val_loss=14.1956
accuracy
[0.         0.         0.01052632 0.39789474]
val_loss=15.5105
accuracy
[0.         0.00210526 0.01052632 0.08631579]
val_loss=19.0746
accuracy
[0.         0.         0.00210526 0.01684211]
val_loss=16.8281
accuracy
[0.         0.00210526 0.00421053 0.01684211]
val_loss=13.0773
accuracy
[0.         0.00210526 0.00842105 0.32631579]
val_loss=16.4935
accuracy
[0.         0.         0.31789474 0.33263158]
val_loss=16.5878
accuracy
[0.         0.00210526 0.31789474 0.33263158]
val_loss=16.8024
accuracy
[0.00210526 0.00210526 0.32       0.33263158]
val_loss=16.9727
accuracy
[0.         0.00210526 0.00842105 0.32842105]
val_loss=14.3798
accuracy
[0.         0.31578947 0.32421053 0.32631579]
val_loss=16.2037
accuracy
[0.         0.00210526 0.31789474 0.36842105]
val_loss=16.7450
accuracy
[0.         0.28210526 0.31789474 0.37894737]
val_loss=16.6197
accuracy
[0.         0.00210526 0.31789474 0.33684211]
val_loss=15.1459
accuracy
[0.00210526 0.00210526 0.31789474 0.34947368]
val_loss=17.1489
accuracy
[0.         0.30736842 0.31789474 0.33473684]
val_loss=16.7903
accuracy
[0.00210526 0.00210526 0.00842105 0.33263158]
val_loss=14.5101
accuracy
[0.         0.00210526 0.31789474 0.33473684]
val_loss=18.1887
accuracy
[0.00210526 0.00210526 0.32       0.34315789]
val_loss=16.1525
accuracy
[0.00210526 0.31789474 0.32421053 0.33263158]
val_loss=18.4317
accuracy
[0.         0.00210526 0.32       0.34736842]
val_loss=17.4933
accuracy
[0.         0.01263158 0.32       0.34315789]
val_loss=17.4129
accuracy
[0.         0.31368421 0.31789474 0.33894737]
val_loss=18.1993
accuracy
[0.         0.2        0.31789474 0.34315789]
val_loss=18.2997
accuracy
[0.         0.09473684 0.32       0.33894737]
val_loss=17.8599
accuracy
[0.00210526 0.28210526 0.32       0.33894737]
val_loss=18.0346
accuracy
[0.         0.25052632 0.31789474 0.33684211]
val_loss=17.2948
accuracy
[0.         0.31789474 0.32210526 0.34526316]
val_loss=17.5937
accuracy
[0.         0.25052632 0.32       0.33894737]
val_loss=17.6449
accuracy
[0.         0.31789474 0.32421053 0.34315789]
val_loss=17.7912
accuracy
[0.         0.23578947 0.32       0.33894737]
val_loss=18.1685
accuracy
[0.         0.29263158 0.31789474 0.33684211]
val_loss=17.5678
accuracy
[0.         0.31789474 0.32631579 0.34526316]
val_loss=17.9848
accuracy
[0.         0.31789474 0.32631579 0.33894737]
val_loss=18.1213
accuracy
[0.         0.31789474 0.31789474 0.34315789]
val_loss=18.3712
accuracy
[0.         0.31368421 0.32       0.33894737]
val_loss=18.2106
accuracy
[0.         0.31789474 0.32       0.34315789]
val_loss=18.3031
accuracy
[0.         0.31789474 0.31789474 0.33894737]
val_loss=18.3920
accuracy
[0.         0.31789474 0.31789474 0.33894737]
val_loss=18.0088
accuracy
[0.         0.31789474 0.32421053 0.33684211]
val_loss=17.9346
accuracy
[0.         0.31789474 0.32631579 0.33894737]
val_loss=18.1729
accuracy
[0.         0.31789474 0.32       0.33894737]
val_loss=18.3835
accuracy
[0.         0.31789474 0.32       0.33894737]
val_loss=18.4379
accuracy
[0.         0.31789474 0.32421053 0.34105263]
val_loss=18.4438
accuracy
[0.         0.31789474 0.32631579 0.33894737]
val_loss=18.5208
accuracy
[0.         0.31789474 0.32       0.33894737]
val_loss=18.6886
accuracy
[0.         0.31789474 0.32       0.33894737]
val_loss=18.5992
accuracy
[0.         0.31789474 0.32       0.33894737]
val_loss=18.5620
accuracy
[0.         0.31789474 0.32       0.34105263]
val_loss=18.6132
accuracy
[0.         0.31789474 0.32631579 0.33894737]
val_loss=18.6978
accuracy
[0.         0.31789474 0.32631579 0.34105263]
val_loss=18.6895
accuracy
[0.         0.31789474 0.32631579 0.34105263]
val_loss=18.7407
accuracy
[0.         0.31789474 0.32631579 0.33894737]
val_loss=18.6710
accuracy
[0.         0.31789474 0.32631579 0.34105263]
val_loss=18.8109
accuracy
[0.         0.31789474 0.32631579 0.33894737]
val_loss=18.8855
accuracy
[0.         0.31789474 0.32631579 0.34105263]
val_loss=18.8070
accuracy
[0.         0.31789474 0.32631579 0.34105263]
val_loss=18.7955
accuracy
[0.         0.31789474 0.32631579 0.33894737]
val_loss=18.7313
accuracy
[0.         0.31789474 0.32631579 0.34105263]
val_loss=18.8114
accuracy
[0.         0.31789474 0.32631579 0.34105263]
val_loss=18.7754
accuracy
[0.         0.31789474 0.32631579 0.34315789]
val_loss=18.8734
accuracy
[0.         0.31789474 0.32631579 0.33894737]
val_loss=18.8865
accuracy
[0.         0.31789474 0.32631579 0.33894737]
val_loss=18.8845
accuracy
[0.         0.31789474 0.32631579 0.33894737]
val_loss=18.8919
accuracy
[0.         0.31789474 0.32631579 0.33894737]
val_loss=18.8990
accuracy
[0.         0.31789474 0.32631579 0.33894737]
val_loss=18.9259
accuracy
[0.         0.31789474 0.32631579 0.33894737]
val_loss=18.9638
accuracy
[0.         0.31789474 0.32631579 0.33894737]
val_loss=18.9866
accuracy
[0.         0.31789474 0.32631579 0.33894737]
val_loss=18.9697
accuracy
[0.         0.31789474 0.32631579 0.33894737]
val_loss=18.9958
accuracy
[0.         0.31789474 0.32631579 0.33894737]
val_loss=18.9696
accuracy
[0.         0.31789474 0.32631579 0.33894737]
val_loss=19.0012
accuracy
[0.         0.31789474 0.32631579 0.34105263]
val_loss=19.0021
accuracy
[0.         0.31789474 0.32631579 0.33894737]
val_loss=19.0142
accuracy
[0.         0.31789474 0.32631579 0.33894737]
val_loss=19.0160
accuracy
[0.         0.31789474 0.32631579 0.33894737]
val_loss=19.0699
accuracy
[0.         0.31789474 0.32631579 0.33894737]
val_loss=19.0509
accuracy
[0.         0.31789474 0.32631579 0.33894737]
val_loss=19.0800
accuracy
[0.         0.31789474 0.32631579 0.33894737]
val_loss=19.1040
accuracy
[0.         0.31789474 0.32631579 0.33894737]
val_loss=19.0954
accuracy
[0.         0.31789474 0.32631579 0.33894737]
Finished Training
    rehearsal replay buffer: 500 of 1928 source samples
cpu
Finished Training
cpu
Finished Training
cpu
Finished Training
cpu
Finished Training
cpu
Finished Training
cpu
Finished Training
cpu
Finished Training
cpu
Finished Training
cpu
Finished Training
cpu
Finished Training
cpu
Finished Training
cpu
Finished Training
cpu
Finished Training
cpu
Finished Training
cpu
Finished Training
cpu
Finished Training
cpu
Finished Training
cpu
Finished Training
cpu
Finished Training
cpu
Finished Training
cpu
Finished Training
cpu
Finished Training
  seed 6: pretrain on scenario1 (1928 samples), zero-shot eval on scenario32straight (475 held-out test samples)
cpu
-----------------------------------------------------------------------
      Layer (type)        Output Shape         Param #     Tr. Param #
=======================================================================
          Linear-1           [32, 256]           1,280           1,280
            ReLU-2           [32, 256]               0               0
          Linear-3           [32, 256]          65,792          65,792
          Linear-4           [32, 256]          65,792          65,792
          Linear-5            [32, 16]           4,112           4,112
=======================================================================
Total params: 136,976
Trainable params: 136,976
Non-trainable params: 0
-----------------------------------------------------------------------
val_loss=12.1138
accuracy
[0.00210526 0.01263158 0.01263158 0.40842105]
val_loss=18.5740
accuracy
[0.         0.00210526 0.01263158 0.08421053]
val_loss=18.5718
accuracy
[0.00210526 0.00210526 0.01263158 0.33684211]
val_loss=20.7042
accuracy
[0.00210526 0.00210526 0.32631579 0.33684211]
val_loss=14.8880
accuracy
[0.00210526 0.00210526 0.32421053 0.33684211]
val_loss=17.8345
accuracy
[0.00210526 0.00210526 0.32631579 0.33684211]
val_loss=16.4317
accuracy
[0.         0.21052632 0.32631579 0.33684211]
val_loss=18.5203
accuracy
[0.00210526 0.00210526 0.32631579 0.34947368]
val_loss=16.3027
accuracy
[0.00210526 0.00210526 0.32631579 0.33894737]
val_loss=15.8825
accuracy
[0.00210526 0.05052632 0.32631579 0.34736842]
val_loss=14.7940
accuracy
[0.00210526 0.32631579 0.32631579 0.34315789]
val_loss=19.7453
accuracy
[0.00210526 0.00210526 0.32631579 0.36421053]
val_loss=18.1433
accuracy
[0.00210526 0.00210526 0.32631579 0.42315789]
val_loss=16.1878
accuracy
[0.00210526 0.00210526 0.32631579 0.41052632]
val_loss=17.4811
accuracy
[0.00210526 0.00210526 0.33263158 0.36210526]
val_loss=18.8530
accuracy
[0.00210526 0.00210526 0.32631579 0.37052632]
val_loss=15.6288
accuracy
[0.00210526 0.32       0.32631579 0.42736842]
val_loss=17.9029
accuracy
[0.         0.00210526 0.32631579 0.34526316]
val_loss=19.2906
accuracy
[0.00210526 0.00210526 0.32631579 0.43789474]
val_loss=20.4009
accuracy
[0.00210526 0.00631579 0.32631579 0.43157895]
val_loss=19.6053
accuracy
[0.00210526 0.32421053 0.32631579 0.43157895]
val_loss=19.7294
accuracy
[0.00210526 0.32631579 0.32631579 0.43368421]
val_loss=19.5840
accuracy
[0.00210526 0.32631579 0.32631579 0.43789474]
val_loss=20.5174
accuracy
[0.00210526 0.22526316 0.32631579 0.43578947]
val_loss=20.4352
accuracy
[0.00210526 0.32421053 0.32631579 0.43157895]
val_loss=20.2951
accuracy
[0.00210526 0.32421053 0.32631579 0.43578947]
val_loss=20.0108
accuracy
[0.00210526 0.32631579 0.32631579 0.43368421]
val_loss=19.4608
accuracy
[0.00210526 0.32631579 0.32631579 0.43578947]
val_loss=20.1626
accuracy
[0.00210526 0.32631579 0.32631579 0.43789474]
val_loss=19.9418
accuracy
[0.00210526 0.32631579 0.32631579 0.43789474]
val_loss=20.7155
accuracy
[0.00210526 0.32631579 0.32631579 0.43368421]
val_loss=20.5653
accuracy
[0.00210526 0.32631579 0.32631579 0.43368421]
val_loss=20.8550
accuracy
[0.00210526 0.32       0.32631579 0.43368421]
val_loss=20.1434
accuracy
[0.00210526 0.32631579 0.32631579 0.43368421]
val_loss=20.3686
accuracy
[0.00210526 0.32631579 0.32631579 0.43578947]
val_loss=20.3062
accuracy
[0.00210526 0.32631579 0.32631579 0.43368421]
val_loss=20.5564
accuracy
[0.00210526 0.30315789 0.32631579 0.43368421]
val_loss=19.8316
accuracy
[0.00210526 0.32631579 0.32631579 0.43368421]
val_loss=19.7347
accuracy
[0.00210526 0.32631579 0.32631579 0.43368421]
val_loss=21.1635
accuracy
[0.00210526 0.00210526 0.32631579 0.43578947]
val_loss=20.8683
accuracy
[0.00210526 0.21894737 0.32631579 0.43368421]
val_loss=20.4979
accuracy
[0.00210526 0.32       0.32631579 0.43368421]
val_loss=20.4606
accuracy
[0.00210526 0.32631579 0.32631579 0.43368421]
val_loss=20.3021
accuracy
[0.00210526 0.32631579 0.32631579 0.43368421]
val_loss=20.4753
accuracy
[0.00210526 0.32631579 0.32631579 0.43368421]
val_loss=20.4328
accuracy
[0.00210526 0.32631579 0.32631579 0.43578947]
val_loss=20.2333
accuracy
[0.00210526 0.32631579 0.32631579 0.43368421]
val_loss=20.2885
accuracy
[0.00210526 0.32631579 0.32631579 0.43578947]
val_loss=20.4696
accuracy
[0.00210526 0.32631579 0.32631579 0.43368421]
val_loss=20.5578
accuracy
[0.00210526 0.32631579 0.32631579 0.43368421]
val_loss=20.5431
accuracy
[0.00210526 0.32631579 0.32631579 0.43368421]
val_loss=20.2073
accuracy
[0.00210526 0.32631579 0.32631579 0.43368421]
val_loss=20.4793
accuracy
[0.00210526 0.32631579 0.32631579 0.43368421]
val_loss=20.5963
accuracy
[0.00210526 0.32631579 0.32631579 0.43368421]
val_loss=20.5571
accuracy
[0.00210526 0.32631579 0.32631579 0.43368421]
val_loss=20.5346
accuracy
[0.00210526 0.32631579 0.32631579 0.43578947]
val_loss=20.6988
accuracy
[0.00210526 0.32631579 0.32631579 0.43368421]
val_loss=20.5890
accuracy
[0.00210526 0.32631579 0.32631579 0.43368421]
val_loss=20.7244
accuracy
[0.00210526 0.32631579 0.32631579 0.43368421]
val_loss=20.6794
accuracy
[0.00210526 0.32631579 0.32631579 0.43368421]
val_loss=20.7285
accuracy
[0.00210526 0.32631579 0.32631579 0.43368421]
val_loss=20.7729
accuracy
[0.00210526 0.32631579 0.32631579 0.43368421]
val_loss=20.7542
accuracy
[0.00210526 0.32631579 0.32631579 0.43368421]
val_loss=20.7835
accuracy
[0.00210526 0.32631579 0.32631579 0.43368421]
val_loss=20.7507
accuracy
[0.00210526 0.32631579 0.32631579 0.43368421]
val_loss=20.7873
accuracy
[0.00210526 0.32631579 0.32631579 0.43368421]
val_loss=20.7955
accuracy
[0.00210526 0.32631579 0.32631579 0.43368421]
val_loss=20.7872
accuracy
[0.00210526 0.32631579 0.32631579 0.43368421]
val_loss=20.8058
accuracy
[0.00210526 0.32631579 0.32631579 0.43368421]
val_loss=20.8571
accuracy
[0.00210526 0.32631579 0.32631579 0.43368421]
val_loss=20.8411
accuracy
[0.00210526 0.32631579 0.32631579 0.43368421]
val_loss=20.8300
accuracy
[0.00210526 0.32631579 0.32631579 0.43368421]
val_loss=20.8304
accuracy
[0.00210526 0.32631579 0.32631579 0.43368421]
val_loss=20.8459
accuracy
[0.00210526 0.32631579 0.32631579 0.43368421]
val_loss=20.8408
accuracy
[0.00210526 0.32631579 0.32631579 0.43368421]
val_loss=20.8886
accuracy
[0.00210526 0.32631579 0.32631579 0.43368421]
val_loss=20.8657
accuracy
[0.00210526 0.32631579 0.32631579 0.43368421]
val_loss=20.8883
accuracy
[0.00210526 0.32631579 0.32631579 0.43368421]
val_loss=20.8864
accuracy
[0.00210526 0.32631579 0.32631579 0.43368421]
val_loss=20.8907
accuracy
[0.00210526 0.32631579 0.32631579 0.43368421]
Finished Training
    rehearsal replay buffer: 500 of 1928 source samples
cpu
Finished Training
cpu
Finished Training
cpu
Finished Training
cpu
Finished Training
cpu
Finished Training
cpu
Finished Training
cpu
Finished Training
cpu
Finished Training
cpu
Finished Training
cpu
Finished Training
cpu
Finished Training
cpu
Finished Training
cpu
Finished Training
cpu
Finished Training
cpu
Finished Training
cpu
Finished Training
cpu
Finished Training
cpu
Finished Training
cpu
Finished Training
cpu
Finished Training
cpu
Finished Training
cpu
Finished Training
  seed 7: pretrain on scenario1 (1928 samples), zero-shot eval on scenario32straight (475 held-out test samples)
cpu
-----------------------------------------------------------------------
      Layer (type)        Output Shape         Param #     Tr. Param #
=======================================================================
          Linear-1           [32, 256]           1,280           1,280
            ReLU-2           [32, 256]               0               0
          Linear-3           [32, 256]          65,792          65,792
          Linear-4           [32, 256]          65,792          65,792
          Linear-5            [32, 16]           4,112           4,112
=======================================================================
Total params: 136,976
Trainable params: 136,976
Non-trainable params: 0
-----------------------------------------------------------------------
val_loss=18.5058
accuracy
[0.         0.00631579 0.01052632 0.45263158]
val_loss=20.9009
accuracy
[0.         0.00631579 0.01052632 0.10526316]
val_loss=22.5681
accuracy
[0.00210526 0.00631579 0.01263158 0.01473684]
val_loss=22.4782
accuracy
[0.         0.00631579 0.01052632 0.36421053]
val_loss=19.8139
accuracy
[0.00210526 0.00631579 0.35578947 0.36421053]
val_loss=19.2083
accuracy
[0.00210526 0.00631579 0.35578947 0.37684211]
val_loss=25.5042
accuracy
[0.00210526 0.00631579 0.00842105 0.36421053]
val_loss=19.2049
accuracy
[0.00210526 0.00631579 0.35578947 0.36421053]
val_loss=21.5470
accuracy
[0.00210526 0.00631579 0.00842105 0.36421053]
val_loss=17.6549
accuracy
[0.00210526 0.00631579 0.35789474 0.36421053]
val_loss=16.7306
accuracy
[0.00210526 0.35157895 0.35578947 0.36631579]
val_loss=18.1944
accuracy
[0.         0.20421053 0.35789474 0.36842105]
val_loss=19.5240
accuracy
[0.00210526 0.00631579 0.35578947 0.36421053]
val_loss=18.6955
accuracy
[0.00210526 0.07157895 0.35578947 0.37263158]
val_loss=18.7989
accuracy
[0.00210526 0.00631579 0.35578947 0.38526316]
val_loss=18.9970
accuracy
[0.00210526 0.32210526 0.35578947 0.37473684]
val_loss=18.2496
accuracy
[0.00210526 0.00631579 0.35789474 0.38315789]
val_loss=16.9300
accuracy
[0.00210526 0.00631579 0.35578947 0.36421053]
val_loss=16.8945
accuracy
[0.00210526 0.34315789 0.35578947 0.37473684]
val_loss=16.6123
accuracy
[0.00210526 0.35157895 0.35578947 0.38105263]
val_loss=18.4369
accuracy
[0.00210526 0.31157895 0.35578947 0.36842105]
val_loss=18.8299
accuracy
[0.00210526 0.00421053 0.34105263 0.41263158]
val_loss=18.6893
accuracy
[0.00210526 0.00421053 0.34105263 0.41894737]
val_loss=19.2724
accuracy
[0.00210526 0.00421053 0.00842105 0.36210526]
val_loss=19.1701
accuracy
[0.00210526 0.00421053 0.00842105 0.37473684]
val_loss=18.7909
accuracy
[0.00210526 0.00421053 0.32631579 0.40210526]
val_loss=19.1803
accuracy
[0.00210526 0.00421053 0.20421053 0.40210526]
val_loss=18.9307
accuracy
[0.00210526 0.00421053 0.23578947 0.48210526]
val_loss=19.3737
accuracy
[0.00210526 0.00421053 0.00842105 0.36210526]
val_loss=19.6186
accuracy
[0.00210526 0.00421053 0.21473684 0.44631579]
val_loss=19.1813
accuracy
[0.00210526 0.00421053 0.32842105 0.48842105]
val_loss=19.1537
accuracy
[0.00210526 0.00421053 0.00842105 0.46526316]
val_loss=19.9050
accuracy
[0.00210526 0.00421053 0.22736842 0.48421053]
val_loss=18.9696
accuracy
[0.00210526 0.00421053 0.00842105 0.40421053]
val_loss=19.5700
accuracy
[0.00210526 0.00421053 0.00842105 0.40421053]
val_loss=19.8790
accuracy
[0.00210526 0.00421053 0.27368421 0.41684211]
val_loss=18.8274
accuracy
[0.00210526 0.00421053 0.32421053 0.46315789]
val_loss=19.1345
accuracy
[0.00210526 0.00421053 0.01263158 0.40631579]
val_loss=18.9136
accuracy
[0.00210526 0.00421053 0.17684211 0.49684211]
val_loss=19.0229
accuracy
[0.00210526 0.00421053 0.06736842 0.45263158]
val_loss=19.1205
accuracy
[0.00210526 0.00421053 0.00842105 0.40631579]
val_loss=19.2165
accuracy
[0.00210526 0.00421053 0.00842105 0.45263158]
val_loss=19.3644
accuracy
[0.00210526 0.00421053 0.00842105 0.46105263]
val_loss=19.3008
accuracy
[0.00210526 0.00421053 0.00842105 0.38315789]
val_loss=19.4705
accuracy
[0.00210526 0.00421053 0.00842105 0.41473684]
val_loss=19.4246
accuracy
[0.00210526 0.00421053 0.00842105 0.37052632]
val_loss=19.4507
accuracy
[0.00210526 0.00421053 0.01263158 0.43789474]
val_loss=19.5656
accuracy
[0.00210526 0.00421053 0.00842105 0.39789474]
val_loss=19.5293
accuracy
[0.00210526 0.00421053 0.00842105 0.38947368]
val_loss=19.5435
accuracy
[0.00210526 0.00421053 0.07157895 0.44421053]
val_loss=19.6969
accuracy
[0.00210526 0.00421053 0.06526316 0.44210526]
val_loss=19.5334
accuracy
[0.00210526 0.00421053 0.01684211 0.39789474]
val_loss=19.6971
accuracy
[0.00210526 0.00421053 0.00842105 0.38315789]
val_loss=19.7996
accuracy
[0.00210526 0.00421053 0.01473684 0.39578947]
val_loss=19.7316
accuracy
[0.00210526 0.00421053 0.00842105 0.37052632]
val_loss=19.6783
accuracy
[0.00210526 0.00421053 0.00842105 0.37473684]
val_loss=19.7295
accuracy
[0.00210526 0.00421053 0.06526316 0.38315789]
val_loss=19.7516
accuracy
[0.00210526 0.00421053 0.21263158 0.39789474]
val_loss=19.8042
accuracy
[0.00210526 0.00421053 0.18736842 0.39578947]
val_loss=19.8415
accuracy
[0.00210526 0.00421053 0.06736842 0.38105263]
val_loss=19.8095
accuracy
[0.00210526 0.00421053 0.09894737 0.38526316]
val_loss=19.8369
accuracy
[0.00210526 0.00421053 0.09684211 0.38315789]
val_loss=19.8212
accuracy
[0.00210526 0.00421053 0.17473684 0.38315789]
val_loss=19.8338
accuracy
[0.00210526 0.00421053 0.09894737 0.37894737]
val_loss=19.8217
accuracy
[0.00210526 0.00421053 0.18526316 0.38526316]
val_loss=19.8639
accuracy
[0.00210526 0.00421053 0.15368421 0.37894737]
val_loss=19.8407
accuracy
[0.00210526 0.00421053 0.17684211 0.38315789]
val_loss=19.8501
accuracy
[0.00210526 0.00421053 0.18736842 0.38105263]
val_loss=19.8450
accuracy
[0.00210526 0.00421053 0.19368421 0.38105263]
val_loss=19.8417
accuracy
[0.00210526 0.00421053 0.18736842 0.37684211]
val_loss=19.9068
accuracy
[0.00210526 0.00421053 0.18736842 0.38105263]
val_loss=19.8889
accuracy
[0.00210526 0.00421053 0.19368421 0.38315789]
val_loss=19.8894
accuracy
[0.00210526 0.00421053 0.20421053 0.37684211]
val_loss=19.8874
accuracy
[0.00210526 0.00421053 0.17684211 0.37263158]
val_loss=19.8941
accuracy
[0.00210526 0.00421053 0.19157895 0.37684211]
val_loss=19.8993
accuracy
[0.00210526 0.00421053 0.18736842 0.37263158]
val_loss=19.9207
accuracy
[0.00210526 0.00421053 0.19789474 0.36421053]
val_loss=19.9411
accuracy
[0.00210526 0.00421053 0.20421053 0.36631579]
val_loss=19.9266
accuracy
[0.00210526 0.00421053 0.20631579 0.36421053]
val_loss=19.9066
accuracy
[0.00210526 0.00421053 0.21263158 0.37052632]
Finished Training
    rehearsal replay buffer: 500 of 1928 source samples
cpu
Finished Training
cpu
Finished Training
cpu
Finished Training
cpu
Finished Training
cpu
Finished Training
cpu
Finished Training
cpu
Finished Training
cpu
Finished Training
cpu
Finished Training
cpu
Finished Training
cpu
Finished Training
cpu
Finished Training
cpu
Finished Training
cpu
Finished Training
cpu
Finished Training
cpu
Finished Training
cpu
Finished Training
cpu
Finished Training
cpu
Finished Training
cpu
Finished Training
cpu
Finished Training
cpu
Finished Training
  seed 8: pretrain on scenario1 (1928 samples), zero-shot eval on scenario32straight (475 held-out test samples)
cpu
-----------------------------------------------------------------------
      Layer (type)        Output Shape         Param #     Tr. Param #
=======================================================================
          Linear-1           [32, 256]           1,280           1,280
            ReLU-2           [32, 256]               0               0
          Linear-3           [32, 256]          65,792          65,792
          Linear-4           [32, 256]          65,792          65,792
          Linear-5            [32, 16]           4,112           4,112
=======================================================================
Total params: 136,976
Trainable params: 136,976
Non-trainable params: 0
-----------------------------------------------------------------------
val_loss=15.2121
accuracy
[0.         0.00631579 0.01052632 0.08421053]
val_loss=21.6751
accuracy
[0.00210526 0.00631579 0.00842105 0.01263158]
val_loss=15.3216
accuracy
[0.00210526 0.00631579 0.00842105 0.01263158]
val_loss=18.8006
accuracy
[0.00210526 0.00631579 0.00842105 0.38947368]
val_loss=12.5136
accuracy
[0.00210526 0.00631579 0.00842105 0.38947368]
val_loss=15.9303
accuracy
[0.00210526 0.00631579 0.00842105 0.38947368]
val_loss=14.6235
accuracy
[0.00210526 0.00631579 0.38315789 0.38947368]
val_loss=14.0613
accuracy
[0.00210526 0.36       0.38315789 0.38947368]
val_loss=15.1605
accuracy
[0.00210526 0.00631579 0.00842105 0.38736842]
val_loss=12.9432
accuracy
[0.00210526 0.28842105 0.38315789 0.39368421]
val_loss=15.9159
accuracy
[0.00210526 0.00631579 0.38315789 0.38736842]
val_loss=14.3880
accuracy
[0.         0.37894737 0.38315789 0.39368421]
val_loss=16.9200
accuracy
[0.00210526 0.00631579 0.37052632 0.38947368]
val_loss=17.1643
accuracy
[0.00210526 0.00631579 0.21473684 0.38947368]
val_loss=15.7535
accuracy
[0.00210526 0.00631579 0.38315789 0.39157895]
val_loss=15.9062
accuracy
[0.00210526 0.00631579 0.38315789 0.39157895]
val_loss=18.2888
accuracy
[0.00210526 0.00631579 0.38315789 0.38947368]
val_loss=17.6607
accuracy
[0.00210526 0.00631579 0.00842105 0.38947368]
val_loss=16.1786
accuracy
[0.00210526 0.37894737 0.38315789 0.38947368]
val_loss=14.0573
accuracy
[0.00210526 0.37894737 0.38315789 0.38947368]
val_loss=15.6494
accuracy
[0.00210526 0.37894737 0.38315789 0.38947368]
val_loss=16.4445
accuracy
[0.00210526 0.37894737 0.38315789 0.38947368]
val_loss=16.2418
accuracy
[0.00210526 0.37894737 0.38315789 0.38736842]
val_loss=16.6478
accuracy
[0.00210526 0.37894737 0.38315789 0.38736842]
val_loss=16.8564
accuracy
[0.00210526 0.37894737 0.38315789 0.38947368]
val_loss=16.4998
accuracy
[0.00210526 0.37894737 0.38315789 0.38736842]
val_loss=16.7152
accuracy
[0.00210526 0.37894737 0.38315789 0.38947368]
val_loss=16.7628
accuracy
[0.00210526 0.37894737 0.38315789 0.38736842]
val_loss=16.5162
accuracy
[0.00210526 0.37894737 0.38105263 0.38736842]
val_loss=16.2513
accuracy
[0.00210526 0.37894737 0.38315789 0.38526316]
val_loss=16.7526
accuracy
[0.00210526 0.37894737 0.38315789 0.38947368]
val_loss=16.7548
accuracy
[0.00210526 0.37894737 0.38105263 0.38736842]
val_loss=16.9938
accuracy
[0.00210526 0.37894737 0.38315789 0.38947368]
val_loss=17.1334
accuracy
[0.00210526 0.37894737 0.38315789 0.38947368]
val_loss=16.8685
accuracy
[0.00210526 0.37894737 0.38315789 0.38947368]
val_loss=16.8929
accuracy
[0.00210526 0.37894737 0.38526316 0.38947368]
val_loss=16.9144
accuracy
[0.00210526 0.37894737 0.38105263 0.38947368]
val_loss=17.2543
accuracy
[0.00210526 0.37894737 0.38315789 0.38947368]
val_loss=16.5625
accuracy
[0.00210526 0.37894737 0.38315789 0.38947368]
val_loss=17.0661
accuracy
[0.00210526 0.37894737 0.38105263 0.38947368]
val_loss=17.1706
accuracy
[0.00210526 0.37894737 0.38315789 0.38947368]
val_loss=17.1555
accuracy
[0.00210526 0.37894737 0.38105263 0.38947368]
val_loss=17.1610
accuracy
[0.00210526 0.37894737 0.38315789 0.38947368]
val_loss=17.1119
accuracy
[0.00210526 0.37894737 0.38105263 0.38947368]
val_loss=17.1566
accuracy
[0.00210526 0.37894737 0.38105263 0.38947368]
val_loss=17.2912
accuracy
[0.00210526 0.37894737 0.38315789 0.38947368]
val_loss=17.2001
accuracy
[0.00210526 0.37894737 0.38105263 0.38947368]
val_loss=17.2926
accuracy
[0.00210526 0.37894737 0.38105263 0.38947368]
val_loss=17.1867
accuracy
[0.00210526 0.37894737 0.38105263 0.38947368]
val_loss=17.0840
accuracy
[0.00210526 0.37894737 0.38105263 0.38947368]
val_loss=17.2851
accuracy
[0.00210526 0.37894737 0.38105263 0.38947368]
val_loss=17.3349
accuracy
[0.00210526 0.37894737 0.38105263 0.38947368]
val_loss=17.0170
accuracy
[0.00210526 0.37894737 0.38105263 0.38947368]
val_loss=17.0704
accuracy
[0.00210526 0.37894737 0.38105263 0.38947368]
val_loss=17.1361
accuracy
[0.00210526 0.37894737 0.38105263 0.38947368]
val_loss=17.1980
accuracy
[0.00210526 0.37894737 0.38105263 0.38947368]
val_loss=17.3215
accuracy
[0.00210526 0.37894737 0.38105263 0.38947368]
val_loss=17.3087
accuracy
[0.00210526 0.37894737 0.38105263 0.38947368]
val_loss=17.3108
accuracy
[0.00210526 0.37894737 0.38105263 0.38947368]
val_loss=17.4003
accuracy
[0.00210526 0.37894737 0.38105263 0.38947368]
val_loss=17.3451
accuracy
[0.00210526 0.37894737 0.38105263 0.38947368]
val_loss=17.3673
accuracy
[0.00210526 0.37894737 0.38105263 0.38947368]
val_loss=17.3623
accuracy
[0.00210526 0.37894737 0.38105263 0.38947368]
val_loss=17.4015
accuracy
[0.00210526 0.37894737 0.38105263 0.38947368]
val_loss=17.3834
accuracy
[0.00210526 0.37894737 0.38105263 0.38947368]
val_loss=17.3752
accuracy
[0.00210526 0.37894737 0.38105263 0.38947368]
val_loss=17.4095
accuracy
[0.00210526 0.37894737 0.38105263 0.38947368]
val_loss=17.4291
accuracy
[0.00210526 0.37894737 0.38105263 0.38947368]
val_loss=17.4002
accuracy
[0.00210526 0.37894737 0.38105263 0.38947368]
val_loss=17.4184
accuracy
[0.00210526 0.37894737 0.38105263 0.38947368]
val_loss=17.4305
accuracy
[0.00210526 0.37894737 0.38105263 0.38947368]
val_loss=17.3965
accuracy
[0.00210526 0.37894737 0.38105263 0.38947368]
val_loss=17.4084
accuracy
[0.00210526 0.37894737 0.38105263 0.38947368]
val_loss=17.4152
accuracy
[0.00210526 0.37894737 0.38105263 0.38947368]
val_loss=17.4507
accuracy
[0.00210526 0.37894737 0.38105263 0.38947368]
val_loss=17.4391
accuracy
[0.00210526 0.37894737 0.38105263 0.38947368]
val_loss=17.4513
accuracy
[0.00210526 0.37894737 0.38105263 0.38947368]
val_loss=17.4504
accuracy
[0.00210526 0.37894737 0.38105263 0.38947368]
val_loss=17.4422
accuracy
[0.00210526 0.37894737 0.38105263 0.38947368]
val_loss=17.4756
accuracy
[0.00210526 0.37894737 0.38105263 0.38947368]
Finished Training
    rehearsal replay buffer: 500 of 1928 source samples
cpu
Finished Training
cpu
Finished Training
cpu
Finished Training
cpu
Finished Training
cpu
Finished Training
cpu
Finished Training
cpu
Finished Training
cpu
Finished Training
cpu
Finished Training
cpu
Finished Training
cpu
Finished Training
cpu
Finished Training
cpu
Finished Training
cpu
Finished Training
cpu
Finished Training
cpu
Finished Training
cpu
Finished Training
cpu
Finished Training
cpu
Finished Training
cpu
Finished Training
cpu
Finished Training
cpu
Finished Training
  seed 9: pretrain on scenario1 (1928 samples), zero-shot eval on scenario32straight (475 held-out test samples)
cpu
-----------------------------------------------------------------------
      Layer (type)        Output Shape         Param #     Tr. Param #
=======================================================================
          Linear-1           [32, 256]           1,280           1,280
            ReLU-2           [32, 256]               0               0
          Linear-3           [32, 256]          65,792          65,792
          Linear-4           [32, 256]          65,792          65,792
          Linear-5            [32, 16]           4,112           4,112
=======================================================================
Total params: 136,976
Trainable params: 136,976
Non-trainable params: 0
-----------------------------------------------------------------------
val_loss=13.1814
accuracy
[0.         0.00210526 0.01052632 0.08421053]
val_loss=13.9283
accuracy
[0.         0.         0.00842105 0.38736842]
val_loss=17.7022
accuracy
[0.         0.         0.00842105 0.38947368]
val_loss=12.0669
accuracy
[0.         0.         0.01052632 0.38947368]
val_loss=14.7828
accuracy
[0.         0.         0.37894737 0.38947368]
val_loss=13.7727
accuracy
[0.         0.         0.37684211 0.38947368]
val_loss=14.1084
accuracy
[0.         0.         0.37894737 0.44842105]
val_loss=16.8913
accuracy
[0.         0.         0.20421053 0.38315789]
val_loss=15.1378
accuracy
[0.         0.         0.37684211 0.38947368]
val_loss=15.5404
accuracy
[0.         0.         0.37894737 0.38526316]
val_loss=16.4669
accuracy
[0.         0.         0.37894737 0.38947368]
val_loss=16.2751
accuracy
[0.         0.         0.37894737 0.38947368]
val_loss=15.0310
accuracy
[0.         0.         0.37894737 0.38526316]
val_loss=16.8721
accuracy
[0.         0.         0.37894737 0.38947368]
val_loss=16.2327
accuracy
[0.         0.         0.37894737 0.38947368]
val_loss=15.9181
accuracy
[0.         0.         0.37894737 0.38947368]
val_loss=14.7126
accuracy
[0.         0.         0.37684211 0.38947368]
val_loss=16.3461
accuracy
[0.         0.         0.37684211 0.38947368]
val_loss=16.2624
accuracy
[0.         0.         0.37894737 0.38947368]
val_loss=14.1377
accuracy
[0.         0.         0.37684211 0.38947368]
val_loss=15.6011
accuracy
[0.         0.         0.37894737 0.38947368]
val_loss=16.5128
accuracy
[0.         0.         0.37894737 0.38947368]
val_loss=16.7136
accuracy
[0.         0.29052632 0.37894737 0.38947368]
val_loss=17.6727
accuracy
[0.         0.         0.37684211 0.38947368]
val_loss=17.4945
accuracy
[0.         0.32842105 0.37894737 0.38947368]
val_loss=17.7178
accuracy
[0.         0.32631579 0.37894737 0.38947368]
val_loss=17.5802
accuracy
[0.         0.09473684 0.37894737 0.38947368]
val_loss=17.1093
accuracy
[0.         0.37684211 0.37894737 0.38947368]
val_loss=17.7191
accuracy
[0.         0.37052632 0.37894737 0.38947368]
val_loss=18.2395
accuracy
[0.         0.28842105 0.37684211 0.38947368]
val_loss=17.9422
accuracy
[0.         0.37684211 0.37894737 0.38947368]
val_loss=16.9444
accuracy
[0.         0.28842105 0.37894737 0.38947368]
val_loss=17.2372
accuracy
[0.         0.37684211 0.37894737 0.38947368]
val_loss=17.6949
accuracy
[0.         0.35157895 0.37894737 0.38947368]
val_loss=18.2584
accuracy
[0.         0.37052632 0.37894737 0.38947368]
val_loss=17.8534
accuracy
[0.         0.37263158 0.37894737 0.38947368]
val_loss=18.1322
accuracy
[0.         0.15368421 0.37894737 0.38947368]
val_loss=18.0182
accuracy
[0.         0.36210526 0.37894737 0.38947368]
val_loss=17.7573
accuracy
[0.         0.37473684 0.37894737 0.38947368]
val_loss=17.9171
accuracy
[0.         0.37684211 0.37894737 0.38947368]
val_loss=18.0133
accuracy
[0.         0.37473684 0.37894737 0.38947368]
val_loss=18.0897
accuracy
[0.         0.37473684 0.37894737 0.38947368]
val_loss=18.2620
accuracy
[0.         0.37263158 0.37894737 0.38947368]
val_loss=18.1775
accuracy
[0.         0.37052632 0.37894737 0.38947368]
val_loss=18.2346
accuracy
[0.         0.36631579 0.37894737 0.38947368]
val_loss=18.2430
accuracy
[0.         0.36842105 0.37894737 0.38947368]
val_loss=18.2271
accuracy
[0.         0.37052632 0.37894737 0.38947368]
val_loss=18.6338
accuracy
[0.         0.37473684 0.37894737 0.38947368]
val_loss=18.6177
accuracy
[0.         0.37052632 0.37894737 0.38947368]
val_loss=18.5033
accuracy
[0.         0.37052632 0.37894737 0.38947368]
val_loss=18.4261
accuracy
[0.         0.37052632 0.37894737 0.38947368]
val_loss=18.6146
accuracy
[0.         0.37052632 0.37894737 0.38947368]
val_loss=18.5523
accuracy
[0.         0.37052632 0.37894737 0.38947368]
val_loss=18.5357
accuracy
[0.         0.37052632 0.37894737 0.38947368]
val_loss=18.6829
accuracy
[0.         0.37052632 0.37894737 0.38947368]
val_loss=18.7066
accuracy
[0.         0.37052632 0.37894737 0.38947368]
val_loss=18.6519
accuracy
[0.         0.37052632 0.37894737 0.38947368]
val_loss=18.6580
accuracy
[0.         0.37052632 0.37894737 0.38947368]
val_loss=18.6755
accuracy
[0.         0.37052632 0.37894737 0.38947368]
val_loss=18.8453
accuracy
[0.         0.37052632 0.37894737 0.38947368]
val_loss=18.7894
accuracy
[0.         0.37052632 0.37894737 0.38947368]
val_loss=18.8245
accuracy
[0.         0.37052632 0.37894737 0.38947368]
val_loss=18.8421
accuracy
[0.         0.37052632 0.37894737 0.38947368]
val_loss=18.7911
accuracy
[0.         0.37052632 0.37894737 0.38947368]
val_loss=18.8784
accuracy
[0.         0.37052632 0.37894737 0.38947368]
val_loss=18.8401
accuracy
[0.         0.37052632 0.37894737 0.38947368]
val_loss=18.8687
accuracy
[0.         0.37052632 0.37894737 0.38947368]
val_loss=18.8777
accuracy
[0.         0.37052632 0.37894737 0.38947368]
val_loss=18.8442
accuracy
[0.         0.37052632 0.37894737 0.38947368]
val_loss=18.8295
accuracy
[0.         0.37052632 0.37894737 0.38947368]
val_loss=18.8382
accuracy
[0.         0.37052632 0.37894737 0.38947368]
val_loss=18.8223
accuracy
[0.         0.37052632 0.37894737 0.38947368]
val_loss=18.8988
accuracy
[0.         0.37052632 0.37894737 0.38947368]
val_loss=18.8174
accuracy
[0.         0.37052632 0.37894737 0.38947368]
val_loss=18.8970
accuracy
[0.         0.37052632 0.37894737 0.38947368]
val_loss=18.8569
accuracy
[0.         0.37052632 0.37894737 0.38947368]
val_loss=18.8785
accuracy
[0.         0.37052632 0.37894737 0.38947368]
val_loss=18.8907
accuracy
[0.         0.37052632 0.37894737 0.38947368]
val_loss=18.9198
accuracy
[0.         0.37052632 0.37894737 0.38947368]
val_loss=18.9482
accuracy
[0.         0.37052632 0.37894737 0.38947368]
Finished Training
    rehearsal replay buffer: 500 of 1928 source samples
cpu
Finished Training
cpu
Finished Training
cpu
Finished Training
cpu
Finished Training
cpu
Finished Training
cpu
Finished Training
cpu
Finished Training
cpu
Finished Training
cpu
Finished Training
cpu
Finished Training
cpu
Finished Training
cpu
Finished Training
cpu
Finished Training
cpu
Finished Training
cpu
Finished Training
cpu
Finished Training
cpu
Finished Training
cpu
Finished Training
cpu
Finished Training
cpu
Finished Training
cpu
Finished Training
cpu
Finished Training
Saved result\stage1_s1_to_s32straight_rehearsal_acc.mat and result\stage1_s1_to_s32straight_rehearsal_pwr.mat (10/10 seeds completed)

======================================================================
Rehearsal comparison: scenario1 -> scenario33straight  (s1_to_s33straight)
======================================================================
  seed 0: pretrain on scenario1 (1928 samples), zero-shot eval on scenario33straight (515 held-out test samples)
cpu
-----------------------------------------------------------------------
      Layer (type)        Output Shape         Param #     Tr. Param #
=======================================================================
          Linear-1           [32, 256]           1,280           1,280
            ReLU-2           [32, 256]               0               0
          Linear-3           [32, 256]          65,792          65,792
          Linear-4           [32, 256]          65,792          65,792
          Linear-5            [32, 16]           4,112           4,112
=======================================================================
Total params: 136,976
Trainable params: 136,976
Non-trainable params: 0
-----------------------------------------------------------------------
val_loss=23.6292
accuracy
[0.         0.         0.00582524 0.12427184]
val_loss=33.2777
accuracy
[0.         0.         0.00582524 0.01165049]
val_loss=31.8895
accuracy
[0.         0.         0.0038835  0.12038835]
val_loss=29.9727
accuracy
[0.         0.         0.00582524 0.12038835]
val_loss=28.2741
accuracy
[0.         0.         0.00582524 0.12038835]
val_loss=21.9569
accuracy
[0.         0.         0.00582524 0.12038835]
val_loss=20.4022
accuracy
[0.         0.10873786 0.10873786 0.21553398]
val_loss=22.3693
accuracy
[0.         0.         0.00582524 0.11456311]
val_loss=23.6708
accuracy
[0.         0.         0.10873786 0.25242718]
val_loss=17.2057
accuracy
[0.         0.10873786 0.11456311 0.25436893]
val_loss=21.2566
accuracy
[0.         0.0038835  0.03106796 0.25631068]
val_loss=21.8393
accuracy
[0.         0.         0.10873786 0.25825243]
val_loss=20.9550
accuracy
[0.         0.         0.10873786 0.1184466 ]
val_loss=20.0653
accuracy
[0.         0.         0.00582524 0.25048544]
val_loss=15.9304
accuracy
[0.         0.         0.10873786 0.25825243]
val_loss=17.1885
accuracy
[0.         0.         0.00582524 0.25436893]
val_loss=18.4669
accuracy
[0.         0.         0.10873786 0.12427184]
val_loss=17.6697
accuracy
[0.         0.         0.00582524 0.13203883]
val_loss=14.8285
accuracy
[0.         0.10873786 0.10873786 0.53398058]
val_loss=17.5059
accuracy
[0.         0.         0.00582524 0.53786408]
val_loss=17.6829
accuracy
[0.         0.         0.00582524 0.53592233]
val_loss=18.3367
accuracy
[0.         0.         0.00582524 0.53592233]
val_loss=18.4402
accuracy
[0.         0.0038835  0.09514563 0.53786408]
val_loss=18.1069
accuracy
[0.         0.0038835  0.11456311 0.53786408]
val_loss=18.6925
accuracy
[0.         0.10873786 0.11262136 0.53786408]
val_loss=18.9380
accuracy
[0.         0.0038835  0.11262136 0.53786408]
val_loss=18.7549
accuracy
[0.         0.0038835  0.11456311 0.53786408]
val_loss=19.3135
accuracy
[0.         0.00582524 0.11456311 0.53786408]
val_loss=19.5772
accuracy
[0.         0.0038835  0.11456311 0.53786408]
val_loss=19.4112
accuracy
[0.         0.10873786 0.11262136 0.53786408]
val_loss=19.7048
accuracy
[0.         0.10873786 0.11456311 0.53786408]
val_loss=19.5268
accuracy
[0.         0.0038835  0.11456311 0.53786408]
val_loss=19.8938
accuracy
[0.         0.10873786 0.11456311 0.53786408]
val_loss=20.1491
accuracy
[0.         0.10873786 0.11456311 0.53786408]
val_loss=19.6970
accuracy
[0.         0.00582524 0.11650485 0.53786408]
val_loss=19.8212
accuracy
[0.         0.10873786 0.11456311 0.53786408]
val_loss=20.0391
accuracy
[0.         0.10873786 0.11262136 0.53786408]
val_loss=20.7050
accuracy
[0.         0.0038835  0.11456311 0.53786408]
val_loss=20.4489
accuracy
[0.         0.00582524 0.11456311 0.53786408]
val_loss=20.8537
accuracy
[0.         0.00582524 0.11650485 0.53786408]
val_loss=20.8616
accuracy
[0.         0.00582524 0.11456311 0.53786408]
val_loss=20.9063
accuracy
[0.         0.00582524 0.11456311 0.53786408]
val_loss=20.9145
accuracy
[0.         0.00582524 0.11456311 0.53786408]
val_loss=21.1557
accuracy
[0.         0.00582524 0.11456311 0.53786408]
val_loss=21.1656
accuracy
[0.         0.00582524 0.11456311 0.53786408]
val_loss=21.2815
accuracy
[0.         0.00582524 0.11456311 0.53786408]
val_loss=21.2680
accuracy
[0.         0.00582524 0.11650485 0.53786408]
val_loss=21.2178
accuracy
[0.         0.00582524 0.11456311 0.53786408]
val_loss=21.2053
accuracy
[0.         0.00582524 0.11456311 0.53786408]
val_loss=21.1329
accuracy
[0.         0.00582524 0.11456311 0.53786408]
val_loss=21.4758
accuracy
[0.         0.00582524 0.11650485 0.53786408]
val_loss=21.4383
accuracy
[0.         0.00582524 0.11456311 0.53786408]
val_loss=21.3926
accuracy
[0.         0.00582524 0.11456311 0.53786408]
val_loss=21.5103
accuracy
[0.         0.00582524 0.11456311 0.53786408]
val_loss=21.6166
accuracy
[0.         0.00582524 0.11456311 0.53786408]
val_loss=21.5262
accuracy
[0.         0.00582524 0.11456311 0.53786408]
val_loss=21.7597
accuracy
[0.         0.00582524 0.11650485 0.53786408]
val_loss=21.7384
accuracy
[0.         0.00582524 0.11650485 0.53786408]
val_loss=21.7821
accuracy
[0.         0.00582524 0.11456311 0.53786408]
val_loss=21.8012
accuracy
[0.         0.00582524 0.11456311 0.53786408]
val_loss=21.8050
accuracy
[0.         0.00582524 0.11650485 0.53786408]
val_loss=21.7764
accuracy
[0.         0.00582524 0.11456311 0.53786408]
val_loss=21.8027
accuracy
[0.         0.00582524 0.11650485 0.53786408]
val_loss=21.8099
accuracy
[0.         0.00582524 0.11456311 0.53786408]
val_loss=21.7787
accuracy
[0.         0.00582524 0.11456311 0.53786408]
val_loss=21.8538
accuracy
[0.         0.00582524 0.11650485 0.53786408]
val_loss=21.8228
accuracy
[0.         0.00582524 0.11650485 0.53786408]
val_loss=21.8074
accuracy
[0.         0.00582524 0.11456311 0.53786408]
val_loss=21.8515
accuracy
[0.         0.00582524 0.11456311 0.53786408]
val_loss=21.8759
accuracy
[0.         0.00582524 0.11650485 0.53786408]
val_loss=21.9393
accuracy
[0.         0.00582524 0.11650485 0.53786408]
val_loss=21.8753
accuracy
[0.         0.00582524 0.11456311 0.53786408]
val_loss=21.9220
accuracy
[0.         0.00582524 0.11650485 0.53786408]
val_loss=21.8541
accuracy
[0.         0.00582524 0.11456311 0.53786408]
val_loss=21.8893
accuracy
[0.         0.00582524 0.11456311 0.53786408]
val_loss=21.9027
accuracy
[0.         0.00582524 0.11456311 0.53786408]
val_loss=21.9116
accuracy
[0.         0.00582524 0.11456311 0.53786408]
val_loss=21.9473
accuracy
[0.         0.00582524 0.11456311 0.53786408]
val_loss=21.9887
accuracy
[0.         0.00582524 0.11456311 0.53786408]
val_loss=21.9925
accuracy
[0.         0.00582524 0.11456311 0.53786408]
Finished Training
    rehearsal replay buffer: 500 of 1928 source samples
cpu
Finished Training
cpu
Finished Training
cpu
Finished Training
cpu
Finished Training
cpu
Finished Training
cpu
Finished Training
cpu
Finished Training
cpu
Finished Training
cpu
Finished Training
cpu
Finished Training
cpu
Finished Training
cpu
Finished Training
cpu
Finished Training
cpu
Finished Training
cpu
Finished Training
cpu
Finished Training
cpu
Finished Training
cpu
Finished Training
cpu
Finished Training
cpu
Finished Training
cpu
Finished Training
cpu
Finished Training
  seed 1: pretrain on scenario1 (1928 samples), zero-shot eval on scenario33straight (515 held-out test samples)
cpu
-----------------------------------------------------------------------
      Layer (type)        Output Shape         Param #     Tr. Param #
=======================================================================
          Linear-1           [32, 256]           1,280           1,280
            ReLU-2           [32, 256]               0               0
          Linear-3           [32, 256]          65,792          65,792
          Linear-4           [32, 256]          65,792          65,792
          Linear-5            [32, 16]           4,112           4,112
=======================================================================
Total params: 136,976
Trainable params: 136,976
Non-trainable params: 0
-----------------------------------------------------------------------
val_loss=23.1671
accuracy
[0.00194175 0.00776699 0.00970874 0.13592233]
val_loss=25.7320
accuracy
[0.00194175 0.00776699 0.00970874 0.03300971]
val_loss=29.1643
accuracy
[0.00194175 0.00776699 0.00970874 0.01165049]
val_loss=28.5893
accuracy
[0.00194175 0.00776699 0.12815534 0.13203883]
val_loss=23.5808
accuracy
[0.00194175 0.00776699 0.12815534 0.13203883]
val_loss=26.6278
accuracy
[0.00194175 0.00776699 0.12815534 0.13203883]
val_loss=25.2117
accuracy
[0.00194175 0.00776699 0.13009709 0.13203883]
val_loss=18.6935
accuracy
[0.00194175 0.1223301  0.12815534 0.13203883]
val_loss=18.3773
accuracy
[0.00194175 0.1223301  0.12815534 0.2407767 ]
val_loss=18.4084
accuracy
[0.00194175 0.1223301  0.12815534 0.25436893]
val_loss=15.6464
accuracy
[0.00194175 0.1223301  0.12815534 0.23883495]
val_loss=16.7136
accuracy
[0.00194175 0.1223301  0.12815534 0.25048544]
val_loss=17.3334
accuracy
[0.00194175 0.1223301  0.12815534 0.2368932 ]
val_loss=17.7543
accuracy
[0.00194175 0.1223301  0.12815534 0.15533981]
val_loss=16.5867
accuracy
[0.00194175 0.1223301  0.12815534 0.13203883]
val_loss=17.2908
accuracy
[0.00194175 0.1223301  0.12815534 0.13009709]
val_loss=15.9389
accuracy
[0.00194175 0.1223301  0.12815534 0.13009709]
val_loss=18.2725
accuracy
[0.00194175 0.00776699 0.12815534 0.13980583]
val_loss=16.5363
accuracy
[0.00194175 0.00776699 0.12815534 0.13592233]
val_loss=17.5645
accuracy
[0.00194175 0.1223301  0.12815534 0.13592233]
val_loss=17.4233
accuracy
[0.00194175 0.1223301  0.12815534 0.14757282]
val_loss=17.9780
accuracy
[0.00194175 0.1223301  0.12815534 0.13009709]
val_loss=17.3903
accuracy
[0.00194175 0.1223301  0.12815534 0.16116505]
val_loss=17.7867
accuracy
[0.00194175 0.1223301  0.12815534 0.14563107]
val_loss=17.7719
accuracy
[0.00194175 0.1223301  0.12815534 0.14951456]
val_loss=18.0525
accuracy
[0.00194175 0.1223301  0.12815534 0.13786408]
val_loss=17.9314
accuracy
[0.00194175 0.1223301  0.12815534 0.14563107]
val_loss=18.1857
accuracy
[0.00194175 0.1223301  0.12815534 0.13398058]
val_loss=18.1066
accuracy
[0.00194175 0.1223301  0.12815534 0.13203883]
val_loss=18.5825
accuracy
[0.00194175 0.1223301  0.12815534 0.13786408]
val_loss=18.1554
accuracy
[0.00194175 0.1223301  0.12815534 0.13786408]
val_loss=18.1011
accuracy
[0.00194175 0.1223301  0.12815534 0.13592233]
val_loss=18.1218
accuracy
[0.00194175 0.1223301  0.12815534 0.13786408]
val_loss=18.5042
accuracy
[0.00194175 0.1223301  0.12815534 0.13980583]
val_loss=18.2912
accuracy
[0.00194175 0.1223301  0.12815534 0.13786408]
val_loss=18.3914
accuracy
[0.00194175 0.1223301  0.12815534 0.13980583]
val_loss=18.9846
accuracy
[0.00194175 0.1223301  0.12815534 0.13786408]
val_loss=18.5849
accuracy
[0.00194175 0.1223301  0.12815534 0.13592233]
val_loss=18.6832
accuracy
[0.00194175 0.1223301  0.12815534 0.13786408]
val_loss=19.0760
accuracy
[0.00194175 0.1223301  0.12815534 0.13786408]
val_loss=18.8308
accuracy
[0.00194175 0.1223301  0.12815534 0.13786408]
val_loss=18.7681
accuracy
[0.00194175 0.1223301  0.12815534 0.13980583]
val_loss=18.9124
accuracy
[0.00194175 0.1223301  0.12815534 0.13980583]
val_loss=19.0248
accuracy
[0.00194175 0.1223301  0.12815534 0.13980583]
val_loss=18.7663
accuracy
[0.00194175 0.1223301  0.12815534 0.14174757]
val_loss=18.9674
accuracy
[0.00194175 0.1223301  0.12815534 0.13980583]
val_loss=19.0663
accuracy
[0.00194175 0.1223301  0.12815534 0.13980583]
val_loss=19.0741
accuracy
[0.00194175 0.1223301  0.12815534 0.13980583]
val_loss=18.9891
accuracy
[0.00194175 0.1223301  0.12815534 0.13980583]
val_loss=19.0809
accuracy
[0.00194175 0.1223301  0.12815534 0.13980583]
val_loss=19.1694
accuracy
[0.00194175 0.1223301  0.12815534 0.13980583]
val_loss=19.2526
accuracy
[0.00194175 0.1223301  0.12815534 0.13980583]
val_loss=19.2266
accuracy
[0.00194175 0.1223301  0.12815534 0.13980583]
val_loss=19.1673
accuracy
[0.00194175 0.1223301  0.12815534 0.13980583]
val_loss=19.2628
accuracy
[0.00194175 0.1223301  0.12815534 0.14174757]
val_loss=19.2712
accuracy
[0.00194175 0.1223301  0.12815534 0.13786408]
val_loss=19.1149
accuracy
[0.00194175 0.1223301  0.12815534 0.13980583]
val_loss=19.3623
accuracy
[0.00194175 0.1223301  0.12815534 0.13980583]
val_loss=19.3558
accuracy
[0.00194175 0.1223301  0.12815534 0.13980583]
val_loss=19.3945
accuracy
[0.00194175 0.1223301  0.12815534 0.13980583]
val_loss=19.3847
accuracy
[0.00194175 0.1223301  0.12815534 0.13980583]
val_loss=19.4171
accuracy
[0.00194175 0.1223301  0.12815534 0.13980583]
val_loss=19.4060
accuracy
[0.00194175 0.1223301  0.12815534 0.13980583]
val_loss=19.4061
accuracy
[0.00194175 0.1223301  0.12815534 0.13980583]
val_loss=19.3996
accuracy
[0.00194175 0.1223301  0.12815534 0.13980583]
val_loss=19.4353
accuracy
[0.00194175 0.1223301  0.12815534 0.13980583]
val_loss=19.4264
accuracy
[0.00194175 0.1223301  0.12815534 0.13980583]
val_loss=19.4292
accuracy
[0.00194175 0.1223301  0.12815534 0.13980583]
val_loss=19.4430
accuracy
[0.00194175 0.1223301  0.12815534 0.13980583]
val_loss=19.4686
accuracy
[0.00194175 0.1223301  0.12815534 0.13980583]
val_loss=19.4672
accuracy
[0.00194175 0.1223301  0.12815534 0.13980583]
val_loss=19.4693
accuracy
[0.00194175 0.1223301  0.12815534 0.13980583]
val_loss=19.4574
accuracy
[0.00194175 0.1223301  0.12815534 0.13980583]
val_loss=19.4368
accuracy
[0.00194175 0.1223301  0.12815534 0.13980583]
val_loss=19.4368
accuracy
[0.00194175 0.1223301  0.12815534 0.13980583]
val_loss=19.4494
accuracy
[0.00194175 0.1223301  0.12815534 0.13980583]
val_loss=19.4631
accuracy
[0.00194175 0.1223301  0.12815534 0.13980583]
val_loss=19.4933
accuracy
[0.00194175 0.1223301  0.12815534 0.13980583]
val_loss=19.4687
accuracy
[0.00194175 0.1223301  0.12815534 0.13980583]
val_loss=19.5215
accuracy
[0.00194175 0.1223301  0.12815534 0.13980583]
Finished Training
    rehearsal replay buffer: 500 of 1928 source samples
cpu
Finished Training
cpu
Finished Training
cpu
Finished Training
cpu
Finished Training
cpu
Finished Training
cpu
Finished Training
cpu
Finished Training
cpu
Finished Training
cpu
Finished Training
cpu
Finished Training
cpu
Finished Training
cpu
Finished Training
cpu
Finished Training
cpu
Finished Training
cpu
Finished Training
cpu
Finished Training
cpu
Finished Training
cpu
Finished Training
cpu
Finished Training
cpu
Finished Training
cpu
Finished Training
cpu
Finished Training
  seed 2: pretrain on scenario1 (1928 samples), zero-shot eval on scenario33straight (515 held-out test samples)
cpu
-----------------------------------------------------------------------
      Layer (type)        Output Shape         Param #     Tr. Param #
=======================================================================
          Linear-1           [32, 256]           1,280           1,280
            ReLU-2           [32, 256]               0               0
          Linear-3           [32, 256]          65,792          65,792
          Linear-4           [32, 256]          65,792          65,792
          Linear-5            [32, 16]           4,112           4,112
=======================================================================
Total params: 136,976
Trainable params: 136,976
Non-trainable params: 0
-----------------------------------------------------------------------
val_loss=21.1153
accuracy
[0.00194175 0.0038835  0.0038835  0.13009709]
val_loss=36.4268
accuracy
[0.00194175 0.0038835  0.0038835  0.00970874]
val_loss=34.3258
accuracy
[0.00194175 0.0038835  0.0038835  0.00582524]
val_loss=24.5621
accuracy
[0.00194175 0.0038835  0.0038835  0.10485437]
val_loss=33.6102
accuracy
[0.00194175 0.0038835  0.0038835  0.00582524]
val_loss=36.5860
accuracy
[0.00194175 0.0038835  0.00582524 0.12427184]
val_loss=27.6358
accuracy
[0.00194175 0.0038835  0.0038835  0.12427184]
val_loss=27.6313
accuracy
[0.00194175 0.0038835  0.1223301  0.12427184]
val_loss=32.5722
accuracy
[0.00194175 0.0038835  0.00582524 0.12621359]
val_loss=38.8529
accuracy
[0.00194175 0.0038835  0.1223301  0.12621359]
val_loss=37.3705
accuracy
[0.00194175 0.0038835  0.1184466  0.12427184]
val_loss=35.3617
accuracy
[0.00194175 0.0038835  0.1223301  0.12427184]
val_loss=33.9855
accuracy
[0.00194175 0.12038835 0.1223301  0.12427184]
val_loss=33.0991
accuracy
[0.00194175 0.0038835  0.1223301  0.23106796]
val_loss=31.0015
accuracy
[0.00194175 0.12038835 0.1223301  0.20776699]
val_loss=32.0366
accuracy
[0.00194175 0.0038835  0.1223301  0.15145631]
val_loss=32.2683
accuracy
[0.00194175 0.12038835 0.1223301  0.24854369]
val_loss=26.4144
accuracy
[0.00194175 0.12038835 0.1223301  0.22718447]
val_loss=30.4689
accuracy
[0.00194175 0.0038835  0.00582524 0.23106796]
val_loss=29.3683
accuracy
[0.00194175 0.12038835 0.1223301  0.13398058]
val_loss=30.5275
accuracy
[0.00194175 0.12038835 0.1223301  0.14368932]
val_loss=31.4332
accuracy
[0.00194175 0.12038835 0.1223301  0.14563107]
val_loss=32.0612
accuracy
[0.00194175 0.12038835 0.1223301  0.15145631]
val_loss=31.4070
accuracy
[0.00194175 0.12038835 0.12427184 0.1961165 ]
val_loss=31.2169
accuracy
[0.00194175 0.12038835 0.12815534 0.19417476]
val_loss=31.9305
accuracy
[0.00194175 0.12038835 0.1223301  0.17864078]
val_loss=32.7474
accuracy
[0.00194175 0.0038835  0.1223301  0.20582524]
val_loss=32.8288
accuracy
[0.00194175 0.12038835 0.1223301  0.15533981]
val_loss=32.4774
accuracy
[0.00194175 0.12038835 0.1223301  0.21359223]
val_loss=31.8901
accuracy
[0.00194175 0.12038835 0.1223301  0.22912621]
val_loss=33.3409
accuracy
[0.00194175 0.0038835  0.1223301  0.17669903]
val_loss=32.4575
accuracy
[0.00194175 0.12038835 0.1223301  0.14757282]
val_loss=33.1573
accuracy
[0.00194175 0.0038835  0.1223301  0.13203883]
val_loss=32.6589
accuracy
[0.00194175 0.12038835 0.1223301  0.13203883]
val_loss=33.9820
accuracy
[0.00194175 0.0038835  0.1223301  0.13009709]
val_loss=33.3431
accuracy
[0.00194175 0.0038835  0.1223301  0.13398058]
val_loss=33.0276
accuracy
[0.00194175 0.0038835  0.1223301  0.13009709]
val_loss=32.7018
accuracy
[0.00194175 0.0038835  0.1223301  0.13009709]
val_loss=32.7811
accuracy
[0.00194175 0.0038835  0.1223301  0.13398058]
val_loss=34.6953
accuracy
[0.00194175 0.0038835  0.1223301  0.13398058]
val_loss=34.6805
accuracy
[0.00194175 0.0038835  0.1223301  0.13009709]
val_loss=34.3651
accuracy
[0.00194175 0.0038835  0.1223301  0.13009709]
val_loss=34.0536
accuracy
[0.00194175 0.0038835  0.1223301  0.13009709]
val_loss=34.1360
accuracy
[0.00194175 0.0038835  0.1223301  0.13009709]
val_loss=34.0178
accuracy
[0.00194175 0.0038835  0.1223301  0.13009709]
val_loss=33.9327
accuracy
[0.00194175 0.0038835  0.1223301  0.13009709]
val_loss=34.0231
accuracy
[0.00194175 0.0038835  0.1223301  0.13009709]
val_loss=34.1847
accuracy
[0.00194175 0.0038835  0.1223301  0.13009709]
val_loss=34.0916
accuracy
[0.00194175 0.0038835  0.1223301  0.13009709]
val_loss=34.1525
accuracy
[0.00194175 0.0038835  0.1223301  0.13009709]
val_loss=34.5686
accuracy
[0.00194175 0.0038835  0.1223301  0.13009709]
val_loss=34.5548
accuracy
[0.00194175 0.0038835  0.1223301  0.13009709]
val_loss=34.3399
accuracy
[0.00194175 0.0038835  0.1223301  0.13009709]
val_loss=34.2543
accuracy
[0.00194175 0.0038835  0.1223301  0.13009709]
val_loss=34.9956
accuracy
[0.00194175 0.0038835  0.1223301  0.13009709]
val_loss=34.8070
accuracy
[0.00194175 0.0038835  0.1223301  0.13009709]
val_loss=34.7085
accuracy
[0.00194175 0.0038835  0.1223301  0.13009709]
val_loss=35.2707
accuracy
[0.00194175 0.0038835  0.1223301  0.13009709]
val_loss=34.5926
accuracy
[0.00194175 0.0038835  0.1223301  0.13009709]
val_loss=34.8715
accuracy
[0.00194175 0.0038835  0.1223301  0.13009709]
val_loss=34.8348
accuracy
[0.00194175 0.0038835  0.1223301  0.13009709]
val_loss=34.8404
accuracy
[0.00194175 0.0038835  0.1223301  0.13009709]
val_loss=34.9459
accuracy
[0.00194175 0.0038835  0.1223301  0.13009709]
val_loss=34.8798
accuracy
[0.00194175 0.0038835  0.1223301  0.13009709]
val_loss=35.0170
accuracy
[0.00194175 0.0038835  0.1223301  0.13009709]
val_loss=34.9420
accuracy
[0.00194175 0.0038835  0.1223301  0.13009709]
val_loss=35.0450
accuracy
[0.00194175 0.0038835  0.1223301  0.13009709]
val_loss=35.0551
accuracy
[0.00194175 0.0038835  0.1223301  0.13009709]
val_loss=35.0660
accuracy
[0.00194175 0.0038835  0.1223301  0.13009709]
val_loss=35.1586
accuracy
[0.00194175 0.0038835  0.1223301  0.13009709]
val_loss=35.1226
accuracy
[0.00194175 0.0038835  0.1223301  0.13009709]
val_loss=35.1355
accuracy
[0.00194175 0.0038835  0.1223301  0.13009709]
val_loss=35.0979
accuracy
[0.00194175 0.0038835  0.1223301  0.13009709]
val_loss=35.2000
accuracy
[0.00194175 0.0038835  0.1223301  0.13009709]
val_loss=35.2828
accuracy
[0.00194175 0.0038835  0.1223301  0.13009709]
val_loss=35.2624
accuracy
[0.00194175 0.0038835  0.1223301  0.13009709]
val_loss=35.2147
accuracy
[0.00194175 0.0038835  0.1223301  0.13009709]
val_loss=35.2330
accuracy
[0.00194175 0.0038835  0.1223301  0.13009709]
val_loss=35.3214
accuracy
[0.00194175 0.0038835  0.1223301  0.13009709]
val_loss=35.2872
accuracy
[0.00194175 0.0038835  0.1223301  0.13009709]
Finished Training
    rehearsal replay buffer: 500 of 1928 source samples
cpu
Finished Training
cpu
Finished Training
cpu
Finished Training
cpu
Finished Training
cpu
Finished Training
cpu
Finished Training
cpu
Finished Training
cpu
Finished Training
cpu
Finished Training
cpu
Finished Training
cpu
Finished Training
cpu
Finished Training
cpu
Finished Training
cpu
Finished Training
cpu
Finished Training
cpu
Finished Training
cpu
Finished Training
cpu
Finished Training
cpu
Finished Training
cpu
Finished Training
cpu
Finished Training
cpu
Finished Training
  seed 3: pretrain on scenario1 (1928 samples), zero-shot eval on scenario33straight (515 held-out test samples)
cpu
-----------------------------------------------------------------------
      Layer (type)        Output Shape         Param #     Tr. Param #
=======================================================================
          Linear-1           [32, 256]           1,280           1,280
            ReLU-2           [32, 256]               0               0
          Linear-3           [32, 256]          65,792          65,792
          Linear-4           [32, 256]          65,792          65,792
          Linear-5            [32, 16]           4,112           4,112
=======================================================================
Total params: 136,976
Trainable params: 136,976
Non-trainable params: 0
-----------------------------------------------------------------------
val_loss=10.7653
accuracy
[0.00582524 0.00582524 0.00582524 0.13980583]
val_loss=27.8095
accuracy
[0.         0.00582524 0.00582524 0.00776699]
val_loss=31.2019
accuracy
[0.         0.00582524 0.00582524 0.00776699]
val_loss=34.8080
accuracy
[0.         0.00582524 0.00776699 0.1631068 ]
val_loss=32.7183
accuracy
[0.         0.00582524 0.12815534 0.13009709]
val_loss=36.4120
accuracy
[0.         0.00582524 0.12815534 0.13009709]
val_loss=34.7137
accuracy
[0.         0.12427184 0.12815534 0.13009709]
val_loss=32.3174
accuracy
[0.         0.00582524 0.00776699 0.13009709]
val_loss=26.1438
accuracy
[0.         0.05048544 0.12815534 0.13009709]
val_loss=27.4171
accuracy
[0.         0.00582524 0.12815534 0.13009709]
val_loss=24.6773
accuracy
[0.         0.12427184 0.12427184 0.13009709]
val_loss=27.2888
accuracy
[0.         0.1223301  0.12427184 0.15533981]
val_loss=25.2288
accuracy
[0.         0.00582524 0.05436893 0.14368932]
val_loss=21.5065
accuracy
[0.         0.1223301  0.12427184 0.1592233 ]
val_loss=25.8321
accuracy
[0.         0.00582524 0.12815534 0.14174757]
val_loss=21.5411
accuracy
[0.         0.00582524 0.00776699 0.16116505]
val_loss=19.0353
accuracy
[0.         0.1223301  0.12427184 0.13009709]
val_loss=19.5798
accuracy
[0.         0.00582524 0.00776699 0.14757282]
val_loss=18.0568
accuracy
[0.         0.00582524 0.03300971 0.16893204]
val_loss=18.6590
accuracy
[0.         0.00194175 0.00776699 0.24466019]
val_loss=18.1281
accuracy
[0.         0.00194175 0.12621359 0.22524272]
val_loss=18.7932
accuracy
[0.         0.00194175 0.12621359 0.23883495]
val_loss=18.5911
accuracy
[0.         0.00194175 0.12427184 0.2368932 ]
val_loss=19.2175
accuracy
[0.         0.00194175 0.12427184 0.24271845]
val_loss=19.0629
accuracy
[0.         0.00194175 0.12427184 0.21941748]
val_loss=19.3449
accuracy
[0.         0.1223301  0.12427184 0.2368932 ]
val_loss=19.9377
accuracy
[0.         0.1223301  0.12427184 0.24854369]
val_loss=19.6968
accuracy
[0.         0.00194175 0.12427184 0.24466019]
val_loss=19.6188
accuracy
[0.         0.00194175 0.12621359 0.24271845]
val_loss=19.6382
accuracy
[0.         0.00194175 0.12427184 0.2368932 ]
val_loss=19.9367
accuracy
[0.         0.00194175 0.12815534 0.24854369]
val_loss=19.5099
accuracy
[0.         0.00194175 0.12621359 0.22524272]
val_loss=20.7660
accuracy
[0.         0.00194175 0.12621359 0.24466019]
val_loss=19.6772
accuracy
[0.         0.00194175 0.12621359 0.22718447]
val_loss=20.1077
accuracy
[0.         0.00194175 0.12621359 0.24271845]
val_loss=19.5375
accuracy
[0.         0.00194175 0.12815534 0.24466019]
val_loss=19.8176
accuracy
[0.         0.00194175 0.12621359 0.23883495]
val_loss=20.2412
accuracy
[0.         0.00194175 0.12621359 0.24854369]
val_loss=20.6272
accuracy
[0.         0.00194175 0.12621359 0.24271845]
val_loss=20.8455
accuracy
[0.         0.00194175 0.12427184 0.24466019]
val_loss=20.6514
accuracy
[0.         0.00194175 0.12621359 0.24271845]
val_loss=20.5585
accuracy
[0.         0.00194175 0.12621359 0.2407767 ]
val_loss=20.6319
accuracy
[0.         0.00194175 0.12621359 0.2407767 ]
val_loss=20.8083
accuracy
[0.         0.00194175 0.12621359 0.24271845]
val_loss=20.6916
accuracy
[0.         0.00194175 0.12621359 0.2407767 ]
val_loss=20.8722
accuracy
[0.         0.00194175 0.12621359 0.24271845]
val_loss=20.9254
accuracy
[0.         0.00194175 0.12621359 0.24271845]
val_loss=20.9994
accuracy
[0.         0.00194175 0.12621359 0.24466019]
val_loss=21.1608
accuracy
[0.         0.00194175 0.12621359 0.24466019]
val_loss=20.9606
accuracy
[0.         0.00194175 0.12621359 0.24271845]
val_loss=20.9949
accuracy
[0.         0.00194175 0.12621359 0.24271845]
val_loss=21.0215
accuracy
[0.         0.00194175 0.12621359 0.24271845]
val_loss=21.1924
accuracy
[0.         0.00194175 0.12621359 0.24466019]
val_loss=20.9483
accuracy
[0.         0.00194175 0.12621359 0.24271845]
val_loss=21.2236
accuracy
[0.         0.00194175 0.12621359 0.24466019]
val_loss=21.1706
accuracy
[0.         0.00194175 0.12621359 0.24271845]
val_loss=21.0559
accuracy
[0.         0.00194175 0.12621359 0.24271845]
val_loss=21.1726
accuracy
[0.         0.00194175 0.12621359 0.24271845]
val_loss=21.2212
accuracy
[0.         0.00194175 0.12621359 0.24271845]
val_loss=21.1980
accuracy
[0.         0.00194175 0.12621359 0.24271845]
val_loss=21.2854
accuracy
[0.         0.00194175 0.12621359 0.24271845]
val_loss=21.2949
accuracy
[0.         0.00194175 0.12621359 0.24271845]
val_loss=21.3349
accuracy
[0.         0.00194175 0.12621359 0.24271845]
val_loss=21.3376
accuracy
[0.         0.00194175 0.12621359 0.24271845]
val_loss=21.3824
accuracy
[0.         0.00194175 0.12621359 0.24271845]
val_loss=21.3480
accuracy
[0.         0.00194175 0.12621359 0.24271845]
val_loss=21.3235
accuracy
[0.         0.00194175 0.12621359 0.24271845]
val_loss=21.3449
accuracy
[0.         0.00194175 0.12621359 0.24271845]
val_loss=21.3763
accuracy
[0.         0.00194175 0.12621359 0.24271845]
val_loss=21.3525
accuracy
[0.         0.00194175 0.12621359 0.24271845]
val_loss=21.3867
accuracy
[0.         0.00194175 0.12621359 0.24271845]
val_loss=21.3952
accuracy
[0.         0.00194175 0.12621359 0.24271845]
val_loss=21.4318
accuracy
[0.         0.00194175 0.12621359 0.24271845]
val_loss=21.3778
accuracy
[0.         0.00194175 0.12621359 0.24271845]
val_loss=21.4050
accuracy
[0.         0.00194175 0.12621359 0.24271845]
val_loss=21.3931
accuracy
[0.         0.00194175 0.12621359 0.24271845]
val_loss=21.4304
accuracy
[0.         0.00194175 0.12621359 0.24271845]
val_loss=21.4566
accuracy
[0.         0.00194175 0.12621359 0.24271845]
val_loss=21.4505
accuracy
[0.         0.00194175 0.12621359 0.24271845]
val_loss=21.4521
accuracy
[0.         0.00194175 0.12621359 0.24271845]
Finished Training
    rehearsal replay buffer: 500 of 1928 source samples
cpu
Finished Training
cpu
Finished Training
cpu
Finished Training
cpu
Finished Training
cpu
Finished Training
cpu
Finished Training
cpu
Finished Training
cpu
Finished Training
cpu
Finished Training
cpu
Finished Training
cpu
Finished Training
cpu
Finished Training
cpu
Finished Training
cpu
Finished Training
cpu
Finished Training
cpu
Finished Training
cpu
Finished Training
cpu
Finished Training
cpu
Finished Training
cpu
Finished Training
cpu
Finished Training
cpu
Finished Training
  seed 4: pretrain on scenario1 (1928 samples), zero-shot eval on scenario33straight (515 held-out test samples)
cpu
-----------------------------------------------------------------------
      Layer (type)        Output Shape         Param #     Tr. Param #
=======================================================================
          Linear-1           [32, 256]           1,280           1,280
            ReLU-2           [32, 256]               0               0
          Linear-3           [32, 256]          65,792          65,792
          Linear-4           [32, 256]          65,792          65,792
          Linear-5            [32, 16]           4,112           4,112
=======================================================================
Total params: 136,976
Trainable params: 136,976
Non-trainable params: 0
-----------------------------------------------------------------------
val_loss=20.0120
accuracy
[0.00194175 0.0038835  0.00582524 0.01941748]
val_loss=25.4937
accuracy
[0.00194175 0.0038835  0.00582524 0.00776699]
val_loss=25.0202
accuracy
[0.00194175 0.0038835  0.00582524 0.01553398]
val_loss=24.4911
accuracy
[0.00194175 0.0038835  0.00582524 0.13009709]
val_loss=21.0924
accuracy
[0.00194175 0.0038835  0.13203883 0.13592233]
val_loss=23.2052
accuracy
[0.00194175 0.0038835  0.13203883 0.13592233]
val_loss=19.6336
accuracy
[0.00194175 0.0038835  0.13203883 0.13592233]
val_loss=24.5540
accuracy
[0.00194175 0.0038835  0.13203883 0.13592233]
val_loss=22.4797
accuracy
[0.00194175 0.0038835  0.13203883 0.25631068]
val_loss=23.7017
accuracy
[0.00194175 0.0038835  0.12815534 0.25436893]
val_loss=18.5964
accuracy
[0.00194175 0.0038835  0.02524272 0.22718447]
val_loss=19.0737
accuracy
[0.00194175 0.13009709 0.13203883 0.25631068]
val_loss=19.5785
accuracy
[0.00194175 0.0038835  0.13203883 0.21941748]
val_loss=15.9594
accuracy
[0.00194175 0.0038835  0.13203883 0.26213592]
val_loss=23.9147
accuracy
[0.00194175 0.0038835  0.00582524 0.24466019]
val_loss=17.4301
accuracy
[0.00194175 0.0038835  0.13203883 0.25048544]
val_loss=20.7668
accuracy
[0.00194175 0.13009709 0.13203883 0.14368932]
val_loss=21.0155
accuracy
[0.00194175 0.13009709 0.13398058 0.14368932]
val_loss=19.8123
accuracy
[0.00194175 0.0038835  0.13203883 0.53786408]
val_loss=20.4194
accuracy
[0.00194175 0.13009709 0.13203883 0.54757282]
val_loss=20.0559
accuracy
[0.00194175 0.13009709 0.13203883 0.54757282]
val_loss=20.1650
accuracy
[0.00194175 0.13009709 0.13203883 0.54757282]
val_loss=20.5884
accuracy
[0.00194175 0.13009709 0.13203883 0.54757282]
val_loss=20.7941
accuracy
[0.00194175 0.13009709 0.13203883 0.54757282]
val_loss=20.7593
accuracy
[0.00194175 0.13009709 0.13203883 0.54563107]
val_loss=20.6340
accuracy
[0.00194175 0.13009709 0.13203883 0.54951456]
val_loss=21.4057
accuracy
[0.00194175 0.13009709 0.13203883 0.54951456]
val_loss=20.1180
accuracy
[0.00194175 0.13009709 0.13203883 0.55145631]
val_loss=21.1636
accuracy
[0.00194175 0.13009709 0.13203883 0.56699029]
val_loss=20.6802
accuracy
[0.00194175 0.13009709 0.13203883 0.58446602]
val_loss=20.9903
accuracy
[0.00194175 0.13009709 0.13203883 0.57864078]
val_loss=20.6883
accuracy
[0.00194175 0.13009709 0.13203883 0.44466019]
val_loss=21.3404
accuracy
[0.00194175 0.13009709 0.13203883 0.55339806]
val_loss=21.1789
accuracy
[0.00194175 0.13009709 0.13203883 0.23883495]
val_loss=20.8008
accuracy
[0.00194175 0.13009709 0.13203883 0.53786408]
val_loss=20.5880
accuracy
[0.00194175 0.13009709 0.13203883 0.21359223]
val_loss=21.1183
accuracy
[0.00194175 0.13009709 0.13203883 0.21359223]
val_loss=20.8659
accuracy
[0.00194175 0.13009709 0.13203883 0.18446602]
val_loss=21.0002
accuracy
[0.00194175 0.13009709 0.13203883 0.13592233]
val_loss=21.0709
accuracy
[0.00194175 0.13009709 0.13203883 0.14951456]
val_loss=21.0764
accuracy
[0.00194175 0.13009709 0.13203883 0.13980583]
val_loss=21.1933
accuracy
[0.00194175 0.13009709 0.13203883 0.13980583]
val_loss=21.2880
accuracy
[0.00194175 0.13009709 0.13203883 0.13786408]
val_loss=21.3937
accuracy
[0.00194175 0.13009709 0.13203883 0.13786408]
val_loss=21.5845
accuracy
[0.00194175 0.13009709 0.13203883 0.13786408]
val_loss=21.6718
accuracy
[0.00194175 0.13009709 0.13203883 0.13980583]
val_loss=21.7608
accuracy
[0.00194175 0.13009709 0.13203883 0.13980583]
val_loss=21.6582
accuracy
[0.00194175 0.13009709 0.13203883 0.14174757]
val_loss=21.7565
accuracy
[0.00194175 0.13009709 0.13203883 0.13980583]
val_loss=21.7212
accuracy
[0.00194175 0.13009709 0.13203883 0.13980583]
val_loss=21.7191
accuracy
[0.00194175 0.13009709 0.13203883 0.13786408]
val_loss=22.0019
accuracy
[0.00194175 0.13009709 0.13203883 0.13786408]
val_loss=22.0859
accuracy
[0.00194175 0.13009709 0.13203883 0.13786408]
val_loss=21.8873
accuracy
[0.00194175 0.13009709 0.13203883 0.13786408]
val_loss=21.8045
accuracy
[0.00194175 0.13009709 0.13203883 0.13786408]
val_loss=21.9056
accuracy
[0.00194175 0.13009709 0.13203883 0.13786408]
val_loss=21.8851
accuracy
[0.00194175 0.13009709 0.13203883 0.13786408]
val_loss=21.8921
accuracy
[0.00194175 0.13009709 0.13203883 0.13786408]
val_loss=21.9917
accuracy
[0.00194175 0.13009709 0.13203883 0.13786408]
val_loss=21.9939
accuracy
[0.00194175 0.13009709 0.13203883 0.13786408]
val_loss=22.1159
accuracy
[0.00194175 0.13009709 0.13203883 0.13786408]
val_loss=22.1167
accuracy
[0.00194175 0.13009709 0.13203883 0.13786408]
val_loss=22.1255
accuracy
[0.00194175 0.13009709 0.13203883 0.13786408]
val_loss=22.0953
accuracy
[0.00194175 0.13009709 0.13203883 0.13786408]
val_loss=22.1320
accuracy
[0.00194175 0.13009709 0.13203883 0.13786408]
val_loss=22.1414
accuracy
[0.00194175 0.13009709 0.13203883 0.13786408]
val_loss=22.1913
accuracy
[0.00194175 0.13009709 0.13203883 0.13786408]
val_loss=22.1805
accuracy
[0.00194175 0.13009709 0.13203883 0.13786408]
val_loss=22.1789
accuracy
[0.00194175 0.13009709 0.13203883 0.13786408]
val_loss=22.2124
accuracy
[0.00194175 0.13009709 0.13203883 0.13786408]
val_loss=22.2193
accuracy
[0.00194175 0.13009709 0.13203883 0.13786408]
val_loss=22.2548
accuracy
[0.00194175 0.13009709 0.13203883 0.13786408]
val_loss=22.1977
accuracy
[0.00194175 0.13009709 0.13203883 0.13786408]
val_loss=22.2305
accuracy
[0.00194175 0.13009709 0.13203883 0.13786408]
val_loss=22.2076
accuracy
[0.00194175 0.13009709 0.13203883 0.13786408]
val_loss=22.2392
accuracy
[0.00194175 0.13009709 0.13203883 0.13786408]
val_loss=22.2484
accuracy
[0.00194175 0.13009709 0.13203883 0.13786408]
val_loss=22.2820
accuracy
[0.00194175 0.13009709 0.13203883 0.13786408]
val_loss=22.2723
accuracy
[0.00194175 0.13009709 0.13203883 0.13786408]
val_loss=22.2770
accuracy
[0.00194175 0.13009709 0.13203883 0.13786408]
Finished Training
    rehearsal replay buffer: 500 of 1928 source samples
cpu
Finished Training
cpu
Finished Training
cpu
Finished Training
cpu
Finished Training
cpu
Finished Training
cpu
Finished Training
cpu
Finished Training
cpu
Finished Training
cpu
Finished Training
cpu
Finished Training
cpu
Finished Training
cpu
Finished Training
cpu
Finished Training
cpu
Finished Training
cpu
Finished Training
cpu
Finished Training
cpu
Finished Training
cpu
Finished Training
cpu
Finished Training
cpu
Finished Training
cpu
Finished Training
cpu
Finished Training
  seed 5: pretrain on scenario1 (1928 samples), zero-shot eval on scenario33straight (515 held-out test samples)
cpu
-----------------------------------------------------------------------
      Layer (type)        Output Shape         Param #     Tr. Param #
=======================================================================
          Linear-1           [32, 256]           1,280           1,280
            ReLU-2           [32, 256]               0               0
          Linear-3           [32, 256]          65,792          65,792
          Linear-4           [32, 256]          65,792          65,792
          Linear-5            [32, 16]           4,112           4,112
=======================================================================
Total params: 136,976
Trainable params: 136,976
Non-trainable params: 0
-----------------------------------------------------------------------
val_loss=23.9494
accuracy
[0.00194175 0.0038835  0.01165049 0.12038835]
val_loss=39.5337
accuracy
[0.00194175 0.0038835  0.00776699 0.12038835]
val_loss=28.1861
accuracy
[0.00194175 0.0038835  0.00776699 0.11262136]
val_loss=26.4045
accuracy
[0.00194175 0.0038835  0.10873786 0.11262136]
val_loss=21.3346
accuracy
[0.00194175 0.0038835  0.10873786 0.12621359]
val_loss=26.2556
accuracy
[0.00194175 0.0038835  0.10873786 0.17475728]
val_loss=20.5282
accuracy
[0.00194175 0.09514563 0.10873786 0.13980583]
val_loss=28.9352
accuracy
[0.00194175 0.00582524 0.10873786 0.25242718]
val_loss=21.5955
accuracy
[0.00194175 0.0038835  0.10873786 0.26601942]
val_loss=23.9382
accuracy
[0.00194175 0.10679612 0.10873786 0.2407767 ]
val_loss=25.1416
accuracy
[0.00194175 0.0038835  0.10873786 0.22912621]
val_loss=19.6297
accuracy
[0.00194175 0.10679612 0.10873786 0.2407767 ]
val_loss=19.0028
accuracy
[0.00194175 0.10679612 0.10873786 0.22718447]
val_loss=21.6936
accuracy
[0.00194175 0.0038835  0.11067961 0.25048544]
val_loss=20.9076
accuracy
[0.00194175 0.10679612 0.10873786 0.20776699]
val_loss=17.9285
accuracy
[0.00194175 0.10679612 0.10873786 0.23883495]
val_loss=20.3353
accuracy
[0.00194175 0.0038835  0.10873786 0.2407767 ]
val_loss=20.7233
accuracy
[0.00194175 0.0038835  0.12038835 0.14368932]
val_loss=18.4509
accuracy
[0.00194175 0.0038835  0.10873786 0.13786408]
val_loss=17.8819
accuracy
[0.00194175 0.0038835  0.11650485 0.13980583]
val_loss=18.2810
accuracy
[0.00194175 0.02330097 0.11650485 0.13980583]
val_loss=18.7805
accuracy
[0.00194175 0.10679612 0.11650485 0.13592233]
val_loss=18.8729
accuracy
[0.00194175 0.10679612 0.11067961 0.13980583]
val_loss=18.2010
accuracy
[0.00194175 0.10679612 0.1184466  0.13786408]
val_loss=19.5246
accuracy
[0.00194175 0.10679612 0.10873786 0.13980583]
val_loss=19.6399
accuracy
[0.00194175 0.10679612 0.1184466  0.14174757]
val_loss=18.9052
accuracy
[0.00194175 0.10679612 0.12038835 0.13786408]
val_loss=19.3410
accuracy
[0.00194175 0.10679612 0.1184466  0.14368932]
val_loss=19.3698
accuracy
[0.00194175 0.10679612 0.1223301  0.14174757]
val_loss=19.7105
accuracy
[0.00194175 0.10679612 0.11650485 0.13786408]
val_loss=19.2908
accuracy
[0.00194175 0.10679612 0.10873786 0.13592233]
val_loss=19.6919
accuracy
[0.00194175 0.10679612 0.11067961 0.17475728]
val_loss=19.4335
accuracy
[0.00194175 0.10679612 0.12038835 0.14368932]
val_loss=19.7235
accuracy
[0.00194175 0.10679612 0.12038835 0.14174757]
val_loss=19.3646
accuracy
[0.00194175 0.10679612 0.11650485 0.13592233]
val_loss=20.0759
accuracy
[0.00194175 0.10679612 0.11456311 0.20194175]
val_loss=19.8867
accuracy
[0.00194175 0.10679612 0.11456311 0.15728155]
val_loss=19.2323
accuracy
[0.00194175 0.10679612 0.11067961 0.13980583]
val_loss=19.6195
accuracy
[0.00194175 0.10679612 0.11650485 0.17669903]
val_loss=20.2018
accuracy
[0.00194175 0.10679612 0.11262136 0.16893204]
val_loss=19.9298
accuracy
[0.00194175 0.10679612 0.11650485 0.16893204]
val_loss=20.1988
accuracy
[0.00194175 0.10679612 0.1184466  0.18640777]
val_loss=20.1448
accuracy
[0.00194175 0.10679612 0.1184466  0.18640777]
val_loss=20.3235
accuracy
[0.00194175 0.10679612 0.1184466  0.2       ]
val_loss=20.4029
accuracy
[0.00194175 0.10679612 0.12038835 0.18252427]
val_loss=20.3385
accuracy
[0.00194175 0.10679612 0.1184466  0.18252427]
val_loss=20.4991
accuracy
[0.00194175 0.10679612 0.1184466  0.16893204]
val_loss=20.4841
accuracy
[0.00194175 0.10679612 0.1184466  0.19223301]
val_loss=20.6939
accuracy
[0.00194175 0.10679612 0.1184466  0.2038835 ]
val_loss=20.5938
accuracy
[0.00194175 0.10679612 0.1184466  0.18640777]
val_loss=20.6193
accuracy
[0.00194175 0.10679612 0.1184466  0.19029126]
val_loss=20.4375
accuracy
[0.00194175 0.10679612 0.1184466  0.16893204]
val_loss=20.7624
accuracy
[0.00194175 0.10679612 0.12038835 0.1961165 ]
val_loss=20.7195
accuracy
[0.00194175 0.10679612 0.1184466  0.19417476]
val_loss=20.7338
accuracy
[0.00194175 0.10679612 0.12038835 0.20194175]
val_loss=20.8342
accuracy
[0.00194175 0.10679612 0.12038835 0.20582524]
val_loss=20.8271
accuracy
[0.00194175 0.10679612 0.12038835 0.19805825]
val_loss=20.8785
accuracy
[0.00194175 0.10679612 0.12038835 0.20970874]
val_loss=20.6752
accuracy
[0.00194175 0.10679612 0.12038835 0.18834951]
val_loss=20.8156
accuracy
[0.00194175 0.10679612 0.1184466  0.19029126]
val_loss=20.8167
accuracy
[0.00194175 0.10679612 0.12038835 0.19417476]
val_loss=20.8310
accuracy
[0.00194175 0.10679612 0.12038835 0.19029126]
val_loss=20.8611
accuracy
[0.00194175 0.10679612 0.1184466  0.19417476]
val_loss=20.8708
accuracy
[0.00194175 0.10679612 0.1184466  0.19417476]
val_loss=20.8437
accuracy
[0.00194175 0.10679612 0.12038835 0.19223301]
val_loss=20.8910
accuracy
[0.00194175 0.10679612 0.12038835 0.19417476]
val_loss=20.8891
accuracy
[0.00194175 0.10679612 0.12038835 0.19029126]
val_loss=20.9148
accuracy
[0.00194175 0.10679612 0.12038835 0.19029126]
val_loss=20.9328
accuracy
[0.00194175 0.10679612 0.12038835 0.19223301]
val_loss=20.9295
accuracy
[0.00194175 0.10679612 0.12038835 0.19417476]
val_loss=20.9513
accuracy
[0.00194175 0.10679612 0.12038835 0.19029126]
val_loss=20.9893
accuracy
[0.00194175 0.10679612 0.12038835 0.19029126]
val_loss=20.9526
accuracy
[0.00194175 0.10679612 0.12038835 0.19029126]
val_loss=20.9058
accuracy
[0.00194175 0.10679612 0.12038835 0.19029126]
val_loss=20.9336
accuracy
[0.00194175 0.10679612 0.12038835 0.18252427]
val_loss=20.9522
accuracy
[0.00194175 0.10679612 0.12038835 0.19029126]
val_loss=20.9521
accuracy
[0.00194175 0.10679612 0.12038835 0.18834951]
val_loss=20.9995
accuracy
[0.00194175 0.10679612 0.12038835 0.18834951]
val_loss=20.9821
accuracy
[0.00194175 0.10679612 0.12038835 0.18834951]
val_loss=20.9912
accuracy
[0.00194175 0.10679612 0.12038835 0.18058252]
Finished Training
    rehearsal replay buffer: 500 of 1928 source samples
cpu
Finished Training
cpu
Finished Training
cpu
Finished Training
cpu
Finished Training
cpu
Finished Training
cpu
Finished Training
cpu
Finished Training
cpu
Finished Training
cpu
Finished Training
cpu
Finished Training
cpu
Finished Training
cpu
Finished Training
cpu
Finished Training
cpu
Finished Training
cpu
Finished Training
cpu
Finished Training
cpu
Finished Training
cpu
Finished Training
cpu
Finished Training
cpu
Finished Training
cpu
Finished Training
cpu
Finished Training
  seed 6: pretrain on scenario1 (1928 samples), zero-shot eval on scenario33straight (515 held-out test samples)
cpu
-----------------------------------------------------------------------
      Layer (type)        Output Shape         Param #     Tr. Param #
=======================================================================
          Linear-1           [32, 256]           1,280           1,280
            ReLU-2           [32, 256]               0               0
          Linear-3           [32, 256]          65,792          65,792
          Linear-4           [32, 256]          65,792          65,792
          Linear-5            [32, 16]           4,112           4,112
=======================================================================
Total params: 136,976
Trainable params: 136,976
Non-trainable params: 0
-----------------------------------------------------------------------
val_loss=19.4108
accuracy
[0.00194175 0.0038835  0.0038835  0.13009709]
val_loss=28.6492
accuracy
[0.00194175 0.0038835  0.0038835  0.00582524]
val_loss=24.0855
accuracy
[0.00194175 0.0038835  0.00582524 0.12427184]
val_loss=25.6639
accuracy
[0.00194175 0.0038835  0.1223301  0.12427184]
val_loss=22.5900
accuracy
[0.00194175 0.0038835  0.00582524 0.12427184]
val_loss=17.2413
accuracy
[0.00194175 0.0038835  0.1223301  0.12427184]
val_loss=18.9996
accuracy
[0.00194175 0.0038835  0.1223301  0.21747573]
val_loss=20.3434
accuracy
[0.00194175 0.0038835  0.00582524 0.19805825]
val_loss=17.0975
accuracy
[0.00194175 0.12038835 0.1223301  0.22330097]
val_loss=17.1786
accuracy
[0.00194175 0.12038835 0.1223301  0.2368932 ]
val_loss=17.0624
accuracy
[0.00194175 0.1223301  0.1223301  0.14368932]
val_loss=16.6638
accuracy
[0.00194175 0.0038835  0.1223301  0.13203883]
val_loss=18.0664
accuracy
[0.00194175 0.0038835  0.1223301  0.13203883]
val_loss=18.9298
accuracy
[0.00194175 0.0038835  0.00582524 0.13398058]
val_loss=19.4327
accuracy
[0.00194175 0.0038835  0.1223301  0.12621359]
val_loss=16.1128
accuracy
[0.00194175 0.0038835  0.1223301  0.13203883]
val_loss=20.9898
accuracy
[0.00194175 0.0038835  0.00582524 0.14563107]
val_loss=19.9795
accuracy
[0.00194175 0.12038835 0.1223301  0.12427184]
val_loss=18.1788
accuracy
[0.00194175 0.0038835  0.13203883 0.15145631]
val_loss=21.3890
accuracy
[0.00194175 0.0038835  0.1223301  0.13398058]
val_loss=21.1806
accuracy
[0.00194175 0.0038835  0.12427184 0.13592233]
val_loss=20.4451
accuracy
[0.00194175 0.12038835 0.1223301  0.13786408]
val_loss=20.5665
accuracy
[0.00194175 0.12038835 0.1223301  0.13980583]
val_loss=20.6441
accuracy
[0.00194175 0.12038835 0.12427184 0.13980583]
val_loss=20.7089
accuracy
[0.00194175 0.12038835 0.12427184 0.14368932]
val_loss=21.1554
accuracy
[0.00194175 0.12038835 0.1223301  0.13980583]
val_loss=21.0830
accuracy
[0.00194175 0.12038835 0.1223301  0.13592233]
val_loss=20.9425
accuracy
[0.00194175 0.12038835 0.1223301  0.13980583]
val_loss=21.3711
accuracy
[0.00194175 0.12038835 0.1223301  0.13592233]
val_loss=21.4874
accuracy
[0.00194175 0.12038835 0.1223301  0.13592233]
val_loss=20.8320
accuracy
[0.00194175 0.12038835 0.12621359 0.13980583]
val_loss=21.3328
accuracy
[0.00194175 0.12038835 0.1223301  0.13592233]
val_loss=21.3363
accuracy
[0.00194175 0.12038835 0.1223301  0.13398058]
val_loss=21.9542
accuracy
[0.00194175 0.12038835 0.12427184 0.13592233]
val_loss=21.0069
accuracy
[0.00194175 0.12038835 0.1223301  0.13592233]
val_loss=21.9527
accuracy
[0.00194175 0.12038835 0.1223301  0.13398058]
val_loss=21.8901
accuracy
[0.00194175 0.12038835 0.1223301  0.13592233]
val_loss=21.6666
accuracy
[0.00194175 0.12038835 0.1223301  0.13398058]
val_loss=21.7568
accuracy
[0.00194175 0.12038835 0.1223301  0.13009709]
val_loss=21.1356
accuracy
[0.00194175 0.12038835 0.1223301  0.13398058]
val_loss=21.3966
accuracy
[0.00194175 0.12038835 0.1223301  0.13203883]
val_loss=21.6998
accuracy
[0.00194175 0.12038835 0.1223301  0.13398058]
val_loss=21.5906
accuracy
[0.00194175 0.12038835 0.1223301  0.13398058]
val_loss=21.8848
accuracy
[0.00194175 0.12038835 0.1223301  0.13592233]
val_loss=21.7889
accuracy
[0.00194175 0.12038835 0.1223301  0.13398058]
val_loss=21.9543
accuracy
[0.00194175 0.12038835 0.12427184 0.13398058]
val_loss=21.8212
accuracy
[0.00194175 0.12038835 0.1223301  0.13398058]
val_loss=21.8503
accuracy
[0.00194175 0.12038835 0.1223301  0.13592233]
val_loss=22.1411
accuracy
[0.00194175 0.12038835 0.1223301  0.13592233]
val_loss=22.2966
accuracy
[0.00194175 0.12038835 0.1223301  0.13398058]
val_loss=22.2369
accuracy
[0.00194175 0.12038835 0.1223301  0.13398058]
val_loss=22.2470
accuracy
[0.00194175 0.12038835 0.1223301  0.13398058]
val_loss=22.5231
accuracy
[0.00194175 0.12038835 0.1223301  0.13398058]
val_loss=22.2646
accuracy
[0.00194175 0.12038835 0.1223301  0.13398058]
val_loss=22.3354
accuracy
[0.00194175 0.12038835 0.12427184 0.13398058]
val_loss=22.4354
accuracy
[0.00194175 0.12038835 0.1223301  0.13398058]
val_loss=22.4881
accuracy
[0.00194175 0.12038835 0.12427184 0.13398058]
val_loss=22.7108
accuracy
[0.00194175 0.12038835 0.12427184 0.13398058]
val_loss=22.3656
accuracy
[0.00194175 0.12038835 0.1223301  0.13398058]
val_loss=22.6329
accuracy
[0.00194175 0.12038835 0.12427184 0.13398058]
val_loss=22.4686
accuracy
[0.00194175 0.12038835 0.1223301  0.13398058]
val_loss=22.4702
accuracy
[0.00194175 0.12038835 0.1223301  0.13398058]
val_loss=22.5189
accuracy
[0.00194175 0.12038835 0.1223301  0.13398058]
val_loss=22.5122
accuracy
[0.00194175 0.12038835 0.1223301  0.13592233]
val_loss=22.5391
accuracy
[0.00194175 0.12038835 0.1223301  0.13592233]
val_loss=22.5402
accuracy
[0.00194175 0.12038835 0.1223301  0.13398058]
val_loss=22.5382
accuracy
[0.00194175 0.12038835 0.1223301  0.13398058]
val_loss=22.5876
accuracy
[0.00194175 0.12038835 0.1223301  0.13398058]
val_loss=22.5615
accuracy
[0.00194175 0.12038835 0.1223301  0.13398058]
val_loss=22.5787
accuracy
[0.00194175 0.12038835 0.1223301  0.13592233]
val_loss=22.5936
accuracy
[0.00194175 0.12038835 0.1223301  0.13592233]
val_loss=22.5980
accuracy
[0.00194175 0.12038835 0.1223301  0.13592233]
val_loss=22.6563
accuracy
[0.00194175 0.12038835 0.1223301  0.13398058]
val_loss=22.6043
accuracy
[0.00194175 0.12038835 0.1223301  0.13592233]
val_loss=22.6716
accuracy
[0.00194175 0.12038835 0.1223301  0.13398058]
val_loss=22.6081
accuracy
[0.00194175 0.12038835 0.1223301  0.13592233]
val_loss=22.6730
accuracy
[0.00194175 0.12038835 0.1223301  0.13398058]
val_loss=22.6942
accuracy
[0.00194175 0.12038835 0.1223301  0.13398058]
val_loss=22.6799
accuracy
[0.00194175 0.12038835 0.1223301  0.13592233]
val_loss=22.7197
accuracy
[0.00194175 0.12038835 0.1223301  0.13398058]
Finished Training
    rehearsal replay buffer: 500 of 1928 source samples
cpu
Finished Training
cpu
Finished Training
cpu
Finished Training
cpu
Finished Training
cpu
Finished Training
cpu
Finished Training
cpu
Finished Training
cpu
Finished Training
cpu
Finished Training
cpu
Finished Training
cpu
Finished Training
cpu
Finished Training
cpu
Finished Training
cpu
Finished Training
cpu
Finished Training
cpu
Finished Training
cpu
Finished Training
cpu
Finished Training
cpu
Finished Training
cpu
Finished Training
cpu
Finished Training
cpu
Finished Training
  seed 7: pretrain on scenario1 (1928 samples), zero-shot eval on scenario33straight (515 held-out test samples)
cpu
-----------------------------------------------------------------------
      Layer (type)        Output Shape         Param #     Tr. Param #
=======================================================================
          Linear-1           [32, 256]           1,280           1,280
            ReLU-2           [32, 256]               0               0
          Linear-3           [32, 256]          65,792          65,792
          Linear-4           [32, 256]          65,792          65,792
          Linear-5            [32, 16]           4,112           4,112
=======================================================================
Total params: 136,976
Trainable params: 136,976
Non-trainable params: 0
-----------------------------------------------------------------------
val_loss=17.8956
accuracy
[0.00194175 0.00776699 0.00776699 0.14368932]
val_loss=19.5611
accuracy
[0.00194175 0.00776699 0.00776699 0.14563107]
val_loss=21.4892
accuracy
[0.00194175 0.00776699 0.13786408 0.14563107]
val_loss=19.4862
accuracy
[0.00194175 0.00776699 0.13786408 0.14368932]
val_loss=22.3127
accuracy
[0.00194175 0.00776699 0.13786408 0.14563107]
val_loss=22.3933
accuracy
[0.00194175 0.00776699 0.01553398 0.14757282]
val_loss=21.5836
accuracy
[0.00194175 0.00776699 0.13786408 0.14563107]
val_loss=16.9447
accuracy
[0.00194175 0.00776699 0.13980583 0.14951456]
val_loss=17.1326
accuracy
[0.00194175 0.00776699 0.13980583 0.1592233 ]
val_loss=17.4640
accuracy
[0.00194175 0.00776699 0.01359223 0.14563107]
val_loss=17.7262
accuracy
[0.00194175 0.00776699 0.13786408 0.24466019]
val_loss=15.1386
accuracy
[0.00194175 0.13203883 0.13786408 0.21165049]
val_loss=16.8782
accuracy
[0.00194175 0.00776699 0.13786408 0.14563107]
val_loss=18.8816
accuracy
[0.00194175 0.00776699 0.01359223 0.14563107]
val_loss=16.8377
accuracy
[0.00194175 0.13203883 0.13786408 0.14368932]
val_loss=17.3456
accuracy
[0.00194175 0.13203883 0.13786408 0.14563107]
val_loss=16.2828
accuracy
[0.00194175 0.02524272 0.13786408 0.14563107]
val_loss=20.0629
accuracy
[0.00194175 0.00776699 0.13786408 0.14368932]
val_loss=22.8967
accuracy
[0.00194175 0.00776699 0.13786408 0.14563107]
val_loss=21.1335
accuracy
[0.00194175 0.00776699 0.13786408 0.14563107]
val_loss=22.1652
accuracy
[0.00194175 0.00776699 0.13786408 0.14563107]
val_loss=22.2997
accuracy
[0.00194175 0.00776699 0.13786408 0.14563107]
val_loss=22.5304
accuracy
[0.00194175 0.13203883 0.13786408 0.14563107]
val_loss=23.1024
accuracy
[0.00194175 0.13203883 0.13786408 0.14563107]
val_loss=22.9265
accuracy
[0.00194175 0.13203883 0.13786408 0.14563107]
val_loss=22.6227
accuracy
[0.00194175 0.13203883 0.13786408 0.14563107]
val_loss=22.8702
accuracy
[0.00194175 0.13203883 0.13786408 0.14563107]
val_loss=22.1887
accuracy
[0.00194175 0.00776699 0.13786408 0.14563107]
val_loss=22.9467
accuracy
[0.00194175 0.13203883 0.13786408 0.14563107]
val_loss=22.8661
accuracy
[0.00194175 0.13203883 0.13786408 0.14368932]
val_loss=23.1068
accuracy
[0.00194175 0.13203883 0.13980583 0.14563107]
val_loss=22.6203
accuracy
[0.00194175 0.13203883 0.14174757 0.14368932]
val_loss=23.0824
accuracy
[0.00194175 0.13203883 0.13786408 0.14563107]
val_loss=22.6435
accuracy
[0.00194175 0.13203883 0.13786408 0.14563107]
val_loss=23.0900
accuracy
[0.00194175 0.13203883 0.13786408 0.14563107]
val_loss=23.1675
accuracy
[0.00194175 0.13203883 0.13786408 0.14368932]
val_loss=22.9697
accuracy
[0.00194175 0.13203883 0.13786408 0.14563107]
val_loss=23.0544
accuracy
[0.00194175 0.13203883 0.13786408 0.14563107]
val_loss=23.0248
accuracy
[0.00194175 0.00776699 0.13786408 0.14368932]
val_loss=23.0323
accuracy
[0.00194175 0.13203883 0.13786408 0.14563107]
val_loss=23.1223
accuracy
[0.00194175 0.13203883 0.13786408 0.14368932]
val_loss=23.1733
accuracy
[0.00194175 0.13203883 0.13786408 0.14368932]
val_loss=23.3403
accuracy
[0.00194175 0.13203883 0.13786408 0.14563107]
val_loss=23.4026
accuracy
[0.00194175 0.13203883 0.13786408 0.14563107]
val_loss=23.3443
accuracy
[0.00194175 0.13203883 0.13786408 0.14563107]
val_loss=23.2599
accuracy
[0.00194175 0.13203883 0.13786408 0.14563107]
val_loss=23.3659
accuracy
[0.00194175 0.13203883 0.13786408 0.14563107]
val_loss=23.2668
accuracy
[0.00194175 0.13203883 0.13786408 0.14563107]
val_loss=23.3217
accuracy
[0.00194175 0.13203883 0.13786408 0.14563107]
val_loss=23.3534
accuracy
[0.00194175 0.13203883 0.13786408 0.14563107]
val_loss=23.3790
accuracy
[0.00194175 0.13203883 0.13786408 0.14563107]
val_loss=23.3502
accuracy
[0.00194175 0.13203883 0.13786408 0.14563107]
val_loss=23.5191
accuracy
[0.00194175 0.13203883 0.13786408 0.14563107]
val_loss=23.5450
accuracy
[0.00194175 0.13203883 0.13786408 0.14563107]
val_loss=23.5257
accuracy
[0.00194175 0.13203883 0.13786408 0.14563107]
val_loss=23.4934
accuracy
[0.00194175 0.13203883 0.13786408 0.14563107]
val_loss=23.4055
accuracy
[0.00194175 0.13203883 0.13786408 0.14368932]
val_loss=23.4657
accuracy
[0.00194175 0.13203883 0.13786408 0.14563107]
val_loss=23.6065
accuracy
[0.00194175 0.13203883 0.13786408 0.14563107]
val_loss=23.6155
accuracy
[0.00194175 0.13203883 0.13786408 0.14563107]
val_loss=23.5286
accuracy
[0.00194175 0.13203883 0.13786408 0.14368932]
val_loss=23.5521
accuracy
[0.00194175 0.13203883 0.13786408 0.14368932]
val_loss=23.5694
accuracy
[0.00194175 0.13203883 0.13786408 0.14368932]
val_loss=23.5705
accuracy
[0.00194175 0.13203883 0.13786408 0.14563107]
val_loss=23.5403
accuracy
[0.00194175 0.13203883 0.13786408 0.14563107]
val_loss=23.5888
accuracy
[0.00194175 0.13203883 0.13786408 0.14563107]
val_loss=23.5845
accuracy
[0.00194175 0.13203883 0.13786408 0.14563107]
val_loss=23.6217
accuracy
[0.00194175 0.13203883 0.13786408 0.14563107]
val_loss=23.6187
accuracy
[0.00194175 0.13203883 0.13786408 0.14563107]
val_loss=23.6324
accuracy
[0.00194175 0.13203883 0.13786408 0.14563107]
val_loss=23.6133
accuracy
[0.00194175 0.13203883 0.13786408 0.14563107]
val_loss=23.6083
accuracy
[0.00194175 0.13203883 0.13786408 0.14563107]
val_loss=23.6606
accuracy
[0.00194175 0.13203883 0.13786408 0.14563107]
val_loss=23.6303
accuracy
[0.00194175 0.13203883 0.13786408 0.14563107]
val_loss=23.6608
accuracy
[0.00194175 0.13203883 0.13786408 0.14563107]
val_loss=23.6883
accuracy
[0.00194175 0.13203883 0.13786408 0.14563107]
val_loss=23.6870
accuracy
[0.00194175 0.13203883 0.13786408 0.14563107]
val_loss=23.6935
accuracy
[0.00194175 0.13203883 0.13786408 0.14563107]
val_loss=23.7028
accuracy
[0.00194175 0.13203883 0.13786408 0.14563107]
val_loss=23.6844
accuracy
[0.00194175 0.13203883 0.13786408 0.14563107]
Finished Training
    rehearsal replay buffer: 500 of 1928 source samples
cpu
Finished Training
cpu
Finished Training
cpu
Finished Training
cpu
Finished Training
cpu
Finished Training
cpu
Finished Training
cpu
Finished Training
cpu
Finished Training
cpu
Finished Training
cpu
Finished Training
cpu
Finished Training
cpu
Finished Training
cpu
Finished Training
cpu
Finished Training
cpu
Finished Training
cpu
Finished Training
cpu
Finished Training
cpu
Finished Training
cpu
Finished Training
cpu
Finished Training
cpu
Finished Training
cpu
Finished Training
  seed 8: pretrain on scenario1 (1928 samples), zero-shot eval on scenario33straight (515 held-out test samples)
cpu
-----------------------------------------------------------------------
      Layer (type)        Output Shape         Param #     Tr. Param #
=======================================================================
          Linear-1           [32, 256]           1,280           1,280
            ReLU-2           [32, 256]               0               0
          Linear-3           [32, 256]          65,792          65,792
          Linear-4           [32, 256]          65,792          65,792
          Linear-5            [32, 16]           4,112           4,112
=======================================================================
Total params: 136,976
Trainable params: 136,976
Non-trainable params: 0
-----------------------------------------------------------------------
val_loss=17.4410
accuracy
[0.00194175 0.00194175 0.0038835  0.13592233]
val_loss=24.7333
accuracy
[0.         0.00194175 0.0038835  0.01165049]
val_loss=26.5897
accuracy
[0.         0.00194175 0.00582524 0.05436893]
val_loss=34.8718
accuracy
[0.         0.00194175 0.00582524 0.00776699]
val_loss=30.7326
accuracy
[0.         0.00194175 0.00582524 0.00776699]
val_loss=33.7920
accuracy
[0.         0.00194175 0.00582524 0.13203883]
val_loss=22.0463
accuracy
[0.         0.0038835  0.00582524 0.13786408]
val_loss=21.5776
accuracy
[0.         0.00194175 0.00582524 0.13203883]
val_loss=24.1785
accuracy
[0.         0.00194175 0.00582524 0.14174757]
val_loss=20.9720
accuracy
[0.         0.00194175 0.00582524 0.13980583]
val_loss=21.8481
accuracy
[0.         0.00582524 0.12621359 0.13203883]
val_loss=24.2807
accuracy
[0.         0.00194175 0.00582524 0.13592233]
val_loss=20.6706
accuracy
[0.         0.00194175 0.12621359 0.13203883]
val_loss=24.6741
accuracy
[0.         0.0038835  0.00582524 0.14563107]
val_loss=23.0907
accuracy
[0.         0.00194175 0.00582524 0.13203883]
val_loss=23.4612
accuracy
[0.         0.0038835  0.00582524 0.13592233]
val_loss=23.5973
accuracy
[0.         0.00194175 0.00582524 0.14368932]
val_loss=25.2333
accuracy
[0.         0.00194175 0.12621359 0.14368932]
val_loss=23.3043
accuracy
[0.         0.12427184 0.12815534 0.14174757]
val_loss=21.8449
accuracy
[0.         0.00194175 0.00582524 0.13203883]
val_loss=23.3704
accuracy
[0.         0.00194175 0.00582524 0.13786408]
val_loss=23.8865
accuracy
[0.         0.00194175 0.00582524 0.13786408]
val_loss=24.3478
accuracy
[0.         0.00194175 0.00582524 0.13786408]
val_loss=24.0628
accuracy
[0.         0.01165049 0.12815534 0.13786408]
val_loss=24.0693
accuracy
[0.         0.04660194 0.05048544 0.13592233]
val_loss=24.3443
accuracy
[0.         0.12427184 0.12815534 0.13786408]
val_loss=24.2707
accuracy
[0.         0.12427184 0.12815534 0.13786408]
val_loss=24.8816
accuracy
[0.         0.12427184 0.13009709 0.13980583]
val_loss=24.3395
accuracy
[0.         0.12427184 0.12815534 0.13786408]
val_loss=24.1409
accuracy
[0.         0.11067961 0.12815534 0.13786408]
val_loss=24.0223
accuracy
[0.         0.12427184 0.13009709 0.13786408]
val_loss=24.5393
accuracy
[0.         0.12427184 0.12815534 0.13786408]
val_loss=24.4875
accuracy
[0.         0.12427184 0.12815534 0.13786408]
val_loss=24.5057
accuracy
[0.         0.12427184 0.12815534 0.13786408]
val_loss=23.8215
accuracy
[0.         0.12427184 0.12815534 0.13786408]
val_loss=24.0439
accuracy
[0.         0.12427184 0.13009709 0.13786408]
val_loss=24.7165
accuracy
[0.         0.12427184 0.13203883 0.13786408]
val_loss=24.0277
accuracy
[0.         0.12427184 0.12815534 0.13592233]
val_loss=24.7152
accuracy
[0.         0.12427184 0.13009709 0.13786408]
val_loss=24.2575
accuracy
[0.         0.12427184 0.12815534 0.13786408]
val_loss=24.1754
accuracy
[0.         0.12427184 0.13009709 0.13786408]
val_loss=24.5313
accuracy
[0.         0.12427184 0.13009709 0.13786408]
val_loss=24.4755
accuracy
[0.         0.12427184 0.12815534 0.13786408]
val_loss=24.6846
accuracy
[0.         0.12427184 0.13009709 0.13786408]
val_loss=24.5737
accuracy
[0.         0.12427184 0.13009709 0.13786408]
val_loss=24.7228
accuracy
[0.         0.12427184 0.13009709 0.13786408]
val_loss=24.5764
accuracy
[0.         0.12427184 0.12815534 0.13786408]
val_loss=24.6683
accuracy
[0.         0.12427184 0.12815534 0.13786408]
val_loss=24.6944
accuracy
[0.         0.12427184 0.13009709 0.13786408]
val_loss=24.7007
accuracy
[0.         0.12427184 0.13009709 0.13786408]
val_loss=24.9160
accuracy
[0.         0.12427184 0.12815534 0.13786408]
val_loss=24.6896
accuracy
[0.         0.12427184 0.12815534 0.13786408]
val_loss=25.0024
accuracy
[0.         0.12427184 0.13009709 0.13786408]
val_loss=24.8738
accuracy
[0.         0.12427184 0.13009709 0.13786408]
val_loss=24.8522
accuracy
[0.         0.12427184 0.13009709 0.13786408]
val_loss=24.9625
accuracy
[0.         0.12427184 0.13009709 0.13786408]
val_loss=25.0029
accuracy
[0.         0.12427184 0.13009709 0.13786408]
val_loss=24.8522
accuracy
[0.         0.12427184 0.13009709 0.14174757]
val_loss=24.9169
accuracy
[0.         0.12427184 0.13009709 0.13786408]
val_loss=25.1661
accuracy
[0.         0.12427184 0.12815534 0.13786408]
val_loss=25.0095
accuracy
[0.         0.12427184 0.13009709 0.13786408]
val_loss=25.0440
accuracy
[0.         0.12427184 0.13009709 0.13786408]
val_loss=25.0391
accuracy
[0.         0.12427184 0.13009709 0.13786408]
val_loss=25.0523
accuracy
[0.         0.12427184 0.13009709 0.13786408]
val_loss=24.9950
accuracy
[0.         0.12427184 0.13009709 0.13786408]
val_loss=25.0379
accuracy
[0.         0.12427184 0.13009709 0.13786408]
val_loss=25.0826
accuracy
[0.         0.12427184 0.13009709 0.13786408]
val_loss=25.0767
accuracy
[0.         0.12427184 0.13009709 0.13786408]
val_loss=25.0097
accuracy
[0.         0.12427184 0.13009709 0.13786408]
val_loss=25.0452
accuracy
[0.         0.12427184 0.13203883 0.13786408]
val_loss=25.0135
accuracy
[0.         0.12427184 0.13203883 0.13786408]
val_loss=25.0237
accuracy
[0.         0.12427184 0.13203883 0.13786408]
val_loss=25.0101
accuracy
[0.         0.12427184 0.13398058 0.13786408]
val_loss=25.0681
accuracy
[0.         0.12427184 0.13398058 0.13786408]
val_loss=25.0643
accuracy
[0.         0.12427184 0.13203883 0.13786408]
val_loss=25.0546
accuracy
[0.         0.12427184 0.13398058 0.13786408]
val_loss=25.0961
accuracy
[0.         0.12427184 0.13398058 0.13786408]
val_loss=25.1115
accuracy
[0.         0.12427184 0.13203883 0.13786408]
val_loss=25.1362
accuracy
[0.         0.12427184 0.13398058 0.13786408]
val_loss=25.1555
accuracy
[0.         0.12427184 0.13203883 0.13786408]
Finished Training
    rehearsal replay buffer: 500 of 1928 source samples
cpu
Finished Training
cpu
Finished Training
cpu
Finished Training
cpu
Finished Training
cpu
Finished Training
cpu
Finished Training
cpu
Finished Training
cpu
Finished Training
cpu
Finished Training
cpu
Finished Training
cpu
Finished Training
cpu
Finished Training
cpu
Finished Training
cpu
Finished Training
cpu
Finished Training
cpu
Finished Training
cpu
Finished Training
cpu
Finished Training
cpu
Finished Training
cpu
Finished Training
cpu
Finished Training
cpu
Finished Training
  seed 9: pretrain on scenario1 (1928 samples), zero-shot eval on scenario33straight (515 held-out test samples)
cpu
-----------------------------------------------------------------------
      Layer (type)        Output Shape         Param #     Tr. Param #
=======================================================================
          Linear-1           [32, 256]           1,280           1,280
            ReLU-2           [32, 256]               0               0
          Linear-3           [32, 256]          65,792          65,792
          Linear-4           [32, 256]          65,792          65,792
          Linear-5            [32, 16]           4,112           4,112
=======================================================================
Total params: 136,976
Trainable params: 136,976
Non-trainable params: 0
-----------------------------------------------------------------------
val_loss=21.3496
accuracy
[0.         0.00194175 0.00582524 0.00776699]
val_loss=24.8808
accuracy
[0.         0.00194175 0.00582524 0.00582524]
val_loss=23.7843
accuracy
[0.         0.00194175 0.00194175 0.00582524]
val_loss=22.9087
accuracy
[0.         0.00194175 0.00194175 0.10097087]
val_loss=23.4216
accuracy
[0.         0.00194175 0.00194175 0.10291262]
val_loss=22.1345
accuracy
[0.         0.00194175 0.09708738 0.10097087]
val_loss=27.6216
accuracy
[0.         0.00194175 0.00194175 0.20582524]
val_loss=19.5823
accuracy
[0.         0.00194175 0.0038835  0.19223301]
val_loss=19.6162
accuracy
[0.         0.00194175 0.09708738 0.10097087]
val_loss=22.7258
accuracy
[0.         0.09514563 0.09514563 0.2038835 ]
val_loss=18.1500
accuracy
[0.         0.00194175 0.00194175 0.10679612]
val_loss=20.5988
accuracy
[0.         0.09514563 0.09708738 0.11262136]
val_loss=19.1030
accuracy
[0.         0.08932039 0.09514563 0.10485437]
val_loss=18.7933
accuracy
[0.         0.         0.00194175 0.11262136]
val_loss=16.8726
accuracy
[0.         0.02135922 0.09708738 0.10873786]
val_loss=18.7943
accuracy
[0.         0.00194175 0.09708738 0.12038835]
val_loss=21.5613
accuracy
[0.         0.00194175 0.00194175 0.11067961]
val_loss=20.7055
accuracy
[0.         0.09514563 0.10291262 0.11262136]
val_loss=17.6903
accuracy
[0.         0.08737864 0.09708738 0.11067961]
val_loss=21.2948
accuracy
[0.         0.00194175 0.09708738 0.10097087]
val_loss=22.3006
accuracy
[0.         0.09514563 0.09708738 0.24660194]
val_loss=22.1689
accuracy
[0.         0.09514563 0.09708738 0.34174757]
val_loss=22.5956
accuracy
[0.         0.09514563 0.09708738 0.49320388]
val_loss=22.4392
accuracy
[0.         0.09514563 0.09514563 0.45825243]
val_loss=22.9730
accuracy
[0.         0.09514563 0.09514563 0.10485437]
val_loss=23.0564
accuracy
[0.         0.09514563 0.09514563 0.42912621]
val_loss=22.9742
accuracy
[0.         0.09514563 0.09708738 0.39417476]
val_loss=22.5743
accuracy
[0.         0.09514563 0.09902913 0.13592233]
val_loss=22.8239
accuracy
[0.         0.09514563 0.09708738 0.11067961]
val_loss=22.6561
accuracy
[0.         0.09514563 0.09708738 0.11067961]
val_loss=23.3421
accuracy
[0.         0.09514563 0.09514563 0.11067961]
val_loss=23.2505
accuracy
[0.         0.09514563 0.09708738 0.11067961]
val_loss=23.8062
accuracy
[0.         0.09514563 0.09514563 0.11067961]
val_loss=23.9361
accuracy
[0.         0.09514563 0.09708738 0.11067961]
val_loss=23.7513
accuracy
[0.         0.09514563 0.10097087 0.11262136]
val_loss=23.7862
accuracy
[0.         0.09514563 0.09708738 0.11067961]
val_loss=24.2650
accuracy
[0.         0.09514563 0.09708738 0.11067961]
val_loss=24.3592
accuracy
[0.         0.09514563 0.10097087 0.11067961]
val_loss=24.1205
accuracy
[0.         0.09514563 0.10097087 0.11067961]
val_loss=23.8628
accuracy
[0.         0.09514563 0.09708738 0.11067961]
val_loss=24.3105
accuracy
[0.         0.09514563 0.10097087 0.11067961]
val_loss=24.4453
accuracy
[0.         0.09514563 0.10097087 0.11067961]
val_loss=24.3492
accuracy
[0.         0.09514563 0.10097087 0.11067961]
val_loss=24.4882
accuracy
[0.         0.09514563 0.09902913 0.11067961]
val_loss=24.5576
accuracy
[0.         0.09514563 0.09902913 0.11067961]
val_loss=24.6088
accuracy
[0.         0.09514563 0.10097087 0.11067961]
val_loss=24.7434
accuracy
[0.         0.09514563 0.10097087 0.11067961]
val_loss=24.8840
accuracy
[0.         0.09514563 0.09708738 0.11067961]
val_loss=24.8510
accuracy
[0.         0.09514563 0.10097087 0.11067961]
val_loss=24.9912
accuracy
[0.         0.09514563 0.10097087 0.11067961]
val_loss=24.9584
accuracy
[0.         0.09514563 0.09902913 0.11067961]
val_loss=24.8822
accuracy
[0.         0.09514563 0.09708738 0.11067961]
val_loss=25.2802
accuracy
[0.         0.09514563 0.09902913 0.11067961]
val_loss=25.0468
accuracy
[0.         0.09514563 0.10097087 0.11067961]
val_loss=25.3408
accuracy
[0.         0.09514563 0.10097087 0.11067961]
val_loss=25.2543
accuracy
[0.         0.09514563 0.09902913 0.11067961]
val_loss=25.3015
accuracy
[0.         0.09514563 0.09902913 0.11067961]
val_loss=25.2840
accuracy
[0.         0.09514563 0.10097087 0.11067961]
val_loss=25.4888
accuracy
[0.         0.09514563 0.10097087 0.11067961]
val_loss=25.2944
accuracy
[0.         0.09514563 0.09902913 0.11067961]
val_loss=25.5123
accuracy
[0.         0.09514563 0.10097087 0.11067961]
val_loss=25.5357
accuracy
[0.         0.09514563 0.10097087 0.11067961]
val_loss=25.5527
accuracy
[0.         0.09514563 0.10097087 0.11067961]
val_loss=25.5415
accuracy
[0.         0.09514563 0.10097087 0.11067961]
val_loss=25.5551
accuracy
[0.         0.09514563 0.10097087 0.11067961]
val_loss=25.5591
accuracy
[0.         0.09514563 0.10097087 0.11067961]
val_loss=25.6291
accuracy
[0.         0.09514563 0.10097087 0.11067961]
val_loss=25.6136
accuracy
[0.         0.09514563 0.10097087 0.11067961]
val_loss=25.6181
accuracy
[0.         0.09514563 0.10097087 0.11067961]
val_loss=25.6360
accuracy
[0.         0.09514563 0.10097087 0.11067961]
val_loss=25.6624
accuracy
[0.         0.09514563 0.10097087 0.11067961]
val_loss=25.6678
accuracy
[0.         0.09514563 0.10097087 0.11067961]
val_loss=25.5973
accuracy
[0.         0.09514563 0.10097087 0.11067961]
val_loss=25.6736
accuracy
[0.         0.09514563 0.10097087 0.11067961]
val_loss=25.6343
accuracy
[0.         0.09514563 0.10097087 0.11067961]
val_loss=25.6457
accuracy
[0.         0.09514563 0.10097087 0.11067961]
val_loss=25.7215
accuracy
[0.         0.09514563 0.10097087 0.11067961]
val_loss=25.7516
accuracy
[0.         0.09514563 0.10097087 0.11067961]
val_loss=25.7167
accuracy
[0.         0.09514563 0.10097087 0.11067961]
val_loss=25.7508
accuracy
[0.         0.09514563 0.10097087 0.11067961]
Finished Training
    rehearsal replay buffer: 500 of 1928 source samples
cpu
Finished Training
cpu
Finished Training
cpu
Finished Training
cpu
Finished Training
cpu
Finished Training
cpu
Finished Training
cpu
Finished Training
cpu
Finished Training
cpu
Finished Training
cpu
Finished Training
cpu
Finished Training
cpu
Finished Training
cpu
Finished Training
cpu
Finished Training
cpu
Finished Training
cpu
Finished Training
cpu
Finished Training
cpu
Finished Training
cpu
Finished Training
cpu
Finished Training
cpu
Finished Training
cpu
Finished Training
Saved result\stage1_s1_to_s33straight_rehearsal_acc.mat and result\stage1_s1_to_s33straight_rehearsal_pwr.mat (10/10 seeds completed)

=== Rehearsal-extended batch summary: mean top-2 accuracy per comparison ===
s2_to_s7         0=  6.61%  100= 28.25%  200= 38.01%
s2_to_s32straight 0= 35.87%  100= 43.66%  200= 51.52%
s2_to_s33straight 0= 10.76%  100= 48.39%  200= 52.74%
s3_to_s1         0=  2.22%  100= 17.45%  200= 25.65%
s3_to_s7         0= 22.75%  100= 26.55%  200= 32.63%
s3_to_s32straight 0=  0.34%  100= 51.68%  200= 63.64%
s4_to_s3         0= 15.34%  100= 16.61%  200= 17.95%
s4_to_s7         0= 12.40%  100= 25.91%  200= 27.72%
s4_to_s33straight 0=  1.07%  100= 57.75%  200= 64.37%
s7_to_s2         0=  6.08%  100= 25.14%  200= 41.66%
s1_to_s32straight 0= 32.11%  100= 37.03%  200= 50.59%
s1_to_s33straight 0=  8.43%  100= 23.55%  200= 54.64%

Completed 12/2 comparisons successfully.
Rehearsal-extended batch complete.
