Using global (7-scenario) normalization: max_xy=52.5987, max_dist=53.2021
Running 10 rehearsal comparisons, 10 seeds each.

======================================================================
Rehearsal comparison: scenario7 -> scenario3  (s7_to_s3)
======================================================================
  seed 0: pretrain on scenario7 (683 samples), zero-shot eval on scenario3 (298 held-out test samples)
cpu
-----------------------------------------------------------------------
      Layer (type)        Output Shape         Param #     Tr. Param #
=======================================================================
          Linear-1           [32, 256]           1,280           1,280
            ReLU-2           [32, 256]               0               0
          Linear-3           [32, 256]          65,792          65,792
          Linear-4           [32, 256]          65,792          65,792
          Linear-5            [32, 16]           4,112           4,112
=======================================================================
Total params: 136,976
Trainable params: 136,976
Non-trainable params: 0
-----------------------------------------------------------------------
val_loss=2.5848
accuracy
[0.08389262 0.24832215 0.33892617 0.6409396 ]
val_loss=4.3861
accuracy
[0.04026846 0.13758389 0.21812081 0.3590604 ]
val_loss=7.4155
accuracy
[0.04026846 0.12080537 0.2147651  0.33557047]
val_loss=6.4355
accuracy
[0.04362416 0.12416107 0.21812081 0.33892617]
val_loss=8.9491
accuracy
[0.04026846 0.12080537 0.2147651  0.33557047]
val_loss=7.6539
accuracy
[0.04026846 0.12080537 0.2147651  0.33557047]
val_loss=8.4263
accuracy
[0.04362416 0.12751678 0.18456376 0.33557047]
val_loss=11.5976
accuracy
[0.04026846 0.12080537 0.2147651  0.32214765]
val_loss=10.9022
accuracy
[0.04026846 0.12080537 0.18456376 0.33557047]
val_loss=10.6937
accuracy
[0.04026846 0.12080537 0.2147651  0.32214765]
val_loss=9.4749
accuracy
[0.04362416 0.12080537 0.18456376 0.33557047]
val_loss=10.1983
accuracy
[0.04026846 0.12080537 0.2147651  0.32214765]
val_loss=13.3844
accuracy
[0.04026846 0.12080537 0.2147651  0.32214765]
val_loss=13.3449
accuracy
[0.04026846 0.12080537 0.2147651  0.32214765]
val_loss=9.0167
accuracy
[0.04026846 0.12080537 0.2147651  0.32550336]
val_loss=11.7371
accuracy
[0.04026846 0.12416107 0.2147651  0.32214765]
val_loss=10.3461
accuracy
[0.04026846 0.12080537 0.2147651  0.32214765]
val_loss=13.1291
accuracy
[0.04026846 0.12080537 0.2147651  0.32214765]
val_loss=11.8905
accuracy
[0.04026846 0.12080537 0.2147651  0.32214765]
val_loss=11.9644
accuracy
[0.04026846 0.12080537 0.2147651  0.32214765]
val_loss=11.8471
accuracy
[0.04026846 0.12080537 0.2147651  0.32214765]
val_loss=12.6832
accuracy
[0.04026846 0.12080537 0.2147651  0.32214765]
val_loss=13.1436
accuracy
[0.04026846 0.12080537 0.2147651  0.32214765]
val_loss=13.4771
accuracy
[0.04026846 0.12080537 0.2147651  0.32214765]
val_loss=13.4937
accuracy
[0.04026846 0.12080537 0.2147651  0.32214765]
val_loss=14.0234
accuracy
[0.04026846 0.12080537 0.2147651  0.32214765]
val_loss=13.4472
accuracy
[0.04026846 0.12080537 0.2147651  0.32214765]
val_loss=14.1890
accuracy
[0.04026846 0.12080537 0.18456376 0.32214765]
val_loss=13.5025
accuracy
[0.04026846 0.12080537 0.18791946 0.32214765]
val_loss=14.0256
accuracy
[0.04026846 0.12080537 0.19127517 0.32214765]
val_loss=14.4419
accuracy
[0.04026846 0.12080537 0.19798658 0.32214765]
val_loss=14.0741
accuracy
[0.04026846 0.12080537 0.18456376 0.32214765]
val_loss=14.5040
accuracy
[0.04026846 0.12080537 0.18791946 0.32214765]
val_loss=13.8437
accuracy
[0.04026846 0.12080537 0.2147651  0.32214765]
val_loss=14.3664
accuracy
[0.04026846 0.12080537 0.20469799 0.32214765]
val_loss=14.0084
accuracy
[0.04026846 0.12080537 0.18456376 0.32214765]
val_loss=14.3704
accuracy
[0.04026846 0.12080537 0.18791946 0.32214765]
val_loss=14.4769
accuracy
[0.04026846 0.12080537 0.18120805 0.32214765]
val_loss=14.5218
accuracy
[0.04026846 0.12080537 0.18791946 0.32214765]
val_loss=14.9500
accuracy
[0.04026846 0.12080537 0.18791946 0.32214765]
val_loss=14.3573
accuracy
[0.04026846 0.12080537 0.18791946 0.32214765]
val_loss=14.4556
accuracy
[0.04026846 0.12080537 0.18791946 0.32214765]
val_loss=14.4844
accuracy
[0.04026846 0.12080537 0.18791946 0.32214765]
val_loss=14.4045
accuracy
[0.04026846 0.12080537 0.18120805 0.32214765]
val_loss=14.4652
accuracy
[0.04026846 0.12080537 0.18791946 0.32214765]
val_loss=14.6211
accuracy
[0.04026846 0.12080537 0.18456376 0.32214765]
val_loss=14.6338
accuracy
[0.04026846 0.12080537 0.18791946 0.32214765]
val_loss=14.6086
accuracy
[0.04026846 0.12080537 0.18791946 0.32214765]
val_loss=14.8858
accuracy
[0.04026846 0.12080537 0.18791946 0.32214765]
val_loss=14.7105
accuracy
[0.04026846 0.12080537 0.18791946 0.32214765]
val_loss=14.7653
accuracy
[0.04026846 0.12080537 0.18456376 0.32214765]
val_loss=14.9521
accuracy
[0.04026846 0.12080537 0.18791946 0.32214765]
val_loss=14.8222
accuracy
[0.04026846 0.12080537 0.18456376 0.32214765]
val_loss=15.0232
accuracy
[0.04026846 0.12080537 0.18456376 0.32214765]
val_loss=14.9057
accuracy
[0.04026846 0.12080537 0.18791946 0.32214765]
val_loss=14.8925
accuracy
[0.04026846 0.12080537 0.18791946 0.32214765]
val_loss=14.9205
accuracy
[0.04026846 0.12080537 0.18456376 0.32214765]
val_loss=15.0393
accuracy
[0.04026846 0.12080537 0.18456376 0.32214765]
val_loss=15.0567
accuracy
[0.04026846 0.12080537 0.18456376 0.32214765]
val_loss=15.0879
accuracy
[0.04026846 0.12080537 0.18791946 0.32214765]
val_loss=15.1161
accuracy
[0.04026846 0.12080537 0.18456376 0.32214765]
val_loss=15.0781
accuracy
[0.04026846 0.12080537 0.18456376 0.32214765]
val_loss=15.0851
accuracy
[0.04026846 0.12080537 0.18791946 0.32214765]
val_loss=15.1006
accuracy
[0.04026846 0.12080537 0.18456376 0.32214765]
val_loss=15.0751
accuracy
[0.04026846 0.12080537 0.18791946 0.32214765]
val_loss=15.0615
accuracy
[0.04026846 0.12080537 0.18791946 0.32214765]
val_loss=15.0827
accuracy
[0.04026846 0.12080537 0.18791946 0.32214765]
val_loss=15.0844
accuracy
[0.04026846 0.12080537 0.18791946 0.32214765]
val_loss=15.1504
accuracy
[0.04026846 0.12080537 0.18456376 0.32214765]
val_loss=15.0607
accuracy
[0.04026846 0.12080537 0.18456376 0.32214765]
val_loss=15.1007
accuracy
[0.04026846 0.12080537 0.18456376 0.32214765]
val_loss=15.1062
accuracy
[0.04026846 0.12080537 0.18791946 0.32214765]
val_loss=15.0828
accuracy
[0.04026846 0.12080537 0.18456376 0.32214765]
val_loss=15.1435
accuracy
[0.04026846 0.12080537 0.18456376 0.32214765]
val_loss=15.1543
accuracy
[0.04026846 0.12080537 0.18456376 0.32214765]
val_loss=15.1385
accuracy
[0.04026846 0.12080537 0.18456376 0.32214765]
val_loss=15.1368
accuracy
[0.04026846 0.12080537 0.18456376 0.32214765]
val_loss=15.1405
accuracy
[0.04026846 0.12080537 0.18456376 0.32214765]
val_loss=15.1515
accuracy
[0.04026846 0.12080537 0.18456376 0.32214765]
val_loss=15.1737
accuracy
[0.04026846 0.12080537 0.18791946 0.32214765]
Finished Training
    rehearsal replay buffer: 500 of 683 source samples
cpu
Finished Training
cpu
Finished Training
cpu
Finished Training
cpu
Finished Training
cpu
Finished Training
cpu
Finished Training
cpu
Finished Training
cpu
Finished Training
cpu
Finished Training
cpu
Finished Training
cpu
Finished Training
cpu
Finished Training
cpu
Finished Training
cpu
Finished Training
cpu
Finished Training
cpu
Finished Training
cpu
Finished Training
cpu
Finished Training
cpu
Finished Training
cpu
Finished Training
cpu
Finished Training
cpu
Finished Training
  seed 1: pretrain on scenario7 (683 samples), zero-shot eval on scenario3 (298 held-out test samples)
cpu
-----------------------------------------------------------------------
      Layer (type)        Output Shape         Param #     Tr. Param #
=======================================================================
          Linear-1           [32, 256]           1,280           1,280
            ReLU-2           [32, 256]               0               0
          Linear-3           [32, 256]          65,792          65,792
          Linear-4           [32, 256]          65,792          65,792
          Linear-5            [32, 16]           4,112           4,112
=======================================================================
Total params: 136,976
Trainable params: 136,976
Non-trainable params: 0
-----------------------------------------------------------------------
val_loss=2.8926
accuracy
[0.10402685 0.22818792 0.40939597 0.62080537]
val_loss=4.8489
accuracy
[0.12416107 0.19463087 0.27516779 0.39597315]
val_loss=6.0384
accuracy
[0.05704698 0.13087248 0.26510067 0.40268456]
val_loss=7.3246
accuracy
[0.05704698 0.13087248 0.20134228 0.34228188]
val_loss=9.1283
accuracy
[0.06040268 0.13422819 0.20134228 0.34563758]
val_loss=8.5865
accuracy
[0.05704698 0.13087248 0.20469799 0.35234899]
val_loss=10.5380
accuracy
[0.05704698 0.12751678 0.19798658 0.34228188]
val_loss=9.4573
accuracy
[0.05704698 0.12751678 0.20134228 0.33892617]
val_loss=11.5016
accuracy
[0.05704698 0.12751678 0.20134228 0.34563758]
val_loss=13.2155
accuracy
[0.05704698 0.12751678 0.20134228 0.32885906]
val_loss=9.7876
accuracy
[0.05704698 0.12751678 0.19798658 0.39597315]
val_loss=10.0397
accuracy
[0.05704698 0.13087248 0.20469799 0.34228188]
val_loss=11.1938
accuracy
[0.05704698 0.12751678 0.19798658 0.33892617]
val_loss=11.5778
accuracy
[0.05704698 0.12751678 0.19798658 0.32885906]
val_loss=11.2081
accuracy
[0.05704698 0.12751678 0.19798658 0.33557047]
val_loss=11.5476
accuracy
[0.05704698 0.13087248 0.20469799 0.33221477]
val_loss=13.3678
accuracy
[0.05704698 0.12751678 0.19798658 0.32885906]
val_loss=13.4304
accuracy
[0.05704698 0.12751678 0.20134228 0.33221477]
val_loss=12.2336
accuracy
[0.05704698 0.13087248 0.20469799 0.33221477]
val_loss=11.9734
accuracy
[0.05704698 0.12751678 0.20134228 0.33221477]
val_loss=12.3270
accuracy
[0.05704698 0.12751678 0.19798658 0.33221477]
val_loss=13.2442
accuracy
[0.05704698 0.12751678 0.19798658 0.33221477]
val_loss=13.5750
accuracy
[0.05704698 0.12751678 0.19798658 0.33221477]
val_loss=13.9476
accuracy
[0.05704698 0.12751678 0.19798658 0.33557047]
val_loss=14.4587
accuracy
[0.05704698 0.12751678 0.20469799 0.33557047]
val_loss=14.7567
accuracy
[0.05704698 0.12751678 0.19798658 0.33557047]
val_loss=14.6943
accuracy
[0.05704698 0.12751678 0.20469799 0.33557047]
val_loss=15.5375
accuracy
[0.05704698 0.12751678 0.19798658 0.33557047]
val_loss=14.7407
accuracy
[0.05704698 0.12751678 0.19798658 0.33557047]
val_loss=15.1892
accuracy
[0.05704698 0.12751678 0.19798658 0.33557047]
val_loss=15.4538
accuracy
[0.05704698 0.13087248 0.20134228 0.33557047]
val_loss=15.1681
accuracy
[0.05704698 0.12751678 0.20469799 0.33557047]
val_loss=15.1947
accuracy
[0.05704698 0.12751678 0.19798658 0.33557047]
val_loss=15.3555
accuracy
[0.05704698 0.12751678 0.20134228 0.33557047]
val_loss=15.4871
accuracy
[0.05704698 0.12751678 0.19798658 0.33557047]
val_loss=15.7915
accuracy
[0.05704698 0.12751678 0.19798658 0.33557047]
val_loss=15.2590
accuracy
[0.06040268 0.13422819 0.20469799 0.33557047]
val_loss=15.8962
accuracy
[0.05704698 0.12751678 0.19798658 0.33557047]
val_loss=15.4580
accuracy
[0.05704698 0.12751678 0.19798658 0.33557047]
val_loss=15.6788
accuracy
[0.05704698 0.12751678 0.19798658 0.33557047]
val_loss=15.7441
accuracy
[0.05704698 0.12751678 0.19798658 0.33557047]
val_loss=15.7024
accuracy
[0.05704698 0.12751678 0.19798658 0.33557047]
val_loss=15.6420
accuracy
[0.05704698 0.12751678 0.19798658 0.33557047]
val_loss=15.9317
accuracy
[0.05704698 0.12751678 0.19798658 0.33557047]
val_loss=15.8375
accuracy
[0.05704698 0.12751678 0.19798658 0.33557047]
val_loss=15.8632
accuracy
[0.05704698 0.12751678 0.19798658 0.33557047]
val_loss=15.8126
accuracy
[0.05704698 0.12751678 0.19798658 0.33557047]
val_loss=15.9575
accuracy
[0.05704698 0.12751678 0.19798658 0.33557047]
val_loss=16.0951
accuracy
[0.05704698 0.12751678 0.19798658 0.33557047]
val_loss=16.1134
accuracy
[0.05704698 0.12751678 0.19798658 0.33557047]
val_loss=16.0764
accuracy
[0.05704698 0.12751678 0.19798658 0.33557047]
val_loss=16.1658
accuracy
[0.05704698 0.12751678 0.19798658 0.33557047]
val_loss=16.3269
accuracy
[0.05704698 0.12751678 0.19798658 0.33557047]
val_loss=16.2954
accuracy
[0.05704698 0.12751678 0.19798658 0.33557047]
val_loss=16.3575
accuracy
[0.05704698 0.12751678 0.19798658 0.33557047]
val_loss=16.3874
accuracy
[0.05704698 0.12751678 0.19798658 0.33557047]
val_loss=16.1448
accuracy
[0.05704698 0.12751678 0.19798658 0.33557047]
val_loss=16.3759
accuracy
[0.05704698 0.12751678 0.19798658 0.33557047]
val_loss=16.5179
accuracy
[0.05704698 0.12751678 0.19798658 0.33557047]
val_loss=16.3186
accuracy
[0.05704698 0.12751678 0.19798658 0.33557047]
val_loss=16.4296
accuracy
[0.05704698 0.12751678 0.19798658 0.33557047]
val_loss=16.3966
accuracy
[0.05704698 0.12751678 0.19798658 0.33557047]
val_loss=16.4343
accuracy
[0.05704698 0.12751678 0.19798658 0.33557047]
val_loss=16.4686
accuracy
[0.05704698 0.12751678 0.19798658 0.33557047]
val_loss=16.4536
accuracy
[0.05704698 0.12751678 0.19798658 0.33557047]
val_loss=16.4497
accuracy
[0.05704698 0.12751678 0.19798658 0.33557047]
val_loss=16.4288
accuracy
[0.05704698 0.12751678 0.19798658 0.33557047]
val_loss=16.4379
accuracy
[0.05704698 0.12751678 0.19798658 0.33557047]
val_loss=16.4743
accuracy
[0.05704698 0.12751678 0.19798658 0.33557047]
val_loss=16.4931
accuracy
[0.05704698 0.12751678 0.19798658 0.33557047]
val_loss=16.4948
accuracy
[0.05704698 0.12751678 0.19798658 0.33557047]
val_loss=16.5122
accuracy
[0.05704698 0.12751678 0.19798658 0.33557047]
val_loss=16.5023
accuracy
[0.05704698 0.12751678 0.19798658 0.33557047]
val_loss=16.5417
accuracy
[0.05704698 0.12751678 0.19798658 0.33557047]
val_loss=16.5200
accuracy
[0.05704698 0.12751678 0.19798658 0.33557047]
val_loss=16.5213
accuracy
[0.05704698 0.12751678 0.19798658 0.33557047]
val_loss=16.5151
accuracy
[0.05704698 0.12751678 0.19798658 0.33557047]
val_loss=16.5739
accuracy
[0.05704698 0.12751678 0.19798658 0.33557047]
val_loss=16.5769
accuracy
[0.05704698 0.12751678 0.19798658 0.33557047]
val_loss=16.5861
accuracy
[0.05704698 0.12751678 0.19798658 0.33557047]
Finished Training
    rehearsal replay buffer: 500 of 683 source samples
cpu
Finished Training
cpu
Finished Training
cpu
Finished Training
cpu
Finished Training
cpu
Finished Training
cpu
Finished Training
cpu
Finished Training
cpu
Finished Training
cpu
Finished Training
cpu
Finished Training
cpu
Finished Training
cpu
Finished Training
cpu
Finished Training
cpu
Finished Training
cpu
Finished Training
cpu
Finished Training
cpu
Finished Training
cpu
Finished Training
cpu
Finished Training
cpu
Finished Training
cpu
Finished Training
cpu
Finished Training
  seed 2: pretrain on scenario7 (683 samples), zero-shot eval on scenario3 (298 held-out test samples)
cpu
-----------------------------------------------------------------------
      Layer (type)        Output Shape         Param #     Tr. Param #
=======================================================================
          Linear-1           [32, 256]           1,280           1,280
            ReLU-2           [32, 256]               0               0
          Linear-3           [32, 256]          65,792          65,792
          Linear-4           [32, 256]          65,792          65,792
          Linear-5            [32, 16]           4,112           4,112
=======================================================================
Total params: 136,976
Trainable params: 136,976
Non-trainable params: 0
-----------------------------------------------------------------------
val_loss=2.8034
accuracy
[0.07718121 0.22483221 0.39261745 0.58389262]
val_loss=5.5892
accuracy
[0.05033557 0.1442953  0.20469799 0.36577181]
val_loss=6.0652
accuracy
[0.05033557 0.13758389 0.24161074 0.3557047 ]
val_loss=8.8694
accuracy
[0.05033557 0.13758389 0.23825503 0.34899329]
val_loss=8.0188
accuracy
[0.05369128 0.13758389 0.20805369 0.34899329]
val_loss=8.6138
accuracy
[0.08724832 0.1409396  0.24496644 0.3590604 ]
val_loss=8.1308
accuracy
[0.05033557 0.13758389 0.23825503 0.34899329]
val_loss=9.4729
accuracy
[0.05033557 0.13758389 0.20805369 0.34899329]
val_loss=11.4438
accuracy
[0.05033557 0.1409396  0.20469799 0.34899329]
val_loss=10.8058
accuracy
[0.05033557 0.13758389 0.23154362 0.34899329]
val_loss=10.9086
accuracy
[0.05033557 0.13758389 0.23154362 0.35234899]
val_loss=9.6660
accuracy
[0.05033557 0.13758389 0.23825503 0.34899329]
val_loss=10.9224
accuracy
[0.05033557 0.13758389 0.23154362 0.34899329]
val_loss=11.9425
accuracy
[0.05033557 0.13758389 0.23154362 0.33557047]
val_loss=9.7320
accuracy
[0.05033557 0.13758389 0.23154362 0.33557047]
val_loss=9.2115
accuracy
[0.05033557 0.13758389 0.23825503 0.35234899]
val_loss=9.9036
accuracy
[0.05033557 0.13758389 0.23154362 0.34899329]
val_loss=11.3944
accuracy
[0.05033557 0.13758389 0.23154362 0.34899329]
val_loss=10.3737
accuracy
[0.05033557 0.13758389 0.23154362 0.34899329]
val_loss=11.3835
accuracy
[0.05033557 0.13758389 0.23154362 0.33557047]
val_loss=11.8077
accuracy
[0.05033557 0.13758389 0.23154362 0.33557047]
val_loss=12.3839
accuracy
[0.05033557 0.13758389 0.23154362 0.33557047]
val_loss=12.5309
accuracy
[0.05033557 0.13758389 0.23154362 0.33557047]
val_loss=12.9650
accuracy
[0.05033557 0.13758389 0.23154362 0.33557047]
val_loss=13.5125
accuracy
[0.05033557 0.13758389 0.23154362 0.33557047]
val_loss=13.9435
accuracy
[0.05033557 0.13758389 0.23154362 0.33557047]
val_loss=13.4706
accuracy
[0.05033557 0.13758389 0.23154362 0.33557047]
val_loss=13.6155
accuracy
[0.05033557 0.13758389 0.23154362 0.33557047]
val_loss=13.5429
accuracy
[0.05033557 0.13758389 0.23154362 0.33557047]
val_loss=13.8054
accuracy
[0.05033557 0.13758389 0.23154362 0.33557047]
val_loss=14.0750
accuracy
[0.05033557 0.13758389 0.23154362 0.33557047]
val_loss=14.3211
accuracy
[0.05033557 0.13758389 0.23154362 0.33557047]
val_loss=14.1739
accuracy
[0.05033557 0.13758389 0.23154362 0.33557047]
val_loss=14.5696
accuracy
[0.05033557 0.13758389 0.23154362 0.33557047]
val_loss=13.6287
accuracy
[0.05033557 0.13758389 0.23154362 0.33557047]
val_loss=14.7905
accuracy
[0.05033557 0.13758389 0.23154362 0.33557047]
val_loss=14.1985
accuracy
[0.05033557 0.13758389 0.23154362 0.33557047]
val_loss=14.3054
accuracy
[0.05033557 0.13758389 0.23154362 0.33557047]
val_loss=14.0044
accuracy
[0.05033557 0.13758389 0.23154362 0.33557047]
val_loss=14.7386
accuracy
[0.05033557 0.13758389 0.23154362 0.33557047]
val_loss=14.5472
accuracy
[0.05033557 0.13758389 0.23154362 0.33557047]
val_loss=14.7409
accuracy
[0.05033557 0.13758389 0.23154362 0.33557047]
val_loss=14.7370
accuracy
[0.05033557 0.13758389 0.23154362 0.33557047]
val_loss=14.6644
accuracy
[0.05033557 0.13758389 0.23154362 0.33557047]
val_loss=14.7446
accuracy
[0.05033557 0.13758389 0.23154362 0.33557047]
val_loss=14.8711
accuracy
[0.05033557 0.13758389 0.23154362 0.33557047]
val_loss=14.9843
accuracy
[0.05033557 0.13758389 0.23154362 0.33557047]
val_loss=15.0004
accuracy
[0.05033557 0.13758389 0.23154362 0.33557047]
val_loss=14.9035
accuracy
[0.05033557 0.13758389 0.23154362 0.33557047]
val_loss=14.9689
accuracy
[0.05033557 0.13758389 0.23154362 0.33557047]
val_loss=15.0794
accuracy
[0.05033557 0.13758389 0.23154362 0.33557047]
val_loss=15.0264
accuracy
[0.05033557 0.13758389 0.23154362 0.33557047]
val_loss=15.1757
accuracy
[0.05033557 0.13758389 0.23154362 0.33557047]
val_loss=14.9912
accuracy
[0.05033557 0.13758389 0.23154362 0.33557047]
val_loss=14.9830
accuracy
[0.05033557 0.13758389 0.23154362 0.33557047]
val_loss=15.0083
accuracy
[0.05033557 0.13758389 0.23154362 0.33557047]
val_loss=15.1628
accuracy
[0.05033557 0.13758389 0.23154362 0.33557047]
val_loss=15.0653
accuracy
[0.05033557 0.13758389 0.23154362 0.33557047]
val_loss=15.1341
accuracy
[0.05033557 0.13758389 0.23154362 0.33557047]
val_loss=15.3913
accuracy
[0.05033557 0.13758389 0.23154362 0.33557047]
val_loss=15.2291
accuracy
[0.05033557 0.13758389 0.23154362 0.33557047]
val_loss=15.1760
accuracy
[0.05033557 0.13758389 0.23154362 0.33557047]
val_loss=15.2539
accuracy
[0.05033557 0.13758389 0.23154362 0.33557047]
val_loss=15.2587
accuracy
[0.05033557 0.13758389 0.23154362 0.33557047]
val_loss=15.2068
accuracy
[0.05033557 0.13758389 0.23154362 0.33557047]
val_loss=15.2264
accuracy
[0.05033557 0.13758389 0.23154362 0.33557047]
val_loss=15.1940
accuracy
[0.05033557 0.13758389 0.23154362 0.33557047]
val_loss=15.2371
accuracy
[0.05033557 0.13758389 0.23154362 0.33557047]
val_loss=15.2174
accuracy
[0.05033557 0.13758389 0.23154362 0.33557047]
val_loss=15.2248
accuracy
[0.05033557 0.13758389 0.23154362 0.33557047]
val_loss=15.1964
accuracy
[0.05033557 0.13758389 0.23154362 0.33557047]
val_loss=15.2310
accuracy
[0.05033557 0.13758389 0.23154362 0.33557047]
val_loss=15.2313
accuracy
[0.05033557 0.13758389 0.23154362 0.33557047]
val_loss=15.2270
accuracy
[0.05033557 0.13758389 0.23154362 0.33557047]
val_loss=15.2132
accuracy
[0.05033557 0.13758389 0.23154362 0.33557047]
val_loss=15.2294
accuracy
[0.05033557 0.13758389 0.23154362 0.33557047]
val_loss=15.2755
accuracy
[0.05033557 0.13758389 0.23154362 0.33557047]
val_loss=15.2363
accuracy
[0.05033557 0.13758389 0.23154362 0.33557047]
val_loss=15.2487
accuracy
[0.05033557 0.13758389 0.23154362 0.33557047]
val_loss=15.2389
accuracy
[0.05033557 0.13758389 0.23154362 0.33557047]
Finished Training
    rehearsal replay buffer: 500 of 683 source samples
cpu
Finished Training
cpu
Finished Training
cpu
Finished Training
cpu
Finished Training
cpu
Finished Training
cpu
Finished Training
cpu
Finished Training
cpu
Finished Training
cpu
Finished Training
cpu
Finished Training
cpu
Finished Training
cpu
Finished Training
cpu
Finished Training
cpu
Finished Training
cpu
Finished Training
cpu
Finished Training
cpu
Finished Training
cpu
Finished Training
cpu
Finished Training
cpu
Finished Training
cpu
Finished Training
cpu
Finished Training
  seed 3: pretrain on scenario7 (683 samples), zero-shot eval on scenario3 (298 held-out test samples)
cpu
-----------------------------------------------------------------------
      Layer (type)        Output Shape         Param #     Tr. Param #
=======================================================================
          Linear-1           [32, 256]           1,280           1,280
            ReLU-2           [32, 256]               0               0
          Linear-3           [32, 256]          65,792          65,792
          Linear-4           [32, 256]          65,792          65,792
          Linear-5            [32, 16]           4,112           4,112
=======================================================================
Total params: 136,976
Trainable params: 136,976
Non-trainable params: 0
-----------------------------------------------------------------------
val_loss=3.2793
accuracy
[0.10402685 0.2147651  0.33892617 0.67449664]
val_loss=4.6844
accuracy
[0.04697987 0.13087248 0.2147651  0.36241611]
val_loss=4.9809
accuracy
[0.08724832 0.16107383 0.25838926 0.36912752]
val_loss=8.1456
accuracy
[0.04697987 0.12080537 0.20805369 0.36241611]
val_loss=7.2578
accuracy
[0.04697987 0.12080537 0.19127517 0.3590604 ]
val_loss=7.4174
accuracy
[0.04697987 0.12080537 0.18120805 0.38926174]
val_loss=7.8693
accuracy
[0.04697987 0.12080537 0.19127517 0.36241611]
val_loss=10.8577
accuracy
[0.04697987 0.12080537 0.19463087 0.36241611]
val_loss=9.6856
accuracy
[0.04697987 0.12080537 0.19463087 0.36241611]
val_loss=8.2892
accuracy
[0.04697987 0.12080537 0.19463087 0.36912752]
val_loss=10.9775
accuracy
[0.04697987 0.12080537 0.19463087 0.36241611]
val_loss=10.9450
accuracy
[0.04697987 0.12080537 0.19463087 0.36241611]
val_loss=9.1481
accuracy
[0.04697987 0.12080537 0.19127517 0.3590604 ]
val_loss=10.7625
accuracy
[0.04697987 0.13087248 0.20469799 0.36912752]
val_loss=11.7734
accuracy
[0.04697987 0.12080537 0.19463087 0.36241611]
val_loss=9.9412
accuracy
[0.04697987 0.12080537 0.19463087 0.36241611]
val_loss=10.3662
accuracy
[0.04697987 0.12080537 0.19463087 0.36577181]
val_loss=10.6474
accuracy
[0.04697987 0.12080537 0.19463087 0.36241611]
val_loss=9.9958
accuracy
[0.04697987 0.12080537 0.19463087 0.36241611]
val_loss=10.5831
accuracy
[0.04697987 0.12080537 0.19463087 0.36241611]
val_loss=11.0155
accuracy
[0.04697987 0.12080537 0.19463087 0.36241611]
val_loss=11.2376
accuracy
[0.04697987 0.12080537 0.19463087 0.36241611]
val_loss=11.9709
accuracy
[0.04697987 0.12080537 0.19463087 0.36241611]
val_loss=12.1169
accuracy
[0.04697987 0.12080537 0.19463087 0.36241611]
val_loss=12.4600
accuracy
[0.04697987 0.12080537 0.19463087 0.36241611]
val_loss=11.9529
accuracy
[0.04697987 0.12080537 0.19463087 0.36241611]
val_loss=12.1838
accuracy
[0.04697987 0.12080537 0.19463087 0.36241611]
val_loss=12.1524
accuracy
[0.04697987 0.12080537 0.19463087 0.36241611]
val_loss=12.2342
accuracy
[0.04697987 0.12080537 0.19463087 0.36241611]
val_loss=12.7061
accuracy
[0.04697987 0.12080537 0.19463087 0.36241611]
val_loss=12.4922
accuracy
[0.04697987 0.12080537 0.19463087 0.36241611]
val_loss=12.5795
accuracy
[0.04697987 0.12080537 0.19463087 0.36241611]
val_loss=12.7523
accuracy
[0.04697987 0.12080537 0.19463087 0.36241611]
val_loss=13.0467
accuracy
[0.04697987 0.12080537 0.19463087 0.36241611]
val_loss=13.2788
accuracy
[0.04697987 0.12080537 0.19463087 0.36241611]
val_loss=13.0435
accuracy
[0.04697987 0.12080537 0.19463087 0.36241611]
val_loss=12.9113
accuracy
[0.04697987 0.12080537 0.19463087 0.36241611]
val_loss=13.2451
accuracy
[0.04697987 0.12080537 0.19463087 0.36241611]
val_loss=13.6317
accuracy
[0.04697987 0.12080537 0.19463087 0.36241611]
val_loss=13.4883
accuracy
[0.04697987 0.12080537 0.19463087 0.36241611]
val_loss=13.4841
accuracy
[0.04697987 0.12080537 0.19463087 0.36241611]
val_loss=13.4193
accuracy
[0.04697987 0.12080537 0.19463087 0.36241611]
val_loss=13.7172
accuracy
[0.04697987 0.12080537 0.19463087 0.36241611]
val_loss=13.4413
accuracy
[0.04697987 0.12080537 0.19463087 0.36241611]
val_loss=13.5314
accuracy
[0.04697987 0.12080537 0.19463087 0.36241611]
val_loss=13.5413
accuracy
[0.04697987 0.12080537 0.19463087 0.36241611]
val_loss=13.5167
accuracy
[0.04697987 0.12080537 0.19463087 0.36241611]
val_loss=13.6791
accuracy
[0.04697987 0.12080537 0.19463087 0.36241611]
val_loss=13.5868
accuracy
[0.04697987 0.12080537 0.19463087 0.36241611]
val_loss=13.6802
accuracy
[0.04697987 0.12080537 0.19463087 0.36241611]
val_loss=13.5858
accuracy
[0.04697987 0.12080537 0.19463087 0.36241611]
val_loss=13.4855
accuracy
[0.04697987 0.12080537 0.19463087 0.36241611]
val_loss=13.8106
accuracy
[0.04697987 0.12080537 0.19463087 0.36241611]
val_loss=13.6332
accuracy
[0.04697987 0.12080537 0.19463087 0.36241611]
val_loss=13.6775
accuracy
[0.04697987 0.12080537 0.19463087 0.36241611]
val_loss=13.8303
accuracy
[0.04697987 0.12080537 0.19463087 0.36241611]
val_loss=13.7768
accuracy
[0.04697987 0.12080537 0.19463087 0.36241611]
val_loss=13.6082
accuracy
[0.04697987 0.12080537 0.19463087 0.36241611]
val_loss=13.8157
accuracy
[0.04697987 0.12080537 0.19463087 0.36241611]
val_loss=13.9352
accuracy
[0.04697987 0.12080537 0.19463087 0.36241611]
val_loss=13.8640
accuracy
[0.04697987 0.12080537 0.19463087 0.36241611]
val_loss=13.8724
accuracy
[0.04697987 0.12080537 0.19463087 0.36241611]
val_loss=13.8601
accuracy
[0.04697987 0.12080537 0.19463087 0.36241611]
val_loss=13.8593
accuracy
[0.04697987 0.12080537 0.19463087 0.36241611]
val_loss=13.8529
accuracy
[0.04697987 0.12080537 0.19463087 0.36241611]
val_loss=13.8900
accuracy
[0.04697987 0.12080537 0.19463087 0.36241611]
val_loss=13.8676
accuracy
[0.04697987 0.12080537 0.19463087 0.36241611]
val_loss=13.8776
accuracy
[0.04697987 0.12080537 0.19463087 0.36241611]
val_loss=13.8814
accuracy
[0.04697987 0.12080537 0.19463087 0.36241611]
val_loss=13.8810
accuracy
[0.04697987 0.12080537 0.19463087 0.36241611]
val_loss=13.9054
accuracy
[0.04697987 0.12080537 0.19463087 0.36241611]
val_loss=13.9249
accuracy
[0.04697987 0.12080537 0.19463087 0.36241611]
val_loss=13.9207
accuracy
[0.04697987 0.12080537 0.19463087 0.36241611]
val_loss=13.9092
accuracy
[0.04697987 0.12080537 0.19463087 0.36241611]
val_loss=13.9317
accuracy
[0.04697987 0.12080537 0.19463087 0.36241611]
val_loss=13.9294
accuracy
[0.04697987 0.12080537 0.19463087 0.36241611]
val_loss=13.9251
accuracy
[0.04697987 0.12080537 0.19463087 0.36241611]
val_loss=13.9535
accuracy
[0.04697987 0.12080537 0.19463087 0.36241611]
val_loss=13.9310
accuracy
[0.04697987 0.12080537 0.19463087 0.36241611]
val_loss=13.9167
accuracy
[0.04697987 0.12080537 0.19463087 0.36241611]
Finished Training
    rehearsal replay buffer: 500 of 683 source samples
cpu
Finished Training
cpu
Finished Training
cpu
Finished Training
cpu
Finished Training
cpu
Finished Training
cpu
Finished Training
cpu
Finished Training
cpu
Finished Training
cpu
Finished Training
cpu
Finished Training
cpu
Finished Training
cpu
Finished Training
cpu
Finished Training
cpu
Finished Training
cpu
Finished Training
cpu
Finished Training
cpu
Finished Training
cpu
Finished Training
cpu
Finished Training
cpu
Finished Training
cpu
Finished Training
cpu
Finished Training
  seed 4: pretrain on scenario7 (683 samples), zero-shot eval on scenario3 (298 held-out test samples)
cpu
-----------------------------------------------------------------------
      Layer (type)        Output Shape         Param #     Tr. Param #
=======================================================================
          Linear-1           [32, 256]           1,280           1,280
            ReLU-2           [32, 256]               0               0
          Linear-3           [32, 256]          65,792          65,792
          Linear-4           [32, 256]          65,792          65,792
          Linear-5            [32, 16]           4,112           4,112
=======================================================================
Total params: 136,976
Trainable params: 136,976
Non-trainable params: 0
-----------------------------------------------------------------------
val_loss=3.3931
accuracy
[0.01677852 0.09731544 0.16107383 0.41610738]
val_loss=4.9828
accuracy
[0.05704698 0.16442953 0.19798658 0.34563758]
val_loss=7.6808
accuracy
[0.05704698 0.1409396  0.16442953 0.27181208]
val_loss=6.5129
accuracy
[0.04697987 0.1409396  0.24496644 0.30872483]
val_loss=8.8214
accuracy
[0.05704698 0.13758389 0.24496644 0.34228188]
val_loss=9.1591
accuracy
[0.05704698 0.1409396  0.17114094 0.34899329]
val_loss=8.4633
accuracy
[0.05704698 0.1409396  0.25503356 0.3590604 ]
val_loss=7.8994
accuracy
[0.05704698 0.13758389 0.2114094  0.3557047 ]
val_loss=11.6119
accuracy
[0.05704698 0.13758389 0.24161074 0.3557047 ]
val_loss=11.0985
accuracy
[0.05704698 0.13758389 0.24832215 0.34228188]
val_loss=12.8359
accuracy
[0.05704698 0.13758389 0.24161074 0.34228188]
val_loss=11.4610
accuracy
[0.05704698 0.13758389 0.24496644 0.34563758]
val_loss=11.3776
accuracy
[0.05704698 0.13758389 0.24161074 0.34228188]
val_loss=10.6511
accuracy
[0.05704698 0.13758389 0.24496644 0.34228188]
val_loss=11.7205
accuracy
[0.05704698 0.13758389 0.24161074 0.34228188]
val_loss=12.0331
accuracy
[0.05704698 0.13758389 0.24496644 0.34228188]
val_loss=10.5125
accuracy
[0.05704698 0.13758389 0.24161074 0.34228188]
val_loss=11.4908
accuracy
[0.05704698 0.13758389 0.24496644 0.34228188]
val_loss=12.7098
accuracy
[0.05704698 0.13758389 0.20805369 0.34228188]
val_loss=11.2086
accuracy
[0.05704698 0.13758389 0.20469799 0.34228188]
val_loss=12.6169
accuracy
[0.05704698 0.13758389 0.20469799 0.34228188]
val_loss=13.0839
accuracy
[0.05704698 0.13758389 0.20134228 0.34228188]
val_loss=13.7536
accuracy
[0.05704698 0.13758389 0.20134228 0.34228188]
val_loss=13.7989
accuracy
[0.05704698 0.13758389 0.20805369 0.34228188]
val_loss=13.9839
accuracy
[0.05704698 0.13758389 0.20134228 0.34228188]
val_loss=14.2887
accuracy
[0.05704698 0.13758389 0.20134228 0.34228188]
val_loss=14.3055
accuracy
[0.05704698 0.13758389 0.20134228 0.34228188]
val_loss=13.5330
accuracy
[0.05704698 0.13758389 0.19798658 0.34228188]
val_loss=14.4213
accuracy
[0.05704698 0.13758389 0.19798658 0.34228188]
val_loss=13.7735
accuracy
[0.05704698 0.13758389 0.20134228 0.34228188]
val_loss=15.0624
accuracy
[0.05704698 0.13758389 0.20469799 0.34228188]
val_loss=14.6806
accuracy
[0.05704698 0.13758389 0.20134228 0.34228188]
val_loss=15.1044
accuracy
[0.05704698 0.13758389 0.20134228 0.34228188]
val_loss=15.1359
accuracy
[0.05704698 0.13758389 0.20469799 0.34228188]
val_loss=15.2000
accuracy
[0.05704698 0.13758389 0.20134228 0.34228188]
val_loss=15.5211
accuracy
[0.05704698 0.13758389 0.20134228 0.34228188]
val_loss=15.4061
accuracy
[0.05704698 0.13758389 0.20134228 0.34228188]
val_loss=15.2487
accuracy
[0.05704698 0.13758389 0.20134228 0.34228188]
val_loss=15.1419
accuracy
[0.05704698 0.13758389 0.20134228 0.34228188]
val_loss=15.0005
accuracy
[0.05704698 0.13758389 0.20134228 0.34228188]
val_loss=15.5024
accuracy
[0.05704698 0.13758389 0.20134228 0.34228188]
val_loss=15.4263
accuracy
[0.05704698 0.13758389 0.20134228 0.34228188]
val_loss=15.4243
accuracy
[0.05704698 0.13758389 0.20134228 0.34228188]
val_loss=15.3682
accuracy
[0.05704698 0.13758389 0.20134228 0.34228188]
val_loss=15.5691
accuracy
[0.05704698 0.13758389 0.20134228 0.34228188]
val_loss=15.5204
accuracy
[0.05704698 0.13758389 0.20134228 0.34228188]
val_loss=15.6821
accuracy
[0.05704698 0.13758389 0.20134228 0.34228188]
val_loss=15.5912
accuracy
[0.05704698 0.13758389 0.20134228 0.34228188]
val_loss=15.5994
accuracy
[0.05704698 0.13758389 0.20134228 0.34228188]
val_loss=15.7270
accuracy
[0.05704698 0.13758389 0.20134228 0.34228188]
val_loss=15.6203
accuracy
[0.05704698 0.13758389 0.20134228 0.34228188]
val_loss=15.5409
accuracy
[0.05704698 0.13758389 0.20134228 0.34228188]
val_loss=15.9641
accuracy
[0.05704698 0.13758389 0.20134228 0.34228188]
val_loss=15.8820
accuracy
[0.05704698 0.13758389 0.20134228 0.34228188]
val_loss=16.0325
accuracy
[0.05704698 0.13758389 0.20134228 0.34228188]
val_loss=15.7781
accuracy
[0.05704698 0.13758389 0.20134228 0.34228188]
val_loss=15.6638
accuracy
[0.05704698 0.13758389 0.20134228 0.34228188]
val_loss=16.1868
accuracy
[0.05704698 0.13758389 0.20134228 0.34228188]
val_loss=15.8679
accuracy
[0.05704698 0.13758389 0.20134228 0.34228188]
val_loss=16.0964
accuracy
[0.05704698 0.13758389 0.20134228 0.34228188]
val_loss=16.0148
accuracy
[0.05704698 0.13758389 0.20134228 0.34228188]
val_loss=15.9488
accuracy
[0.05704698 0.13758389 0.20134228 0.34228188]
val_loss=16.0246
accuracy
[0.05704698 0.13758389 0.20134228 0.34228188]
val_loss=16.0672
accuracy
[0.05704698 0.13758389 0.20134228 0.34228188]
val_loss=16.0330
accuracy
[0.05704698 0.13758389 0.20134228 0.34228188]
val_loss=16.0594
accuracy
[0.05704698 0.13758389 0.20134228 0.34228188]
val_loss=16.0745
accuracy
[0.05704698 0.13758389 0.20134228 0.34228188]
val_loss=16.0327
accuracy
[0.05704698 0.13758389 0.20134228 0.34228188]
val_loss=16.1113
accuracy
[0.05704698 0.13758389 0.20134228 0.34228188]
val_loss=16.1101
accuracy
[0.05704698 0.13758389 0.20134228 0.34228188]
val_loss=16.0725
accuracy
[0.05704698 0.13758389 0.20134228 0.34228188]
val_loss=16.1169
accuracy
[0.05704698 0.13758389 0.20134228 0.34228188]
val_loss=16.0718
accuracy
[0.05704698 0.13758389 0.20134228 0.34228188]
val_loss=16.1216
accuracy
[0.05704698 0.13758389 0.20134228 0.34228188]
val_loss=16.1278
accuracy
[0.05704698 0.13758389 0.20134228 0.34228188]
val_loss=16.1417
accuracy
[0.05704698 0.13758389 0.20134228 0.34228188]
val_loss=16.1754
accuracy
[0.05704698 0.13758389 0.20134228 0.34228188]
val_loss=16.1202
accuracy
[0.05704698 0.13758389 0.20134228 0.34228188]
val_loss=16.1525
accuracy
[0.05704698 0.13758389 0.20134228 0.34228188]
val_loss=16.1567
accuracy
[0.05704698 0.13758389 0.20134228 0.34228188]
Finished Training
    rehearsal replay buffer: 500 of 683 source samples
cpu
Finished Training
cpu
Finished Training
cpu
Finished Training
cpu
Finished Training
cpu
Finished Training
cpu
Finished Training
cpu
Finished Training
cpu
Finished Training
cpu
Finished Training
cpu
Finished Training
cpu
Finished Training
cpu
Finished Training
cpu
Finished Training
cpu
Finished Training
cpu
Finished Training
cpu
Finished Training
cpu
Finished Training
cpu
Finished Training
cpu
Finished Training
cpu
Finished Training
cpu
Finished Training
cpu
Finished Training
  seed 5: pretrain on scenario7 (683 samples), zero-shot eval on scenario3 (298 held-out test samples)
cpu
-----------------------------------------------------------------------
      Layer (type)        Output Shape         Param #     Tr. Param #
=======================================================================
          Linear-1           [32, 256]           1,280           1,280
            ReLU-2           [32, 256]               0               0
          Linear-3           [32, 256]          65,792          65,792
          Linear-4           [32, 256]          65,792          65,792
          Linear-5            [32, 16]           4,112           4,112
=======================================================================
Total params: 136,976
Trainable params: 136,976
Non-trainable params: 0
-----------------------------------------------------------------------
val_loss=3.0408
accuracy
[0.08389262 0.18120805 0.2885906  0.44295302]
val_loss=4.7672
accuracy
[0.05369128 0.15100671 0.19463087 0.29194631]
val_loss=4.8272
accuracy
[0.05369128 0.13758389 0.17785235 0.37248322]
val_loss=8.6382
accuracy
[0.05369128 0.15100671 0.23154362 0.32214765]
val_loss=7.4961
accuracy
[0.05369128 0.1442953  0.24161074 0.36912752]
val_loss=9.8340
accuracy
[0.05369128 0.13422819 0.18120805 0.33221477]
val_loss=11.2329
accuracy
[0.05369128 0.13422819 0.24161074 0.34228188]
val_loss=10.6018
accuracy
[0.05369128 0.13422819 0.23154362 0.33892617]
val_loss=11.5948
accuracy
[0.05369128 0.13422819 0.24161074 0.33221477]
val_loss=9.0632
accuracy
[0.05369128 0.13422819 0.23154362 0.33892617]
val_loss=10.9960
accuracy
[0.05369128 0.13422819 0.23489933 0.33221477]
val_loss=11.3434
accuracy
[0.05369128 0.13422819 0.23825503 0.34228188]
val_loss=12.2415
accuracy
[0.05369128 0.13422819 0.23489933 0.34228188]
val_loss=11.2661
accuracy
[0.05704698 0.13758389 0.22818792 0.34228188]
val_loss=12.3728
accuracy
[0.05704698 0.13758389 0.23154362 0.33892617]
val_loss=13.4417
accuracy
[0.05369128 0.13422819 0.23154362 0.33892617]
val_loss=12.3897
accuracy
[0.05369128 0.13422819 0.23154362 0.33221477]
val_loss=12.1461
accuracy
[0.05369128 0.13422819 0.23154362 0.33892617]
val_loss=10.8066
accuracy
[0.05369128 0.13422819 0.23154362 0.33892617]
val_loss=11.9002
accuracy
[0.05704698 0.13758389 0.23154362 0.34228188]
val_loss=12.8725
accuracy
[0.05369128 0.13422819 0.23154362 0.34228188]
val_loss=13.3306
accuracy
[0.05369128 0.13422819 0.23154362 0.33892617]
val_loss=13.8416
accuracy
[0.05369128 0.13422819 0.23154362 0.34228188]
val_loss=13.6411
accuracy
[0.05369128 0.13422819 0.23154362 0.34228188]
val_loss=14.8342
accuracy
[0.05369128 0.13422819 0.23154362 0.33892617]
val_loss=14.9980
accuracy
[0.05369128 0.13422819 0.23154362 0.33892617]
val_loss=15.8880
accuracy
[0.05369128 0.13422819 0.23154362 0.34228188]
val_loss=15.5537
accuracy
[0.05369128 0.13422819 0.23154362 0.34228188]
val_loss=15.6232
accuracy
[0.05369128 0.13422819 0.23154362 0.34228188]
val_loss=16.7384
accuracy
[0.05369128 0.13422819 0.23154362 0.33557047]
val_loss=15.7878
accuracy
[0.05369128 0.13422819 0.23154362 0.34228188]
val_loss=16.8457
accuracy
[0.05369128 0.13422819 0.23154362 0.33557047]
val_loss=16.5255
accuracy
[0.05369128 0.13422819 0.23154362 0.34228188]
val_loss=16.8619
accuracy
[0.05369128 0.13422819 0.23154362 0.33557047]
val_loss=17.4546
accuracy
[0.05369128 0.13422819 0.23154362 0.33557047]
val_loss=16.5806
accuracy
[0.05369128 0.13422819 0.23154362 0.33557047]
val_loss=17.2734
accuracy
[0.05369128 0.13422819 0.23154362 0.33221477]
val_loss=17.5293
accuracy
[0.05369128 0.13422819 0.23154362 0.33221477]
val_loss=17.1517
accuracy
[0.05369128 0.13422819 0.23154362 0.33557047]
val_loss=17.4273
accuracy
[0.05369128 0.13422819 0.23154362 0.33221477]
val_loss=17.6194
accuracy
[0.05369128 0.13422819 0.23154362 0.33221477]
val_loss=17.7927
accuracy
[0.05369128 0.13422819 0.23154362 0.33221477]
val_loss=17.5726
accuracy
[0.05369128 0.13422819 0.23154362 0.33221477]
val_loss=17.7863
accuracy
[0.05369128 0.13422819 0.23154362 0.33221477]
val_loss=17.7165
accuracy
[0.05369128 0.13422819 0.23154362 0.33221477]
val_loss=17.7162
accuracy
[0.05369128 0.13422819 0.23154362 0.33221477]
val_loss=18.0450
accuracy
[0.05369128 0.13422819 0.23154362 0.33221477]
val_loss=17.7924
accuracy
[0.05369128 0.13422819 0.23154362 0.33221477]
val_loss=17.9659
accuracy
[0.05369128 0.13422819 0.23154362 0.33221477]
val_loss=18.0311
accuracy
[0.05369128 0.13422819 0.23154362 0.33221477]
val_loss=18.1117
accuracy
[0.05369128 0.13422819 0.23154362 0.33221477]
val_loss=18.1932
accuracy
[0.05369128 0.13422819 0.23154362 0.33221477]
val_loss=18.0605
accuracy
[0.05369128 0.13422819 0.23154362 0.33221477]
val_loss=18.3234
accuracy
[0.05369128 0.13422819 0.23154362 0.33221477]
val_loss=18.0478
accuracy
[0.05369128 0.13422819 0.23154362 0.33221477]
val_loss=18.2436
accuracy
[0.05369128 0.13422819 0.23154362 0.33221477]
val_loss=18.3576
accuracy
[0.05369128 0.13422819 0.23154362 0.33221477]
val_loss=18.2033
accuracy
[0.05369128 0.13422819 0.23154362 0.33221477]
val_loss=18.3451
accuracy
[0.05369128 0.13422819 0.23154362 0.33221477]
val_loss=18.4007
accuracy
[0.05369128 0.13422819 0.23154362 0.33221477]
val_loss=18.3583
accuracy
[0.05369128 0.13422819 0.23154362 0.33221477]
val_loss=18.3249
accuracy
[0.05369128 0.13422819 0.23154362 0.33221477]
val_loss=18.3408
accuracy
[0.05369128 0.13422819 0.23154362 0.33221477]
val_loss=18.3581
accuracy
[0.05369128 0.13422819 0.23154362 0.33221477]
val_loss=18.3867
accuracy
[0.05369128 0.13422819 0.23154362 0.33221477]
val_loss=18.3382
accuracy
[0.05369128 0.13422819 0.23154362 0.33221477]
val_loss=18.4025
accuracy
[0.05369128 0.13422819 0.23154362 0.33221477]
val_loss=18.4212
accuracy
[0.05369128 0.13422819 0.23154362 0.33221477]
val_loss=18.3743
accuracy
[0.05369128 0.13422819 0.23154362 0.33221477]
val_loss=18.3685
accuracy
[0.05369128 0.13422819 0.23154362 0.33221477]
val_loss=18.4068
accuracy
[0.05369128 0.13422819 0.23154362 0.33221477]
val_loss=18.4526
accuracy
[0.05369128 0.13422819 0.23154362 0.33221477]
val_loss=18.4188
accuracy
[0.05369128 0.13422819 0.23154362 0.33221477]
val_loss=18.4452
accuracy
[0.05369128 0.13422819 0.23154362 0.33221477]
val_loss=18.4548
accuracy
[0.05369128 0.13422819 0.23154362 0.33221477]
val_loss=18.4618
accuracy
[0.05369128 0.13422819 0.23154362 0.33221477]
val_loss=18.4300
accuracy
[0.05369128 0.13422819 0.23154362 0.33221477]
val_loss=18.4420
accuracy
[0.05369128 0.13422819 0.23154362 0.33221477]
val_loss=18.5160
accuracy
[0.05369128 0.13422819 0.23154362 0.33221477]
val_loss=18.4346
accuracy
[0.05369128 0.13422819 0.23154362 0.33221477]
Finished Training
    rehearsal replay buffer: 500 of 683 source samples
cpu
Finished Training
cpu
Finished Training
cpu
Finished Training
cpu
Finished Training
cpu
Finished Training
cpu
Finished Training
cpu
Finished Training
cpu
Finished Training
cpu
Finished Training
cpu
Finished Training
cpu
Finished Training
cpu
Finished Training
cpu
Finished Training
cpu
Finished Training
cpu
Finished Training
cpu
Finished Training
cpu
Finished Training
cpu
Finished Training
cpu
Finished Training
cpu
Finished Training
cpu
Finished Training
cpu
Finished Training
  seed 6: pretrain on scenario7 (683 samples), zero-shot eval on scenario3 (298 held-out test samples)
cpu
-----------------------------------------------------------------------
      Layer (type)        Output Shape         Param #     Tr. Param #
=======================================================================
          Linear-1           [32, 256]           1,280           1,280
            ReLU-2           [32, 256]               0               0
          Linear-3           [32, 256]          65,792          65,792
          Linear-4           [32, 256]          65,792          65,792
          Linear-5            [32, 16]           4,112           4,112
=======================================================================
Total params: 136,976
Trainable params: 136,976
Non-trainable params: 0
-----------------------------------------------------------------------
val_loss=2.5721
accuracy
[0.13422819 0.25503356 0.37583893 0.56375839]
val_loss=4.1651
accuracy
[0.0704698  0.16778523 0.24832215 0.40604027]
val_loss=6.6838
accuracy
[0.0704698  0.16778523 0.24832215 0.36241611]
val_loss=7.0293
accuracy
[0.0704698  0.1442953  0.24832215 0.41946309]
val_loss=8.3047
accuracy
[0.0704698  0.16778523 0.24496644 0.37248322]
val_loss=7.5874
accuracy
[0.07718121 0.17449664 0.24832215 0.36912752]
val_loss=6.9536
accuracy
[0.0738255  0.17114094 0.25167785 0.37583893]
val_loss=8.5091
accuracy
[0.0738255  0.17114094 0.24496644 0.37919463]
val_loss=10.3837
accuracy
[0.0704698  0.16778523 0.24832215 0.36912752]
val_loss=8.3653
accuracy
[0.0738255  0.17114094 0.24496644 0.37248322]
val_loss=11.7122
accuracy
[0.0704698  0.16778523 0.24161074 0.36241611]
val_loss=10.8339
accuracy
[0.0738255  0.17114094 0.24496644 0.36577181]
val_loss=11.5322
accuracy
[0.0704698  0.16442953 0.24832215 0.37248322]
val_loss=10.5252
accuracy
[0.0704698  0.16778523 0.24832215 0.36241611]
val_loss=9.5000
accuracy
[0.0704698  0.16778523 0.24496644 0.36912752]
val_loss=10.3948
accuracy
[0.0704698  0.17114094 0.25167785 0.36577181]
val_loss=11.1703
accuracy
[0.0704698  0.16778523 0.24161074 0.36912752]
val_loss=13.3633
accuracy
[0.0704698  0.16778523 0.24161074 0.36912752]
val_loss=9.3911
accuracy
[0.0704698  0.16778523 0.24161074 0.36241611]
val_loss=10.4882
accuracy
[0.0704698  0.16778523 0.24161074 0.36241611]
val_loss=10.8045
accuracy
[0.0704698  0.16778523 0.24161074 0.36241611]
val_loss=11.0769
accuracy
[0.0704698  0.16778523 0.24161074 0.36577181]
val_loss=11.8627
accuracy
[0.0704698  0.16778523 0.24161074 0.36241611]
val_loss=12.5097
accuracy
[0.0704698  0.16778523 0.24161074 0.36577181]
val_loss=12.6440
accuracy
[0.0704698  0.16778523 0.24161074 0.36577181]
val_loss=13.0408
accuracy
[0.0704698  0.16778523 0.24161074 0.36241611]
val_loss=13.2395
accuracy
[0.0704698  0.16778523 0.24161074 0.36577181]
val_loss=13.5645
accuracy
[0.0704698  0.16778523 0.24161074 0.36241611]
val_loss=13.2598
accuracy
[0.0704698  0.16778523 0.24161074 0.36241611]
val_loss=13.7909
accuracy
[0.0704698  0.16778523 0.24161074 0.36241611]
val_loss=13.1557
accuracy
[0.0704698  0.16778523 0.24161074 0.36241611]
val_loss=13.2718
accuracy
[0.0704698  0.16778523 0.24161074 0.36241611]
val_loss=13.5736
accuracy
[0.0704698  0.16778523 0.24161074 0.36241611]
val_loss=13.8150
accuracy
[0.0704698  0.16778523 0.24161074 0.36241611]
val_loss=14.0888
accuracy
[0.0704698  0.16778523 0.24161074 0.36241611]
val_loss=13.9038
accuracy
[0.0704698  0.16778523 0.24161074 0.36241611]
val_loss=14.3663
accuracy
[0.0704698  0.16778523 0.24161074 0.36241611]
val_loss=13.6471
accuracy
[0.0704698  0.16778523 0.24161074 0.36241611]
val_loss=14.3209
accuracy
[0.0704698  0.16778523 0.24161074 0.36241611]
val_loss=14.0049
accuracy
[0.0704698  0.16778523 0.24161074 0.36241611]
val_loss=14.1864
accuracy
[0.0704698  0.16778523 0.24161074 0.36241611]
val_loss=14.0342
accuracy
[0.0704698  0.16778523 0.24161074 0.36241611]
val_loss=14.3541
accuracy
[0.0704698  0.16778523 0.24161074 0.36241611]
val_loss=14.2472
accuracy
[0.0704698  0.16778523 0.24161074 0.36241611]
val_loss=14.2606
accuracy
[0.0704698  0.16778523 0.24161074 0.36241611]
val_loss=14.4371
accuracy
[0.0704698  0.16778523 0.24161074 0.36241611]
val_loss=14.4082
accuracy
[0.0704698  0.16778523 0.24161074 0.36241611]
val_loss=14.3235
accuracy
[0.0704698  0.16778523 0.24161074 0.36241611]
val_loss=14.3167
accuracy
[0.0704698  0.16778523 0.24161074 0.36241611]
val_loss=14.3617
accuracy
[0.0704698  0.16778523 0.24161074 0.36241611]
val_loss=14.6795
accuracy
[0.0704698  0.16778523 0.24161074 0.36241611]
val_loss=14.5928
accuracy
[0.0704698  0.16778523 0.24161074 0.36241611]
val_loss=14.4997
accuracy
[0.0704698  0.16778523 0.24161074 0.36241611]
val_loss=14.6317
accuracy
[0.0704698  0.16778523 0.24161074 0.36241611]
val_loss=14.5477
accuracy
[0.0704698  0.16778523 0.24161074 0.36241611]
val_loss=14.6544
accuracy
[0.0704698  0.16778523 0.24161074 0.36241611]
val_loss=14.6505
accuracy
[0.0704698  0.16778523 0.24161074 0.36241611]
val_loss=14.7116
accuracy
[0.0704698  0.16778523 0.24161074 0.36241611]
val_loss=14.6507
accuracy
[0.0704698  0.16778523 0.24161074 0.36241611]
val_loss=14.7289
accuracy
[0.0704698  0.16778523 0.24161074 0.36241611]
val_loss=14.6888
accuracy
[0.0704698  0.16778523 0.24161074 0.36241611]
val_loss=14.6609
accuracy
[0.0704698  0.16778523 0.24161074 0.36241611]
val_loss=14.7059
accuracy
[0.0704698  0.16778523 0.24161074 0.36241611]
val_loss=14.7047
accuracy
[0.0704698  0.16778523 0.24161074 0.36241611]
val_loss=14.7053
accuracy
[0.0704698  0.16778523 0.24161074 0.36241611]
val_loss=14.7436
accuracy
[0.0704698  0.16778523 0.24161074 0.36241611]
val_loss=14.7323
accuracy
[0.0704698  0.16778523 0.24161074 0.36241611]
val_loss=14.7167
accuracy
[0.0704698  0.16778523 0.24161074 0.36241611]
val_loss=14.7446
accuracy
[0.0704698  0.16778523 0.24161074 0.36241611]
val_loss=14.7585
accuracy
[0.0704698  0.16778523 0.24161074 0.36241611]
val_loss=14.7557
accuracy
[0.0704698  0.16778523 0.24161074 0.36241611]
val_loss=14.7516
accuracy
[0.0704698  0.16778523 0.24161074 0.36241611]
val_loss=14.7661
accuracy
[0.0704698  0.16778523 0.24161074 0.36241611]
val_loss=14.7945
accuracy
[0.0704698  0.16778523 0.24161074 0.36241611]
val_loss=14.8122
accuracy
[0.0704698  0.16778523 0.24161074 0.36241611]
val_loss=14.8090
accuracy
[0.0704698  0.16778523 0.24161074 0.36241611]
val_loss=14.7911
accuracy
[0.0704698  0.16778523 0.24161074 0.36241611]
val_loss=14.8259
accuracy
[0.0704698  0.16778523 0.24161074 0.36241611]
val_loss=14.8139
accuracy
[0.0704698  0.16778523 0.24161074 0.36241611]
val_loss=14.7864
accuracy
[0.0704698  0.16778523 0.24161074 0.36241611]
Finished Training
    rehearsal replay buffer: 500 of 683 source samples
cpu
Finished Training
cpu
Finished Training
cpu
Finished Training
cpu
Finished Training
cpu
Finished Training
cpu
Finished Training
cpu
Finished Training
cpu
Finished Training
cpu
Finished Training
cpu
Finished Training
cpu
Finished Training
cpu
Finished Training
cpu
Finished Training
cpu
Finished Training
cpu
Finished Training
cpu
Finished Training
cpu
Finished Training
cpu
Finished Training
cpu
Finished Training
cpu
Finished Training
cpu
Finished Training
cpu
Finished Training
  seed 7: pretrain on scenario7 (683 samples), zero-shot eval on scenario3 (298 held-out test samples)
cpu
-----------------------------------------------------------------------
      Layer (type)        Output Shape         Param #     Tr. Param #
=======================================================================
          Linear-1           [32, 256]           1,280           1,280
            ReLU-2           [32, 256]               0               0
          Linear-3           [32, 256]          65,792          65,792
          Linear-4           [32, 256]          65,792          65,792
          Linear-5            [32, 16]           4,112           4,112
=======================================================================
Total params: 136,976
Trainable params: 136,976
Non-trainable params: 0
-----------------------------------------------------------------------
val_loss=2.7562
accuracy
[0.17785235 0.26845638 0.36912752 0.63087248]
val_loss=4.9823
accuracy
[0.05369128 0.1442953  0.25503356 0.37583893]
val_loss=7.9180
accuracy
[0.05369128 0.1442953  0.21812081 0.33892617]
val_loss=9.7820
accuracy
[0.08389262 0.13758389 0.2114094  0.32550336]
val_loss=8.5719
accuracy
[0.05369128 0.13758389 0.2114094  0.33892617]
val_loss=9.1471
accuracy
[0.05369128 0.13758389 0.2114094  0.31208054]
val_loss=11.3296
accuracy
[0.05369128 0.13758389 0.2114094  0.33892617]
val_loss=10.2190
accuracy
[0.05369128 0.1409396  0.24161074 0.34563758]
val_loss=9.9200
accuracy
[0.08389262 0.13758389 0.21812081 0.32214765]
val_loss=13.0821
accuracy
[0.05369128 0.13758389 0.2114094  0.33892617]
val_loss=11.7717
accuracy
[0.05369128 0.13758389 0.2114094  0.33892617]
val_loss=10.6030
accuracy
[0.05704698 0.13758389 0.21812081 0.33892617]
val_loss=10.1109
accuracy
[0.05369128 0.13758389 0.2114094  0.33892617]
val_loss=11.3325
accuracy
[0.05369128 0.13758389 0.2114094  0.33892617]
val_loss=13.9089
accuracy
[0.05369128 0.13758389 0.2114094  0.33892617]
val_loss=13.8378
accuracy
[0.05369128 0.13758389 0.2114094  0.33892617]
val_loss=13.5859
accuracy
[0.05369128 0.13758389 0.2114094  0.33892617]
val_loss=10.5296
accuracy
[0.05369128 0.13758389 0.2114094  0.32885906]
val_loss=13.1466
accuracy
[0.05369128 0.13758389 0.2114094  0.32885906]
val_loss=12.1000
accuracy
[0.05369128 0.13758389 0.2114094  0.32885906]
val_loss=13.5401
accuracy
[0.05369128 0.13758389 0.2114094  0.32885906]
val_loss=13.1898
accuracy
[0.05369128 0.13758389 0.2114094  0.32885906]
val_loss=13.8160
accuracy
[0.05369128 0.13758389 0.2114094  0.32885906]
val_loss=14.5072
accuracy
[0.05369128 0.13758389 0.2114094  0.32885906]
val_loss=13.7250
accuracy
[0.05369128 0.13758389 0.2114094  0.32885906]
val_loss=14.6798
accuracy
[0.05369128 0.13758389 0.2114094  0.32885906]
val_loss=14.6827
accuracy
[0.05369128 0.13758389 0.2114094  0.32885906]
val_loss=15.0794
accuracy
[0.05369128 0.13758389 0.2114094  0.32885906]
val_loss=14.8779
accuracy
[0.05369128 0.13758389 0.2114094  0.32885906]
val_loss=15.8358
accuracy
[0.05369128 0.13758389 0.2114094  0.32885906]
val_loss=15.2858
accuracy
[0.05369128 0.13758389 0.2114094  0.32885906]
val_loss=15.8505
accuracy
[0.05369128 0.13758389 0.2114094  0.32885906]
val_loss=15.6525
accuracy
[0.05369128 0.13758389 0.2114094  0.32885906]
val_loss=15.0286
accuracy
[0.05369128 0.13758389 0.2114094  0.32885906]
val_loss=15.7695
accuracy
[0.05369128 0.13758389 0.2114094  0.32885906]
val_loss=15.4101
accuracy
[0.05369128 0.13758389 0.2114094  0.32885906]
val_loss=15.7559
accuracy
[0.05369128 0.13758389 0.2114094  0.32885906]
val_loss=16.2822
accuracy
[0.05369128 0.13758389 0.2114094  0.32885906]
val_loss=15.9167
accuracy
[0.05369128 0.13758389 0.2114094  0.32885906]
val_loss=16.5326
accuracy
[0.05369128 0.13758389 0.2114094  0.32885906]
val_loss=15.6653
accuracy
[0.05369128 0.13758389 0.2114094  0.32885906]
val_loss=15.8677
accuracy
[0.05369128 0.13758389 0.2114094  0.32885906]
val_loss=16.0050
accuracy
[0.05369128 0.13758389 0.2114094  0.32885906]
val_loss=16.0130
accuracy
[0.05369128 0.13758389 0.2114094  0.32885906]
val_loss=16.0940
accuracy
[0.05369128 0.13758389 0.2114094  0.32885906]
val_loss=15.8506
accuracy
[0.05369128 0.13758389 0.2114094  0.32885906]
val_loss=16.2055
accuracy
[0.05369128 0.13758389 0.2114094  0.32885906]
val_loss=16.1647
accuracy
[0.05369128 0.13758389 0.2114094  0.32885906]
val_loss=16.1580
accuracy
[0.05369128 0.13758389 0.2114094  0.32885906]
val_loss=16.3221
accuracy
[0.05369128 0.13758389 0.2114094  0.32885906]
val_loss=16.2347
accuracy
[0.05369128 0.13758389 0.2114094  0.32885906]
val_loss=16.3350
accuracy
[0.05369128 0.13758389 0.2114094  0.32885906]
val_loss=16.3188
accuracy
[0.05369128 0.13758389 0.2114094  0.32885906]
val_loss=16.5436
accuracy
[0.05369128 0.13758389 0.2114094  0.32885906]
val_loss=16.4150
accuracy
[0.05369128 0.13758389 0.2114094  0.32885906]
val_loss=16.3904
accuracy
[0.05369128 0.13758389 0.2114094  0.32885906]
val_loss=16.4783
accuracy
[0.05369128 0.13758389 0.2114094  0.32885906]
val_loss=16.2389
accuracy
[0.05369128 0.13758389 0.2114094  0.32885906]
val_loss=16.5601
accuracy
[0.05369128 0.13758389 0.2114094  0.32885906]
val_loss=16.6886
accuracy
[0.05369128 0.13758389 0.2114094  0.33221477]
val_loss=16.5341
accuracy
[0.05369128 0.13758389 0.2114094  0.33221477]
val_loss=16.4603
accuracy
[0.05369128 0.13758389 0.2114094  0.33221477]
val_loss=16.4548
accuracy
[0.05369128 0.13758389 0.2114094  0.33221477]
val_loss=16.5147
accuracy
[0.05369128 0.13758389 0.2114094  0.33221477]
val_loss=16.5009
accuracy
[0.05369128 0.13758389 0.2114094  0.33221477]
val_loss=16.5692
accuracy
[0.05369128 0.13758389 0.2114094  0.33221477]
val_loss=16.5403
accuracy
[0.05369128 0.13758389 0.2114094  0.33221477]
val_loss=16.5458
accuracy
[0.05369128 0.13758389 0.2114094  0.33221477]
val_loss=16.5255
accuracy
[0.05369128 0.13758389 0.2114094  0.33221477]
val_loss=16.5314
accuracy
[0.05369128 0.13758389 0.2114094  0.33221477]
val_loss=16.5536
accuracy
[0.05369128 0.13758389 0.2114094  0.33221477]
val_loss=16.5379
accuracy
[0.05369128 0.13758389 0.2114094  0.33221477]
val_loss=16.5820
accuracy
[0.05369128 0.13758389 0.2114094  0.33221477]
val_loss=16.5584
accuracy
[0.05369128 0.13758389 0.2114094  0.33221477]
val_loss=16.5867
accuracy
[0.05369128 0.13758389 0.2114094  0.33221477]
val_loss=16.5985
accuracy
[0.05369128 0.13758389 0.2114094  0.33221477]
val_loss=16.5944
accuracy
[0.05369128 0.13758389 0.2114094  0.33557047]
val_loss=16.5660
accuracy
[0.05369128 0.13758389 0.2114094  0.33557047]
val_loss=16.6033
accuracy
[0.05369128 0.13758389 0.2114094  0.33557047]
val_loss=16.6511
accuracy
[0.05369128 0.13758389 0.2114094  0.33557047]
Finished Training
    rehearsal replay buffer: 500 of 683 source samples
cpu
Finished Training
cpu
Finished Training
cpu
Finished Training
cpu
Finished Training
cpu
Finished Training
cpu
Finished Training
cpu
Finished Training
cpu
Finished Training
cpu
Finished Training
cpu
Finished Training
cpu
Finished Training
cpu
Finished Training
cpu
Finished Training
cpu
Finished Training
cpu
Finished Training
cpu
Finished Training
cpu
Finished Training
cpu
Finished Training
cpu
Finished Training
cpu
Finished Training
cpu
Finished Training
cpu
Finished Training
  seed 8: pretrain on scenario7 (683 samples), zero-shot eval on scenario3 (298 held-out test samples)
cpu
-----------------------------------------------------------------------
      Layer (type)        Output Shape         Param #     Tr. Param #
=======================================================================
          Linear-1           [32, 256]           1,280           1,280
            ReLU-2           [32, 256]               0               0
          Linear-3           [32, 256]          65,792          65,792
          Linear-4           [32, 256]          65,792          65,792
          Linear-5            [32, 16]           4,112           4,112
=======================================================================
Total params: 136,976
Trainable params: 136,976
Non-trainable params: 0
-----------------------------------------------------------------------
val_loss=2.9237
accuracy
[0.12080537 0.16778523 0.19463087 0.35234899]
val_loss=2.6484
accuracy
[0.17449664 0.32885906 0.43624161 0.65100671]
val_loss=5.0497
accuracy
[0.06711409 0.16778523 0.22483221 0.35234899]
val_loss=5.6940
accuracy
[0.06711409 0.16442953 0.24832215 0.35234899]
val_loss=7.9242
accuracy
[0.06711409 0.16442953 0.20134228 0.35234899]
val_loss=8.0173
accuracy
[0.06711409 0.16442953 0.20134228 0.35234899]
val_loss=9.3936
accuracy
[0.06711409 0.16442953 0.25503356 0.35234899]
val_loss=9.6192
accuracy
[0.06711409 0.16442953 0.20134228 0.35234899]
val_loss=11.2193
accuracy
[0.06711409 0.16442953 0.25503356 0.35234899]
val_loss=11.4153
accuracy
[0.06711409 0.16442953 0.25503356 0.35234899]
val_loss=10.5402
accuracy
[0.06711409 0.16442953 0.25503356 0.34899329]
val_loss=10.9322
accuracy
[0.06711409 0.16442953 0.24832215 0.35234899]
val_loss=12.4132
accuracy
[0.06711409 0.16442953 0.20134228 0.32885906]
val_loss=12.2362
accuracy
[0.06711409 0.15771812 0.25503356 0.32885906]
val_loss=9.9680
accuracy
[0.06711409 0.16442953 0.25167785 0.34899329]
val_loss=10.5414
accuracy
[0.06711409 0.16442953 0.20134228 0.33221477]
val_loss=11.4070
accuracy
[0.06711409 0.16442953 0.25503356 0.35234899]
val_loss=11.5938
accuracy
[0.06711409 0.16442953 0.25503356 0.33221477]
val_loss=11.1595
accuracy
[0.06711409 0.16442953 0.25167785 0.33221477]
val_loss=10.3896
accuracy
[0.06711409 0.16442953 0.25503356 0.34899329]
val_loss=11.8093
accuracy
[0.06711409 0.16442953 0.25503356 0.32885906]
val_loss=12.3627
accuracy
[0.06711409 0.16442953 0.25503356 0.33221477]
val_loss=12.4669
accuracy
[0.06711409 0.16442953 0.25503356 0.32885906]
val_loss=12.4863
accuracy
[0.06711409 0.16442953 0.25503356 0.33221477]
val_loss=13.4120
accuracy
[0.06711409 0.16442953 0.25503356 0.32885906]
val_loss=13.4332
accuracy
[0.06711409 0.16442953 0.25503356 0.33221477]
val_loss=13.0311
accuracy
[0.06711409 0.16442953 0.22818792 0.33221477]
val_loss=13.6428
accuracy
[0.06711409 0.16442953 0.25503356 0.33221477]
val_loss=13.9938
accuracy
[0.06711409 0.16442953 0.26510067 0.32885906]
val_loss=13.9716
accuracy
[0.06711409 0.16442953 0.26510067 0.33221477]
val_loss=13.8297
accuracy
[0.06711409 0.16442953 0.21812081 0.32885906]
val_loss=14.0427
accuracy
[0.06711409 0.16442953 0.27181208 0.32885906]
val_loss=13.8604
accuracy
[0.06711409 0.16442953 0.20805369 0.33221477]
val_loss=14.1874
accuracy
[0.06711409 0.16442953 0.20469799 0.32885906]
val_loss=14.2191
accuracy
[0.06711409 0.16442953 0.20469799 0.32885906]
val_loss=14.3103
accuracy
[0.06711409 0.16442953 0.20469799 0.33221477]
val_loss=13.8916
accuracy
[0.06711409 0.16442953 0.2114094  0.32885906]
val_loss=14.3097
accuracy
[0.06711409 0.16442953 0.2147651  0.33221477]
val_loss=14.3352
accuracy
[0.06711409 0.16442953 0.20469799 0.32885906]
val_loss=14.3637
accuracy
[0.06711409 0.16442953 0.20469799 0.33221477]
val_loss=14.1571
accuracy
[0.06711409 0.16442953 0.23154362 0.33221477]
val_loss=14.1590
accuracy
[0.06711409 0.16442953 0.23489933 0.33221477]
val_loss=14.3856
accuracy
[0.06711409 0.16442953 0.23489933 0.33221477]
val_loss=14.4143
accuracy
[0.06711409 0.16442953 0.22818792 0.33221477]
val_loss=14.4820
accuracy
[0.06711409 0.16442953 0.2147651  0.33221477]
val_loss=14.4168
accuracy
[0.06711409 0.16442953 0.20134228 0.33221477]
val_loss=14.4973
accuracy
[0.06711409 0.16442953 0.20469799 0.33221477]
val_loss=14.6694
accuracy
[0.06711409 0.16442953 0.20134228 0.33221477]
val_loss=14.6502
accuracy
[0.06711409 0.16442953 0.2147651  0.33221477]
val_loss=14.5193
accuracy
[0.06711409 0.16442953 0.2147651  0.33221477]
val_loss=14.6746
accuracy
[0.06711409 0.16442953 0.20805369 0.33221477]
val_loss=14.8221
accuracy
[0.06711409 0.16442953 0.20469799 0.33221477]
val_loss=14.7483
accuracy
[0.06711409 0.16442953 0.20805369 0.33221477]
val_loss=14.7389
accuracy
[0.06711409 0.16442953 0.20805369 0.33221477]
val_loss=14.6503
accuracy
[0.06711409 0.16442953 0.2147651  0.33221477]
val_loss=14.4812
accuracy
[0.06711409 0.16442953 0.2147651  0.33221477]
val_loss=14.6852
accuracy
[0.06711409 0.16442953 0.22818792 0.33221477]
val_loss=14.6863
accuracy
[0.06711409 0.16442953 0.2114094  0.33221477]
val_loss=14.7433
accuracy
[0.06711409 0.16442953 0.2147651  0.33221477]
val_loss=14.6833
accuracy
[0.06711409 0.16442953 0.2147651  0.33221477]
val_loss=14.7562
accuracy
[0.06711409 0.16442953 0.2147651  0.33221477]
val_loss=14.8422
accuracy
[0.06711409 0.16442953 0.2114094  0.33221477]
val_loss=14.7825
accuracy
[0.06711409 0.16442953 0.2147651  0.33221477]
val_loss=14.8478
accuracy
[0.06711409 0.16442953 0.2147651  0.33221477]
val_loss=14.8357
accuracy
[0.06711409 0.16442953 0.20805369 0.33221477]
val_loss=14.8165
accuracy
[0.06711409 0.16442953 0.20805369 0.33221477]
val_loss=14.8168
accuracy
[0.06711409 0.16442953 0.20805369 0.33221477]
val_loss=14.8460
accuracy
[0.06711409 0.16442953 0.20805369 0.33221477]
val_loss=14.8440
accuracy
[0.06711409 0.16442953 0.20805369 0.33221477]
val_loss=14.8290
accuracy
[0.06711409 0.16442953 0.20805369 0.33221477]
val_loss=14.8481
accuracy
[0.06711409 0.16442953 0.20805369 0.33221477]
val_loss=14.8304
accuracy
[0.06711409 0.16442953 0.20805369 0.33221477]
val_loss=14.8863
accuracy
[0.06711409 0.16442953 0.20805369 0.33221477]
val_loss=14.9121
accuracy
[0.06711409 0.16442953 0.20805369 0.33221477]
val_loss=14.8200
accuracy
[0.06711409 0.16442953 0.20805369 0.33221477]
val_loss=14.8493
accuracy
[0.06711409 0.16442953 0.20805369 0.33221477]
val_loss=14.8897
accuracy
[0.06711409 0.16442953 0.20805369 0.33221477]
val_loss=14.8626
accuracy
[0.06711409 0.16442953 0.20805369 0.33221477]
val_loss=14.9028
accuracy
[0.06711409 0.16442953 0.20805369 0.33221477]
val_loss=14.9013
accuracy
[0.06711409 0.16442953 0.20805369 0.33221477]
Finished Training
    rehearsal replay buffer: 500 of 683 source samples
cpu
Finished Training
cpu
Finished Training
cpu
Finished Training
cpu
Finished Training
cpu
Finished Training
cpu
Finished Training
cpu
Finished Training
cpu
Finished Training
cpu
Finished Training
cpu
Finished Training
cpu
Finished Training
cpu
Finished Training
cpu
Finished Training
cpu
Finished Training
cpu
Finished Training
cpu
Finished Training
cpu
Finished Training
cpu
Finished Training
cpu
Finished Training
cpu
Finished Training
cpu
Finished Training
cpu
Finished Training
  seed 9: pretrain on scenario7 (683 samples), zero-shot eval on scenario3 (298 held-out test samples)
cpu
-----------------------------------------------------------------------
      Layer (type)        Output Shape         Param #     Tr. Param #
=======================================================================
          Linear-1           [32, 256]           1,280           1,280
            ReLU-2           [32, 256]               0               0
          Linear-3           [32, 256]          65,792          65,792
          Linear-4           [32, 256]          65,792          65,792
          Linear-5            [32, 16]           4,112           4,112
=======================================================================
Total params: 136,976
Trainable params: 136,976
Non-trainable params: 0
-----------------------------------------------------------------------
val_loss=2.6959
accuracy
[0.15771812 0.27516779 0.33557047 0.52348993]
val_loss=5.5379
accuracy
[0.0704698  0.16778523 0.2114094  0.3557047 ]
val_loss=5.8940
accuracy
[0.08389262 0.18120805 0.26174497 0.34228188]
val_loss=7.0261
accuracy
[0.0704698  0.16778523 0.24161074 0.33221477]
val_loss=7.0481
accuracy
[0.07718121 0.18456376 0.22818792 0.40604027]
val_loss=8.1497
accuracy
[0.0704698  0.16778523 0.24161074 0.36912752]
val_loss=8.4691
accuracy
[0.07718121 0.17114094 0.23154362 0.39597315]
val_loss=9.1404
accuracy
[0.0704698  0.16778523 0.2147651  0.34228188]
val_loss=9.1133
accuracy
[0.0704698  0.17114094 0.22147651 0.34563758]
val_loss=7.8588
accuracy
[0.10067114 0.18120805 0.25838926 0.36577181]
val_loss=10.1978
accuracy
[0.0704698  0.16778523 0.24161074 0.34228188]
val_loss=8.5573
accuracy
[0.0704698  0.16778523 0.21812081 0.34228188]
val_loss=10.6083
accuracy
[0.0704698  0.16778523 0.24161074 0.34228188]
val_loss=11.1686
accuracy
[0.0704698  0.16778523 0.24161074 0.32885906]
val_loss=11.9636
accuracy
[0.0704698  0.16778523 0.24161074 0.34228188]
val_loss=10.3380
accuracy
[0.0704698  0.16778523 0.24161074 0.32885906]
val_loss=9.7232
accuracy
[0.0704698  0.16778523 0.24161074 0.32885906]
val_loss=10.0150
accuracy
[0.0704698  0.16778523 0.24161074 0.34228188]
val_loss=10.4546
accuracy
[0.0704698  0.16778523 0.24161074 0.33557047]
val_loss=10.6181
accuracy
[0.0704698  0.16778523 0.2147651  0.33557047]
val_loss=10.9127
accuracy
[0.0704698  0.16778523 0.27516779 0.32885906]
val_loss=11.5477
accuracy
[0.0704698  0.16778523 0.24161074 0.32885906]
val_loss=11.6448
accuracy
[0.0704698  0.16778523 0.23489933 0.32885906]
val_loss=11.3691
accuracy
[0.0704698  0.16778523 0.23489933 0.32885906]
val_loss=12.1818
accuracy
[0.0704698  0.16778523 0.26174497 0.32885906]
val_loss=11.8172
accuracy
[0.0704698  0.16778523 0.23154362 0.32885906]
val_loss=12.6129
accuracy
[0.0704698  0.16778523 0.23489933 0.32885906]
val_loss=12.4820
accuracy
[0.0704698  0.16778523 0.22147651 0.32885906]
val_loss=12.8556
accuracy
[0.0704698  0.16778523 0.21812081 0.32885906]
val_loss=12.6930
accuracy
[0.0704698  0.16778523 0.22147651 0.32885906]
val_loss=13.3344
accuracy
[0.0704698  0.16778523 0.23489933 0.32885906]
val_loss=12.9118
accuracy
[0.0704698  0.16778523 0.22147651 0.32885906]
val_loss=13.6391
accuracy
[0.0704698  0.16778523 0.21812081 0.32885906]
val_loss=12.9816
accuracy
[0.0704698  0.16778523 0.2147651  0.32885906]
val_loss=13.0179
accuracy
[0.0704698  0.16778523 0.22147651 0.32885906]
val_loss=13.5533
accuracy
[0.0704698  0.16778523 0.22147651 0.32885906]
val_loss=13.7399
accuracy
[0.0704698  0.16778523 0.23154362 0.32885906]
val_loss=13.8162
accuracy
[0.0704698  0.16778523 0.21812081 0.32885906]
val_loss=14.5229
accuracy
[0.0704698  0.16778523 0.2147651  0.32885906]
val_loss=13.5908
accuracy
[0.0704698  0.16778523 0.21812081 0.32885906]
val_loss=13.6627
accuracy
[0.0704698  0.16778523 0.21812081 0.32885906]
val_loss=13.6604
accuracy
[0.0704698  0.16778523 0.2147651  0.32885906]
val_loss=13.8574
accuracy
[0.0704698  0.16778523 0.21812081 0.32885906]
val_loss=13.8715
accuracy
[0.0704698  0.16778523 0.22147651 0.32885906]
val_loss=13.9857
accuracy
[0.0704698  0.16778523 0.21812081 0.32885906]
val_loss=14.0993
accuracy
[0.0704698  0.16778523 0.21812081 0.32885906]
val_loss=14.0275
accuracy
[0.0704698  0.16778523 0.21812081 0.32885906]
val_loss=14.0757
accuracy
[0.0704698  0.16778523 0.21812081 0.32885906]
val_loss=14.2726
accuracy
[0.0704698  0.16778523 0.21812081 0.32885906]
val_loss=14.2780
accuracy
[0.0704698  0.16778523 0.21812081 0.32885906]
val_loss=14.2958
accuracy
[0.0704698  0.16778523 0.21812081 0.32885906]
val_loss=14.3397
accuracy
[0.0704698  0.16778523 0.21812081 0.32885906]
val_loss=14.5368
accuracy
[0.0704698  0.16778523 0.21812081 0.32885906]
val_loss=14.3954
accuracy
[0.0704698  0.16778523 0.2147651  0.32885906]
val_loss=14.5505
accuracy
[0.0704698  0.16778523 0.21812081 0.32885906]
val_loss=14.5768
accuracy
[0.0704698  0.16778523 0.21812081 0.32885906]
val_loss=14.4131
accuracy
[0.0704698  0.16778523 0.2147651  0.32885906]
val_loss=14.5056
accuracy
[0.0704698  0.16778523 0.2147651  0.32885906]
val_loss=14.6208
accuracy
[0.0704698  0.16778523 0.2147651  0.32885906]
val_loss=14.4417
accuracy
[0.0704698  0.16778523 0.21812081 0.32885906]
val_loss=14.4660
accuracy
[0.0704698  0.16778523 0.21812081 0.32885906]
val_loss=14.5274
accuracy
[0.0704698  0.16778523 0.21812081 0.32885906]
val_loss=14.5539
accuracy
[0.0704698  0.16778523 0.2147651  0.32885906]
val_loss=14.5614
accuracy
[0.0704698  0.16778523 0.2147651  0.32885906]
val_loss=14.5924
accuracy
[0.0704698  0.16778523 0.2147651  0.32885906]
val_loss=14.5831
accuracy
[0.0704698  0.16778523 0.2147651  0.32885906]
val_loss=14.5882
accuracy
[0.0704698  0.16778523 0.2147651  0.32885906]
val_loss=14.6243
accuracy
[0.0704698  0.16778523 0.2147651  0.32885906]
val_loss=14.6119
accuracy
[0.0704698  0.16778523 0.2147651  0.32885906]
val_loss=14.6330
accuracy
[0.0704698  0.16778523 0.2147651  0.32885906]
val_loss=14.6334
accuracy
[0.0704698  0.16778523 0.2147651  0.32885906]
val_loss=14.5943
accuracy
[0.0704698  0.16778523 0.2147651  0.32885906]
val_loss=14.6859
accuracy
[0.0704698  0.16778523 0.2147651  0.32885906]
val_loss=14.6452
accuracy
[0.0704698  0.16778523 0.2147651  0.32885906]
val_loss=14.6585
accuracy
[0.0704698  0.16778523 0.2147651  0.32885906]
val_loss=14.6694
accuracy
[0.0704698  0.16778523 0.2147651  0.32885906]
val_loss=14.6806
accuracy
[0.0704698  0.16778523 0.2147651  0.32885906]
val_loss=14.7008
accuracy
[0.0704698  0.16778523 0.2147651  0.32885906]
val_loss=14.7055
accuracy
[0.0704698  0.16778523 0.2147651  0.32885906]
val_loss=14.6962
accuracy
[0.0704698  0.16778523 0.2147651  0.32885906]
Finished Training
    rehearsal replay buffer: 500 of 683 source samples
cpu
Finished Training
cpu
Finished Training
cpu
Finished Training
cpu
Finished Training
cpu
Finished Training
cpu
Finished Training
cpu
Finished Training
cpu
Finished Training
cpu
Finished Training
cpu
Finished Training
cpu
Finished Training
cpu
Finished Training
cpu
Finished Training
cpu
Finished Training
cpu
Finished Training
cpu
Finished Training
cpu
Finished Training
cpu
Finished Training
cpu
Finished Training
cpu
Finished Training
cpu
Finished Training
cpu
Finished Training
Saved result\stage1_s7_to_s3_rehearsal_acc.mat and result\stage1_s7_to_s3_rehearsal_pwr.mat (10/10 seeds completed)

======================================================================
Rehearsal comparison: scenario7 -> scenario4  (s7_to_s4)
======================================================================
  seed 0: pretrain on scenario7 (683 samples), zero-shot eval on scenario4 (374 held-out test samples)
cpu
-----------------------------------------------------------------------
      Layer (type)        Output Shape         Param #     Tr. Param #
=======================================================================
          Linear-1           [32, 256]           1,280           1,280
            ReLU-2           [32, 256]               0               0
          Linear-3           [32, 256]          65,792          65,792
          Linear-4           [32, 256]          65,792          65,792
          Linear-5            [32, 16]           4,112           4,112
=======================================================================
Total params: 136,976
Trainable params: 136,976
Non-trainable params: 0
-----------------------------------------------------------------------
val_loss=2.8827
accuracy
[0.04010695 0.11229947 0.1657754  0.35828877]
val_loss=4.4834
accuracy
[0.04278075 0.12299465 0.24064171 0.39037433]
val_loss=5.8613
accuracy
[0.13101604 0.18181818 0.2540107  0.40106952]
val_loss=8.5257
accuracy
[0.05347594 0.16042781 0.23262032 0.38502674]
val_loss=7.1541
accuracy
[0.05080214 0.20053476 0.27807487 0.45989305]
val_loss=8.2035
accuracy
[0.05614973 0.17914439 0.27540107 0.41176471]
val_loss=10.7344
accuracy
[0.05614973 0.18181818 0.25668449 0.40374332]
val_loss=10.4276
accuracy
[0.04812834 0.17112299 0.25668449 0.40641711]
val_loss=10.2870
accuracy
[0.05347594 0.20320856 0.28877005 0.42780749]
val_loss=11.7196
accuracy
[0.07219251 0.20320856 0.28877005 0.42245989]
val_loss=11.1540
accuracy
[0.07486631 0.17112299 0.29679144 0.44652406]
val_loss=12.5106
accuracy
[0.07219251 0.20855615 0.28609626 0.43582888]
val_loss=12.1943
accuracy
[0.05080214 0.14438503 0.28342246 0.4197861 ]
val_loss=10.8373
accuracy
[0.0828877  0.19786096 0.29679144 0.43582888]
val_loss=11.9427
accuracy
[0.04545455 0.17112299 0.26470588 0.40374332]
val_loss=12.5915
accuracy
[0.06951872 0.19786096 0.28342246 0.40641711]
val_loss=13.0390
accuracy
[0.06951872 0.18449198 0.28342246 0.42245989]
val_loss=14.0727
accuracy
[0.05347594 0.18716578 0.26470588 0.40641711]
val_loss=13.4738
accuracy
[0.04545455 0.17914439 0.27272727 0.40374332]
val_loss=12.8501
accuracy
[0.06149733 0.20053476 0.28342246 0.40909091]
val_loss=13.4864
accuracy
[0.06149733 0.20855615 0.27807487 0.40909091]
val_loss=13.5077
accuracy
[0.07219251 0.21390374 0.28609626 0.41176471]
val_loss=13.5785
accuracy
[0.07219251 0.20588235 0.28609626 0.42513369]
val_loss=14.4284
accuracy
[0.06684492 0.20320856 0.29144385 0.4197861 ]
val_loss=14.7768
accuracy
[0.06684492 0.19518717 0.29144385 0.41176471]
val_loss=14.8484
accuracy
[0.06684492 0.20855615 0.30748663 0.4144385 ]
val_loss=14.6070
accuracy
[0.06951872 0.20320856 0.29144385 0.43048128]
val_loss=15.1874
accuracy
[0.07219251 0.19786096 0.29144385 0.4171123 ]
val_loss=15.4685
accuracy
[0.06149733 0.19786096 0.27807487 0.42780749]
val_loss=15.4405
accuracy
[0.06417112 0.20320856 0.29144385 0.43315508]
val_loss=15.7939
accuracy
[0.07219251 0.21390374 0.28877005 0.42513369]
val_loss=16.5192
accuracy
[0.06149733 0.19518717 0.27807487 0.4171123 ]
val_loss=16.1836
accuracy
[0.05882353 0.20053476 0.27540107 0.43315508]
val_loss=15.7012
accuracy
[0.06684492 0.20588235 0.28609626 0.43582888]
val_loss=16.6899
accuracy
[0.05614973 0.19786096 0.27272727 0.42780749]
val_loss=15.7985
accuracy
[0.07486631 0.20320856 0.29411765 0.43582888]
val_loss=16.5681
accuracy
[0.05882353 0.19518717 0.27540107 0.42513369]
val_loss=16.0767
accuracy
[0.06951872 0.20053476 0.28877005 0.42780749]
val_loss=15.9097
accuracy
[0.07754011 0.21122995 0.29411765 0.43048128]
val_loss=16.9230
accuracy
[0.06149733 0.19518717 0.27807487 0.4197861 ]
val_loss=16.2959
accuracy
[0.06417112 0.20053476 0.28609626 0.43048128]
val_loss=16.6275
accuracy
[0.07219251 0.20855615 0.28609626 0.42513369]
val_loss=16.6729
accuracy
[0.06951872 0.20855615 0.28877005 0.43048128]
val_loss=16.6902
accuracy
[0.06684492 0.20855615 0.28877005 0.43315508]
val_loss=16.7319
accuracy
[0.06684492 0.20855615 0.28877005 0.43315508]
val_loss=16.6004
accuracy
[0.06684492 0.20855615 0.28877005 0.43048128]
val_loss=16.7275
accuracy
[0.06684492 0.20855615 0.28877005 0.42513369]
val_loss=16.8352
accuracy
[0.06417112 0.20855615 0.28609626 0.43048128]
val_loss=16.7473
accuracy
[0.06684492 0.20855615 0.28609626 0.43315508]
val_loss=16.8279
accuracy
[0.06951872 0.20855615 0.28609626 0.43315508]
val_loss=16.7798
accuracy
[0.06417112 0.20855615 0.28609626 0.43315508]
val_loss=17.0490
accuracy
[0.06951872 0.20855615 0.28342246 0.42513369]
val_loss=16.9607
accuracy
[0.06684492 0.20855615 0.28609626 0.43315508]
val_loss=16.9155
accuracy
[0.06684492 0.21122995 0.28609626 0.43315508]
val_loss=16.8907
accuracy
[0.06684492 0.21390374 0.28342246 0.43315508]
val_loss=17.0637
accuracy
[0.06684492 0.20855615 0.28342246 0.42780749]
val_loss=16.9675
accuracy
[0.06684492 0.21122995 0.28609626 0.43315508]
val_loss=16.9844
accuracy
[0.06417112 0.21390374 0.28342246 0.43315508]
val_loss=17.1771
accuracy
[0.06684492 0.21390374 0.28342246 0.43315508]
val_loss=16.9624
accuracy
[0.06417112 0.22727273 0.28609626 0.43315508]
val_loss=17.0577
accuracy
[0.06684492 0.22192513 0.28609626 0.43315508]
val_loss=17.0751
accuracy
[0.06684492 0.22994652 0.28342246 0.43315508]
val_loss=17.0950
accuracy
[0.06684492 0.24064171 0.28342246 0.43315508]
val_loss=17.0966
accuracy
[0.06684492 0.21390374 0.28342246 0.43315508]
val_loss=17.0883
accuracy
[0.06684492 0.21122995 0.28342246 0.43315508]
val_loss=17.1354
accuracy
[0.06684492 0.21657754 0.28342246 0.43315508]
val_loss=17.1592
accuracy
[0.06684492 0.23262032 0.28342246 0.43315508]
val_loss=17.1365
accuracy
[0.06684492 0.23796791 0.28342246 0.43315508]
val_loss=17.1981
accuracy
[0.06684492 0.22727273 0.28342246 0.43315508]
val_loss=17.1596
accuracy
[0.06684492 0.22727273 0.28342246 0.43315508]
val_loss=17.1647
accuracy
[0.06684492 0.21122995 0.28342246 0.43315508]
val_loss=17.2194
accuracy
[0.06684492 0.21122995 0.28342246 0.43315508]
val_loss=17.1865
accuracy
[0.06684492 0.21122995 0.28342246 0.43315508]
val_loss=17.2076
accuracy
[0.06684492 0.21122995 0.28342246 0.43315508]
val_loss=17.2467
accuracy
[0.06684492 0.21122995 0.28342246 0.43315508]
val_loss=17.2117
accuracy
[0.06684492 0.21122995 0.28342246 0.43315508]
val_loss=17.2360
accuracy
[0.06684492 0.21122995 0.28342246 0.43048128]
val_loss=17.2953
accuracy
[0.06684492 0.21122995 0.28342246 0.43048128]
val_loss=17.2750
accuracy
[0.06684492 0.22459893 0.28342246 0.43315508]
val_loss=17.2478
accuracy
[0.06684492 0.23262032 0.28342246 0.43315508]
Finished Training
    rehearsal replay buffer: 500 of 683 source samples
cpu
Finished Training
cpu
Finished Training
cpu
Finished Training
cpu
Finished Training
cpu
Finished Training
cpu
Finished Training
cpu
Finished Training
cpu
Finished Training
cpu
Finished Training
cpu
Finished Training
cpu
Finished Training
cpu
Finished Training
cpu
Finished Training
cpu
Finished Training
cpu
Finished Training
cpu
Finished Training
cpu
Finished Training
cpu
Finished Training
cpu
Finished Training
cpu
Finished Training
cpu
Finished Training
cpu
Finished Training
  seed 1: pretrain on scenario7 (683 samples), zero-shot eval on scenario4 (374 held-out test samples)
cpu
-----------------------------------------------------------------------
      Layer (type)        Output Shape         Param #     Tr. Param #
=======================================================================
          Linear-1           [32, 256]           1,280           1,280
            ReLU-2           [32, 256]               0               0
          Linear-3           [32, 256]          65,792          65,792
          Linear-4           [32, 256]          65,792          65,792
          Linear-5            [32, 16]           4,112           4,112
=======================================================================
Total params: 136,976
Trainable params: 136,976
Non-trainable params: 0
-----------------------------------------------------------------------
val_loss=2.5646
accuracy
[0.13636364 0.2540107  0.30213904 0.44919786]
val_loss=4.2904
accuracy
[0.04545455 0.17647059 0.2486631  0.40641711]
val_loss=7.4502
accuracy
[0.06149733 0.20855615 0.31016043 0.45721925]
val_loss=8.4717
accuracy
[0.10427807 0.17379679 0.2459893  0.40374332]
val_loss=11.2590
accuracy
[0.04010695 0.1631016  0.22994652 0.37967914]
val_loss=10.1856
accuracy
[0.04545455 0.1631016  0.23529412 0.37433155]
val_loss=11.7010
accuracy
[0.03208556 0.17112299 0.27005348 0.41176471]
val_loss=10.9417
accuracy
[0.04812834 0.18983957 0.29144385 0.43048128]
val_loss=13.8086
accuracy
[0.04545455 0.17914439 0.2513369  0.4171123 ]
val_loss=13.0366
accuracy
[0.03743316 0.15240642 0.21657754 0.36363636]
val_loss=8.9544
accuracy
[0.07219251 0.23529412 0.31818182 0.45454545]
val_loss=11.0062
accuracy
[0.04278075 0.18449198 0.27005348 0.41176471]
val_loss=13.9665
accuracy
[0.04278075 0.18181818 0.27005348 0.42513369]
val_loss=12.6417
accuracy
[0.04812834 0.20053476 0.27272727 0.40106952]
val_loss=14.0056
accuracy
[0.05882353 0.19251337 0.28342246 0.43315508]
val_loss=13.5877
accuracy
[0.04545455 0.17112299 0.29411765 0.44117647]
val_loss=14.0262
accuracy
[0.04545455 0.18716578 0.28074866 0.43315508]
val_loss=10.7953
accuracy
[0.06951872 0.22727273 0.30213904 0.45989305]
val_loss=13.1052
accuracy
[0.05882353 0.20320856 0.28877005 0.44385027]
val_loss=15.5053
accuracy
[0.04278075 0.18449198 0.26737968 0.4171123 ]
val_loss=14.4710
accuracy
[0.06951872 0.21122995 0.29411765 0.44117647]
val_loss=15.5660
accuracy
[0.05080214 0.18449198 0.27540107 0.43048128]
val_loss=15.3396
accuracy
[0.06417112 0.20053476 0.28877005 0.44117647]
val_loss=15.9159
accuracy
[0.06149733 0.19786096 0.28609626 0.43582888]
val_loss=16.4793
accuracy
[0.06149733 0.19786096 0.27807487 0.4144385 ]
val_loss=16.3481
accuracy
[0.06417112 0.19518717 0.28877005 0.44117647]
val_loss=16.2913
accuracy
[0.04812834 0.20588235 0.28877005 0.45187166]
val_loss=16.6031
accuracy
[0.05614973 0.19251337 0.27540107 0.43850267]
val_loss=16.6582
accuracy
[0.06951872 0.19518717 0.28609626 0.43048128]
val_loss=16.6618
accuracy
[0.05882353 0.19786096 0.28877005 0.43850267]
val_loss=16.8721
accuracy
[0.06684492 0.19518717 0.28609626 0.43582888]
val_loss=16.8203
accuracy
[0.05080214 0.18716578 0.28074866 0.44117647]
val_loss=17.1158
accuracy
[0.06951872 0.19518717 0.28877005 0.42513369]
val_loss=17.2639
accuracy
[0.06417112 0.19518717 0.28609626 0.42513369]
val_loss=16.7477
accuracy
[0.06149733 0.19251337 0.29411765 0.44117647]
val_loss=17.1981
accuracy
[0.05614973 0.19786096 0.27807487 0.44117647]
val_loss=16.8292
accuracy
[0.06951872 0.20053476 0.28877005 0.43048128]
val_loss=16.9113
accuracy
[0.05347594 0.18983957 0.27272727 0.4144385 ]
val_loss=17.1094
accuracy
[0.05882353 0.18716578 0.27540107 0.4197861 ]
val_loss=17.1547
accuracy
[0.06149733 0.19251337 0.28074866 0.42513369]
val_loss=16.9230
accuracy
[0.06684492 0.19251337 0.28877005 0.43582888]
val_loss=16.9266
accuracy
[0.06684492 0.19518717 0.28609626 0.43582888]
val_loss=17.0183
accuracy
[0.06417112 0.19251337 0.28609626 0.43315508]
val_loss=17.0465
accuracy
[0.06149733 0.19251337 0.28342246 0.43850267]
val_loss=17.1987
accuracy
[0.06417112 0.19251337 0.28342246 0.43850267]
val_loss=17.1192
accuracy
[0.06684492 0.19518717 0.28609626 0.43315508]
val_loss=17.3404
accuracy
[0.06417112 0.19251337 0.28342246 0.43582888]
val_loss=17.2355
accuracy
[0.06417112 0.19251337 0.28609626 0.43850267]
val_loss=17.3236
accuracy
[0.06417112 0.19251337 0.28609626 0.43850267]
val_loss=17.3551
accuracy
[0.06417112 0.19251337 0.28342246 0.43850267]
val_loss=17.3248
accuracy
[0.06684492 0.19518717 0.28609626 0.43582888]
val_loss=17.4432
accuracy
[0.06684492 0.18983957 0.28342246 0.43048128]
val_loss=17.2655
accuracy
[0.06149733 0.19786096 0.29144385 0.44385027]
val_loss=17.5704
accuracy
[0.06417112 0.19251337 0.28342246 0.43315508]
val_loss=17.5401
accuracy
[0.06417112 0.19251337 0.28609626 0.43582888]
val_loss=17.6023
accuracy
[0.06684492 0.19251337 0.28877005 0.42513369]
val_loss=17.5602
accuracy
[0.06684492 0.19251337 0.28877005 0.43850267]
val_loss=17.4847
accuracy
[0.06684492 0.19518717 0.28877005 0.43850267]
val_loss=17.7785
accuracy
[0.06417112 0.19251337 0.28342246 0.42780749]
val_loss=17.6458
accuracy
[0.06684492 0.19251337 0.28609626 0.43582888]
val_loss=17.6668
accuracy
[0.06684492 0.19251337 0.28609626 0.43582888]
val_loss=17.6215
accuracy
[0.06684492 0.19251337 0.28609626 0.43582888]
val_loss=17.6368
accuracy
[0.06684492 0.19251337 0.28877005 0.43582888]
val_loss=17.6235
accuracy
[0.06684492 0.19251337 0.28877005 0.43850267]
val_loss=17.6518
accuracy
[0.06417112 0.19251337 0.28609626 0.43582888]
val_loss=17.6645
accuracy
[0.06417112 0.19251337 0.28877005 0.43315508]
val_loss=17.6617
accuracy
[0.06684492 0.19251337 0.28609626 0.43315508]
val_loss=17.6373
accuracy
[0.06684492 0.19251337 0.28877005 0.43850267]
val_loss=17.6791
accuracy
[0.06417112 0.19251337 0.28609626 0.43315508]
val_loss=17.7058
accuracy
[0.06417112 0.19518717 0.28609626 0.43315508]
val_loss=17.6687
accuracy
[0.06417112 0.19251337 0.28877005 0.43850267]
val_loss=17.6848
accuracy
[0.06417112 0.19251337 0.28877005 0.43850267]
val_loss=17.7143
accuracy
[0.06417112 0.19518717 0.28609626 0.43315508]
val_loss=17.6950
accuracy
[0.06417112 0.19518717 0.28609626 0.43315508]
val_loss=17.6846
accuracy
[0.06684492 0.19518717 0.28877005 0.43582888]
val_loss=17.7280
accuracy
[0.06417112 0.19251337 0.28609626 0.43315508]
val_loss=17.7125
accuracy
[0.06417112 0.19251337 0.28877005 0.43850267]
val_loss=17.6738
accuracy
[0.06417112 0.19251337 0.28877005 0.43850267]
val_loss=17.7232
accuracy
[0.06417112 0.19251337 0.28609626 0.43315508]
val_loss=17.6999
accuracy
[0.06417112 0.19518717 0.28877005 0.43850267]
Finished Training
    rehearsal replay buffer: 500 of 683 source samples
cpu
Finished Training
cpu
Finished Training
cpu
Finished Training
cpu
Finished Training
cpu
Finished Training
cpu
Finished Training
cpu
Finished Training
cpu
Finished Training
cpu
Finished Training
cpu
Finished Training
cpu
Finished Training
cpu
Finished Training
cpu
Finished Training
cpu
Finished Training
cpu
Finished Training
cpu
Finished Training
cpu
Finished Training
cpu
Finished Training
cpu
Finished Training
cpu
Finished Training
cpu
Finished Training
cpu
Finished Training
  seed 2: pretrain on scenario7 (683 samples), zero-shot eval on scenario4 (374 held-out test samples)
cpu
-----------------------------------------------------------------------
      Layer (type)        Output Shape         Param #     Tr. Param #
=======================================================================
          Linear-1           [32, 256]           1,280           1,280
            ReLU-2           [32, 256]               0               0
          Linear-3           [32, 256]          65,792          65,792
          Linear-4           [32, 256]          65,792          65,792
          Linear-5            [32, 16]           4,112           4,112
=======================================================================
Total params: 136,976
Trainable params: 136,976
Non-trainable params: 0
-----------------------------------------------------------------------
val_loss=2.6444
accuracy
[0.09893048 0.19786096 0.21925134 0.42245989]
val_loss=5.3085
accuracy
[0.06951872 0.17914439 0.28342246 0.45454545]
val_loss=6.2931
accuracy
[0.06951872 0.18181818 0.29679144 0.47058824]
val_loss=9.4209
accuracy
[0.06149733 0.1657754  0.2540107  0.43582888]
val_loss=10.7563
accuracy
[0.05614973 0.1631016  0.28074866 0.4171123 ]
val_loss=11.0382
accuracy
[0.05882353 0.1657754  0.28342246 0.45989305]
val_loss=10.7337
accuracy
[0.06951872 0.18181818 0.27272727 0.4197861 ]
val_loss=10.1693
accuracy
[0.07219251 0.2513369  0.35026738 0.5026738 ]
val_loss=8.3382
accuracy
[0.07219251 0.23262032 0.32085561 0.47058824]
val_loss=11.2516
accuracy
[0.06951872 0.17379679 0.29411765 0.42780749]
val_loss=11.3193
accuracy
[0.06149733 0.18181818 0.30481283 0.46524064]
val_loss=14.0704
accuracy
[0.05080214 0.15508021 0.25935829 0.39572193]
val_loss=11.1757
accuracy
[0.06149733 0.19251337 0.31016043 0.44117647]
val_loss=13.6026
accuracy
[0.06951872 0.18449198 0.29144385 0.40909091]
val_loss=10.2081
accuracy
[0.0802139  0.20053476 0.31550802 0.44117647]
val_loss=12.2903
accuracy
[0.06417112 0.18716578 0.32352941 0.47593583]
val_loss=12.6270
accuracy
[0.0802139  0.19251337 0.31550802 0.44385027]
val_loss=10.3373
accuracy
[0.06417112 0.18983957 0.32887701 0.47860963]
val_loss=13.1922
accuracy
[0.0802139  0.18983957 0.31283422 0.43850267]
val_loss=13.8030
accuracy
[0.06417112 0.18449198 0.30213904 0.42245989]
val_loss=13.7529
accuracy
[0.0828877  0.19518717 0.30748663 0.45187166]
val_loss=14.5300
accuracy
[0.07219251 0.19251337 0.31016043 0.45187166]
val_loss=15.0245
accuracy
[0.07486631 0.19786096 0.31550802 0.45721925]
val_loss=16.0668
accuracy
[0.07754011 0.19786096 0.30748663 0.44919786]
val_loss=16.3150
accuracy
[0.07754011 0.20588235 0.31016043 0.44652406]
val_loss=16.0060
accuracy
[0.0802139  0.20588235 0.32620321 0.47593583]
val_loss=16.4228
accuracy
[0.07754011 0.20320856 0.31818182 0.45454545]
val_loss=16.2422
accuracy
[0.06684492 0.19786096 0.33957219 0.47860963]
val_loss=17.3128
accuracy
[0.0802139  0.20320856 0.31550802 0.44652406]
val_loss=16.7851
accuracy
[0.07754011 0.20588235 0.31016043 0.45721925]
val_loss=16.6583
accuracy
[0.07219251 0.20855615 0.31818182 0.45454545]
val_loss=16.9653
accuracy
[0.07754011 0.20588235 0.31818182 0.45721925]
val_loss=17.2385
accuracy
[0.07754011 0.20588235 0.31818182 0.45721925]
val_loss=16.5389
accuracy
[0.07219251 0.21390374 0.30748663 0.46791444]
val_loss=17.1091
accuracy
[0.07486631 0.20053476 0.29411765 0.45721925]
val_loss=16.9144
accuracy
[0.07486631 0.20855615 0.30481283 0.45454545]
val_loss=17.1227
accuracy
[0.07219251 0.20588235 0.31016043 0.46524064]
val_loss=18.0073
accuracy
[0.0828877  0.20855615 0.30213904 0.43850267]
val_loss=17.0847
accuracy
[0.07486631 0.21122995 0.30213904 0.45989305]
val_loss=16.9813
accuracy
[0.07219251 0.20588235 0.31283422 0.47593583]
val_loss=17.4865
accuracy
[0.0828877  0.20588235 0.30481283 0.45721925]
val_loss=17.8033
accuracy
[0.0802139  0.20588235 0.30213904 0.45454545]
val_loss=17.6402
accuracy
[0.07754011 0.20588235 0.30213904 0.45454545]
val_loss=17.7633
accuracy
[0.0802139  0.20588235 0.30481283 0.45454545]
val_loss=17.6964
accuracy
[0.07219251 0.20588235 0.30748663 0.47058824]
val_loss=17.9554
accuracy
[0.0802139  0.20588235 0.30481283 0.45454545]
val_loss=17.9588
accuracy
[0.07754011 0.20588235 0.30481283 0.45454545]
val_loss=18.0382
accuracy
[0.0802139  0.20588235 0.30481283 0.45454545]
val_loss=17.9034
accuracy
[0.07486631 0.20855615 0.30748663 0.46524064]
val_loss=18.0271
accuracy
[0.07486631 0.20855615 0.30481283 0.45989305]
val_loss=18.1446
accuracy
[0.07754011 0.20588235 0.30481283 0.45989305]
val_loss=18.0698
accuracy
[0.07754011 0.20855615 0.30748663 0.45989305]
val_loss=18.0139
accuracy
[0.06951872 0.20855615 0.31283422 0.47593583]
val_loss=18.5426
accuracy
[0.0802139  0.20588235 0.30481283 0.44919786]
val_loss=18.2121
accuracy
[0.07219251 0.20855615 0.30481283 0.46256684]
val_loss=18.2159
accuracy
[0.07219251 0.21122995 0.30481283 0.45989305]
val_loss=18.2779
accuracy
[0.07486631 0.20855615 0.30748663 0.45721925]
val_loss=18.5428
accuracy
[0.07754011 0.21122995 0.30481283 0.45721925]
val_loss=18.5476
accuracy
[0.0802139  0.20855615 0.30213904 0.45454545]
val_loss=18.5971
accuracy
[0.0802139  0.20855615 0.30481283 0.45454545]
val_loss=18.5399
accuracy
[0.07754011 0.20855615 0.30481283 0.45454545]
val_loss=18.4880
accuracy
[0.07754011 0.20855615 0.30481283 0.45989305]
val_loss=18.4841
accuracy
[0.07754011 0.20855615 0.30481283 0.45721925]
val_loss=18.5402
accuracy
[0.0802139  0.21122995 0.30481283 0.45454545]
val_loss=18.5095
accuracy
[0.07754011 0.21122995 0.30481283 0.45454545]
val_loss=18.5107
accuracy
[0.07754011 0.20855615 0.30748663 0.45721925]
val_loss=18.5472
accuracy
[0.07754011 0.21122995 0.30481283 0.45454545]
val_loss=18.5602
accuracy
[0.07754011 0.21122995 0.30481283 0.45454545]
val_loss=18.5385
accuracy
[0.07754011 0.21122995 0.30481283 0.45721925]
val_loss=18.5416
accuracy
[0.07754011 0.20855615 0.30481283 0.45989305]
val_loss=18.5340
accuracy
[0.07754011 0.20855615 0.30748663 0.45989305]
val_loss=18.5858
accuracy
[0.07754011 0.21122995 0.30481283 0.45721925]
val_loss=18.5869
accuracy
[0.07486631 0.21122995 0.30748663 0.45721925]
val_loss=18.6256
accuracy
[0.07754011 0.21122995 0.30481283 0.45721925]
val_loss=18.5919
accuracy
[0.07754011 0.20855615 0.30213904 0.45989305]
val_loss=18.6017
accuracy
[0.07754011 0.20855615 0.30481283 0.45721925]
val_loss=18.6417
accuracy
[0.07754011 0.21122995 0.30213904 0.45454545]
val_loss=18.5774
accuracy
[0.07754011 0.20855615 0.30481283 0.45989305]
val_loss=18.5716
accuracy
[0.07486631 0.20855615 0.30481283 0.45989305]
val_loss=18.6633
accuracy
[0.0802139  0.21122995 0.30481283 0.45454545]
Finished Training
    rehearsal replay buffer: 500 of 683 source samples
cpu
Finished Training
cpu
Finished Training
cpu
Finished Training
cpu
Finished Training
cpu
Finished Training
cpu
Finished Training
cpu
Finished Training
cpu
Finished Training
cpu
Finished Training
cpu
Finished Training
cpu
Finished Training
cpu
Finished Training
cpu
Finished Training
cpu
Finished Training
cpu
Finished Training
cpu
Finished Training
cpu
Finished Training
cpu
Finished Training
cpu
Finished Training
cpu
Finished Training
cpu
Finished Training
cpu
Finished Training
  seed 3: pretrain on scenario7 (683 samples), zero-shot eval on scenario4 (374 held-out test samples)
cpu
-----------------------------------------------------------------------
      Layer (type)        Output Shape         Param #     Tr. Param #
=======================================================================
          Linear-1           [32, 256]           1,280           1,280
            ReLU-2           [32, 256]               0               0
          Linear-3           [32, 256]          65,792          65,792
          Linear-4           [32, 256]          65,792          65,792
          Linear-5            [32, 16]           4,112           4,112
=======================================================================
Total params: 136,976
Trainable params: 136,976
Non-trainable params: 0
-----------------------------------------------------------------------
val_loss=2.4075
accuracy
[0.17914439 0.27807487 0.42780749 0.71925134]
val_loss=3.1889
accuracy
[0.11764706 0.15775401 0.25935829 0.44385027]
val_loss=5.8511
accuracy
[0.05080214 0.1684492  0.22192513 0.42513369]
val_loss=6.8072
accuracy
[0.11497326 0.15775401 0.26737968 0.43850267]
val_loss=9.7563
accuracy
[0.04278075 0.15775401 0.25668449 0.42513369]
val_loss=9.5765
accuracy
[0.05080214 0.1684492  0.27005348 0.4144385 ]
val_loss=9.4856
accuracy
[0.04010695 0.1631016  0.26470588 0.4144385 ]
val_loss=10.3602
accuracy
[0.10160428 0.1657754  0.26470588 0.41176471]
val_loss=11.1073
accuracy
[0.05614973 0.17112299 0.28342246 0.44385027]
val_loss=12.3310
accuracy
[0.04545455 0.17914439 0.28074866 0.42780749]
val_loss=14.6486
accuracy
[0.05614973 0.18449198 0.27272727 0.40641711]
val_loss=13.1789
accuracy
[0.04812834 0.17647059 0.27272727 0.4144385 ]
val_loss=14.2592
accuracy
[0.05614973 0.18181818 0.27540107 0.42780749]
val_loss=14.6956
accuracy
[0.05882353 0.17379679 0.26737968 0.43850267]
val_loss=13.9173
accuracy
[0.05347594 0.17112299 0.26737968 0.43048128]
val_loss=13.7239
accuracy
[0.05347594 0.18449198 0.27807487 0.43048128]
val_loss=14.2165
accuracy
[0.06149733 0.18716578 0.28877005 0.43315508]
val_loss=13.9379
accuracy
[0.06684492 0.18449198 0.29144385 0.44652406]
val_loss=14.0163
accuracy
[0.07486631 0.18449198 0.27272727 0.42245989]
val_loss=13.9336
accuracy
[0.06951872 0.19518717 0.28877005 0.43850267]
val_loss=15.4396
accuracy
[0.05347594 0.18449198 0.27540107 0.42245989]
val_loss=16.0312
accuracy
[0.04812834 0.18181818 0.27807487 0.42245989]
val_loss=16.0969
accuracy
[0.05347594 0.18716578 0.27807487 0.43850267]
val_loss=16.6643
accuracy
[0.05347594 0.18181818 0.28074866 0.4197861 ]
val_loss=17.0899
accuracy
[0.05882353 0.18181818 0.27540107 0.4197861 ]
val_loss=17.5520
accuracy
[0.05347594 0.18449198 0.28074866 0.4171123 ]
val_loss=17.1028
accuracy
[0.05347594 0.18716578 0.28609626 0.43048128]
val_loss=17.6813
accuracy
[0.05882353 0.18181818 0.27807487 0.42513369]
val_loss=17.0592
accuracy
[0.06149733 0.18716578 0.28342246 0.43850267]
val_loss=17.7871
accuracy
[0.05614973 0.17647059 0.27272727 0.42245989]
val_loss=18.0301
accuracy
[0.05347594 0.18181818 0.27807487 0.42513369]
val_loss=18.1053
accuracy
[0.06149733 0.18181818 0.27005348 0.42780749]
val_loss=17.9927
accuracy
[0.05882353 0.18449198 0.27807487 0.42780749]
val_loss=18.0043
accuracy
[0.06417112 0.18716578 0.27540107 0.44652406]
val_loss=18.3369
accuracy
[0.06149733 0.18716578 0.28074866 0.42245989]
val_loss=17.8791
accuracy
[0.05614973 0.18716578 0.27272727 0.43048128]
val_loss=18.4957
accuracy
[0.05614973 0.18983957 0.27807487 0.42245989]
val_loss=18.3069
accuracy
[0.05882353 0.18449198 0.27807487 0.42245989]
val_loss=18.8727
accuracy
[0.05614973 0.18716578 0.27540107 0.4197861 ]
val_loss=18.7972
accuracy
[0.06149733 0.18716578 0.27005348 0.43315508]
val_loss=19.1334
accuracy
[0.05614973 0.18716578 0.27540107 0.42780749]
val_loss=19.1197
accuracy
[0.05347594 0.18716578 0.27540107 0.43582888]
val_loss=19.0764
accuracy
[0.06149733 0.18983957 0.27540107 0.42245989]
val_loss=19.1929
accuracy
[0.05882353 0.18983957 0.27540107 0.42245989]
val_loss=19.2099
accuracy
[0.06149733 0.18716578 0.27540107 0.42245989]
val_loss=19.4464
accuracy
[0.05614973 0.18983957 0.27540107 0.42245989]
val_loss=19.1434
accuracy
[0.06149733 0.18983957 0.27540107 0.42780749]
val_loss=19.4136
accuracy
[0.05882353 0.18716578 0.27272727 0.4197861 ]
val_loss=19.4098
accuracy
[0.06149733 0.18983957 0.27540107 0.42245989]
val_loss=19.3790
accuracy
[0.05614973 0.18716578 0.27272727 0.42780749]
val_loss=19.4933
accuracy
[0.05882353 0.18983957 0.27540107 0.4197861 ]
val_loss=19.3076
accuracy
[0.06149733 0.18983957 0.27272727 0.42513369]
val_loss=19.2445
accuracy
[0.06149733 0.19518717 0.27272727 0.43315508]
val_loss=19.7298
accuracy
[0.05882353 0.18983957 0.27540107 0.42245989]
val_loss=19.4380
accuracy
[0.06149733 0.18716578 0.27540107 0.42513369]
val_loss=19.7149
accuracy
[0.05614973 0.18716578 0.28074866 0.4197861 ]
val_loss=19.5166
accuracy
[0.06149733 0.18983957 0.27540107 0.42513369]
val_loss=19.5853
accuracy
[0.05882353 0.18983957 0.27272727 0.42245989]
val_loss=19.6644
accuracy
[0.05614973 0.18983957 0.27272727 0.42245989]
val_loss=19.7242
accuracy
[0.06149733 0.18716578 0.27807487 0.42513369]
val_loss=19.7442
accuracy
[0.06149733 0.18983957 0.27807487 0.42245989]
val_loss=19.6970
accuracy
[0.06149733 0.18983957 0.27540107 0.42513369]
val_loss=19.6395
accuracy
[0.06149733 0.18983957 0.27272727 0.42513369]
val_loss=19.6479
accuracy
[0.06149733 0.18983957 0.27540107 0.42513369]
val_loss=19.6639
accuracy
[0.06149733 0.18983957 0.27540107 0.42780749]
val_loss=19.7030
accuracy
[0.06149733 0.18983957 0.27540107 0.42513369]
val_loss=19.6648
accuracy
[0.06149733 0.18983957 0.27540107 0.42513369]
val_loss=19.6985
accuracy
[0.06149733 0.18983957 0.27540107 0.42513369]
val_loss=19.7249
accuracy
[0.06149733 0.18983957 0.27540107 0.42513369]
val_loss=19.7039
accuracy
[0.06149733 0.18983957 0.27540107 0.42513369]
val_loss=19.7007
accuracy
[0.06149733 0.18983957 0.27540107 0.42513369]
val_loss=19.7588
accuracy
[0.06149733 0.18983957 0.27540107 0.42513369]
val_loss=19.7347
accuracy
[0.06149733 0.18983957 0.27540107 0.42513369]
val_loss=19.7572
accuracy
[0.06149733 0.18983957 0.27540107 0.42513369]
val_loss=19.7983
accuracy
[0.06149733 0.18983957 0.27540107 0.42513369]
val_loss=19.7967
accuracy
[0.06149733 0.18983957 0.27807487 0.42513369]
val_loss=19.8107
accuracy
[0.06149733 0.18983957 0.27540107 0.42513369]
val_loss=19.7759
accuracy
[0.06149733 0.18983957 0.27540107 0.42513369]
val_loss=19.8109
accuracy
[0.06149733 0.18983957 0.27807487 0.42513369]
val_loss=19.8587
accuracy
[0.06149733 0.18983957 0.27807487 0.42513369]
Finished Training
    rehearsal replay buffer: 500 of 683 source samples
cpu
Finished Training
cpu
Finished Training
cpu
Finished Training
cpu
Finished Training
cpu
Finished Training
cpu
Finished Training
cpu
Finished Training
cpu
Finished Training
cpu
Finished Training
cpu
Finished Training
cpu
Finished Training
cpu
Finished Training
cpu
Finished Training
cpu
Finished Training
cpu
Finished Training
cpu
Finished Training
cpu
Finished Training
cpu
Finished Training
cpu
Finished Training
cpu
Finished Training
cpu
Finished Training
cpu
Finished Training
  seed 4: pretrain on scenario7 (683 samples), zero-shot eval on scenario4 (374 held-out test samples)
cpu
-----------------------------------------------------------------------
      Layer (type)        Output Shape         Param #     Tr. Param #
=======================================================================
          Linear-1           [32, 256]           1,280           1,280
            ReLU-2           [32, 256]               0               0
          Linear-3           [32, 256]          65,792          65,792
          Linear-4           [32, 256]          65,792          65,792
          Linear-5            [32, 16]           4,112           4,112
=======================================================================
Total params: 136,976
Trainable params: 136,976
Non-trainable params: 0
-----------------------------------------------------------------------
val_loss=2.6951
accuracy
[0.13101604 0.21390374 0.28609626 0.4144385 ]
val_loss=3.9790
accuracy
[0.13368984 0.17379679 0.25668449 0.42513369]
val_loss=5.8176
accuracy
[0.11229947 0.21925134 0.31818182 0.49197861]
val_loss=7.4367
accuracy
[0.05882353 0.1684492  0.26203209 0.40909091]
val_loss=7.8513
accuracy
[0.13903743 0.19786096 0.28609626 0.44117647]
val_loss=8.0524
accuracy
[0.10160428 0.18983957 0.26470588 0.43048128]
val_loss=7.5715
accuracy
[0.07486631 0.19518717 0.28609626 0.43850267]
val_loss=8.5948
accuracy
[0.06684492 0.18449198 0.28342246 0.44919786]
val_loss=10.4788
accuracy
[0.07486631 0.20053476 0.27272727 0.43582888]
val_loss=10.4798
accuracy
[0.06951872 0.19518717 0.27807487 0.43582888]
val_loss=10.6402
accuracy
[0.0828877  0.21122995 0.29679144 0.46256684]
val_loss=13.0471
accuracy
[0.07486631 0.21390374 0.31550802 0.44919786]
val_loss=12.2143
accuracy
[0.07219251 0.15240642 0.27540107 0.44652406]
val_loss=8.8012
accuracy
[0.06149733 0.20588235 0.29411765 0.45721925]
val_loss=10.6328
accuracy
[0.0828877  0.22994652 0.30481283 0.46524064]
val_loss=11.6209
accuracy
[0.0802139  0.20588235 0.29411765 0.43582888]
val_loss=12.1316
accuracy
[0.0855615  0.22192513 0.29946524 0.45454545]
val_loss=12.3098
accuracy
[0.0828877  0.21390374 0.30213904 0.44652406]
val_loss=11.9627
accuracy
[0.06684492 0.22192513 0.32085561 0.45989305]
val_loss=10.4437
accuracy
[0.09893048 0.22994652 0.31016043 0.43315508]
val_loss=11.1800
accuracy
[0.0828877  0.21925134 0.29946524 0.44385027]
val_loss=11.8227
accuracy
[0.0855615  0.22192513 0.30481283 0.43582888]
val_loss=11.9101
accuracy
[0.0855615  0.22727273 0.31283422 0.45454545]
val_loss=12.2987
accuracy
[0.09625668 0.23262032 0.31016043 0.45454545]
val_loss=12.8715
accuracy
[0.09358289 0.22192513 0.31016043 0.44652406]
val_loss=13.1673
accuracy
[0.0828877  0.22192513 0.30481283 0.45187166]
val_loss=13.2743
accuracy
[0.09625668 0.22459893 0.30481283 0.44117647]
val_loss=13.4208
accuracy
[0.09090909 0.21657754 0.30481283 0.44919786]
val_loss=13.2950
accuracy
[0.09625668 0.22192513 0.30748663 0.45187166]
val_loss=13.3805
accuracy
[0.09358289 0.22727273 0.31283422 0.43850267]
val_loss=13.5896
accuracy
[0.09358289 0.22727273 0.30481283 0.43850267]
val_loss=13.9689
accuracy
[0.08823529 0.21925134 0.30481283 0.44652406]
val_loss=13.9796
accuracy
[0.0855615  0.22192513 0.30213904 0.44385027]
val_loss=14.1822
accuracy
[0.08823529 0.21925134 0.30481283 0.44652406]
val_loss=14.2317
accuracy
[0.10160428 0.22727273 0.31283422 0.45454545]
val_loss=14.5025
accuracy
[0.09625668 0.22459893 0.30748663 0.44652406]
val_loss=14.3643
accuracy
[0.09358289 0.22459893 0.3315508  0.45989305]
val_loss=14.7267
accuracy
[0.09090909 0.22459893 0.31016043 0.44385027]
val_loss=14.4943
accuracy
[0.09893048 0.22994652 0.31550802 0.45989305]
val_loss=14.4684
accuracy
[0.09090909 0.22727273 0.31016043 0.46256684]
val_loss=14.6470
accuracy
[0.09090909 0.22192513 0.31283422 0.44652406]
val_loss=14.6220
accuracy
[0.0855615  0.22459893 0.31283422 0.45187166]
val_loss=14.6457
accuracy
[0.08823529 0.22727273 0.31016043 0.44919786]
val_loss=14.7031
accuracy
[0.08823529 0.22192513 0.31550802 0.45187166]
val_loss=14.9158
accuracy
[0.09090909 0.22192513 0.32085561 0.44652406]
val_loss=14.7606
accuracy
[0.08823529 0.22192513 0.32085561 0.45187166]
val_loss=14.9608
accuracy
[0.09090909 0.22192513 0.32085561 0.44652406]
val_loss=15.0037
accuracy
[0.08823529 0.22459893 0.31550802 0.44652406]
val_loss=14.9833
accuracy
[0.09090909 0.21925134 0.31550802 0.44652406]
val_loss=14.9366
accuracy
[0.08823529 0.22459893 0.31550802 0.44919786]
val_loss=15.1601
accuracy
[0.09090909 0.22192513 0.31818182 0.44652406]
val_loss=15.1106
accuracy
[0.09358289 0.22192513 0.32085561 0.44652406]
val_loss=15.1198
accuracy
[0.09090909 0.22192513 0.32085561 0.44652406]
val_loss=15.0818
accuracy
[0.09090909 0.22192513 0.32085561 0.44652406]
val_loss=15.1673
accuracy
[0.09090909 0.22192513 0.31550802 0.44652406]
val_loss=15.1904
accuracy
[0.08823529 0.22192513 0.31550802 0.44919786]
val_loss=15.2410
accuracy
[0.09090909 0.22192513 0.31283422 0.44652406]
val_loss=15.0912
accuracy
[0.0855615  0.22459893 0.31283422 0.44385027]
val_loss=15.1281
accuracy
[0.09090909 0.22192513 0.31016043 0.45187166]
val_loss=15.2155
accuracy
[0.0855615  0.22192513 0.31283422 0.44385027]
val_loss=15.2176
accuracy
[0.0855615  0.22459893 0.31283422 0.44385027]
val_loss=15.2192
accuracy
[0.08823529 0.22459893 0.31283422 0.44652406]
val_loss=15.2328
accuracy
[0.08823529 0.22459893 0.31283422 0.44652406]
val_loss=15.2538
accuracy
[0.08823529 0.22459893 0.31283422 0.44652406]
val_loss=15.2214
accuracy
[0.0855615  0.22459893 0.31283422 0.44385027]
val_loss=15.2906
accuracy
[0.0855615  0.22459893 0.31283422 0.44652406]
val_loss=15.2682
accuracy
[0.0855615  0.22459893 0.31283422 0.44652406]
val_loss=15.2901
accuracy
[0.0855615  0.22192513 0.31283422 0.44652406]
val_loss=15.2633
accuracy
[0.0855615  0.22459893 0.31283422 0.44652406]
val_loss=15.2632
accuracy
[0.0855615  0.22459893 0.31283422 0.44652406]
val_loss=15.2860
accuracy
[0.0855615  0.22459893 0.31283422 0.44652406]
val_loss=15.3307
accuracy
[0.0855615  0.22459893 0.31283422 0.44652406]
val_loss=15.3000
accuracy
[0.0855615  0.22459893 0.31283422 0.44652406]
val_loss=15.3065
accuracy
[0.0855615  0.22459893 0.31283422 0.44652406]
val_loss=15.3226
accuracy
[0.0855615  0.22459893 0.31283422 0.44652406]
val_loss=15.2985
accuracy
[0.0855615  0.22459893 0.31283422 0.44652406]
val_loss=15.3440
accuracy
[0.0855615  0.22459893 0.31283422 0.44652406]
val_loss=15.3140
accuracy
[0.0855615  0.22459893 0.31283422 0.44385027]
val_loss=15.3402
accuracy
[0.0855615  0.22459893 0.31283422 0.44652406]
val_loss=15.3220
accuracy
[0.0855615  0.22459893 0.31283422 0.44385027]
Finished Training
    rehearsal replay buffer: 500 of 683 source samples
cpu
Finished Training
cpu
Finished Training
cpu
Finished Training
cpu
Finished Training
cpu
Finished Training
cpu
Finished Training
cpu
Finished Training
cpu
Finished Training
cpu
Finished Training
cpu
Finished Training
cpu
Finished Training
cpu
Finished Training
cpu
Finished Training
cpu
Finished Training
cpu
Finished Training
cpu
Finished Training
cpu
Finished Training
cpu
Finished Training
cpu
Finished Training
cpu
Finished Training
cpu
Finished Training
cpu
Finished Training
  seed 5: pretrain on scenario7 (683 samples), zero-shot eval on scenario4 (374 held-out test samples)
cpu
-----------------------------------------------------------------------
      Layer (type)        Output Shape         Param #     Tr. Param #
=======================================================================
          Linear-1           [32, 256]           1,280           1,280
            ReLU-2           [32, 256]               0               0
          Linear-3           [32, 256]          65,792          65,792
          Linear-4           [32, 256]          65,792          65,792
          Linear-5            [32, 16]           4,112           4,112
=======================================================================
Total params: 136,976
Trainable params: 136,976
Non-trainable params: 0
-----------------------------------------------------------------------
val_loss=3.3079
accuracy
[0.04010695 0.13903743 0.20588235 0.35828877]
val_loss=4.5191
accuracy
[0.04545455 0.14438503 0.21925134 0.34224599]
val_loss=6.0190
accuracy
[0.04545455 0.15775401 0.2486631  0.43048128]
val_loss=7.4325
accuracy
[0.05614973 0.16042781 0.2459893  0.42245989]
val_loss=8.9544
accuracy
[0.04812834 0.15240642 0.22994652 0.38235294]
val_loss=9.4129
accuracy
[0.05882353 0.12299465 0.21657754 0.39304813]
val_loss=9.2747
accuracy
[0.06417112 0.17379679 0.26737968 0.40909091]
val_loss=10.2656
accuracy
[0.05614973 0.1684492  0.26737968 0.41176471]
val_loss=10.5889
accuracy
[0.04812834 0.15508021 0.25668449 0.41176471]
val_loss=13.8773
accuracy
[0.05347594 0.15240642 0.2486631  0.39572193]
val_loss=12.5001
accuracy
[0.07219251 0.17112299 0.2459893  0.38502674]
val_loss=12.2248
accuracy
[0.06684492 0.17112299 0.25668449 0.43315508]
val_loss=14.3709
accuracy
[0.06951872 0.18449198 0.27807487 0.43048128]
val_loss=12.5984
accuracy
[0.07219251 0.17647059 0.27005348 0.43048128]
val_loss=14.6525
accuracy
[0.06417112 0.17647059 0.27272727 0.40106952]
val_loss=14.2724
accuracy
[0.06149733 0.19251337 0.27272727 0.41176471]
val_loss=13.6014
accuracy
[0.06149733 0.17112299 0.2486631  0.40106952]
val_loss=12.3017
accuracy
[0.05347594 0.1657754  0.2486631  0.40106952]
val_loss=15.1333
accuracy
[0.05882353 0.17647059 0.26737968 0.41176471]
val_loss=15.9043
accuracy
[0.05614973 0.1631016  0.2486631  0.39037433]
val_loss=14.3228
accuracy
[0.06149733 0.17914439 0.27272727 0.42245989]
val_loss=14.9626
accuracy
[0.06149733 0.18983957 0.27005348 0.42780749]
val_loss=15.2566
accuracy
[0.06684492 0.18181818 0.27807487 0.42513369]
val_loss=15.6279
accuracy
[0.05882353 0.18983957 0.27005348 0.42513369]
val_loss=15.8607
accuracy
[0.06149733 0.17914439 0.27272727 0.42513369]
val_loss=16.3075
accuracy
[0.05882353 0.18449198 0.27005348 0.42245989]
val_loss=16.3232
accuracy
[0.06417112 0.18449198 0.26737968 0.4197861 ]
val_loss=16.1872
accuracy
[0.06684492 0.18716578 0.27540107 0.42245989]
val_loss=16.9008
accuracy
[0.05614973 0.18449198 0.27005348 0.4171123 ]
val_loss=16.7320
accuracy
[0.06684492 0.19251337 0.27540107 0.42245989]
val_loss=16.9089
accuracy
[0.05882353 0.18716578 0.27540107 0.42513369]
val_loss=16.8603
accuracy
[0.06149733 0.18716578 0.27807487 0.43315508]
val_loss=17.2640
accuracy
[0.05614973 0.18181818 0.27540107 0.4144385 ]
val_loss=17.0113
accuracy
[0.06684492 0.18716578 0.28074866 0.42513369]
val_loss=16.6932
accuracy
[0.06149733 0.18449198 0.28877005 0.43582888]
val_loss=16.9346
accuracy
[0.05614973 0.18716578 0.27807487 0.42245989]
val_loss=17.3286
accuracy
[0.05882353 0.17914439 0.27005348 0.41176471]
val_loss=16.8599
accuracy
[0.06951872 0.19251337 0.27807487 0.42513369]
val_loss=17.3622
accuracy
[0.06149733 0.17914439 0.28074866 0.42513369]
val_loss=17.3782
accuracy
[0.05882353 0.18181818 0.27005348 0.4144385 ]
val_loss=16.9256
accuracy
[0.05882353 0.18716578 0.27272727 0.42780749]
val_loss=17.0375
accuracy
[0.05614973 0.18181818 0.27272727 0.4197861 ]
val_loss=17.0839
accuracy
[0.05614973 0.18449198 0.27807487 0.42245989]
val_loss=17.1494
accuracy
[0.05614973 0.18716578 0.27807487 0.42513369]
val_loss=17.2800
accuracy
[0.05614973 0.18181818 0.27540107 0.42245989]
val_loss=17.3368
accuracy
[0.05614973 0.18449198 0.27540107 0.4197861 ]
val_loss=17.3278
accuracy
[0.05347594 0.18181818 0.27540107 0.42245989]
val_loss=17.5230
accuracy
[0.05614973 0.18716578 0.27272727 0.42245989]
val_loss=17.5311
accuracy
[0.05614973 0.18716578 0.27540107 0.4197861 ]
val_loss=17.4265
accuracy
[0.05882353 0.18181818 0.27807487 0.42245989]
val_loss=17.4931
accuracy
[0.05614973 0.18983957 0.27807487 0.42245989]
val_loss=17.5880
accuracy
[0.05347594 0.18716578 0.27272727 0.42245989]
val_loss=17.5743
accuracy
[0.05614973 0.18181818 0.27807487 0.42245989]
val_loss=17.4807
accuracy
[0.05882353 0.18716578 0.27807487 0.42513369]
val_loss=17.7751
accuracy
[0.05614973 0.18716578 0.27272727 0.4197861 ]
val_loss=17.5930
accuracy
[0.05614973 0.19251337 0.27807487 0.43048128]
val_loss=17.7295
accuracy
[0.05882353 0.18449198 0.27807487 0.42245989]
val_loss=17.6390
accuracy
[0.05347594 0.19251337 0.27540107 0.43315508]
val_loss=17.6803
accuracy
[0.05882353 0.18716578 0.27807487 0.4197861 ]
val_loss=17.8468
accuracy
[0.05347594 0.18449198 0.27005348 0.4171123 ]
val_loss=17.7030
accuracy
[0.05614973 0.18449198 0.27540107 0.4197861 ]
val_loss=17.7054
accuracy
[0.05614973 0.18716578 0.27807487 0.4197861 ]
val_loss=17.7368
accuracy
[0.05614973 0.18449198 0.27540107 0.4197861 ]
val_loss=17.7573
accuracy
[0.05614973 0.18449198 0.27540107 0.4197861 ]
val_loss=17.7322
accuracy
[0.05614973 0.18449198 0.27807487 0.4197861 ]
val_loss=17.7872
accuracy
[0.05614973 0.18449198 0.27540107 0.4197861 ]
val_loss=17.7721
accuracy
[0.05614973 0.18449198 0.27807487 0.4197861 ]
val_loss=17.7470
accuracy
[0.05614973 0.18449198 0.27807487 0.4197861 ]
val_loss=17.7433
accuracy
[0.05614973 0.18449198 0.27807487 0.4197861 ]
val_loss=17.7503
accuracy
[0.05614973 0.18449198 0.27807487 0.4197861 ]
val_loss=17.7800
accuracy
[0.05614973 0.18449198 0.27807487 0.4197861 ]
val_loss=17.8054
accuracy
[0.05614973 0.18449198 0.27540107 0.4197861 ]
val_loss=17.7950
accuracy
[0.05614973 0.18449198 0.27540107 0.4197861 ]
val_loss=17.7687
accuracy
[0.05614973 0.18181818 0.27807487 0.42245989]
val_loss=17.7932
accuracy
[0.05614973 0.18449198 0.27807487 0.4197861 ]
val_loss=17.8324
accuracy
[0.05614973 0.18449198 0.27807487 0.4197861 ]
val_loss=17.8035
accuracy
[0.05614973 0.18449198 0.27807487 0.4197861 ]
val_loss=17.8422
accuracy
[0.05614973 0.18449198 0.27540107 0.4197861 ]
val_loss=17.7735
accuracy
[0.05614973 0.18449198 0.27807487 0.4197861 ]
val_loss=17.8417
accuracy
[0.05614973 0.18449198 0.27540107 0.4197861 ]
Finished Training
    rehearsal replay buffer: 500 of 683 source samples
cpu
Finished Training
cpu
Finished Training
cpu
Finished Training
cpu
Finished Training
cpu
Finished Training
cpu
Finished Training
cpu
Finished Training
cpu
Finished Training
cpu
Finished Training
cpu
Finished Training
cpu
Finished Training
cpu
Finished Training
cpu
Finished Training
cpu
Finished Training
cpu
Finished Training
cpu
Finished Training
cpu
Finished Training
cpu
Finished Training
cpu
Finished Training
cpu
Finished Training
cpu
Finished Training
cpu
Finished Training
  seed 6: pretrain on scenario7 (683 samples), zero-shot eval on scenario4 (374 held-out test samples)
cpu
-----------------------------------------------------------------------
      Layer (type)        Output Shape         Param #     Tr. Param #
=======================================================================
          Linear-1           [32, 256]           1,280           1,280
            ReLU-2           [32, 256]               0               0
          Linear-3           [32, 256]          65,792          65,792
          Linear-4           [32, 256]          65,792          65,792
          Linear-5            [32, 16]           4,112           4,112
=======================================================================
Total params: 136,976
Trainable params: 136,976
Non-trainable params: 0
-----------------------------------------------------------------------
val_loss=2.9524
accuracy
[0.06417112 0.19251337 0.29946524 0.39304813]
val_loss=3.7517
accuracy
[0.05614973 0.13368984 0.2540107  0.43850267]
val_loss=5.3426
accuracy
[0.08823529 0.22459893 0.30748663 0.43582888]
val_loss=8.0797
accuracy
[0.13368984 0.19786096 0.29411765 0.43315508]
val_loss=8.1132
accuracy
[0.06417112 0.20053476 0.31016043 0.45989305]
val_loss=10.4231
accuracy
[0.06417112 0.20588235 0.27272727 0.45989305]
val_loss=10.0924
accuracy
[0.06684492 0.19518717 0.31550802 0.46791444]
val_loss=11.1199
accuracy
[0.06951872 0.20320856 0.30748663 0.42513369]
val_loss=11.2477
accuracy
[0.06951872 0.21122995 0.28609626 0.44117647]
val_loss=11.4992
accuracy
[0.06149733 0.18449198 0.27540107 0.4197861 ]
val_loss=12.5304
accuracy
[0.06684492 0.20588235 0.28877005 0.43850267]
val_loss=10.1194
accuracy
[0.07754011 0.20855615 0.30213904 0.47058824]
val_loss=11.4143
accuracy
[0.06417112 0.21925134 0.32085561 0.44652406]
val_loss=11.9505
accuracy
[0.07486631 0.22192513 0.32887701 0.46791444]
val_loss=13.4631
accuracy
[0.06951872 0.20053476 0.29946524 0.4144385 ]
val_loss=11.8307
accuracy
[0.06149733 0.21657754 0.32352941 0.48128342]
val_loss=13.2453
accuracy
[0.06684492 0.20053476 0.30748663 0.42513369]
val_loss=11.9343
accuracy
[0.0802139  0.22192513 0.31016043 0.45721925]
val_loss=13.3940
accuracy
[0.06951872 0.21390374 0.27807487 0.43850267]
val_loss=14.5611
accuracy
[0.07219251 0.21122995 0.29144385 0.43582888]
val_loss=14.6294
accuracy
[0.07219251 0.21657754 0.29144385 0.44919786]
val_loss=14.8164
accuracy
[0.07754011 0.21122995 0.28609626 0.44385027]
val_loss=15.4287
accuracy
[0.07754011 0.21390374 0.28877005 0.44385027]
val_loss=15.3359
accuracy
[0.07219251 0.21390374 0.28342246 0.44919786]
val_loss=15.4568
accuracy
[0.07219251 0.21657754 0.29144385 0.43850267]
val_loss=16.2592
accuracy
[0.06417112 0.21122995 0.27807487 0.44919786]
val_loss=16.2066
accuracy
[0.07219251 0.21925134 0.29144385 0.44385027]
val_loss=16.2998
accuracy
[0.07219251 0.21122995 0.28342246 0.45454545]
val_loss=16.2556
accuracy
[0.07754011 0.21657754 0.28877005 0.46791444]
val_loss=16.5274
accuracy
[0.07486631 0.21657754 0.28877005 0.45989305]
val_loss=16.4564
accuracy
[0.06951872 0.21390374 0.29411765 0.45989305]
val_loss=16.8209
accuracy
[0.0802139  0.21657754 0.28877005 0.44385027]
val_loss=16.8389
accuracy
[0.07754011 0.21390374 0.28342246 0.46524064]
val_loss=17.1807
accuracy
[0.0802139  0.21925134 0.29144385 0.45989305]
val_loss=17.3194
accuracy
[0.06684492 0.21390374 0.28877005 0.44385027]
val_loss=17.4983
accuracy
[0.06684492 0.22192513 0.28877005 0.44919786]
val_loss=16.9245
accuracy
[0.07486631 0.21390374 0.29144385 0.46256684]
val_loss=17.3672
accuracy
[0.06951872 0.21390374 0.29411765 0.44919786]
val_loss=17.2461
accuracy
[0.06951872 0.21390374 0.29144385 0.47326203]
val_loss=17.1670
accuracy
[0.07486631 0.21390374 0.29144385 0.46524064]
val_loss=17.4280
accuracy
[0.07754011 0.21657754 0.28609626 0.45187166]
val_loss=17.4453
accuracy
[0.07486631 0.21390374 0.29144385 0.45187166]
val_loss=17.5305
accuracy
[0.0828877  0.21657754 0.29144385 0.45454545]
val_loss=17.3898
accuracy
[0.07219251 0.21390374 0.28877005 0.46256684]
val_loss=17.6364
accuracy
[0.07486631 0.21657754 0.29144385 0.45187166]
val_loss=17.5198
accuracy
[0.07219251 0.21390374 0.29144385 0.46524064]
val_loss=17.6334
accuracy
[0.07486631 0.21657754 0.28877005 0.45989305]
val_loss=17.7037
accuracy
[0.07486631 0.21657754 0.28877005 0.45721925]
val_loss=17.6809
accuracy
[0.0802139  0.21657754 0.28877005 0.45989305]
val_loss=17.7065
accuracy
[0.07754011 0.21657754 0.28877005 0.45454545]
val_loss=17.7858
accuracy
[0.07486631 0.21925134 0.28877005 0.46256684]
val_loss=17.7013
accuracy
[0.07486631 0.21925134 0.28877005 0.46524064]
val_loss=18.0003
accuracy
[0.07754011 0.21657754 0.28877005 0.45187166]
val_loss=17.9939
accuracy
[0.0828877  0.21657754 0.28877005 0.45187166]
val_loss=18.0675
accuracy
[0.06951872 0.21925134 0.28877005 0.45721925]
val_loss=17.9552
accuracy
[0.07754011 0.21925134 0.28877005 0.45721925]
val_loss=18.0569
accuracy
[0.07754011 0.21657754 0.28877005 0.45187166]
val_loss=18.0699
accuracy
[0.07486631 0.21657754 0.28877005 0.45187166]
val_loss=18.1433
accuracy
[0.0802139  0.21657754 0.28877005 0.45187166]
val_loss=18.1783
accuracy
[0.07219251 0.21657754 0.28877005 0.45187166]
val_loss=18.1509
accuracy
[0.07486631 0.21657754 0.29144385 0.45187166]
val_loss=18.1484
accuracy
[0.07486631 0.21657754 0.29144385 0.45454545]
val_loss=18.1340
accuracy
[0.07486631 0.21657754 0.29144385 0.45721925]
val_loss=18.1604
accuracy
[0.07754011 0.21657754 0.29144385 0.45454545]
val_loss=18.1814
accuracy
[0.0802139  0.21657754 0.28877005 0.45187166]
val_loss=18.1525
accuracy
[0.07486631 0.21657754 0.28877005 0.45989305]
val_loss=18.1448
accuracy
[0.07754011 0.21657754 0.28877005 0.45989305]
val_loss=18.1892
accuracy
[0.07754011 0.21657754 0.28877005 0.45454545]
val_loss=18.1924
accuracy
[0.07754011 0.21657754 0.28877005 0.45187166]
val_loss=18.1992
accuracy
[0.07754011 0.21657754 0.28877005 0.45454545]
val_loss=18.2116
accuracy
[0.07754011 0.21657754 0.28877005 0.45454545]
val_loss=18.2051
accuracy
[0.07486631 0.21657754 0.28877005 0.45454545]
val_loss=18.2498
accuracy
[0.07486631 0.21657754 0.28877005 0.45187166]
val_loss=18.2244
accuracy
[0.07754011 0.21657754 0.28877005 0.45454545]
val_loss=18.2600
accuracy
[0.07754011 0.21657754 0.28877005 0.45187166]
val_loss=18.2228
accuracy
[0.07754011 0.21657754 0.28877005 0.45721925]
val_loss=18.2529
accuracy
[0.07754011 0.21657754 0.28877005 0.45187166]
val_loss=18.2531
accuracy
[0.07754011 0.21657754 0.28877005 0.45454545]
val_loss=18.2250
accuracy
[0.07754011 0.21657754 0.28877005 0.45989305]
val_loss=18.2950
accuracy
[0.07486631 0.21657754 0.29144385 0.45187166]
Finished Training
    rehearsal replay buffer: 500 of 683 source samples
cpu
Finished Training
cpu
Finished Training
cpu
Finished Training
cpu
Finished Training
cpu
Finished Training
cpu
Finished Training
cpu
Finished Training
cpu
Finished Training
cpu
Finished Training
cpu
Finished Training
cpu
Finished Training
cpu
Finished Training
cpu
Finished Training
cpu
Finished Training
cpu
Finished Training
cpu
Finished Training
cpu
Finished Training
cpu
Finished Training
cpu
Finished Training
cpu
Finished Training
cpu
Finished Training
cpu
Finished Training
  seed 7: pretrain on scenario7 (683 samples), zero-shot eval on scenario4 (374 held-out test samples)
cpu
-----------------------------------------------------------------------
      Layer (type)        Output Shape         Param #     Tr. Param #
=======================================================================
          Linear-1           [32, 256]           1,280           1,280
            ReLU-2           [32, 256]               0               0
          Linear-3           [32, 256]          65,792          65,792
          Linear-4           [32, 256]          65,792          65,792
          Linear-5            [32, 16]           4,112           4,112
=======================================================================
Total params: 136,976
Trainable params: 136,976
Non-trainable params: 0
-----------------------------------------------------------------------
val_loss=2.8515
accuracy
[0.10160428 0.21657754 0.29679144 0.4171123 ]
val_loss=4.3803
accuracy
[0.12032086 0.17379679 0.26737968 0.49197861]
val_loss=4.8049
accuracy
[0.06149733 0.21122995 0.31016043 0.43048128]
val_loss=7.3342
accuracy
[0.12566845 0.22192513 0.28877005 0.4171123 ]
val_loss=9.4620
accuracy
[0.07754011 0.1684492  0.28877005 0.39304813]
val_loss=8.8403
accuracy
[0.0855615  0.18181818 0.31016043 0.45721925]
val_loss=10.3080
accuracy
[0.10695187 0.17112299 0.29411765 0.43850267]
val_loss=11.7915
accuracy
[0.05882353 0.17914439 0.2540107  0.40641711]
val_loss=10.7552
accuracy
[0.04812834 0.17112299 0.2540107  0.43582888]
val_loss=12.0829
accuracy
[0.04812834 0.17647059 0.30481283 0.40374332]
val_loss=13.0557
accuracy
[0.04812834 0.17379679 0.28609626 0.4197861 ]
val_loss=11.0742
accuracy
[0.04812834 0.17914439 0.29411765 0.44385027]
val_loss=11.9738
accuracy
[0.06417112 0.1631016  0.27540107 0.42245989]
val_loss=13.8746
accuracy
[0.05882353 0.19518717 0.30481283 0.43582888]
val_loss=15.2307
accuracy
[0.09625668 0.18181818 0.26470588 0.42780749]
val_loss=12.9400
accuracy
[0.06417112 0.17914439 0.30748663 0.44385027]
val_loss=12.1876
accuracy
[0.06684492 0.18716578 0.31016043 0.46524064]
val_loss=13.2686
accuracy
[0.07486631 0.19518717 0.29679144 0.43850267]
val_loss=13.7348
accuracy
[0.04812834 0.18181818 0.29411765 0.45187166]
val_loss=12.7041
accuracy
[0.0855615  0.20855615 0.31016043 0.43582888]
val_loss=13.9027
accuracy
[0.05614973 0.19251337 0.29411765 0.43582888]
val_loss=13.6215
accuracy
[0.05614973 0.19251337 0.30213904 0.43582888]
val_loss=13.7193
accuracy
[0.06417112 0.20320856 0.30213904 0.44117647]
val_loss=14.2539
accuracy
[0.06951872 0.19518717 0.29679144 0.43315508]
val_loss=14.6478
accuracy
[0.05347594 0.19251337 0.30213904 0.43850267]
val_loss=14.8815
accuracy
[0.06149733 0.18983957 0.29679144 0.44117647]
val_loss=14.8579
accuracy
[0.07486631 0.20320856 0.30481283 0.44117647]
val_loss=15.0622
accuracy
[0.07219251 0.18181818 0.30748663 0.44385027]
val_loss=15.2274
accuracy
[0.06417112 0.19518717 0.30213904 0.44385027]
val_loss=15.4108
accuracy
[0.07754011 0.19518717 0.30481283 0.43850267]
val_loss=15.5768
accuracy
[0.06684492 0.18181818 0.30213904 0.44652406]
val_loss=15.7345
accuracy
[0.0802139  0.19518717 0.30481283 0.43850267]
val_loss=15.7953
accuracy
[0.0802139  0.19518717 0.30213904 0.44385027]
val_loss=15.9978
accuracy
[0.0828877  0.19518717 0.30213904 0.44652406]
val_loss=15.5759
accuracy
[0.0828877  0.19251337 0.30748663 0.44652406]
val_loss=15.8701
accuracy
[0.07754011 0.19251337 0.30213904 0.44385027]
val_loss=15.9326
accuracy
[0.09358289 0.19518717 0.30213904 0.43582888]
val_loss=15.7396
accuracy
[0.07486631 0.18716578 0.30481283 0.45187166]
val_loss=16.1796
accuracy
[0.06684492 0.19518717 0.30213904 0.43582888]
val_loss=15.7910
accuracy
[0.07754011 0.18449198 0.30481283 0.44919786]
val_loss=16.0327
accuracy
[0.0802139  0.20053476 0.30213904 0.44652406]
val_loss=16.1383
accuracy
[0.07754011 0.19786096 0.30213904 0.44652406]
val_loss=16.0470
accuracy
[0.0802139  0.19518717 0.30213904 0.44652406]
val_loss=16.1090
accuracy
[0.0855615  0.18983957 0.30213904 0.44652406]
val_loss=16.3461
accuracy
[0.0802139  0.19786096 0.30213904 0.44385027]
val_loss=16.1919
accuracy
[0.0828877  0.19251337 0.30213904 0.44652406]
val_loss=16.2976
accuracy
[0.0802139  0.19518717 0.30213904 0.44652406]
val_loss=16.4070
accuracy
[0.0828877  0.19786096 0.30213904 0.44652406]
val_loss=16.3621
accuracy
[0.0855615  0.19786096 0.30213904 0.44652406]
val_loss=16.4563
accuracy
[0.07486631 0.19786096 0.30213904 0.44652406]
val_loss=16.4800
accuracy
[0.07219251 0.19786096 0.30213904 0.44652406]
val_loss=16.5301
accuracy
[0.0802139  0.19786096 0.30213904 0.44652406]
val_loss=16.6562
accuracy
[0.0802139  0.19786096 0.30213904 0.44117647]
val_loss=16.4290
accuracy
[0.07754011 0.18983957 0.30213904 0.44919786]
val_loss=16.7158
accuracy
[0.07754011 0.19786096 0.30213904 0.44385027]
val_loss=16.5846
accuracy
[0.07754011 0.19251337 0.30213904 0.44652406]
val_loss=16.7523
accuracy
[0.07754011 0.19786096 0.30213904 0.44117647]
val_loss=16.7557
accuracy
[0.07754011 0.19786096 0.30213904 0.44117647]
val_loss=16.5914
accuracy
[0.0802139  0.19251337 0.30213904 0.44652406]
val_loss=16.6499
accuracy
[0.08823529 0.19786096 0.30213904 0.44652406]
val_loss=16.6772
accuracy
[0.0855615  0.20053476 0.30213904 0.44652406]
val_loss=16.7014
accuracy
[0.0828877  0.19786096 0.30213904 0.44652406]
val_loss=16.7260
accuracy
[0.0802139  0.19786096 0.30213904 0.44652406]
val_loss=16.7001
accuracy
[0.0855615  0.20053476 0.30213904 0.44652406]
val_loss=16.7146
accuracy
[0.07754011 0.19786096 0.30213904 0.44652406]
val_loss=16.7303
accuracy
[0.0802139  0.19786096 0.30213904 0.44652406]
val_loss=16.7110
accuracy
[0.0802139  0.20053476 0.30213904 0.44652406]
val_loss=16.7218
accuracy
[0.0802139  0.20053476 0.30213904 0.44652406]
val_loss=16.7320
accuracy
[0.0828877  0.19786096 0.30213904 0.44652406]
val_loss=16.7413
accuracy
[0.0828877  0.20053476 0.30213904 0.44652406]
val_loss=16.7157
accuracy
[0.0828877  0.19786096 0.30213904 0.44652406]
val_loss=16.7190
accuracy
[0.0828877  0.19786096 0.30213904 0.44652406]
val_loss=16.7297
accuracy
[0.0802139  0.19786096 0.30213904 0.44652406]
val_loss=16.7501
accuracy
[0.0828877  0.20053476 0.30213904 0.44652406]
val_loss=16.7661
accuracy
[0.0828877  0.19786096 0.30213904 0.44652406]
val_loss=16.7742
accuracy
[0.0828877  0.19786096 0.30213904 0.44652406]
val_loss=16.7519
accuracy
[0.07754011 0.20053476 0.30213904 0.44652406]
val_loss=16.7595
accuracy
[0.0802139  0.20053476 0.30213904 0.44652406]
val_loss=16.7731
accuracy
[0.0828877  0.20053476 0.30213904 0.44652406]
val_loss=16.7858
accuracy
[0.0855615  0.20053476 0.30213904 0.44652406]
Finished Training
    rehearsal replay buffer: 500 of 683 source samples
cpu
Finished Training
cpu
Finished Training
cpu
Finished Training
cpu
Finished Training
cpu
Finished Training
cpu
Finished Training
cpu
Finished Training
cpu
Finished Training
cpu
Finished Training
cpu
Finished Training
cpu
Finished Training
cpu
Finished Training
cpu
Finished Training
cpu
Finished Training
cpu
Finished Training
cpu
Finished Training
cpu
Finished Training
cpu
Finished Training
cpu
Finished Training
cpu
Finished Training
cpu
Finished Training
cpu
Finished Training
  seed 8: pretrain on scenario7 (683 samples), zero-shot eval on scenario4 (374 held-out test samples)
cpu
-----------------------------------------------------------------------
      Layer (type)        Output Shape         Param #     Tr. Param #
=======================================================================
          Linear-1           [32, 256]           1,280           1,280
            ReLU-2           [32, 256]               0               0
          Linear-3           [32, 256]          65,792          65,792
          Linear-4           [32, 256]          65,792          65,792
          Linear-5            [32, 16]           4,112           4,112
=======================================================================
Total params: 136,976
Trainable params: 136,976
Non-trainable params: 0
-----------------------------------------------------------------------
val_loss=3.8272
accuracy
[0.04010695 0.14171123 0.21657754 0.34224599]
val_loss=5.1314
accuracy
[0.05882353 0.18181818 0.2513369  0.42780749]
val_loss=6.7515
accuracy
[0.05614973 0.15508021 0.23796791 0.37165775]
val_loss=9.0559
accuracy
[0.04545455 0.13903743 0.20588235 0.34491979]
val_loss=8.6539
accuracy
[0.04545455 0.14973262 0.22459893 0.39839572]
val_loss=11.2478
accuracy
[0.05347594 0.16042781 0.24064171 0.4171123 ]
val_loss=12.3470
accuracy
[0.04278075 0.14171123 0.22192513 0.39304813]
val_loss=11.5765
accuracy
[0.05347594 0.16042781 0.22727273 0.39839572]
val_loss=12.6684
accuracy
[0.05882353 0.1657754  0.2513369  0.41176471]
val_loss=12.7593
accuracy
[0.05080214 0.15508021 0.23262032 0.40374332]
val_loss=10.9938
accuracy
[0.07486631 0.18983957 0.26203209 0.45187166]
val_loss=9.0845
accuracy
[0.10427807 0.15775401 0.26737968 0.39839572]
val_loss=11.9742
accuracy
[0.05347594 0.15508021 0.23796791 0.39304813]
val_loss=11.8556
accuracy
[0.05614973 0.17112299 0.30748663 0.42780749]
val_loss=12.2259
accuracy
[0.06149733 0.16042781 0.26203209 0.4144385 ]
val_loss=14.6528
accuracy
[0.05080214 0.1657754  0.23796791 0.40374332]
val_loss=15.8187
accuracy
[0.05882353 0.1631016  0.2459893  0.41176471]
val_loss=16.7396
accuracy
[0.05614973 0.16042781 0.23796791 0.40641711]
val_loss=16.8310
accuracy
[0.06149733 0.1631016  0.2513369  0.42513369]
val_loss=11.8200
accuracy
[0.05882353 0.17112299 0.26737968 0.43048128]
val_loss=14.1621
accuracy
[0.05882353 0.1657754  0.2459893  0.40641711]
val_loss=15.1084
accuracy
[0.05614973 0.1657754  0.24331551 0.41176471]
val_loss=15.9609
accuracy
[0.05347594 0.1631016  0.2486631  0.4197861 ]
val_loss=16.3252
accuracy
[0.05614973 0.1631016  0.26737968 0.4197861 ]
val_loss=17.1077
accuracy
[0.06149733 0.1631016  0.25668449 0.4144385 ]
val_loss=17.1660
accuracy
[0.05347594 0.1631016  0.2513369  0.4144385 ]
val_loss=17.8221
accuracy
[0.05080214 0.17112299 0.24331551 0.40374332]
val_loss=17.9378
accuracy
[0.05347594 0.17379679 0.2513369  0.40909091]
val_loss=18.0087
accuracy
[0.06149733 0.1631016  0.27005348 0.4197861 ]
val_loss=18.6344
accuracy
[0.05614973 0.1657754  0.2486631  0.41176471]
val_loss=18.8026
accuracy
[0.05614973 0.17647059 0.2540107  0.40909091]
val_loss=18.8936
accuracy
[0.05347594 0.1684492  0.2513369  0.40641711]
val_loss=19.1216
accuracy
[0.05614973 0.17379679 0.2513369  0.41176471]
val_loss=19.0962
accuracy
[0.05882353 0.1684492  0.2540107  0.40909091]
val_loss=18.9328
accuracy
[0.05614973 0.1657754  0.26470588 0.4197861 ]
val_loss=19.6140
accuracy
[0.05347594 0.17647059 0.2513369  0.40641711]
val_loss=19.5803
accuracy
[0.05882353 0.17647059 0.2540107  0.41176471]
val_loss=19.9474
accuracy
[0.06149733 0.1657754  0.2513369  0.4197861 ]
val_loss=19.7196
accuracy
[0.05347594 0.18449198 0.2513369  0.40106952]
val_loss=20.0987
accuracy
[0.06149733 0.17112299 0.2540107  0.4144385 ]
val_loss=20.0076
accuracy
[0.05614973 0.17112299 0.2513369  0.41176471]
val_loss=19.9437
accuracy
[0.05882353 0.17112299 0.2540107  0.40909091]
val_loss=20.1323
accuracy
[0.05882353 0.17112299 0.2513369  0.40641711]
val_loss=20.3230
accuracy
[0.05614973 0.17379679 0.2486631  0.40374332]
val_loss=20.1482
accuracy
[0.05882353 0.1684492  0.25668449 0.41176471]
val_loss=20.3791
accuracy
[0.05882353 0.17112299 0.2513369  0.40909091]
val_loss=20.5045
accuracy
[0.05347594 0.17112299 0.2486631  0.40374332]
val_loss=20.2197
accuracy
[0.05882353 0.1657754  0.25935829 0.4144385 ]
val_loss=20.4642
accuracy
[0.05614973 0.17379679 0.2513369  0.40909091]
val_loss=20.6154
accuracy
[0.05614973 0.17379679 0.2486631  0.40374332]
val_loss=20.7883
accuracy
[0.05080214 0.17379679 0.2486631  0.40374332]
val_loss=20.6688
accuracy
[0.05614973 0.17379679 0.2513369  0.40641711]
val_loss=20.5308
accuracy
[0.05882353 0.1657754  0.25668449 0.4144385 ]
val_loss=20.8056
accuracy
[0.05614973 0.17379679 0.2459893  0.40641711]
val_loss=20.7766
accuracy
[0.05882353 0.17379679 0.2486631  0.40909091]
val_loss=20.7366
accuracy
[0.05882353 0.1657754  0.2540107  0.41176471]
val_loss=20.9279
accuracy
[0.05614973 0.17379679 0.2459893  0.40374332]
val_loss=20.8153
accuracy
[0.05882353 0.1657754  0.25668449 0.4144385 ]
val_loss=20.8619
accuracy
[0.05614973 0.17112299 0.2486631  0.40909091]
val_loss=20.9745
accuracy
[0.05614973 0.17112299 0.2540107  0.40909091]
val_loss=20.9495
accuracy
[0.05882353 0.17112299 0.2513369  0.40909091]
val_loss=20.9720
accuracy
[0.05882353 0.17112299 0.2459893  0.40909091]
val_loss=20.9715
accuracy
[0.05882353 0.17112299 0.2513369  0.40909091]
val_loss=21.0059
accuracy
[0.05614973 0.17112299 0.2486631  0.40909091]
val_loss=21.0293
accuracy
[0.05882353 0.17112299 0.2513369  0.40909091]
val_loss=21.0312
accuracy
[0.05614973 0.17112299 0.2459893  0.40909091]
val_loss=21.0225
accuracy
[0.05882353 0.17112299 0.2486631  0.40909091]
val_loss=21.0203
accuracy
[0.05882353 0.17112299 0.2486631  0.40909091]
val_loss=21.0600
accuracy
[0.05614973 0.17112299 0.2459893  0.40909091]
val_loss=21.0665
accuracy
[0.05882353 0.17112299 0.2486631  0.40909091]
val_loss=21.0777
accuracy
[0.05882353 0.17112299 0.2459893  0.40909091]
val_loss=21.1101
accuracy
[0.05614973 0.17112299 0.2459893  0.40909091]
val_loss=21.0713
accuracy
[0.05882353 0.17112299 0.2459893  0.40909091]
val_loss=21.0856
accuracy
[0.05882353 0.17112299 0.2486631  0.40909091]
val_loss=21.1194
accuracy
[0.05614973 0.17112299 0.2486631  0.40909091]
val_loss=21.1464
accuracy
[0.05614973 0.17112299 0.2459893  0.40909091]
val_loss=21.1397
accuracy
[0.05882353 0.17112299 0.2459893  0.40909091]
val_loss=21.1416
accuracy
[0.05882353 0.17112299 0.2459893  0.40909091]
val_loss=21.1698
accuracy
[0.05882353 0.17112299 0.2459893  0.40909091]
val_loss=21.1392
accuracy
[0.05882353 0.17112299 0.2486631  0.40909091]
Finished Training
    rehearsal replay buffer: 500 of 683 source samples
cpu
Finished Training
cpu
Finished Training
cpu
Finished Training
cpu
Finished Training
cpu
Finished Training
cpu
Finished Training
cpu
Finished Training
cpu
Finished Training
cpu
Finished Training
cpu
Finished Training
cpu
Finished Training
cpu
Finished Training
cpu
Finished Training
cpu
Finished Training
cpu
Finished Training
cpu
Finished Training
cpu
Finished Training
cpu
Finished Training
cpu
Finished Training
cpu
Finished Training
cpu
Finished Training
cpu
Finished Training
  seed 9: pretrain on scenario7 (683 samples), zero-shot eval on scenario4 (374 held-out test samples)
cpu
-----------------------------------------------------------------------
      Layer (type)        Output Shape         Param #     Tr. Param #
=======================================================================
          Linear-1           [32, 256]           1,280           1,280
            ReLU-2           [32, 256]               0               0
          Linear-3           [32, 256]          65,792          65,792
          Linear-4           [32, 256]          65,792          65,792
          Linear-5            [32, 16]           4,112           4,112
=======================================================================
Total params: 136,976
Trainable params: 136,976
Non-trainable params: 0
-----------------------------------------------------------------------
val_loss=2.7447
accuracy
[0.11229947 0.23529412 0.32887701 0.55614973]
val_loss=3.8154
accuracy
[0.05614973 0.16042781 0.26470588 0.4144385 ]
val_loss=5.1245
accuracy
[0.05614973 0.14973262 0.24331551 0.38502674]
val_loss=9.5652
accuracy
[0.06417112 0.16042781 0.25935829 0.4171123 ]
val_loss=7.6618
accuracy
[0.05882353 0.15240642 0.27005348 0.42245989]
val_loss=9.7953
accuracy
[0.05882353 0.14973262 0.2513369  0.43582888]
val_loss=11.5125
accuracy
[0.06951872 0.16042781 0.26203209 0.39304813]
val_loss=10.0935
accuracy
[0.05882353 0.1631016  0.27540107 0.42780749]
val_loss=9.9457
accuracy
[0.07486631 0.18181818 0.28074866 0.44385027]
val_loss=11.4555
accuracy
[0.07219251 0.17914439 0.27540107 0.45187166]
val_loss=11.6247
accuracy
[0.06417112 0.17379679 0.28074866 0.42513369]
val_loss=11.3412
accuracy
[0.08823529 0.15508021 0.27540107 0.4197861 ]
val_loss=12.1094
accuracy
[0.07486631 0.17379679 0.27005348 0.42513369]
val_loss=13.5624
accuracy
[0.05882353 0.15775401 0.28609626 0.44117647]
val_loss=12.7713
accuracy
[0.05882353 0.1657754  0.28609626 0.43850267]
val_loss=12.7734
accuracy
[0.06951872 0.19251337 0.28342246 0.42780749]
val_loss=12.3599
accuracy
[0.07219251 0.18983957 0.28074866 0.42780749]
val_loss=11.4791
accuracy
[0.06684492 0.17112299 0.28342246 0.4171123 ]
val_loss=12.4153
accuracy
[0.07219251 0.17647059 0.28342246 0.40641711]
val_loss=13.2405
accuracy
[0.06417112 0.18716578 0.28877005 0.43582888]
val_loss=13.6285
accuracy
[0.06149733 0.17914439 0.28074866 0.43315508]
val_loss=14.2801
accuracy
[0.05882353 0.17914439 0.28342246 0.42780749]
val_loss=14.3573
accuracy
[0.06417112 0.17647059 0.28877005 0.43582888]
val_loss=14.6944
accuracy
[0.06149733 0.17914439 0.28074866 0.42780749]
val_loss=15.4304
accuracy
[0.06417112 0.17379679 0.28074866 0.42245989]
val_loss=15.3349
accuracy
[0.06417112 0.17914439 0.28074866 0.43582888]
val_loss=15.6942
accuracy
[0.05882353 0.17647059 0.28342246 0.42780749]
val_loss=15.1174
accuracy
[0.06951872 0.17914439 0.28342246 0.44652406]
val_loss=15.9970
accuracy
[0.06149733 0.17914439 0.28074866 0.43048128]
val_loss=16.3402
accuracy
[0.06951872 0.19518717 0.29411765 0.42513369]
val_loss=16.1135
accuracy
[0.06684492 0.1631016  0.27540107 0.42780749]
val_loss=16.0561
accuracy
[0.06149733 0.18449198 0.28342246 0.42245989]
val_loss=15.7750
accuracy
[0.06149733 0.17647059 0.30481283 0.42780749]
val_loss=15.6902
accuracy
[0.06951872 0.17379679 0.30213904 0.44117647]
val_loss=16.3971
accuracy
[0.06684492 0.17647059 0.30213904 0.43315508]
val_loss=16.1985
accuracy
[0.06684492 0.17647059 0.28877005 0.42513369]
val_loss=16.3161
accuracy
[0.06684492 0.17647059 0.31550802 0.42780749]
val_loss=16.1449
accuracy
[0.06149733 0.1684492  0.29946524 0.42513369]
val_loss=15.6469
accuracy
[0.06684492 0.18449198 0.31016043 0.43582888]
val_loss=16.0258
accuracy
[0.06684492 0.1684492  0.26737968 0.43582888]
val_loss=16.2713
accuracy
[0.05614973 0.17914439 0.27272727 0.42780749]
val_loss=16.1982
accuracy
[0.06684492 0.18716578 0.27540107 0.42513369]
val_loss=16.3283
accuracy
[0.06149733 0.18181818 0.27540107 0.43315508]
val_loss=16.3091
accuracy
[0.06684492 0.17914439 0.27540107 0.43315508]
val_loss=16.4192
accuracy
[0.06417112 0.17914439 0.27540107 0.43048128]
val_loss=16.6315
accuracy
[0.06417112 0.17647059 0.27807487 0.42780749]
val_loss=16.5440
accuracy
[0.06417112 0.17914439 0.29679144 0.43315508]
val_loss=16.6901
accuracy
[0.06149733 0.18181818 0.28342246 0.42245989]
val_loss=16.7370
accuracy
[0.06149733 0.17914439 0.29679144 0.43048128]
val_loss=16.9133
accuracy
[0.06149733 0.17914439 0.29946524 0.42245989]
val_loss=16.9426
accuracy
[0.06149733 0.18181818 0.28877005 0.42245989]
val_loss=16.8609
accuracy
[0.06417112 0.17914439 0.29946524 0.42780749]
val_loss=16.8102
accuracy
[0.06417112 0.18181818 0.29946524 0.43315508]
val_loss=16.9227
accuracy
[0.06149733 0.17914439 0.29946524 0.42780749]
val_loss=17.0634
accuracy
[0.06149733 0.18181818 0.29946524 0.42513369]
val_loss=16.8775
accuracy
[0.06417112 0.18449198 0.29946524 0.43315508]
val_loss=17.1059
accuracy
[0.06149733 0.18449198 0.30748663 0.42513369]
val_loss=17.1573
accuracy
[0.06149733 0.17914439 0.30213904 0.42780749]
val_loss=17.0456
accuracy
[0.06149733 0.18449198 0.28609626 0.42780749]
val_loss=17.1183
accuracy
[0.06149733 0.18181818 0.29946524 0.42780749]
val_loss=17.1539
accuracy
[0.06149733 0.18181818 0.29946524 0.42780749]
val_loss=17.1613
accuracy
[0.06149733 0.18181818 0.29946524 0.42513369]
val_loss=17.1265
accuracy
[0.06149733 0.18181818 0.29946524 0.42780749]
val_loss=17.1446
accuracy
[0.06149733 0.18449198 0.29946524 0.42513369]
val_loss=17.1474
accuracy
[0.06149733 0.18449198 0.29946524 0.42780749]
val_loss=17.1721
accuracy
[0.06149733 0.18181818 0.29946524 0.42780749]
val_loss=17.1990
accuracy
[0.06149733 0.18181818 0.29946524 0.42513369]
val_loss=17.1534
accuracy
[0.06149733 0.18449198 0.29411765 0.42780749]
val_loss=17.2072
accuracy
[0.06149733 0.18181818 0.29946524 0.42513369]
val_loss=17.2185
accuracy
[0.06417112 0.18181818 0.29411765 0.42780749]
val_loss=17.2200
accuracy
[0.06149733 0.18181818 0.28877005 0.42780749]
val_loss=17.2179
accuracy
[0.06149733 0.18181818 0.29144385 0.42780749]
val_loss=17.2406
accuracy
[0.06149733 0.18181818 0.29144385 0.42513369]
val_loss=17.2094
accuracy
[0.06149733 0.18181818 0.29144385 0.42780749]
val_loss=17.1891
accuracy
[0.06149733 0.18449198 0.29946524 0.42780749]
val_loss=17.2715
accuracy
[0.06149733 0.18181818 0.29411765 0.42513369]
val_loss=17.2489
accuracy
[0.06149733 0.18181818 0.29946524 0.42780749]
val_loss=17.2585
accuracy
[0.06149733 0.18181818 0.29946524 0.42780749]
val_loss=17.2668
accuracy
[0.06149733 0.18449198 0.29946524 0.42780749]
val_loss=17.2679
accuracy
[0.06149733 0.18181818 0.29946524 0.42780749]
Finished Training
    rehearsal replay buffer: 500 of 683 source samples
cpu
Finished Training
cpu
Finished Training
cpu
Finished Training
cpu
Finished Training
cpu
Finished Training
cpu
Finished Training
cpu
Finished Training
cpu
Finished Training
cpu
Finished Training
cpu
Finished Training
cpu
Finished Training
cpu
Finished Training
cpu
Finished Training
cpu
Finished Training
cpu
Finished Training
cpu
Finished Training
cpu
Finished Training
cpu
Finished Training
cpu
Finished Training
cpu
Finished Training
cpu
Finished Training
cpu
Finished Training
Saved result\stage1_s7_to_s4_rehearsal_acc.mat and result\stage1_s7_to_s4_rehearsal_pwr.mat (10/10 seeds completed)

======================================================================
Rehearsal comparison: scenario7 -> scenario32straight  (s7_to_s32straight)
======================================================================
  seed 0: pretrain on scenario7 (683 samples), zero-shot eval on scenario32straight (475 held-out test samples)
cpu
-----------------------------------------------------------------------
      Layer (type)        Output Shape         Param #     Tr. Param #
=======================================================================
          Linear-1           [32, 256]           1,280           1,280
            ReLU-2           [32, 256]               0               0
          Linear-3           [32, 256]          65,792          65,792
          Linear-4           [32, 256]          65,792          65,792
          Linear-5            [32, 16]           4,112           4,112
=======================================================================
Total params: 136,976
Trainable params: 136,976
Non-trainable params: 0
-----------------------------------------------------------------------
val_loss=6.2922
accuracy
[0.         0.00631579 0.05473684 0.07368421]
val_loss=5.2340
accuracy
[0.00421053 0.00421053 0.00421053 0.01684211]
val_loss=8.3188
accuracy
[0.00421053 0.00421053 0.00421053 0.02736842]
val_loss=9.0611
accuracy
[0.00421053 0.00421053 0.00631579 0.02315789]
val_loss=8.0557
accuracy
[0.00421053 0.00421053 0.01684211 0.06526316]
val_loss=10.9452
accuracy
[0.         0.00421053 0.01684211 0.06526316]
val_loss=12.3565
accuracy
[0.         0.00421053 0.01684211 0.07789474]
val_loss=10.6048
accuracy
[0.00421053 0.00421053 0.01684211 0.17263158]
val_loss=16.2831
accuracy
[0.         0.00421053 0.01684211 0.10315789]
val_loss=12.5749
accuracy
[0.         0.00421053 0.01684211 0.16      ]
val_loss=14.7394
accuracy
[0.00421053 0.00421053 0.06315789 0.07789474]
val_loss=13.7584
accuracy
[0.00421053 0.00631579 0.05894737 0.07368421]
val_loss=20.0205
accuracy
[0.         0.00631579 0.04       0.11157895]
val_loss=22.0251
accuracy
[0.00210526 0.00631579 0.01894737 0.03789474]
val_loss=20.8080
accuracy
[0.00631579 0.01473684 0.04421053 0.06315789]
val_loss=21.4795
accuracy
[0.00210526 0.00631579 0.02947368 0.05684211]
val_loss=19.5250
accuracy
[0.00210526 0.00631579 0.03368421 0.05684211]
val_loss=22.9696
accuracy
[0.         0.00631579 0.00631579 0.02315789]
val_loss=23.9336
accuracy
[0.00210526 0.00631579 0.00842105 0.02947368]
val_loss=18.2264
accuracy
[0.00210526 0.00842105 0.03578947 0.05894737]
val_loss=22.0272
accuracy
[0.00210526 0.00631579 0.01052632 0.04      ]
val_loss=22.8952
accuracy
[0.00210526 0.00631579 0.00631579 0.03368421]
val_loss=24.3846
accuracy
[0.00210526 0.00631579 0.00631579 0.02526316]
val_loss=25.7082
accuracy
[0.00210526 0.00631579 0.00631579 0.02526316]
val_loss=27.0120
accuracy
[0.00210526 0.00631579 0.00631579 0.02105263]
val_loss=26.2459
accuracy
[0.00210526 0.00631579 0.01894737 0.02947368]
val_loss=27.0780
accuracy
[0.00210526 0.00631579 0.00631579 0.03157895]
val_loss=27.3667
accuracy
[0.00210526 0.00631579 0.00631579 0.02736842]
val_loss=28.4764
accuracy
[0.00210526 0.00631579 0.00631579 0.02315789]
val_loss=27.9361
accuracy
[0.00210526 0.00631579 0.00631579 0.02315789]
val_loss=28.5018
accuracy
[0.00210526 0.00631579 0.00631579 0.02315789]
val_loss=27.5511
accuracy
[0.00210526 0.01052632 0.01263158 0.03368421]
val_loss=29.5896
accuracy
[0.00210526 0.00631579 0.00842105 0.03157895]
val_loss=28.5127
accuracy
[0.00210526 0.00631579 0.01052632 0.03157895]
val_loss=29.8490
accuracy
[0.00210526 0.00631579 0.00842105 0.02736842]
val_loss=31.2665
accuracy
[0.         0.00631579 0.00842105 0.02315789]
val_loss=30.5631
accuracy
[0.00210526 0.00631579 0.01052632 0.02315789]
val_loss=30.0764
accuracy
[0.00210526 0.00631579 0.00842105 0.02947368]
val_loss=30.4246
accuracy
[0.00210526 0.00631579 0.01052632 0.03157895]
val_loss=31.7491
accuracy
[0.00210526 0.00631579 0.01052632 0.03157895]
val_loss=31.3037
accuracy
[0.00210526 0.00631579 0.01052632 0.03157895]
val_loss=31.4145
accuracy
[0.00210526 0.00631579 0.00842105 0.03157895]
val_loss=31.2839
accuracy
[0.00210526 0.00631579 0.00842105 0.03157895]
val_loss=31.7138
accuracy
[0.00210526 0.00631579 0.00842105 0.03157895]
val_loss=31.5811
accuracy
[0.00210526 0.00631579 0.00842105 0.03157895]
val_loss=31.8574
accuracy
[0.00210526 0.00631579 0.00842105 0.03157895]
val_loss=31.9919
accuracy
[0.00210526 0.00631579 0.00842105 0.03157895]
val_loss=31.8570
accuracy
[0.00210526 0.00631579 0.00842105 0.03157895]
val_loss=32.1280
accuracy
[0.00210526 0.00631579 0.00842105 0.03157895]
val_loss=31.9078
accuracy
[0.00210526 0.00631579 0.00842105 0.03157895]
val_loss=32.3478
accuracy
[0.00210526 0.00631579 0.00842105 0.03157895]
val_loss=32.0056
accuracy
[0.00210526 0.00631579 0.00842105 0.03157895]
val_loss=32.4702
accuracy
[0.00210526 0.00631579 0.00842105 0.03157895]
val_loss=32.2226
accuracy
[0.00210526 0.00631579 0.00842105 0.03157895]
val_loss=32.6427
accuracy
[0.00210526 0.00631579 0.00842105 0.03157895]
val_loss=32.6079
accuracy
[0.00210526 0.00631579 0.00842105 0.03157895]
val_loss=32.8287
accuracy
[0.00210526 0.00631579 0.00842105 0.03157895]
val_loss=32.7535
accuracy
[0.00210526 0.00631579 0.00842105 0.03157895]
val_loss=32.9865
accuracy
[0.00210526 0.00631579 0.00842105 0.03157895]
val_loss=33.1720
accuracy
[0.00210526 0.00631579 0.00842105 0.02947368]
val_loss=33.1251
accuracy
[0.00210526 0.00631579 0.00842105 0.02947368]
val_loss=33.1234
accuracy
[0.00210526 0.00631579 0.00842105 0.02947368]
val_loss=33.1131
accuracy
[0.00210526 0.00631579 0.00842105 0.03157895]
val_loss=33.1292
accuracy
[0.00210526 0.00631579 0.00842105 0.03157895]
val_loss=33.1264
accuracy
[0.00210526 0.00631579 0.00842105 0.03157895]
val_loss=33.1975
accuracy
[0.00210526 0.00631579 0.00842105 0.03157895]
val_loss=33.1701
accuracy
[0.00210526 0.00631579 0.00842105 0.03157895]
val_loss=33.1001
accuracy
[0.00210526 0.00631579 0.00842105 0.03157895]
val_loss=33.1700
accuracy
[0.00210526 0.00631579 0.00842105 0.03157895]
val_loss=33.1669
accuracy
[0.00210526 0.00631579 0.00842105 0.03157895]
val_loss=33.2542
accuracy
[0.00210526 0.00631579 0.00842105 0.03157895]
val_loss=33.1476
accuracy
[0.00210526 0.00631579 0.00842105 0.03157895]
val_loss=33.1438
accuracy
[0.00210526 0.00631579 0.00842105 0.03157895]
val_loss=33.2444
accuracy
[0.00210526 0.00631579 0.00842105 0.03157895]
val_loss=33.3050
accuracy
[0.00210526 0.00631579 0.00842105 0.03157895]
val_loss=33.2959
accuracy
[0.00210526 0.00631579 0.00842105 0.03157895]
val_loss=33.3035
accuracy
[0.00210526 0.00631579 0.00842105 0.03157895]
val_loss=33.4157
accuracy
[0.00210526 0.00631579 0.00842105 0.03157895]
val_loss=33.3992
accuracy
[0.00210526 0.00631579 0.00842105 0.03157895]
val_loss=33.3698
accuracy
[0.00210526 0.00631579 0.00842105 0.03157895]
Finished Training
    rehearsal replay buffer: 500 of 683 source samples
cpu
Finished Training
cpu
Finished Training
cpu
Finished Training
cpu
Finished Training
cpu
Finished Training
cpu
Finished Training
cpu
Finished Training
cpu
Finished Training
cpu
Finished Training
cpu
Finished Training
cpu
Finished Training
cpu
Finished Training
cpu
Finished Training
cpu
Finished Training
cpu
Finished Training
cpu
Finished Training
cpu
Finished Training
cpu
Finished Training
cpu
Finished Training
cpu
Finished Training
cpu
Finished Training
cpu
Finished Training
  seed 1: pretrain on scenario7 (683 samples), zero-shot eval on scenario32straight (475 held-out test samples)
cpu
-----------------------------------------------------------------------
      Layer (type)        Output Shape         Param #     Tr. Param #
=======================================================================
          Linear-1           [32, 256]           1,280           1,280
            ReLU-2           [32, 256]               0               0
          Linear-3           [32, 256]          65,792          65,792
          Linear-4           [32, 256]          65,792          65,792
          Linear-5            [32, 16]           4,112           4,112
=======================================================================
Total params: 136,976
Trainable params: 136,976
Non-trainable params: 0
-----------------------------------------------------------------------
val_loss=3.5681
accuracy
[0.00210526 0.00210526 0.00210526 0.00421053]
val_loss=6.8026
accuracy
[0.00210526 0.00210526 0.00421053 0.01894737]
val_loss=6.3332
accuracy
[0.         0.00421053 0.00842105 0.02315789]
val_loss=9.2764
accuracy
[0.         0.00210526 0.01052632 0.04631579]
val_loss=10.0130
accuracy
[0.00210526 0.00210526 0.01052632 0.08631579]
val_loss=11.6680
accuracy
[0.00210526 0.00210526 0.01052632 0.11789474]
val_loss=11.4021
accuracy
[0.00210526 0.00210526 0.01052632 0.08      ]
val_loss=10.4155
accuracy
[0.00210526 0.00210526 0.01052632 0.15157895]
val_loss=14.0150
accuracy
[0.00210526 0.00210526 0.01052632 0.10736842]
val_loss=11.9187
accuracy
[0.00210526 0.00210526 0.01052632 0.06947368]
val_loss=17.5579
accuracy
[0.00210526 0.00210526 0.01052632 0.07157895]
val_loss=15.6765
accuracy
[0.00210526 0.00210526 0.01052632 0.11789474]
val_loss=22.1953
accuracy
[0.00210526 0.00210526 0.01052632 0.01263158]
val_loss=14.3097
accuracy
[0.00210526 0.00210526 0.00210526 0.02526316]
val_loss=14.5575
accuracy
[0.00210526 0.00210526 0.01263158 0.03157895]
val_loss=14.3598
accuracy
[0.         0.         0.00842105 0.05052632]
val_loss=14.2990
accuracy
[0.         0.00210526 0.00631579 0.05684211]
val_loss=15.8134
accuracy
[0.00210526 0.00421053 0.00842105 0.03789474]
val_loss=15.6587
accuracy
[0.         0.         0.00631579 0.02947368]
val_loss=13.7879
accuracy
[0.00210526 0.00210526 0.01052632 0.06105263]
val_loss=12.9941
accuracy
[0.         0.00210526 0.02315789 0.07157895]
val_loss=13.9918
accuracy
[0.         0.         0.02947368 0.07157895]
val_loss=15.0287
accuracy
[0.         0.         0.02736842 0.06947368]
val_loss=15.9253
accuracy
[0.         0.00210526 0.02315789 0.06315789]
val_loss=16.7229
accuracy
[0.         0.00210526 0.02315789 0.05894737]
val_loss=16.6855
accuracy
[0.         0.00210526 0.04       0.06105263]
val_loss=17.8356
accuracy
[0.         0.00210526 0.02947368 0.06105263]
val_loss=16.9106
accuracy
[0.         0.01894737 0.05263158 0.06736842]
val_loss=17.4104
accuracy
[0.         0.02105263 0.05052632 0.06105263]
val_loss=18.3181
accuracy
[0.         0.03157895 0.05052632 0.06315789]
val_loss=18.3053
accuracy
[0.         0.03578947 0.05052632 0.06315789]
val_loss=18.2248
accuracy
[0.         0.03578947 0.05052632 0.06315789]
val_loss=18.7337
accuracy
[0.         0.03578947 0.05263158 0.06315789]
val_loss=18.8419
accuracy
[0.         0.01263158 0.05052632 0.06105263]
val_loss=19.4021
accuracy
[0.         0.02526316 0.05894737 0.06736842]
val_loss=18.7788
accuracy
[0.         0.03789474 0.05473684 0.06736842]
val_loss=19.7994
accuracy
[0.         0.02315789 0.05894737 0.06947368]
val_loss=19.0312
accuracy
[0.         0.03789474 0.05684211 0.06947368]
val_loss=19.6177
accuracy
[0.00210526 0.04421053 0.05894737 0.06736842]
val_loss=19.4349
accuracy
[0.         0.03157895 0.05894737 0.07368421]
val_loss=19.7319
accuracy
[0.00210526 0.02947368 0.05894737 0.07578947]
val_loss=19.9942
accuracy
[0.         0.03157895 0.05894737 0.07578947]
val_loss=20.0739
accuracy
[0.         0.03157895 0.05894737 0.07578947]
val_loss=20.1778
accuracy
[0.         0.03157895 0.05894737 0.07578947]
val_loss=20.2107
accuracy
[0.00210526 0.03789474 0.05894737 0.07578947]
val_loss=20.0833
accuracy
[0.00210526 0.03368421 0.05894737 0.07578947]
val_loss=20.2874
accuracy
[0.00210526 0.02947368 0.05894737 0.07578947]
val_loss=20.4926
accuracy
[0.00210526 0.03578947 0.05894737 0.07578947]
val_loss=20.4867
accuracy
[0.00210526 0.03578947 0.05894737 0.07578947]
val_loss=20.3620
accuracy
[0.00210526 0.03789474 0.05894737 0.07578947]
val_loss=20.4677
accuracy
[0.         0.03368421 0.05894737 0.07578947]
val_loss=20.5813
accuracy
[0.00210526 0.03578947 0.05894737 0.07578947]
val_loss=20.7560
accuracy
[0.00210526 0.03578947 0.05894737 0.07578947]
val_loss=20.8435
accuracy
[0.00210526 0.03368421 0.05894737 0.07578947]
val_loss=20.7608
accuracy
[0.00210526 0.03789474 0.05894737 0.07578947]
val_loss=20.9011
accuracy
[0.00210526 0.03578947 0.05894737 0.07578947]
val_loss=21.0300
accuracy
[0.         0.03789474 0.05894737 0.07789474]
val_loss=20.9557
accuracy
[0.00210526 0.03368421 0.05894737 0.07578947]
val_loss=21.1082
accuracy
[0.00210526 0.03578947 0.05894737 0.07578947]
val_loss=21.1786
accuracy
[0.00210526 0.03789474 0.05894737 0.07578947]
val_loss=21.1753
accuracy
[0.00210526 0.03789474 0.05894737 0.07578947]
val_loss=21.1832
accuracy
[0.00210526 0.03789474 0.05894737 0.07578947]
val_loss=21.2348
accuracy
[0.00210526 0.03789474 0.05894737 0.07578947]
val_loss=21.2347
accuracy
[0.00210526 0.03789474 0.05894737 0.07578947]
val_loss=21.2510
accuracy
[0.00210526 0.03789474 0.05894737 0.07578947]
val_loss=21.3252
accuracy
[0.00210526 0.03789474 0.05894737 0.07578947]
val_loss=21.2916
accuracy
[0.00210526 0.03578947 0.05894737 0.07578947]
val_loss=21.3563
accuracy
[0.00210526 0.03789474 0.05894737 0.07578947]
val_loss=21.3445
accuracy
[0.00210526 0.03789474 0.05894737 0.07578947]
val_loss=21.3589
accuracy
[0.00210526 0.04       0.05894737 0.07578947]
val_loss=21.3762
accuracy
[0.00210526 0.04       0.05894737 0.07578947]
val_loss=21.3750
accuracy
[0.00210526 0.03789474 0.05894737 0.07578947]
val_loss=21.4033
accuracy
[0.00210526 0.04       0.05894737 0.07578947]
val_loss=21.4347
accuracy
[0.00210526 0.04       0.05894737 0.07578947]
val_loss=21.4227
accuracy
[0.00210526 0.03789474 0.05894737 0.07578947]
val_loss=21.4064
accuracy
[0.         0.04       0.05894737 0.07578947]
val_loss=21.3999
accuracy
[0.00210526 0.03789474 0.05894737 0.07578947]
val_loss=21.4453
accuracy
[0.00210526 0.03789474 0.05894737 0.07789474]
val_loss=21.4703
accuracy
[0.00210526 0.04       0.05894737 0.07578947]
val_loss=21.5024
accuracy
[0.00210526 0.04       0.05894737 0.07578947]
Finished Training
    rehearsal replay buffer: 500 of 683 source samples
cpu
Finished Training
cpu
Finished Training
cpu
Finished Training
cpu
Finished Training
cpu
Finished Training
cpu
Finished Training
cpu
Finished Training
cpu
Finished Training
cpu
Finished Training
cpu
Finished Training
cpu
Finished Training
cpu
Finished Training
cpu
Finished Training
cpu
Finished Training
cpu
Finished Training
cpu
Finished Training
cpu
Finished Training
cpu
Finished Training
cpu
Finished Training
cpu
Finished Training
cpu
Finished Training
cpu
Finished Training
  seed 2: pretrain on scenario7 (683 samples), zero-shot eval on scenario32straight (475 held-out test samples)
cpu
-----------------------------------------------------------------------
      Layer (type)        Output Shape         Param #     Tr. Param #
=======================================================================
          Linear-1           [32, 256]           1,280           1,280
            ReLU-2           [32, 256]               0               0
          Linear-3           [32, 256]          65,792          65,792
          Linear-4           [32, 256]          65,792          65,792
          Linear-5            [32, 16]           4,112           4,112
=======================================================================
Total params: 136,976
Trainable params: 136,976
Non-trainable params: 0
-----------------------------------------------------------------------
val_loss=4.8298
accuracy
[0.00210526 0.00210526 0.00421053 0.03157895]
val_loss=6.7004
accuracy
[0.00210526 0.01473684 0.01894737 0.01894737]
val_loss=10.9259
accuracy
[0.00210526 0.00210526 0.00210526 0.01894737]
val_loss=9.0739
accuracy
[0.         0.         0.01894737 0.09052632]
val_loss=10.2222
accuracy
[0.00210526 0.00210526 0.01894737 0.06526316]
val_loss=7.6797
accuracy
[0.         0.         0.01894737 0.13263158]
val_loss=10.3685
accuracy
[0.00210526 0.00210526 0.01894737 0.03157895]
val_loss=12.6759
accuracy
[0.00210526 0.00210526 0.01894737 0.02526316]
val_loss=14.9289
accuracy
[0.00210526 0.00210526 0.01894737 0.04842105]
val_loss=10.1137
accuracy
[0.00210526 0.00210526 0.11368421 0.13263158]
val_loss=12.6673
accuracy
[0.00210526 0.00210526 0.02105263 0.06315789]
val_loss=11.9498
accuracy
[0.00210526 0.00210526 0.10947368 0.16631579]
val_loss=18.5382
accuracy
[0.00421053 0.00631579 0.05473684 0.10736842]
val_loss=16.3014
accuracy
[0.00631579 0.00631579 0.05263158 0.10105263]
val_loss=21.1213
accuracy
[0.00421053 0.00631579 0.04210526 0.06526316]
val_loss=18.2450
accuracy
[0.00631579 0.00631579 0.03789474 0.05894737]
val_loss=24.1435
accuracy
[0.00210526 0.00210526 0.03157895 0.05263158]
val_loss=27.1970
accuracy
[0.00210526 0.03157895 0.04       0.06105263]
val_loss=17.9268
accuracy
[0.00631579 0.00631579 0.04631579 0.06736842]
val_loss=17.0270
accuracy
[0.00210526 0.00631579 0.05263158 0.07157895]
val_loss=18.4097
accuracy
[0.00421053 0.00631579 0.05263158 0.07157895]
val_loss=19.7737
accuracy
[0.00631579 0.00631579 0.04631579 0.06526316]
val_loss=20.6507
accuracy
[0.00631579 0.00631579 0.04421053 0.06526316]
val_loss=21.9361
accuracy
[0.00631579 0.00631579 0.04210526 0.06526316]
val_loss=22.6463
accuracy
[0.00631579 0.00631579 0.04210526 0.06526316]
val_loss=23.6670
accuracy
[0.00631579 0.00631579 0.03789474 0.05894737]
val_loss=23.6269
accuracy
[0.00631579 0.00631579 0.04210526 0.06526316]
val_loss=23.5853
accuracy
[0.00631579 0.01684211 0.04842105 0.06526316]
val_loss=23.5553
accuracy
[0.00631579 0.02315789 0.04842105 0.06526316]
val_loss=24.9050
accuracy
[0.00631579 0.00631579 0.04210526 0.06315789]
val_loss=25.2006
accuracy
[0.00631579 0.02105263 0.04421053 0.06526316]
val_loss=25.1980
accuracy
[0.00631579 0.00631579 0.03789474 0.05894737]
val_loss=25.5369
accuracy
[0.00631579 0.00631579 0.04210526 0.06105263]
val_loss=25.9142
accuracy
[0.00631579 0.00842105 0.03578947 0.05473684]
val_loss=24.7437
accuracy
[0.00631579 0.02526316 0.04842105 0.06526316]
val_loss=27.7202
accuracy
[0.00631579 0.01473684 0.03578947 0.05473684]
val_loss=26.6424
accuracy
[0.00631579 0.00631579 0.04210526 0.05894737]
val_loss=27.0117
accuracy
[0.00631579 0.01894737 0.04210526 0.06526316]
val_loss=26.9153
accuracy
[0.00631579 0.01473684 0.04210526 0.06105263]
val_loss=27.6535
accuracy
[0.00631579 0.00631579 0.04210526 0.05894737]
val_loss=27.6040
accuracy
[0.00631579 0.00631579 0.03789474 0.05894737]
val_loss=27.6045
accuracy
[0.00631579 0.00631579 0.04210526 0.05894737]
val_loss=27.7519
accuracy
[0.00631579 0.00631579 0.03789474 0.05894737]
val_loss=28.3485
accuracy
[0.00631579 0.00631579 0.03789474 0.05894737]
val_loss=27.7943
accuracy
[0.00631579 0.00631579 0.04210526 0.05894737]
val_loss=27.8988
accuracy
[0.00631579 0.00631579 0.04210526 0.05894737]
val_loss=28.0967
accuracy
[0.00631579 0.00631579 0.04210526 0.05894737]
val_loss=28.3470
accuracy
[0.00631579 0.00631579 0.03789474 0.05894737]
val_loss=28.3278
accuracy
[0.00631579 0.00631579 0.04210526 0.05894737]
val_loss=28.4236
accuracy
[0.00631579 0.00631579 0.03789474 0.05894737]
val_loss=28.5232
accuracy
[0.00631579 0.00631579 0.03789474 0.05894737]
val_loss=28.3475
accuracy
[0.00631579 0.00631579 0.04210526 0.05894737]
val_loss=28.5111
accuracy
[0.00631579 0.00631579 0.03789474 0.05894737]
val_loss=28.3967
accuracy
[0.00631579 0.01263158 0.04210526 0.05894737]
val_loss=28.7575
accuracy
[0.00631579 0.00842105 0.03789474 0.05894737]
val_loss=28.7246
accuracy
[0.00631579 0.00842105 0.04210526 0.05894737]
val_loss=28.6922
accuracy
[0.00631579 0.00631579 0.04210526 0.05894737]
val_loss=28.9443
accuracy
[0.00631579 0.00631579 0.03789474 0.05894737]
val_loss=29.1860
accuracy
[0.00631579 0.00631579 0.03789474 0.05894737]
val_loss=28.9403
accuracy
[0.00631579 0.00631579 0.04       0.05894737]
val_loss=29.0537
accuracy
[0.00631579 0.00631579 0.03789474 0.05894737]
val_loss=29.0852
accuracy
[0.00631579 0.00631579 0.03789474 0.05894737]
val_loss=29.1135
accuracy
[0.00631579 0.00631579 0.03789474 0.05894737]
val_loss=29.1797
accuracy
[0.00631579 0.00631579 0.03789474 0.05894737]
val_loss=29.1963
accuracy
[0.00631579 0.00631579 0.03789474 0.05894737]
val_loss=29.2792
accuracy
[0.00631579 0.00631579 0.03789474 0.05894737]
val_loss=29.2628
accuracy
[0.00631579 0.00631579 0.03789474 0.05894737]
val_loss=29.2199
accuracy
[0.00631579 0.00631579 0.03789474 0.05894737]
val_loss=29.2683
accuracy
[0.00631579 0.00631579 0.03789474 0.05894737]
val_loss=29.2882
accuracy
[0.00631579 0.00631579 0.03789474 0.05894737]
val_loss=29.3421
accuracy
[0.00631579 0.00631579 0.03789474 0.05894737]
val_loss=29.3344
accuracy
[0.00631579 0.00631579 0.03789474 0.05894737]
val_loss=29.3359
accuracy
[0.00631579 0.00631579 0.03789474 0.05894737]
val_loss=29.3859
accuracy
[0.00631579 0.00631579 0.03789474 0.05894737]
val_loss=29.4229
accuracy
[0.00631579 0.00631579 0.03789474 0.05894737]
val_loss=29.4491
accuracy
[0.00631579 0.00631579 0.03789474 0.05894737]
val_loss=29.4574
accuracy
[0.00631579 0.00631579 0.03789474 0.05894737]
val_loss=29.4263
accuracy
[0.00631579 0.00631579 0.03789474 0.05894737]
val_loss=29.4780
accuracy
[0.00631579 0.00631579 0.03789474 0.05894737]
val_loss=29.5426
accuracy
[0.00631579 0.00631579 0.03789474 0.05894737]
Finished Training
    rehearsal replay buffer: 500 of 683 source samples
cpu
Finished Training
cpu
Finished Training
cpu
Finished Training
cpu
Finished Training
cpu
Finished Training
cpu
Finished Training
cpu
Finished Training
cpu
Finished Training
cpu
Finished Training
cpu
Finished Training
cpu
Finished Training
cpu
Finished Training
cpu
Finished Training
cpu
Finished Training
cpu
Finished Training
cpu
Finished Training
cpu
Finished Training
cpu
Finished Training
cpu
Finished Training
cpu
Finished Training
cpu
Finished Training
cpu
Finished Training
  seed 3: pretrain on scenario7 (683 samples), zero-shot eval on scenario32straight (475 held-out test samples)
cpu
-----------------------------------------------------------------------
      Layer (type)        Output Shape         Param #     Tr. Param #
=======================================================================
          Linear-1           [32, 256]           1,280           1,280
            ReLU-2           [32, 256]               0               0
          Linear-3           [32, 256]          65,792          65,792
          Linear-4           [32, 256]          65,792          65,792
          Linear-5            [32, 16]           4,112           4,112
=======================================================================
Total params: 136,976
Trainable params: 136,976
Non-trainable params: 0
-----------------------------------------------------------------------
val_loss=4.6018
accuracy
[0.         0.00631579 0.00631579 0.00631579]
val_loss=6.9601
accuracy
[0.         0.         0.00210526 0.01473684]
val_loss=11.0000
accuracy
[0.00210526 0.00210526 0.00210526 0.01473684]
val_loss=12.4703
accuracy
[0.         0.00210526 0.00210526 0.01263158]
val_loss=8.7573
accuracy
[0.   0.   0.   0.04]
val_loss=10.4492
accuracy
[0.         0.00631579 0.01263158 0.04      ]
val_loss=16.2734
accuracy
[0.         0.00210526 0.01263158 0.04      ]
val_loss=17.6291
accuracy
[0.         0.00210526 0.00842105 0.04      ]
val_loss=15.5415
accuracy
[0.         0.00210526 0.01263158 0.04421053]
val_loss=17.4535
accuracy
[0.         0.00210526 0.01263158 0.08631579]
val_loss=19.3287
accuracy
[0.         0.00210526 0.01263158 0.05473684]
val_loss=14.1000
accuracy
[0.         0.00210526 0.00421053 0.03368421]
val_loss=16.3212
accuracy
[0.         0.00210526 0.00421053 0.04210526]
val_loss=18.4891
accuracy
[0.         0.00210526 0.00842105 0.03368421]
val_loss=18.7485
accuracy
[0.         0.00210526 0.00842105 0.01684211]
val_loss=21.8814
accuracy
[0.         0.00210526 0.01473684 0.03157895]
val_loss=18.2556
accuracy
[0.         0.00631579 0.01052632 0.01684211]
val_loss=18.3680
accuracy
[0.         0.00210526 0.00421053 0.01684211]
val_loss=20.2113
accuracy
[0.         0.00210526 0.00842105 0.01684211]
val_loss=24.3583
accuracy
[0.         0.00210526 0.00631579 0.01684211]
val_loss=23.8976
accuracy
[0.         0.00210526 0.00842105 0.01684211]
val_loss=24.0888
accuracy
[0.         0.00210526 0.00421053 0.01684211]
val_loss=23.8183
accuracy
[0.         0.00631579 0.00842105 0.01684211]
val_loss=24.6960
accuracy
[0.         0.00210526 0.00842105 0.01684211]
val_loss=24.3663
accuracy
[0.         0.00210526 0.00421053 0.01684211]
val_loss=24.6142
accuracy
[0.         0.00210526 0.00631579 0.01684211]
val_loss=25.4304
accuracy
[0.         0.00631579 0.00842105 0.01684211]
val_loss=25.6160
accuracy
[0.         0.00210526 0.00842105 0.01684211]
val_loss=25.5537
accuracy
[0.         0.00210526 0.00842105 0.01684211]
val_loss=26.2119
accuracy
[0.         0.00210526 0.00421053 0.01684211]
val_loss=26.5941
accuracy
[0.         0.00210526 0.00631579 0.01684211]
val_loss=26.5655
accuracy
[0.         0.00210526 0.00842105 0.01684211]
val_loss=27.3307
accuracy
[0.         0.00210526 0.00421053 0.01684211]
val_loss=26.7127
accuracy
[0.         0.00210526 0.00842105 0.01684211]
val_loss=28.6778
accuracy
[0.         0.00210526 0.00421053 0.01684211]
val_loss=27.3055
accuracy
[0.         0.00210526 0.00842105 0.01684211]
val_loss=28.1493
accuracy
[0.         0.00210526 0.00421053 0.01684211]
val_loss=28.4851
accuracy
[0.         0.00210526 0.00421053 0.01684211]
val_loss=29.4086
accuracy
[0.         0.00210526 0.00421053 0.01684211]
val_loss=29.1135
accuracy
[0.         0.00210526 0.00421053 0.01684211]
val_loss=29.3437
accuracy
[0.         0.00210526 0.00421053 0.01684211]
val_loss=29.3683
accuracy
[0.         0.00210526 0.00421053 0.01684211]
val_loss=29.7288
accuracy
[0.         0.00210526 0.00421053 0.01684211]
val_loss=29.3791
accuracy
[0.         0.00210526 0.00421053 0.01684211]
val_loss=29.7874
accuracy
[0.         0.00210526 0.00421053 0.01684211]
val_loss=29.6917
accuracy
[0.         0.00210526 0.00421053 0.01684211]
val_loss=29.7358
accuracy
[0.         0.00210526 0.00421053 0.01684211]
val_loss=29.6432
accuracy
[0.         0.00210526 0.00421053 0.01684211]
val_loss=29.9586
accuracy
[0.         0.00210526 0.00421053 0.01684211]
val_loss=30.0012
accuracy
[0.         0.00210526 0.00421053 0.01684211]
val_loss=30.0588
accuracy
[0.         0.00210526 0.00421053 0.01684211]
val_loss=30.0436
accuracy
[0.         0.00210526 0.00421053 0.01684211]
val_loss=30.1105
accuracy
[0.         0.00210526 0.00421053 0.01684211]
val_loss=30.1792
accuracy
[0.         0.00210526 0.00421053 0.01684211]
val_loss=30.4484
accuracy
[0.         0.00210526 0.00421053 0.01684211]
val_loss=30.0757
accuracy
[0.         0.00210526 0.00421053 0.01684211]
val_loss=30.1895
accuracy
[0.         0.00210526 0.00421053 0.01684211]
val_loss=30.1516
accuracy
[0.         0.00210526 0.00421053 0.01684211]
val_loss=30.3766
accuracy
[0.         0.00210526 0.00421053 0.01684211]
val_loss=30.5802
accuracy
[0.         0.00210526 0.00421053 0.01684211]
val_loss=30.5415
accuracy
[0.         0.00210526 0.00421053 0.01684211]
val_loss=30.5360
accuracy
[0.         0.00210526 0.00421053 0.01684211]
val_loss=30.5088
accuracy
[0.         0.00210526 0.00421053 0.01684211]
val_loss=30.5120
accuracy
[0.         0.00210526 0.00421053 0.01684211]
val_loss=30.5819
accuracy
[0.         0.00210526 0.00421053 0.01684211]
val_loss=30.5520
accuracy
[0.         0.00210526 0.00421053 0.01684211]
val_loss=30.5974
accuracy
[0.         0.00210526 0.00421053 0.01684211]
val_loss=30.6762
accuracy
[0.         0.00210526 0.00421053 0.01684211]
val_loss=30.6439
accuracy
[0.         0.00210526 0.00421053 0.01684211]
val_loss=30.6268
accuracy
[0.         0.00210526 0.00421053 0.01684211]
val_loss=30.5811
accuracy
[0.         0.00210526 0.00421053 0.01684211]
val_loss=30.6746
accuracy
[0.         0.00210526 0.00421053 0.01684211]
val_loss=30.6568
accuracy
[0.         0.00210526 0.00421053 0.01684211]
val_loss=30.6550
accuracy
[0.         0.00210526 0.00421053 0.01684211]
val_loss=30.6768
accuracy
[0.         0.00210526 0.00421053 0.01684211]
val_loss=30.6752
accuracy
[0.         0.00210526 0.00421053 0.01684211]
val_loss=30.7378
accuracy
[0.         0.00210526 0.00421053 0.01684211]
val_loss=30.7124
accuracy
[0.         0.00210526 0.00421053 0.01684211]
val_loss=30.7785
accuracy
[0.         0.00210526 0.00421053 0.01684211]
val_loss=30.7830
accuracy
[0.         0.00210526 0.00421053 0.01684211]
Finished Training
    rehearsal replay buffer: 500 of 683 source samples
cpu
Finished Training
cpu
Finished Training
cpu
Finished Training
cpu
Finished Training
cpu
Finished Training
cpu
Finished Training
cpu
Finished Training
cpu
Finished Training
cpu
Finished Training
cpu
Finished Training
cpu
Finished Training
cpu
Finished Training
cpu
Finished Training
cpu
Finished Training
cpu
Finished Training
cpu
Finished Training
cpu
Finished Training
cpu
Finished Training
cpu
Finished Training
cpu
Finished Training
cpu
Finished Training
cpu
Finished Training
  seed 4: pretrain on scenario7 (683 samples), zero-shot eval on scenario32straight (475 held-out test samples)
cpu
-----------------------------------------------------------------------
      Layer (type)        Output Shape         Param #     Tr. Param #
=======================================================================
          Linear-1           [32, 256]           1,280           1,280
            ReLU-2           [32, 256]               0               0
          Linear-3           [32, 256]          65,792          65,792
          Linear-4           [32, 256]          65,792          65,792
          Linear-5            [32, 16]           4,112           4,112
=======================================================================
Total params: 136,976
Trainable params: 136,976
Non-trainable params: 0
-----------------------------------------------------------------------
val_loss=3.6436
accuracy
[0.         0.         0.         0.00421053]
val_loss=6.1879
accuracy
[0.         0.         0.00210526 0.05894737]
val_loss=6.8605
accuracy
[0.         0.         0.01263158 0.08210526]
val_loss=7.6129
accuracy
[0.         0.         0.         0.10526316]
val_loss=9.6368
accuracy
[0.         0.         0.01684211 0.13473684]
val_loss=7.2813
accuracy
[0.         0.         0.01684211 0.12421053]
val_loss=7.7133
accuracy
[0.         0.         0.11368421 0.13473684]
val_loss=12.3028
accuracy
[0.         0.         0.01684211 0.10526316]
val_loss=10.9029
accuracy
[0.         0.         0.01684211 0.13473684]
val_loss=10.1135
accuracy
[0.         0.         0.01684211 0.12842105]
val_loss=10.8379
accuracy
[0.         0.         0.01684211 0.08631579]
val_loss=11.1166
accuracy
[0.         0.00631579 0.06947368 0.13263158]
val_loss=13.8549
accuracy
[0.         0.         0.01684211 0.05052632]
val_loss=9.0625
accuracy
[0.         0.         0.08421053 0.16421053]
val_loss=11.6847
accuracy
[0.         0.         0.04842105 0.09684211]
val_loss=10.3880
accuracy
[0.         0.         0.04421053 0.09052632]
val_loss=11.9788
accuracy
[0.         0.         0.01263158 0.04210526]
val_loss=14.0357
accuracy
[0.         0.         0.01684211 0.04210526]
val_loss=12.1792
accuracy
[0.         0.         0.01684211 0.04210526]
val_loss=15.0089
accuracy
[0.         0.         0.01684211 0.04210526]
val_loss=14.2309
accuracy
[0.         0.         0.01684211 0.04210526]
val_loss=14.9131
accuracy
[0.         0.         0.00421053 0.04210526]
val_loss=15.3942
accuracy
[0.         0.         0.00421053 0.05263158]
val_loss=15.5517
accuracy
[0.         0.         0.00210526 0.05263158]
val_loss=15.9320
accuracy
[0.         0.         0.00421053 0.05263158]
val_loss=16.5138
accuracy
[0.         0.         0.00210526 0.05263158]
val_loss=16.6781
accuracy
[0.         0.         0.00210526 0.05684211]
val_loss=16.6729
accuracy
[0.         0.         0.00210526 0.04842105]
val_loss=16.8427
accuracy
[0.         0.         0.00210526 0.04842105]
val_loss=17.4631
accuracy
[0.         0.         0.00210526 0.04842105]
val_loss=17.5899
accuracy
[0.         0.         0.00210526 0.04842105]
val_loss=17.9163
accuracy
[0.         0.         0.00210526 0.04842105]
val_loss=18.2665
accuracy
[0.         0.         0.00210526 0.04842105]
val_loss=17.5786
accuracy
[0.         0.         0.00210526 0.04842105]
val_loss=18.5366
accuracy
[0.         0.         0.00210526 0.04421053]
val_loss=19.0789
accuracy
[0.         0.         0.00210526 0.03578947]
val_loss=18.8817
accuracy
[0.         0.         0.00210526 0.04842105]
val_loss=19.3644
accuracy
[0.         0.         0.00210526 0.04421053]
val_loss=19.6065
accuracy
[0.         0.         0.00210526 0.04421053]
val_loss=19.3521
accuracy
[0.         0.         0.00210526 0.02947368]
val_loss=19.4489
accuracy
[0.         0.         0.00210526 0.02947368]
val_loss=19.4889
accuracy
[0.         0.         0.00210526 0.02947368]
val_loss=19.6415
accuracy
[0.         0.         0.00210526 0.02947368]
val_loss=19.7465
accuracy
[0.         0.         0.00210526 0.02947368]
val_loss=19.9693
accuracy
[0.         0.         0.00210526 0.02947368]
val_loss=20.0075
accuracy
[0.         0.         0.00210526 0.02947368]
val_loss=20.1721
accuracy
[0.         0.         0.00210526 0.02947368]
val_loss=20.2068
accuracy
[0.         0.         0.00210526 0.02947368]
val_loss=20.2813
accuracy
[0.         0.         0.00210526 0.02947368]
val_loss=20.3492
accuracy
[0.         0.         0.00210526 0.02947368]
val_loss=20.3735
accuracy
[0.         0.         0.00210526 0.02947368]
val_loss=20.4321
accuracy
[0.         0.         0.00210526 0.02947368]
val_loss=20.6343
accuracy
[0.         0.         0.00210526 0.02947368]
val_loss=20.5785
accuracy
[0.         0.         0.00210526 0.02947368]
val_loss=20.6269
accuracy
[0.         0.         0.00210526 0.02947368]
val_loss=20.8113
accuracy
[0.         0.         0.00210526 0.02947368]
val_loss=20.9436
accuracy
[0.         0.         0.00210526 0.02947368]
val_loss=20.9069
accuracy
[0.         0.         0.00210526 0.02947368]
val_loss=21.0707
accuracy
[0.         0.         0.00210526 0.02947368]
val_loss=21.0625
accuracy
[0.         0.         0.00210526 0.02736842]
val_loss=21.1225
accuracy
[0.         0.         0.00210526 0.02736842]
val_loss=21.0625
accuracy
[0.         0.         0.00210526 0.02736842]
val_loss=21.0796
accuracy
[0.         0.         0.00210526 0.02736842]
val_loss=21.1200
accuracy
[0.         0.         0.00210526 0.02736842]
val_loss=21.1337
accuracy
[0.         0.         0.00210526 0.02736842]
val_loss=21.1563
accuracy
[0.         0.         0.00210526 0.02736842]
val_loss=21.1835
accuracy
[0.         0.         0.00210526 0.02736842]
val_loss=21.1907
accuracy
[0.         0.         0.00210526 0.02736842]
val_loss=21.1966
accuracy
[0.         0.         0.00210526 0.02736842]
val_loss=21.2106
accuracy
[0.         0.         0.00210526 0.02736842]
val_loss=21.2478
accuracy
[0.         0.         0.00210526 0.02736842]
val_loss=21.2430
accuracy
[0.         0.         0.00210526 0.02736842]
val_loss=21.2648
accuracy
[0.         0.         0.00210526 0.02736842]
val_loss=21.2991
accuracy
[0.         0.         0.00210526 0.02947368]
val_loss=21.3155
accuracy
[0.         0.         0.00210526 0.02947368]
val_loss=21.3451
accuracy
[0.         0.         0.00210526 0.02736842]
val_loss=21.3638
accuracy
[0.         0.         0.00210526 0.02736842]
val_loss=21.3785
accuracy
[0.         0.         0.00210526 0.02736842]
val_loss=21.3828
accuracy
[0.         0.         0.00210526 0.02947368]
val_loss=21.4028
accuracy
[0.         0.         0.00210526 0.02947368]
Finished Training
    rehearsal replay buffer: 500 of 683 source samples
cpu
Finished Training
cpu
Finished Training
cpu
Finished Training
cpu
Finished Training
cpu
Finished Training
cpu
Finished Training
cpu
Finished Training
cpu
Finished Training
cpu
Finished Training
cpu
Finished Training
cpu
Finished Training
cpu
Finished Training
cpu
Finished Training
cpu
Finished Training
cpu
Finished Training
cpu
Finished Training
cpu
Finished Training
cpu
Finished Training
cpu
Finished Training
cpu
Finished Training
cpu
Finished Training
cpu
Finished Training
  seed 5: pretrain on scenario7 (683 samples), zero-shot eval on scenario32straight (475 held-out test samples)
cpu
-----------------------------------------------------------------------
      Layer (type)        Output Shape         Param #     Tr. Param #
=======================================================================
          Linear-1           [32, 256]           1,280           1,280
            ReLU-2           [32, 256]               0               0
          Linear-3           [32, 256]          65,792          65,792
          Linear-4           [32, 256]          65,792          65,792
          Linear-5            [32, 16]           4,112           4,112
=======================================================================
Total params: 136,976
Trainable params: 136,976
Non-trainable params: 0
-----------------------------------------------------------------------
val_loss=3.6246
accuracy
[0.00631579 0.04421053 0.04842105 0.06736842]
val_loss=6.7618
accuracy
[0.         0.         0.         0.01052632]
val_loss=8.0535
accuracy
[0.         0.         0.         0.01052632]
val_loss=9.2099
accuracy
[0.         0.         0.         0.01052632]
val_loss=8.9384
accuracy
[0.         0.         0.00210526 0.04210526]
val_loss=9.1890
accuracy
[0.         0.         0.01052632 0.04210526]
val_loss=8.9163
accuracy
[0.         0.         0.01052632 0.05684211]
val_loss=8.7573
accuracy
[0.         0.         0.09473684 0.14526316]
val_loss=11.1038
accuracy
[0.         0.         0.01052632 0.04842105]
val_loss=7.9258
accuracy
[0.         0.         0.01052632 0.12421053]
val_loss=10.8351
accuracy
[0.         0.         0.03368421 0.06947368]
val_loss=11.5956
accuracy
[0.         0.         0.01473684 0.09684211]
val_loss=13.5365
accuracy
[0.         0.         0.01894737 0.09684211]
val_loss=14.9020
accuracy
[0.         0.         0.00631579 0.08210526]
val_loss=13.4718
accuracy
[0.         0.00631579 0.06315789 0.14105263]
val_loss=17.6257
accuracy
[0.         0.01052632 0.02736842 0.06315789]
val_loss=20.4749
accuracy
[0.         0.         0.00210526 0.04421053]
val_loss=15.0590
accuracy
[0.         0.         0.00210526 0.04210526]
val_loss=13.3620
accuracy
[0.         0.00421053 0.01894737 0.05473684]
val_loss=15.3714
accuracy
[0.         0.         0.00631579 0.04631579]
val_loss=16.2342
accuracy
[0.         0.         0.00631579 0.03578947]
val_loss=17.0559
accuracy
[0.         0.         0.00631579 0.04210526]
val_loss=17.9572
accuracy
[0.         0.         0.00631579 0.04      ]
val_loss=18.2973
accuracy
[0.         0.         0.00631579 0.04      ]
val_loss=18.7251
accuracy
[0.         0.00210526 0.00842105 0.04631579]
val_loss=19.7662
accuracy
[0.         0.00210526 0.00842105 0.04421053]
val_loss=19.5044
accuracy
[0.         0.00210526 0.01263158 0.05473684]
val_loss=20.2696
accuracy
[0.         0.00210526 0.00842105 0.04631579]
val_loss=20.0553
accuracy
[0.         0.00210526 0.00842105 0.05894737]
val_loss=20.7620
accuracy
[0.         0.00210526 0.00842105 0.04631579]
val_loss=20.6266
accuracy
[0.         0.00210526 0.00842105 0.04842105]
val_loss=21.1574
accuracy
[0.         0.00210526 0.00842105 0.04842105]
val_loss=20.9507
accuracy
[0.         0.00210526 0.00842105 0.05263158]
val_loss=21.7635
accuracy
[0.         0.00210526 0.00842105 0.04      ]
val_loss=21.9721
accuracy
[0.         0.00210526 0.00842105 0.04842105]
val_loss=21.5784
accuracy
[0.         0.00210526 0.00842105 0.04842105]
val_loss=22.0467
accuracy
[0.         0.00210526 0.00842105 0.04842105]
val_loss=22.4908
accuracy
[0.         0.00210526 0.00842105 0.04421053]
val_loss=22.3675
accuracy
[0.         0.00210526 0.00842105 0.05052632]
val_loss=23.1909
accuracy
[0.         0.00210526 0.00842105 0.04631579]
val_loss=23.1525
accuracy
[0.         0.00210526 0.00842105 0.04842105]
val_loss=23.3586
accuracy
[0.         0.00210526 0.00842105 0.04842105]
val_loss=23.6274
accuracy
[0.         0.00210526 0.00842105 0.04631579]
val_loss=23.6119
accuracy
[0.         0.00210526 0.00842105 0.04631579]
val_loss=23.6895
accuracy
[0.         0.00210526 0.00842105 0.04631579]
val_loss=23.9370
accuracy
[0.         0.00210526 0.00842105 0.04631579]
val_loss=23.8781
accuracy
[0.         0.00210526 0.00842105 0.04631579]
val_loss=23.8827
accuracy
[0.         0.00210526 0.00842105 0.04631579]
val_loss=24.1451
accuracy
[0.         0.00210526 0.00842105 0.04631579]
val_loss=24.0576
accuracy
[0.         0.00210526 0.00842105 0.04842105]
val_loss=24.2400
accuracy
[0.         0.00210526 0.00842105 0.04631579]
val_loss=24.2600
accuracy
[0.         0.00210526 0.00842105 0.04631579]
val_loss=24.3796
accuracy
[0.         0.00210526 0.00842105 0.04631579]
val_loss=24.5056
accuracy
[0.         0.00210526 0.00842105 0.04631579]
val_loss=24.5726
accuracy
[0.         0.00210526 0.00842105 0.04631579]
val_loss=24.4075
accuracy
[0.         0.00210526 0.00842105 0.04631579]
val_loss=24.6299
accuracy
[0.         0.00210526 0.00842105 0.04631579]
val_loss=24.7556
accuracy
[0.         0.00210526 0.00842105 0.04631579]
val_loss=24.6812
accuracy
[0.         0.00210526 0.00842105 0.04842105]
val_loss=24.8665
accuracy
[0.         0.00210526 0.00842105 0.04631579]
val_loss=24.8979
accuracy
[0.         0.00210526 0.00842105 0.04631579]
val_loss=24.8824
accuracy
[0.         0.00210526 0.00842105 0.04631579]
val_loss=24.9049
accuracy
[0.         0.00210526 0.00842105 0.04631579]
val_loss=24.8737
accuracy
[0.         0.00210526 0.00842105 0.04631579]
val_loss=24.9005
accuracy
[0.         0.00210526 0.00842105 0.04631579]
val_loss=24.9333
accuracy
[0.         0.00210526 0.00842105 0.04631579]
val_loss=24.9244
accuracy
[0.         0.00210526 0.00842105 0.04631579]
val_loss=24.9699
accuracy
[0.         0.00210526 0.00842105 0.04631579]
val_loss=24.9981
accuracy
[0.         0.00210526 0.00842105 0.04631579]
val_loss=24.9999
accuracy
[0.         0.00210526 0.00842105 0.04631579]
val_loss=25.0280
accuracy
[0.         0.00210526 0.00842105 0.04631579]
val_loss=25.0225
accuracy
[0.         0.00210526 0.00842105 0.04631579]
val_loss=25.0007
accuracy
[0.         0.00210526 0.00842105 0.04631579]
val_loss=25.0537
accuracy
[0.         0.00210526 0.00842105 0.04631579]
val_loss=25.0691
accuracy
[0.         0.00210526 0.00842105 0.04631579]
val_loss=25.0662
accuracy
[0.         0.00210526 0.00842105 0.04631579]
val_loss=25.1093
accuracy
[0.         0.00210526 0.00842105 0.04631579]
val_loss=25.1253
accuracy
[0.         0.00210526 0.00842105 0.04631579]
val_loss=25.1149
accuracy
[0.         0.00210526 0.00842105 0.04631579]
val_loss=25.1450
accuracy
[0.         0.00210526 0.00842105 0.04631579]
Finished Training
    rehearsal replay buffer: 500 of 683 source samples
cpu
Finished Training
cpu
Finished Training
cpu
Finished Training
cpu
Finished Training
cpu
Finished Training
cpu
Finished Training
cpu
Finished Training
cpu
Finished Training
cpu
Finished Training
cpu
Finished Training
cpu
Finished Training
cpu
Finished Training
cpu
Finished Training
cpu
Finished Training
cpu
Finished Training
cpu
Finished Training
cpu
Finished Training
cpu
Finished Training
cpu
Finished Training
cpu
Finished Training
cpu
Finished Training
cpu
Finished Training
  seed 6: pretrain on scenario7 (683 samples), zero-shot eval on scenario32straight (475 held-out test samples)
cpu
-----------------------------------------------------------------------
      Layer (type)        Output Shape         Param #     Tr. Param #
=======================================================================
          Linear-1           [32, 256]           1,280           1,280
            ReLU-2           [32, 256]               0               0
          Linear-3           [32, 256]          65,792          65,792
          Linear-4           [32, 256]          65,792          65,792
          Linear-5            [32, 16]           4,112           4,112
=======================================================================
Total params: 136,976
Trainable params: 136,976
Non-trainable params: 0
-----------------------------------------------------------------------
val_loss=3.9660
accuracy
[0.         0.00210526 0.00421053 0.00421053]
val_loss=5.4184
accuracy
[0.         0.00210526 0.00210526 0.01263158]
val_loss=6.4362
accuracy
[0.         0.         0.         0.01263158]
val_loss=9.1328
accuracy
[0.         0.         0.00842105 0.00842105]
val_loss=11.7204
accuracy
[0.         0.         0.00631579 0.12210526]
val_loss=10.6395
accuracy
[0.         0.         0.00842105 0.14526316]
val_loss=10.7640
accuracy
[0.         0.         0.00631579 0.05473684]
val_loss=10.4829
accuracy
[0.         0.         0.00631579 0.09473684]
val_loss=11.5425
accuracy
[0.         0.         0.00631579 0.01894737]
val_loss=15.5299
accuracy
[0.         0.         0.08421053 0.12210526]
val_loss=12.7442
accuracy
[0.         0.         0.06526316 0.08210526]
val_loss=11.7856
accuracy
[0.         0.         0.06947368 0.09263158]
val_loss=14.9421
accuracy
[0.         0.         0.01263158 0.05052632]
val_loss=15.0853
accuracy
[0.         0.         0.00631579 0.06315789]
val_loss=18.1148
accuracy
[0.         0.         0.01894737 0.04      ]
val_loss=15.7738
accuracy
[0.         0.         0.01263158 0.05473684]
val_loss=16.6964
accuracy
[0.         0.         0.02947368 0.07157895]
val_loss=20.2992
accuracy
[0.         0.         0.02736842 0.05684211]
val_loss=15.9476
accuracy
[0.         0.         0.01894737 0.08842105]
val_loss=18.8807
accuracy
[0.         0.         0.02736842 0.05473684]
val_loss=18.4114
accuracy
[0.         0.         0.02947368 0.07368421]
val_loss=20.5577
accuracy
[0.         0.00210526 0.02736842 0.06736842]
val_loss=21.1720
accuracy
[0.         0.         0.02736842 0.07157895]
val_loss=21.6518
accuracy
[0.         0.00210526 0.02315789 0.05894737]
val_loss=22.7090
accuracy
[0.         0.         0.02315789 0.06526316]
val_loss=22.5322
accuracy
[0.         0.         0.02736842 0.06736842]
val_loss=22.4924
accuracy
[0.         0.00210526 0.02736842 0.06947368]
val_loss=23.1616
accuracy
[0.         0.00210526 0.02736842 0.06736842]
val_loss=23.9667
accuracy
[0.         0.         0.02105263 0.06526316]
val_loss=23.0180
accuracy
[0.         0.         0.02736842 0.06105263]
val_loss=23.1840
accuracy
[0.         0.00210526 0.02736842 0.05473684]
val_loss=23.8656
accuracy
[0.         0.         0.02526316 0.05263158]
val_loss=24.3620
accuracy
[0.         0.         0.02526316 0.05263158]
val_loss=25.0329
accuracy
[0.         0.         0.02526316 0.05263158]
val_loss=25.4150
accuracy
[0.         0.         0.02105263 0.04842105]
val_loss=25.6861
accuracy
[0.         0.         0.02315789 0.05263158]
val_loss=25.2291
accuracy
[0.         0.         0.02526316 0.05052632]
val_loss=25.8048
accuracy
[0.         0.         0.02315789 0.05894737]
val_loss=26.6810
accuracy
[0.         0.         0.02315789 0.05263158]
val_loss=26.2039
accuracy
[0.         0.         0.02315789 0.05263158]
val_loss=26.5843
accuracy
[0.         0.         0.02315789 0.05263158]
val_loss=26.7411
accuracy
[0.         0.         0.02315789 0.05263158]
val_loss=26.7688
accuracy
[0.         0.         0.02315789 0.05263158]
val_loss=26.8271
accuracy
[0.         0.         0.02315789 0.05263158]
val_loss=26.8978
accuracy
[0.         0.         0.02315789 0.05263158]
val_loss=26.8662
accuracy
[0.         0.         0.02315789 0.05263158]
val_loss=26.9991
accuracy
[0.         0.         0.02315789 0.05263158]
val_loss=27.0946
accuracy
[0.         0.         0.02315789 0.05263158]
val_loss=27.2931
accuracy
[0.         0.         0.02315789 0.05052632]
val_loss=27.2201
accuracy
[0.         0.         0.02315789 0.05052632]
val_loss=27.4281
accuracy
[0.         0.         0.02315789 0.05263158]
val_loss=27.4118
accuracy
[0.         0.         0.02315789 0.05263158]
val_loss=27.4562
accuracy
[0.         0.         0.02315789 0.05263158]
val_loss=27.8380
accuracy
[0.         0.         0.02315789 0.05263158]
val_loss=27.7614
accuracy
[0.         0.         0.02315789 0.05263158]
val_loss=27.6530
accuracy
[0.         0.         0.02315789 0.05052632]
val_loss=27.7877
accuracy
[0.         0.         0.02315789 0.05263158]
val_loss=27.9344
accuracy
[0.         0.         0.02315789 0.05263158]
val_loss=28.0212
accuracy
[0.         0.         0.02105263 0.05052632]
val_loss=28.0432
accuracy
[0.         0.         0.02315789 0.05052632]
val_loss=28.0732
accuracy
[0.         0.         0.02315789 0.05052632]
val_loss=28.0755
accuracy
[0.         0.         0.02315789 0.05052632]
val_loss=28.1303
accuracy
[0.         0.         0.02315789 0.05052632]
val_loss=28.1224
accuracy
[0.         0.         0.02315789 0.05052632]
val_loss=28.0896
accuracy
[0.         0.         0.02315789 0.05052632]
val_loss=28.1131
accuracy
[0.         0.         0.02315789 0.05052632]
val_loss=28.1587
accuracy
[0.         0.         0.02315789 0.05052632]
val_loss=28.1546
accuracy
[0.         0.         0.02315789 0.05052632]
val_loss=28.1992
accuracy
[0.         0.         0.02315789 0.05052632]
val_loss=28.1920
accuracy
[0.         0.         0.02315789 0.05052632]
val_loss=28.2827
accuracy
[0.         0.         0.02105263 0.04842105]
val_loss=28.2447
accuracy
[0.         0.         0.02315789 0.05052632]
val_loss=28.3011
accuracy
[0.         0.         0.02105263 0.04842105]
val_loss=28.3054
accuracy
[0.         0.         0.02105263 0.04842105]
val_loss=28.3155
accuracy
[0.         0.         0.02105263 0.04842105]
val_loss=28.3318
accuracy
[0.         0.         0.02105263 0.04842105]
val_loss=28.3505
accuracy
[0.         0.         0.02105263 0.04842105]
val_loss=28.4039
accuracy
[0.         0.         0.02105263 0.04842105]
val_loss=28.3026
accuracy
[0.         0.         0.02105263 0.04842105]
val_loss=28.3758
accuracy
[0.         0.         0.02105263 0.04842105]
Finished Training
    rehearsal replay buffer: 500 of 683 source samples
cpu
Finished Training
cpu
Finished Training
cpu
Finished Training
cpu
Finished Training
cpu
Finished Training
cpu
Finished Training
cpu
Finished Training
cpu
Finished Training
cpu
Finished Training
cpu
Finished Training
cpu
Finished Training
cpu
Finished Training
cpu
Finished Training
cpu
Finished Training
cpu
Finished Training
cpu
Finished Training
cpu
Finished Training
cpu
Finished Training
cpu
Finished Training
cpu
Finished Training
cpu
Finished Training
cpu
Finished Training
  seed 7: pretrain on scenario7 (683 samples), zero-shot eval on scenario32straight (475 held-out test samples)
cpu
-----------------------------------------------------------------------
      Layer (type)        Output Shape         Param #     Tr. Param #
=======================================================================
          Linear-1           [32, 256]           1,280           1,280
            ReLU-2           [32, 256]               0               0
          Linear-3           [32, 256]          65,792          65,792
          Linear-4           [32, 256]          65,792          65,792
          Linear-5            [32, 16]           4,112           4,112
=======================================================================
Total params: 136,976
Trainable params: 136,976
Non-trainable params: 0
-----------------------------------------------------------------------
val_loss=4.0534
accuracy
[0.00210526 0.00421053 0.00421053 0.00421053]
val_loss=5.8973
accuracy
[0.         0.         0.         0.02736842]
val_loss=8.4368
accuracy
[0.         0.         0.00210526 0.00842105]
val_loss=9.8831
accuracy
[0.         0.         0.00421053 0.12421053]
val_loss=8.9457
accuracy
[0.         0.         0.00210526 0.13052632]
val_loss=10.6649
accuracy
[0.         0.         0.00421053 0.13052632]
val_loss=12.4943
accuracy
[0.         0.00210526 0.00631579 0.13052632]
val_loss=12.1100
accuracy
[0.         0.05263158 0.09052632 0.15157895]
val_loss=15.5238
accuracy
[0.         0.         0.00631579 0.15578947]
val_loss=13.3916
accuracy
[0.         0.         0.00631579 0.05473684]
val_loss=16.5676
accuracy
[0.         0.00210526 0.06526316 0.09894737]
val_loss=19.0519
accuracy
[0.         0.         0.00842105 0.07789474]
val_loss=14.7943
accuracy
[0.         0.         0.02105263 0.06736842]
val_loss=19.7846
accuracy
[0.         0.         0.00631579 0.02315789]
val_loss=19.5298
accuracy
[0.         0.00210526 0.00842105 0.02315789]
val_loss=19.7997
accuracy
[0.         0.00210526 0.01263158 0.02315789]
val_loss=21.5879
accuracy
[0.00210526 0.00210526 0.00842105 0.02947368]
val_loss=19.0701
accuracy
[0.         0.00210526 0.03368421 0.04631579]
val_loss=22.0156
accuracy
[0.         0.         0.02105263 0.03789474]
val_loss=19.1941
accuracy
[0.00210526 0.00210526 0.01894737 0.02526316]
val_loss=20.3253
accuracy
[0.00210526 0.00210526 0.02315789 0.02736842]
val_loss=21.3065
accuracy
[0.00210526 0.00210526 0.01894737 0.03157895]
val_loss=22.7049
accuracy
[0.00210526 0.00210526 0.01894737 0.02736842]
val_loss=23.8739
accuracy
[0.00210526 0.00210526 0.01894737 0.03578947]
val_loss=23.1422
accuracy
[0.00210526 0.00210526 0.02526316 0.03789474]
val_loss=25.2325
accuracy
[0.00210526 0.00210526 0.02315789 0.03789474]
val_loss=24.9374
accuracy
[0.00210526 0.00210526 0.02736842 0.03789474]
val_loss=24.6637
accuracy
[0.00210526 0.00210526 0.02736842 0.03789474]
val_loss=25.8980
accuracy
[0.         0.00210526 0.01894737 0.03789474]
val_loss=25.3589
accuracy
[0.00210526 0.00210526 0.03368421 0.04      ]
val_loss=24.1338
accuracy
[0.00210526 0.00210526 0.03368421 0.04      ]
val_loss=24.5772
accuracy
[0.00210526 0.00210526 0.03368421 0.04      ]
val_loss=26.2047
accuracy
[0.00210526 0.00210526 0.02526316 0.03789474]
val_loss=25.8617
accuracy
[0.00210526 0.00210526 0.03368421 0.04      ]
val_loss=26.8964
accuracy
[0.         0.00210526 0.02315789 0.03789474]
val_loss=26.4919
accuracy
[0.00210526 0.00210526 0.02526316 0.03789474]
val_loss=26.3942
accuracy
[0.00210526 0.00210526 0.03368421 0.04      ]
val_loss=27.8307
accuracy
[0.         0.00210526 0.01894737 0.03578947]
val_loss=27.9389
accuracy
[0.00210526 0.00210526 0.02526316 0.03789474]
val_loss=28.1977
accuracy
[0.00210526 0.00210526 0.01894737 0.03789474]
val_loss=28.3515
accuracy
[0.00210526 0.00210526 0.01894737 0.03789474]
val_loss=28.3599
accuracy
[0.00210526 0.00210526 0.01894737 0.03789474]
val_loss=28.5723
accuracy
[0.00210526 0.00210526 0.01894737 0.03578947]
val_loss=28.6881
accuracy
[0.00210526 0.00210526 0.02105263 0.03789474]
val_loss=28.6631
accuracy
[0.00210526 0.00210526 0.01894737 0.03789474]
val_loss=29.0443
accuracy
[0.00210526 0.00210526 0.02105263 0.03789474]
val_loss=28.9416
accuracy
[0.00210526 0.00210526 0.01894737 0.03789474]
val_loss=28.9832
accuracy
[0.00210526 0.00210526 0.02315789 0.03789474]
val_loss=29.2631
accuracy
[0.00210526 0.00210526 0.01894737 0.03578947]
val_loss=29.0157
accuracy
[0.00210526 0.00210526 0.02105263 0.03789474]
val_loss=29.3595
accuracy
[0.00210526 0.00210526 0.01894737 0.03578947]
val_loss=29.3394
accuracy
[0.00210526 0.00210526 0.02105263 0.03789474]
val_loss=29.5726
accuracy
[0.00210526 0.00210526 0.01894737 0.03578947]
val_loss=29.6755
accuracy
[0.00210526 0.00210526 0.02105263 0.03789474]
val_loss=29.8710
accuracy
[0.         0.00210526 0.01894737 0.03578947]
val_loss=30.0602
accuracy
[0.00210526 0.00210526 0.01894737 0.03578947]
val_loss=29.9882
accuracy
[0.00210526 0.00210526 0.01894737 0.03578947]
val_loss=29.9103
accuracy
[0.         0.00210526 0.01894737 0.03578947]
val_loss=30.2322
accuracy
[0.         0.00210526 0.01894737 0.03578947]
val_loss=30.2084
accuracy
[0.         0.00210526 0.01894737 0.03578947]
val_loss=30.2274
accuracy
[0.         0.00210526 0.01894737 0.03578947]
val_loss=30.2393
accuracy
[0.         0.00210526 0.01894737 0.03578947]
val_loss=30.3771
accuracy
[0.         0.00210526 0.01894737 0.03578947]
val_loss=30.3382
accuracy
[0.         0.00210526 0.01894737 0.03578947]
val_loss=30.3398
accuracy
[0.         0.00210526 0.01894737 0.03578947]
val_loss=30.3149
accuracy
[0.         0.00210526 0.01894737 0.03578947]
val_loss=30.4588
accuracy
[0.         0.00210526 0.01894737 0.03578947]
val_loss=30.4077
accuracy
[0.         0.00210526 0.01894737 0.03578947]
val_loss=30.4207
accuracy
[0.         0.00210526 0.01894737 0.03578947]
val_loss=30.5013
accuracy
[0.         0.00210526 0.01894737 0.03578947]
val_loss=30.4266
accuracy
[0.         0.00210526 0.01894737 0.03578947]
val_loss=30.5697
accuracy
[0.         0.00210526 0.01894737 0.03578947]
val_loss=30.5418
accuracy
[0.         0.00210526 0.01894737 0.03578947]
val_loss=30.6265
accuracy
[0.         0.00210526 0.01894737 0.03578947]
val_loss=30.5910
accuracy
[0.         0.00210526 0.01894737 0.03578947]
val_loss=30.6117
accuracy
[0.         0.00210526 0.01894737 0.03578947]
val_loss=30.6563
accuracy
[0.         0.00210526 0.01894737 0.03578947]
val_loss=30.6130
accuracy
[0.         0.00210526 0.01894737 0.03578947]
val_loss=30.6161
accuracy
[0.         0.00210526 0.01894737 0.03578947]
val_loss=30.6784
accuracy
[0.         0.00210526 0.01894737 0.03578947]
Finished Training
    rehearsal replay buffer: 500 of 683 source samples
cpu
Finished Training
cpu
Finished Training
cpu
Finished Training
cpu
Finished Training
cpu
Finished Training
cpu
Finished Training
cpu
Finished Training
cpu
Finished Training
cpu
Finished Training
cpu
Finished Training
cpu
Finished Training
cpu
Finished Training
cpu
Finished Training
cpu
Finished Training
cpu
Finished Training
cpu
Finished Training
cpu
Finished Training
cpu
Finished Training
cpu
Finished Training
cpu
Finished Training
cpu
Finished Training
cpu
Finished Training
  seed 8: pretrain on scenario7 (683 samples), zero-shot eval on scenario32straight (475 held-out test samples)
cpu
-----------------------------------------------------------------------
      Layer (type)        Output Shape         Param #     Tr. Param #
=======================================================================
          Linear-1           [32, 256]           1,280           1,280
            ReLU-2           [32, 256]               0               0
          Linear-3           [32, 256]          65,792          65,792
          Linear-4           [32, 256]          65,792          65,792
          Linear-5            [32, 16]           4,112           4,112
=======================================================================
Total params: 136,976
Trainable params: 136,976
Non-trainable params: 0
-----------------------------------------------------------------------
val_loss=3.6381
accuracy
[0.         0.00210526 0.00210526 0.00210526]
val_loss=5.5309
accuracy
[0.00210526 0.00210526 0.00421053 0.02947368]
val_loss=9.8807
accuracy
[0.         0.         0.         0.01894737]
val_loss=7.2861
accuracy
[0.         0.         0.01263158 0.10947368]
val_loss=8.2627
accuracy
[0.         0.00210526 0.07368421 0.10947368]
val_loss=11.2772
accuracy
[0.         0.00210526 0.10315789 0.15368421]
val_loss=12.1343
accuracy
[0.         0.         0.05052632 0.10526316]
val_loss=14.4679
accuracy
[0.         0.05263158 0.07789474 0.14736842]
val_loss=19.1505
accuracy
[0.         0.00210526 0.01473684 0.05894737]
val_loss=16.8474
accuracy
[0.         0.00842105 0.04842105 0.11578947]
val_loss=24.1102
accuracy
[0.01684211 0.02736842 0.03157895 0.08842105]
val_loss=17.7452
accuracy
[0.02947368 0.04       0.04       0.08631579]
val_loss=23.0951
accuracy
[0.         0.00210526 0.00842105 0.04      ]
val_loss=28.8662
accuracy
[0.         0.00210526 0.00210526 0.04210526]
val_loss=27.1564
accuracy
[0.         0.00631579 0.00631579 0.05263158]
val_loss=27.1571
accuracy
[0.         0.00210526 0.00210526 0.04421053]
val_loss=22.3449
accuracy
[0.         0.00210526 0.00210526 0.01684211]
val_loss=23.7177
accuracy
[0.         0.00210526 0.00210526 0.01473684]
val_loss=23.6528
accuracy
[0.         0.00210526 0.01263158 0.05473684]
val_loss=26.6561
accuracy
[0.         0.00210526 0.00210526 0.01473684]
val_loss=27.6930
accuracy
[0.         0.00210526 0.00210526 0.01473684]
val_loss=28.3671
accuracy
[0.         0.00210526 0.00210526 0.01473684]
val_loss=29.5627
accuracy
[0.         0.00210526 0.00210526 0.01473684]
val_loss=30.5883
accuracy
[0.         0.00210526 0.00210526 0.01473684]
val_loss=30.6981
accuracy
[0.         0.00421053 0.00421053 0.01684211]
val_loss=34.2195
accuracy
[0.         0.00210526 0.00210526 0.01684211]
val_loss=31.4841
accuracy
[0.         0.00421053 0.00421053 0.01684211]
val_loss=32.7388
accuracy
[0.         0.00421053 0.00421053 0.01684211]
val_loss=34.3071
accuracy
[0.         0.00421053 0.00421053 0.01684211]
val_loss=34.1886
accuracy
[0.         0.00421053 0.00421053 0.01684211]
val_loss=35.7704
accuracy
[0.         0.00421053 0.00421053 0.01684211]
val_loss=35.2012
accuracy
[0.         0.00421053 0.00421053 0.01684211]
val_loss=35.3310
accuracy
[0.         0.00421053 0.00421053 0.01684211]
val_loss=37.5602
accuracy
[0.         0.00421053 0.00421053 0.01684211]
val_loss=37.0514
accuracy
[0.         0.00421053 0.00421053 0.01684211]
val_loss=38.5261
accuracy
[0.         0.00421053 0.00421053 0.01684211]
val_loss=38.3308
accuracy
[0.         0.00421053 0.00421053 0.01894737]
val_loss=38.3370
accuracy
[0.         0.00421053 0.00421053 0.01684211]
val_loss=39.0897
accuracy
[0.         0.00421053 0.00421053 0.01894737]
val_loss=39.1644
accuracy
[0.         0.00421053 0.00421053 0.01684211]
val_loss=39.2424
accuracy
[0.         0.00421053 0.00421053 0.01894737]
val_loss=39.6617
accuracy
[0.         0.00421053 0.00421053 0.01894737]
val_loss=39.9393
accuracy
[0.         0.00421053 0.00421053 0.01894737]
val_loss=40.1911
accuracy
[0.         0.00421053 0.00421053 0.01894737]
val_loss=40.4017
accuracy
[0.         0.00421053 0.00421053 0.01894737]
val_loss=40.2255
accuracy
[0.         0.00421053 0.00631579 0.01894737]
val_loss=40.6677
accuracy
[0.         0.00421053 0.00421053 0.01894737]
val_loss=40.7143
accuracy
[0.         0.00421053 0.00421053 0.01894737]
val_loss=40.9628
accuracy
[0.         0.00421053 0.00421053 0.01894737]
val_loss=41.1720
accuracy
[0.         0.00421053 0.00631579 0.01894737]
val_loss=41.4586
accuracy
[0.         0.00421053 0.00421053 0.01894737]
val_loss=41.3615
accuracy
[0.         0.00421053 0.00421053 0.01894737]
val_loss=41.5169
accuracy
[0.         0.00421053 0.00421053 0.01894737]
val_loss=41.5130
accuracy
[0.         0.00421053 0.00421053 0.01894737]
val_loss=41.8584
accuracy
[0.         0.00421053 0.00421053 0.01894737]
val_loss=41.9992
accuracy
[0.         0.00421053 0.00421053 0.01894737]
val_loss=41.7755
accuracy
[0.         0.00421053 0.00421053 0.01894737]
val_loss=42.0245
accuracy
[0.         0.00421053 0.00421053 0.01894737]
val_loss=42.1290
accuracy
[0.         0.00421053 0.00421053 0.01894737]
val_loss=42.2375
accuracy
[0.         0.00421053 0.00631579 0.01894737]
val_loss=42.1890
accuracy
[0.         0.00421053 0.00631579 0.01894737]
val_loss=42.3178
accuracy
[0.         0.00421053 0.00421053 0.01894737]
val_loss=42.3026
accuracy
[0.         0.00421053 0.00421053 0.01894737]
val_loss=42.3520
accuracy
[0.         0.00421053 0.00631579 0.01894737]
val_loss=42.3596
accuracy
[0.         0.00421053 0.00421053 0.01894737]
val_loss=42.3388
accuracy
[0.         0.00421053 0.00631579 0.01894737]
val_loss=42.4632
accuracy
[0.         0.00421053 0.00421053 0.01894737]
val_loss=42.4890
accuracy
[0.         0.00421053 0.00421053 0.01894737]
val_loss=42.4754
accuracy
[0.         0.00421053 0.00421053 0.01894737]
val_loss=42.5000
accuracy
[0.         0.00421053 0.00631579 0.01894737]
val_loss=42.5276
accuracy
[0.         0.00421053 0.00631579 0.01894737]
val_loss=42.5922
accuracy
[0.         0.00421053 0.00421053 0.01894737]
val_loss=42.5121
accuracy
[0.         0.00631579 0.00631579 0.01894737]
val_loss=42.6373
accuracy
[0.         0.00421053 0.00631579 0.01894737]
val_loss=42.6828
accuracy
[0.         0.00421053 0.00631579 0.01894737]
val_loss=42.7185
accuracy
[0.         0.00421053 0.00421053 0.01894737]
val_loss=42.7494
accuracy
[0.         0.00421053 0.00631579 0.01894737]
val_loss=42.5994
accuracy
[0.         0.00421053 0.00631579 0.01894737]
val_loss=42.7843
accuracy
[0.         0.00421053 0.00421053 0.01894737]
val_loss=42.7681
accuracy
[0.         0.00421053 0.00631579 0.01894737]
Finished Training
    rehearsal replay buffer: 500 of 683 source samples
cpu
Finished Training
cpu
Finished Training
cpu
Finished Training
cpu
Finished Training
cpu
Finished Training
cpu
Finished Training
cpu
Finished Training
cpu
Finished Training
cpu
Finished Training
cpu
Finished Training
cpu
Finished Training
cpu
Finished Training
cpu
Finished Training
cpu
Finished Training
cpu
Finished Training
cpu
Finished Training
cpu
Finished Training
cpu
Finished Training
cpu
Finished Training
cpu
Finished Training
cpu
Finished Training
cpu
Finished Training
  seed 9: pretrain on scenario7 (683 samples), zero-shot eval on scenario32straight (475 held-out test samples)
cpu
-----------------------------------------------------------------------
      Layer (type)        Output Shape         Param #     Tr. Param #
=======================================================================
          Linear-1           [32, 256]           1,280           1,280
            ReLU-2           [32, 256]               0               0
          Linear-3           [32, 256]          65,792          65,792
          Linear-4           [32, 256]          65,792          65,792
          Linear-5            [32, 16]           4,112           4,112
=======================================================================
Total params: 136,976
Trainable params: 136,976
Non-trainable params: 0
-----------------------------------------------------------------------
val_loss=4.0224
accuracy
[0.00210526 0.00421053 0.00631579 0.00842105]
val_loss=5.4598
accuracy
[0.00421053 0.00421053 0.00631579 0.02315789]
val_loss=7.6402
accuracy
[0.00421053 0.00421053 0.01894737 0.03578947]
val_loss=7.4272
accuracy
[0.00210526 0.00421053 0.02105263 0.13684211]
val_loss=8.5542
accuracy
[0.00421053 0.00631579 0.01894737 0.13684211]
val_loss=8.3237
accuracy
[0.00210526 0.00421053 0.02105263 0.13684211]
val_loss=10.4967
accuracy
[0.00421053 0.00631579 0.02105263 0.13684211]
val_loss=8.8264
accuracy
[0.00421053 0.00421053 0.01894737 0.14947368]
val_loss=10.6259
accuracy
[0.00421053 0.00631579 0.02105263 0.17684211]
val_loss=12.5760
accuracy
[0.00421053 0.00631579 0.02105263 0.17684211]
val_loss=11.7281
accuracy
[0.00421053 0.02315789 0.10526316 0.17684211]
val_loss=13.0434
accuracy
[0.00210526 0.00421053 0.01894737 0.07789474]
val_loss=15.6243
accuracy
[0.00210526 0.00421053 0.02105263 0.17473684]
val_loss=14.7244
accuracy
[0.00210526 0.00421053 0.00842105 0.13052632]
val_loss=12.4988
accuracy
[0.00210526 0.00421053 0.01894737 0.06947368]
val_loss=19.8979
accuracy
[0.00210526 0.00421053 0.06526316 0.09052632]
val_loss=14.8982
accuracy
[0.00210526 0.05052632 0.06526316 0.12842105]
val_loss=16.0122
accuracy
[0.00210526 0.01473684 0.01894737 0.04210526]
val_loss=20.0691
accuracy
[0.00210526 0.00421053 0.00842105 0.02947368]
val_loss=18.7580
accuracy
[0.00210526 0.00421053 0.03578947 0.05684211]
val_loss=18.1710
accuracy
[0.00210526 0.00421053 0.03578947 0.06105263]
val_loss=20.3229
accuracy
[0.00210526 0.00421053 0.03578947 0.05473684]
val_loss=19.4045
accuracy
[0.00210526 0.00421053 0.03578947 0.05684211]
val_loss=20.6682
accuracy
[0.00210526 0.00421053 0.03578947 0.05684211]
val_loss=21.1004
accuracy
[0.00210526 0.00421053 0.03578947 0.05684211]
val_loss=20.9316
accuracy
[0.00210526 0.00631579 0.04       0.06105263]
val_loss=20.9629
accuracy
[0.00210526 0.01473684 0.03578947 0.06315789]
val_loss=22.0642
accuracy
[0.00210526 0.01263158 0.03578947 0.05684211]
val_loss=22.1641
accuracy
[0.00210526 0.01473684 0.03578947 0.06105263]
val_loss=21.7398
accuracy
[0.00210526 0.01263158 0.03578947 0.05894737]
val_loss=23.6739
accuracy
[0.00210526 0.00421053 0.03578947 0.06315789]
val_loss=22.3660
accuracy
[0.00210526 0.01052632 0.04210526 0.06947368]
val_loss=23.9595
accuracy
[0.00210526 0.01684211 0.04210526 0.07157895]
val_loss=23.3685
accuracy
[0.00210526 0.01473684 0.04       0.06947368]
val_loss=23.5810
accuracy
[0.00210526 0.01263158 0.04       0.06947368]
val_loss=24.9820
accuracy
[0.00210526 0.00421053 0.03578947 0.06315789]
val_loss=25.8968
accuracy
[0.00210526 0.00421053 0.03578947 0.06315789]
val_loss=25.0251
accuracy
[0.00210526 0.00421053 0.03578947 0.07157895]
val_loss=22.9930
accuracy
[0.00210526 0.00631579 0.04210526 0.06947368]
val_loss=24.9684
accuracy
[0.00210526 0.00421053 0.04       0.07157895]
val_loss=24.4537
accuracy
[0.00210526 0.00421053 0.04       0.07157895]
val_loss=24.3856
accuracy
[0.00210526 0.00421053 0.04       0.07157895]
val_loss=24.7116
accuracy
[0.00210526 0.00631579 0.04       0.07157895]
val_loss=24.9973
accuracy
[0.00210526 0.00631579 0.04       0.07157895]
val_loss=24.9466
accuracy
[0.00210526 0.00421053 0.04       0.07157895]
val_loss=25.3127
accuracy
[0.00210526 0.00631579 0.04       0.07157895]
val_loss=25.4558
accuracy
[0.00210526 0.00631579 0.04       0.07157895]
val_loss=25.4351
accuracy
[0.00210526 0.00631579 0.04       0.07157895]
val_loss=25.7833
accuracy
[0.00210526 0.00631579 0.04       0.07157895]
val_loss=25.7840
accuracy
[0.00210526 0.00631579 0.04       0.07157895]
val_loss=26.0214
accuracy
[0.00210526 0.00631579 0.04       0.07157895]
val_loss=26.1568
accuracy
[0.00210526 0.00631579 0.04       0.07157895]
val_loss=25.8739
accuracy
[0.00210526 0.00631579 0.04       0.07157895]
val_loss=26.0111
accuracy
[0.00210526 0.00631579 0.04       0.07157895]
val_loss=26.3288
accuracy
[0.00210526 0.00631579 0.04       0.07157895]
val_loss=26.1871
accuracy
[0.00210526 0.00631579 0.04       0.07157895]
val_loss=26.5865
accuracy
[0.00210526 0.00631579 0.04       0.07157895]
val_loss=26.3921
accuracy
[0.00210526 0.00631579 0.04       0.07157895]
val_loss=26.2047
accuracy
[0.00210526 0.01263158 0.04       0.07157895]
val_loss=26.6730
accuracy
[0.00210526 0.01052632 0.04       0.06736842]
val_loss=26.6818
accuracy
[0.00210526 0.00842105 0.04       0.07157895]
val_loss=26.6479
accuracy
[0.00210526 0.00631579 0.04       0.07157895]
val_loss=26.6458
accuracy
[0.00210526 0.00631579 0.04       0.07157895]
val_loss=26.6862
accuracy
[0.00210526 0.00631579 0.04       0.07157895]
val_loss=26.6728
accuracy
[0.00210526 0.00631579 0.04       0.07157895]
val_loss=26.7029
accuracy
[0.00210526 0.00631579 0.04       0.07157895]
val_loss=26.7025
accuracy
[0.00210526 0.01052632 0.04       0.07157895]
val_loss=26.7200
accuracy
[0.00210526 0.00631579 0.04       0.07157895]
val_loss=26.7661
accuracy
[0.00210526 0.01052632 0.04       0.07157895]
val_loss=26.7791
accuracy
[0.00210526 0.00631579 0.04       0.07157895]
val_loss=26.8129
accuracy
[0.00210526 0.00631579 0.04       0.07157895]
val_loss=26.7408
accuracy
[0.00210526 0.00631579 0.04       0.07157895]
val_loss=26.7110
accuracy
[0.00210526 0.00842105 0.04       0.07157895]
val_loss=26.7352
accuracy
[0.00210526 0.00631579 0.04       0.07157895]
val_loss=26.7810
accuracy
[0.00210526 0.01052632 0.04       0.07157895]
val_loss=26.8287
accuracy
[0.00210526 0.00631579 0.04       0.07157895]
val_loss=26.8206
accuracy
[0.00210526 0.00631579 0.04       0.07157895]
val_loss=26.8204
accuracy
[0.00210526 0.00631579 0.04       0.07157895]
val_loss=26.8716
accuracy
[0.00210526 0.00631579 0.04       0.07157895]
val_loss=26.8413
accuracy
[0.00210526 0.01052632 0.04       0.07157895]
Finished Training
    rehearsal replay buffer: 500 of 683 source samples
cpu
Finished Training
cpu
Finished Training
cpu
Finished Training
cpu
Finished Training
cpu
Finished Training
cpu
Finished Training
cpu
Finished Training
cpu
Finished Training
cpu
Finished Training
cpu
Finished Training
cpu
Finished Training
cpu
Finished Training
cpu
Finished Training
cpu
Finished Training
cpu
Finished Training
cpu
Finished Training
cpu
Finished Training
cpu
Finished Training
cpu
Finished Training
cpu
Finished Training
cpu
Finished Training
cpu
Finished Training
Saved result\stage1_s7_to_s32straight_rehearsal_acc.mat and result\stage1_s7_to_s32straight_rehearsal_pwr.mat (10/10 seeds completed)

======================================================================
Rehearsal comparison: scenario32straight -> scenario2  (s32straight_to_s2)
======================================================================
  seed 0: pretrain on scenario32straight (1899 samples), zero-shot eval on scenario2 (595 held-out test samples)
cpu
-----------------------------------------------------------------------
      Layer (type)        Output Shape         Param #     Tr. Param #
=======================================================================
          Linear-1           [32, 256]           1,280           1,280
            ReLU-2           [32, 256]               0               0
          Linear-3           [32, 256]          65,792          65,792
          Linear-4           [32, 256]          65,792          65,792
          Linear-5            [32, 16]           4,112           4,112
=======================================================================
Total params: 136,976
Trainable params: 136,976
Non-trainable params: 0
-----------------------------------------------------------------------
val_loss=7.9149
accuracy
[0.01680672 0.07563025 0.11932773 0.22857143]
val_loss=9.1123
accuracy
[0.05882353 0.11092437 0.12773109 0.22857143]
val_loss=10.1199
accuracy
[0.01680672 0.06890756 0.12773109 0.24201681]
val_loss=10.8692
accuracy
[0.05210084 0.11092437 0.12773109 0.19327731]
val_loss=13.3725
accuracy
[0.01680672 0.07563025 0.12773109 0.18823529]
val_loss=13.8921
accuracy
[0.05882353 0.07563025 0.12773109 0.23529412]
val_loss=14.4055
accuracy
[0.04705882 0.07563025 0.12773109 0.16806723]
val_loss=16.2069
accuracy
[0.01680672 0.07563025 0.12773109 0.16806723]
val_loss=15.5249
accuracy
[0.05882353 0.07563025 0.12773109 0.1697479 ]
val_loss=16.4010
accuracy
[0.05882353 0.07563025 0.12773109 0.17983193]
val_loss=17.4635
accuracy
[0.01680672 0.07563025 0.12773109 0.20168067]
val_loss=18.2698
accuracy
[0.05882353 0.07563025 0.12773109 0.19663866]
val_loss=19.6372
accuracy
[0.01680672 0.07563025 0.12773109 0.19495798]
val_loss=21.7091
accuracy
[0.01680672 0.07563025 0.12773109 0.17815126]
val_loss=22.8360
accuracy
[0.01680672 0.07563025 0.12773109 0.17478992]
val_loss=21.1084
accuracy
[0.01680672 0.07563025 0.12773109 0.15462185]
val_loss=22.6156
accuracy
[0.01680672 0.07563025 0.13277311 0.14957983]
val_loss=23.2858
accuracy
[0.01680672 0.07563025 0.12773109 0.16806723]
val_loss=23.6768
accuracy
[0.01680672 0.07563025 0.12773109 0.16134454]
val_loss=25.1481
accuracy
[0.01680672 0.07563025 0.12773109 0.1512605 ]
val_loss=25.3250
accuracy
[0.01680672 0.07563025 0.12773109 0.16302521]
val_loss=26.0776
accuracy
[0.01680672 0.07563025 0.12773109 0.15798319]
val_loss=26.5150
accuracy
[0.01680672 0.07563025 0.12773109 0.15966387]
val_loss=27.3291
accuracy
[0.01680672 0.07563025 0.12773109 0.15966387]
val_loss=28.0517
accuracy
[0.01680672 0.07563025 0.12773109 0.15798319]
val_loss=28.5887
accuracy
[0.01680672 0.07563025 0.12773109 0.16302521]
val_loss=29.1028
accuracy
[0.01680672 0.07563025 0.12773109 0.15462185]
val_loss=30.0314
accuracy
[0.01680672 0.07563025 0.12773109 0.15630252]
val_loss=29.9337
accuracy
[0.01680672 0.07563025 0.12773109 0.15966387]
val_loss=30.6847
accuracy
[0.01680672 0.07563025 0.12773109 0.15798319]
val_loss=30.7850
accuracy
[0.01680672 0.07563025 0.12773109 0.15294118]
val_loss=31.8257
accuracy
[0.01680672 0.07563025 0.12773109 0.14957983]
val_loss=32.1312
accuracy
[0.01680672 0.07563025 0.12773109 0.1512605 ]
val_loss=32.4110
accuracy
[0.01680672 0.07563025 0.12773109 0.14285714]
val_loss=32.7312
accuracy
[0.01680672 0.07563025 0.12773109 0.15462185]
val_loss=32.9701
accuracy
[0.01680672 0.07563025 0.12773109 0.1512605 ]
val_loss=33.2483
accuracy
[0.01680672 0.07563025 0.12773109 0.14621849]
val_loss=34.0853
accuracy
[0.01680672 0.07563025 0.12773109 0.14285714]
val_loss=33.9040
accuracy
[0.01680672 0.07563025 0.12773109 0.14957983]
val_loss=34.7702
accuracy
[0.01680672 0.07563025 0.12773109 0.14117647]
val_loss=34.5473
accuracy
[0.01680672 0.07563025 0.12773109 0.14789916]
val_loss=34.6456
accuracy
[0.01680672 0.07563025 0.12773109 0.14789916]
val_loss=34.5456
accuracy
[0.01680672 0.07563025 0.12773109 0.14957983]
val_loss=34.7988
accuracy
[0.01680672 0.07563025 0.12773109 0.14789916]
val_loss=35.1051
accuracy
[0.01680672 0.07563025 0.12773109 0.14789916]
val_loss=35.0206
accuracy
[0.01680672 0.07563025 0.12773109 0.14789916]
val_loss=35.1795
accuracy
[0.01680672 0.07563025 0.12773109 0.14957983]
val_loss=35.2786
accuracy
[0.01680672 0.07563025 0.12773109 0.14621849]
val_loss=35.4078
accuracy
[0.01680672 0.07563025 0.12773109 0.14957983]
val_loss=35.4311
accuracy
[0.01680672 0.07563025 0.12773109 0.14957983]
val_loss=35.6148
accuracy
[0.01680672 0.07563025 0.12773109 0.14789916]
val_loss=35.7436
accuracy
[0.01680672 0.07563025 0.12773109 0.14789916]
val_loss=35.7895
accuracy
[0.01680672 0.07563025 0.12773109 0.14957983]
val_loss=35.9015
accuracy
[0.01680672 0.07563025 0.12773109 0.14957983]
val_loss=36.0063
accuracy
[0.01680672 0.07563025 0.12773109 0.14957983]
val_loss=36.2452
accuracy
[0.01680672 0.07563025 0.12773109 0.14789916]
val_loss=36.2600
accuracy
[0.01680672 0.07563025 0.12773109 0.14621849]
val_loss=36.2451
accuracy
[0.01680672 0.07563025 0.12773109 0.14789916]
val_loss=36.5164
accuracy
[0.01680672 0.07563025 0.12773109 0.14957983]
val_loss=36.4705
accuracy
[0.01680672 0.07563025 0.12773109 0.14789916]
val_loss=36.5398
accuracy
[0.01680672 0.07563025 0.12773109 0.14789916]
val_loss=36.5714
accuracy
[0.01680672 0.07563025 0.12773109 0.14789916]
val_loss=36.5909
accuracy
[0.01680672 0.07563025 0.12773109 0.14957983]
val_loss=36.6514
accuracy
[0.01680672 0.07563025 0.12773109 0.14957983]
val_loss=36.6781
accuracy
[0.01680672 0.07563025 0.12773109 0.14957983]
val_loss=36.7146
accuracy
[0.01680672 0.07563025 0.12773109 0.14957983]
val_loss=36.6873
accuracy
[0.01680672 0.07563025 0.12773109 0.14789916]
val_loss=36.7432
accuracy
[0.01680672 0.07563025 0.12773109 0.14957983]
val_loss=36.7855
accuracy
[0.01680672 0.07563025 0.12773109 0.14789916]
val_loss=36.8048
accuracy
[0.01680672 0.07563025 0.12773109 0.14789916]
val_loss=36.8130
accuracy
[0.01680672 0.07563025 0.12773109 0.14621849]
val_loss=36.8545
accuracy
[0.01680672 0.07563025 0.12773109 0.14789916]
val_loss=36.8955
accuracy
[0.01680672 0.07563025 0.12773109 0.14789916]
val_loss=36.8682
accuracy
[0.01680672 0.07563025 0.12773109 0.14621849]
val_loss=36.9168
accuracy
[0.01680672 0.07563025 0.12773109 0.14957983]
val_loss=36.9547
accuracy
[0.01680672 0.07563025 0.12773109 0.14789916]
val_loss=36.9408
accuracy
[0.01680672 0.07563025 0.12773109 0.14621849]
val_loss=36.9299
accuracy
[0.01680672 0.07563025 0.12773109 0.14621849]
val_loss=37.0168
accuracy
[0.01680672 0.07563025 0.12773109 0.14957983]
val_loss=37.0424
accuracy
[0.01680672 0.07563025 0.12773109 0.14789916]
Finished Training
    rehearsal replay buffer: 500 of 1899 source samples
cpu
Finished Training
cpu
Finished Training
cpu
Finished Training
cpu
Finished Training
cpu
Finished Training
cpu
Finished Training
cpu
Finished Training
cpu
Finished Training
cpu
Finished Training
cpu
Finished Training
cpu
Finished Training
cpu
Finished Training
cpu
Finished Training
cpu
Finished Training
cpu
Finished Training
cpu
Finished Training
cpu
Finished Training
cpu
Finished Training
cpu
Finished Training
cpu
Finished Training
cpu
Finished Training
cpu
Finished Training
  seed 1: pretrain on scenario32straight (1899 samples), zero-shot eval on scenario2 (595 held-out test samples)
cpu
-----------------------------------------------------------------------
      Layer (type)        Output Shape         Param #     Tr. Param #
=======================================================================
          Linear-1           [32, 256]           1,280           1,280
            ReLU-2           [32, 256]               0               0
          Linear-3           [32, 256]          65,792          65,792
          Linear-4           [32, 256]          65,792          65,792
          Linear-5            [32, 16]           4,112           4,112
=======================================================================
Total params: 136,976
Trainable params: 136,976
Non-trainable params: 0
-----------------------------------------------------------------------
val_loss=7.1249
accuracy
[0.07058824 0.08907563 0.14453782 0.23697479]
val_loss=10.8948
accuracy
[0.07058824 0.1210084  0.17647059 0.23697479]
val_loss=12.8364
accuracy
[0.07058824 0.12605042 0.14453782 0.23697479]
val_loss=12.2960
accuracy
[0.07058824 0.08907563 0.14453782 0.24369748]
val_loss=13.0975
accuracy
[0.01848739 0.08907563 0.14789916 0.23193277]
val_loss=11.5372
accuracy
[0.07058824 0.08907563 0.14453782 0.20672269]
val_loss=12.3174
accuracy
[0.01848739 0.08907563 0.14453782 0.23865546]
val_loss=15.1070
accuracy
[0.01848739 0.08907563 0.15630252 0.2302521 ]
val_loss=17.2467
accuracy
[0.01848739 0.08907563 0.14453782 0.21680672]
val_loss=17.8230
accuracy
[0.01848739 0.08907563 0.14453782 0.20504202]
val_loss=17.8714
accuracy
[0.01848739 0.08907563 0.14453782 0.18655462]
val_loss=18.7489
accuracy
[0.01848739 0.08907563 0.14453782 0.1697479 ]
val_loss=21.0008
accuracy
[0.01848739 0.08907563 0.14285714 0.16302521]
val_loss=20.0458
accuracy
[0.01848739 0.08907563 0.14453782 0.2       ]
val_loss=20.4816
accuracy
[0.01848739 0.08907563 0.1210084  0.18991597]
val_loss=21.5673
accuracy
[0.01848739 0.08907563 0.15294118 0.16806723]
val_loss=21.8387
accuracy
[0.01848739 0.08907563 0.14285714 0.1697479 ]
val_loss=19.9624
accuracy
[0.01848739 0.08907563 0.09411765 0.15798319]
val_loss=20.8055
accuracy
[0.01848739 0.08907563 0.14789916 0.22352941]
val_loss=20.4380
accuracy
[0.01848739 0.08907563 0.14621849 0.20840336]
val_loss=21.7205
accuracy
[0.01848739 0.08907563 0.14789916 0.20336134]
val_loss=23.0752
accuracy
[0.01848739 0.08907563 0.14789916 0.21176471]
val_loss=24.0299
accuracy
[0.01848739 0.08907563 0.14789916 0.21344538]
val_loss=24.3964
accuracy
[0.01848739 0.08907563 0.14789916 0.22016807]
val_loss=25.3778
accuracy
[0.01848739 0.08907563 0.14789916 0.21008403]
val_loss=25.7222
accuracy
[0.01848739 0.08907563 0.14789916 0.20504202]
val_loss=26.0993
accuracy
[0.01848739 0.08907563 0.14117647 0.21176471]
val_loss=26.6115
accuracy
[0.01848739 0.08907563 0.12436975 0.21008403]
val_loss=26.8152
accuracy
[0.01848739 0.08907563 0.14957983 0.20504202]
val_loss=27.3888
accuracy
[0.01848739 0.08907563 0.12773109 0.20672269]
val_loss=27.3433
accuracy
[0.01848739 0.08907563 0.14453782 0.21008403]
val_loss=27.3897
accuracy
[0.01848739 0.08907563 0.13445378 0.22521008]
val_loss=27.6827
accuracy
[0.01848739 0.08907563 0.1394958  0.22016807]
val_loss=28.3871
accuracy
[0.01848739 0.08907563 0.12268908 0.21176471]
val_loss=28.8707
accuracy
[0.01848739 0.08907563 0.13445378 0.20504202]
val_loss=28.7255
accuracy
[0.01848739 0.08907563 0.13109244 0.21344538]
val_loss=29.0461
accuracy
[0.01848739 0.08907563 0.12268908 0.20336134]
val_loss=29.1780
accuracy
[0.01848739 0.08907563 0.12605042 0.20840336]
val_loss=29.3866
accuracy
[0.01848739 0.08907563 0.13613445 0.21176471]
val_loss=29.9222
accuracy
[0.01848739 0.08907563 0.14789916 0.2       ]
val_loss=29.7688
accuracy
[0.01848739 0.08907563 0.13613445 0.20672269]
val_loss=29.9813
accuracy
[0.01848739 0.08907563 0.12941176 0.19663866]
val_loss=29.8879
accuracy
[0.01848739 0.08907563 0.13277311 0.20840336]
val_loss=30.0201
accuracy
[0.01848739 0.08907563 0.13109244 0.20840336]
val_loss=30.1124
accuracy
[0.01848739 0.08907563 0.13277311 0.21176471]
val_loss=30.1809
accuracy
[0.01848739 0.08907563 0.12773109 0.21008403]
val_loss=30.3071
accuracy
[0.01848739 0.08907563 0.12941176 0.21008403]
val_loss=30.4066
accuracy
[0.01848739 0.08907563 0.12941176 0.20672269]
val_loss=30.4898
accuracy
[0.01848739 0.08907563 0.12941176 0.20840336]
val_loss=30.6865
accuracy
[0.01848739 0.08907563 0.12941176 0.20672269]
val_loss=30.8200
accuracy
[0.01848739 0.08907563 0.13109244 0.20168067]
val_loss=30.7828
accuracy
[0.01848739 0.08907563 0.12941176 0.20504202]
val_loss=30.7573
accuracy
[0.01848739 0.08907563 0.13109244 0.20336134]
val_loss=30.8539
accuracy
[0.01848739 0.08907563 0.12941176 0.20504202]
val_loss=30.9146
accuracy
[0.01848739 0.08907563 0.12605042 0.20840336]
val_loss=31.0225
accuracy
[0.01848739 0.08907563 0.12941176 0.20840336]
val_loss=31.1899
accuracy
[0.01848739 0.08907563 0.12941176 0.20336134]
val_loss=31.0187
accuracy
[0.01848739 0.08907563 0.12941176 0.20672269]
val_loss=31.3980
accuracy
[0.01848739 0.08907563 0.13277311 0.2       ]
val_loss=31.4506
accuracy
[0.01848739 0.08907563 0.12773109 0.20672269]
val_loss=31.4309
accuracy
[0.01848739 0.08907563 0.12773109 0.20840336]
val_loss=31.4279
accuracy
[0.01848739 0.08907563 0.12773109 0.20672269]
val_loss=31.4565
accuracy
[0.01848739 0.08907563 0.12773109 0.20840336]
val_loss=31.4810
accuracy
[0.01848739 0.08907563 0.12941176 0.20504202]
val_loss=31.5256
accuracy
[0.01848739 0.08907563 0.12773109 0.20336134]
val_loss=31.5228
accuracy
[0.01848739 0.08907563 0.12773109 0.20504202]
val_loss=31.5472
accuracy
[0.01848739 0.08907563 0.12941176 0.20336134]
val_loss=31.5495
accuracy
[0.01848739 0.08907563 0.12773109 0.20672269]
val_loss=31.5983
accuracy
[0.01848739 0.08907563 0.12773109 0.20504202]
val_loss=31.5776
accuracy
[0.01848739 0.08907563 0.12773109 0.20504202]
val_loss=31.5967
accuracy
[0.01848739 0.08907563 0.12773109 0.20672269]
val_loss=31.6254
accuracy
[0.01848739 0.08907563 0.12773109 0.20672269]
val_loss=31.6334
accuracy
[0.01848739 0.08907563 0.12773109 0.20672269]
val_loss=31.6686
accuracy
[0.01848739 0.08907563 0.12773109 0.20672269]
val_loss=31.6766
accuracy
[0.01848739 0.08907563 0.12773109 0.20672269]
val_loss=31.6873
accuracy
[0.01848739 0.08907563 0.12941176 0.20672269]
val_loss=31.6941
accuracy
[0.01848739 0.08907563 0.12773109 0.20672269]
val_loss=31.7068
accuracy
[0.01848739 0.08907563 0.12773109 0.20840336]
val_loss=31.7584
accuracy
[0.01848739 0.08907563 0.12941176 0.20504202]
val_loss=31.7743
accuracy
[0.01848739 0.08907563 0.12941176 0.20336134]
Finished Training
    rehearsal replay buffer: 500 of 1899 source samples
cpu
Finished Training
cpu
Finished Training
cpu
Finished Training
cpu
Finished Training
cpu
Finished Training
cpu
Finished Training
cpu
Finished Training
cpu
Finished Training
cpu
Finished Training
cpu
Finished Training
cpu
Finished Training
cpu
Finished Training
cpu
Finished Training
cpu
Finished Training
cpu
Finished Training
cpu
Finished Training
cpu
Finished Training
cpu
Finished Training
cpu
Finished Training
cpu
Finished Training
cpu
Finished Training
cpu
Finished Training
  seed 2: pretrain on scenario32straight (1899 samples), zero-shot eval on scenario2 (595 held-out test samples)
cpu
-----------------------------------------------------------------------
      Layer (type)        Output Shape         Param #     Tr. Param #
=======================================================================
          Linear-1           [32, 256]           1,280           1,280
            ReLU-2           [32, 256]               0               0
          Linear-3           [32, 256]          65,792          65,792
          Linear-4           [32, 256]          65,792          65,792
          Linear-5            [32, 16]           4,112           4,112
=======================================================================
Total params: 136,976
Trainable params: 136,976
Non-trainable params: 0
-----------------------------------------------------------------------
val_loss=7.3575
accuracy
[0.04537815 0.09747899 0.15294118 0.26218487]
val_loss=11.2291
accuracy
[0.04537815 0.06218487 0.11764706 0.19495798]
val_loss=10.7707
accuracy
[0.01680672 0.06218487 0.11764706 0.21176471]
val_loss=12.7306
accuracy
[0.04537815 0.06218487 0.11764706 0.20336134]
val_loss=14.4278
accuracy
[0.04537815 0.06218487 0.11764706 0.20672269]
val_loss=15.7283
accuracy
[0.01680672 0.06218487 0.11764706 0.19831933]
val_loss=14.2147
accuracy
[0.04537815 0.06218487 0.11764706 0.17142857]
val_loss=17.6905
accuracy
[0.01680672 0.06218487 0.11764706 0.21512605]
val_loss=15.5479
accuracy
[0.01680672 0.06218487 0.11764706 0.23193277]
val_loss=18.0929
accuracy
[0.04537815 0.06218487 0.11932773 0.2302521 ]
val_loss=17.8842
accuracy
[0.01680672 0.06218487 0.12268908 0.19663866]
val_loss=19.3622
accuracy
[0.01680672 0.06218487 0.11764706 0.14621849]
val_loss=20.1374
accuracy
[0.01680672 0.06218487 0.12605042 0.16470588]
val_loss=18.6597
accuracy
[0.02521008 0.06218487 0.11932773 0.15798319]
val_loss=18.1525
accuracy
[0.01680672 0.06218487 0.12605042 0.16638655]
val_loss=17.2220
accuracy
[0.01680672 0.06218487 0.11764706 0.15798319]
val_loss=17.6975
accuracy
[0.01680672 0.06218487 0.11764706 0.15798319]
val_loss=20.1364
accuracy
[0.01680672 0.06218487 0.12605042 0.14621849]
val_loss=20.2748
accuracy
[0.01680672 0.06218487 0.13613445 0.16806723]
val_loss=20.2436
accuracy
[0.01680672 0.06218487 0.1210084  0.16302521]
val_loss=20.9786
accuracy
[0.01680672 0.06218487 0.12436975 0.16470588]
val_loss=21.9877
accuracy
[0.01680672 0.06218487 0.12605042 0.16638655]
val_loss=22.5879
accuracy
[0.01680672 0.06218487 0.12941176 0.1697479 ]
val_loss=23.4345
accuracy
[0.01680672 0.06218487 0.12773109 0.16470588]
val_loss=24.1361
accuracy
[0.01680672 0.06218487 0.12773109 0.16134454]
val_loss=24.8776
accuracy
[0.01680672 0.06218487 0.12941176 0.16806723]
val_loss=25.4131
accuracy
[0.01680672 0.06218487 0.13613445 0.16806723]
val_loss=25.7547
accuracy
[0.01680672 0.06218487 0.12605042 0.15966387]
val_loss=26.1424
accuracy
[0.01680672 0.06218487 0.13613445 0.16806723]
val_loss=26.7710
accuracy
[0.01680672 0.06218487 0.13109244 0.15798319]
val_loss=27.1905
accuracy
[0.01680672 0.06218487 0.12941176 0.16470588]
val_loss=27.6831
accuracy
[0.01680672 0.06218487 0.12436975 0.16134454]
val_loss=28.3584
accuracy
[0.01680672 0.06218487 0.12773109 0.14789916]
val_loss=28.6654
accuracy
[0.01680672 0.06218487 0.12941176 0.16302521]
val_loss=28.7391
accuracy
[0.01680672 0.06218487 0.12941176 0.16470588]
val_loss=28.9280
accuracy
[0.01680672 0.06218487 0.13445378 0.16806723]
val_loss=29.6174
accuracy
[0.01680672 0.06218487 0.13613445 0.16638655]
val_loss=29.7468
accuracy
[0.01680672 0.06218487 0.12941176 0.16638655]
val_loss=29.3571
accuracy
[0.01680672 0.06554622 0.1394958  0.16806723]
val_loss=30.2083
accuracy
[0.01680672 0.06218487 0.12436975 0.16638655]
val_loss=30.0932
accuracy
[0.01680672 0.06218487 0.12941176 0.16470588]
val_loss=30.1479
accuracy
[0.01680672 0.06218487 0.13277311 0.16638655]
val_loss=30.3090
accuracy
[0.01680672 0.06218487 0.13277311 0.16470588]
val_loss=30.2535
accuracy
[0.01680672 0.06218487 0.13613445 0.16806723]
val_loss=30.5381
accuracy
[0.01680672 0.06218487 0.13109244 0.16302521]
val_loss=30.6590
accuracy
[0.01680672 0.06218487 0.13277311 0.16302521]
val_loss=30.6479
accuracy
[0.01680672 0.06218487 0.13613445 0.16806723]
val_loss=30.7323
accuracy
[0.01680672 0.06218487 0.13613445 0.16638655]
val_loss=30.8950
accuracy
[0.01680672 0.06218487 0.13613445 0.16806723]
val_loss=31.0431
accuracy
[0.01680672 0.06218487 0.13109244 0.16470588]
val_loss=31.1105
accuracy
[0.01680672 0.06218487 0.13277311 0.16470588]
val_loss=31.2122
accuracy
[0.01680672 0.06218487 0.13613445 0.16638655]
val_loss=31.1868
accuracy
[0.01680672 0.06218487 0.13613445 0.16806723]
val_loss=31.3186
accuracy
[0.01680672 0.06218487 0.13613445 0.16470588]
val_loss=31.3629
accuracy
[0.01680672 0.06386555 0.13613445 0.16806723]
val_loss=31.4696
accuracy
[0.01680672 0.06218487 0.13613445 0.16806723]
val_loss=31.6218
accuracy
[0.01680672 0.06218487 0.13613445 0.16638655]
val_loss=31.7707
accuracy
[0.01680672 0.06218487 0.13613445 0.16302521]
val_loss=31.7112
accuracy
[0.01680672 0.06218487 0.13613445 0.16470588]
val_loss=31.8742
accuracy
[0.01680672 0.06218487 0.13613445 0.16470588]
val_loss=31.9725
accuracy
[0.01680672 0.06218487 0.13613445 0.16302521]
val_loss=31.9645
accuracy
[0.01680672 0.06218487 0.13613445 0.16470588]
val_loss=31.9723
accuracy
[0.01680672 0.06218487 0.13613445 0.16638655]
val_loss=31.9793
accuracy
[0.01680672 0.06218487 0.13613445 0.16638655]
val_loss=32.0176
accuracy
[0.01680672 0.06218487 0.13613445 0.16638655]
val_loss=32.0696
accuracy
[0.01680672 0.06218487 0.13613445 0.16638655]
val_loss=32.0557
accuracy
[0.01680672 0.06218487 0.13613445 0.16638655]
val_loss=32.0984
accuracy
[0.01680672 0.06218487 0.13613445 0.16638655]
val_loss=32.1475
accuracy
[0.01680672 0.06218487 0.13613445 0.16638655]
val_loss=32.1994
accuracy
[0.01680672 0.06218487 0.13445378 0.16470588]
val_loss=32.1720
accuracy
[0.01680672 0.06218487 0.13613445 0.16638655]
val_loss=32.2138
accuracy
[0.01680672 0.06218487 0.13613445 0.16638655]
val_loss=32.1978
accuracy
[0.01680672 0.06218487 0.13613445 0.16638655]
val_loss=32.2342
accuracy
[0.01680672 0.06218487 0.13613445 0.16638655]
val_loss=32.2657
accuracy
[0.01680672 0.06218487 0.13613445 0.16638655]
val_loss=32.2539
accuracy
[0.01680672 0.06218487 0.13613445 0.16806723]
val_loss=32.3516
accuracy
[0.01680672 0.06218487 0.13613445 0.16302521]
val_loss=32.3351
accuracy
[0.01680672 0.06218487 0.13613445 0.16638655]
val_loss=32.3660
accuracy
[0.01680672 0.06218487 0.13613445 0.16638655]
val_loss=32.3842
accuracy
[0.01680672 0.06218487 0.13613445 0.16470588]
Finished Training
    rehearsal replay buffer: 500 of 1899 source samples
cpu
Finished Training
cpu
Finished Training
cpu
Finished Training
cpu
Finished Training
cpu
Finished Training
cpu
Finished Training
cpu
Finished Training
cpu
Finished Training
cpu
Finished Training
cpu
Finished Training
cpu
Finished Training
cpu
Finished Training
cpu
Finished Training
cpu
Finished Training
cpu
Finished Training
cpu
Finished Training
cpu
Finished Training
cpu
Finished Training
cpu
Finished Training
cpu
Finished Training
cpu
Finished Training
cpu
Finished Training
  seed 3: pretrain on scenario32straight (1899 samples), zero-shot eval on scenario2 (595 held-out test samples)
cpu
-----------------------------------------------------------------------
      Layer (type)        Output Shape         Param #     Tr. Param #
=======================================================================
          Linear-1           [32, 256]           1,280           1,280
            ReLU-2           [32, 256]               0               0
          Linear-3           [32, 256]          65,792          65,792
          Linear-4           [32, 256]          65,792          65,792
          Linear-5            [32, 16]           4,112           4,112
=======================================================================
Total params: 136,976
Trainable params: 136,976
Non-trainable params: 0
-----------------------------------------------------------------------
val_loss=5.2436
accuracy
[0.02521008 0.11596639 0.15630252 0.23361345]
val_loss=10.0262
accuracy
[0.01680672 0.10756303 0.13277311 0.23361345]
val_loss=12.8206
accuracy
[0.0907563  0.10756303 0.13277311 0.25042017]
val_loss=11.5115
accuracy
[0.01680672 0.10756303 0.13277311 0.25042017]
val_loss=13.6509
accuracy
[0.01680672 0.10756303 0.13277311 0.25714286]
val_loss=11.5090
accuracy
[0.01680672 0.10756303 0.13277311 0.27226891]
val_loss=13.5433
accuracy
[0.0907563  0.10756303 0.13277311 0.18991597]
val_loss=17.0955
accuracy
[0.0907563  0.10756303 0.13277311 0.19495798]
val_loss=16.3236
accuracy
[0.01680672 0.10756303 0.13277311 0.21008403]
val_loss=17.4149
accuracy
[0.01680672 0.10756303 0.13277311 0.21176471]
val_loss=16.7837
accuracy
[0.01680672 0.10756303 0.13277311 0.17310924]
val_loss=17.3930
accuracy
[0.01680672 0.10756303 0.1394958  0.1697479 ]
val_loss=18.0232
accuracy
[0.01680672 0.10756303 0.13445378 0.14957983]
val_loss=18.5617
accuracy
[0.01680672 0.10756303 0.13277311 0.1512605 ]
val_loss=17.8346
accuracy
[0.01680672 0.10756303 0.13781513 0.16470588]
val_loss=19.2915
accuracy
[0.01680672 0.10756303 0.13277311 0.1512605 ]
val_loss=20.2565
accuracy
[0.01680672 0.10756303 0.13613445 0.14789916]
val_loss=19.0774
accuracy
[0.01680672 0.10756303 0.13613445 0.16302521]
val_loss=21.0979
accuracy
[0.01680672 0.10756303 0.13445378 0.16470588]
val_loss=19.5209
accuracy
[0.0907563  0.10756303 0.13277311 0.15294118]
val_loss=20.0388
accuracy
[0.01680672 0.10756303 0.13613445 0.15966387]
val_loss=20.9846
accuracy
[0.01680672 0.10756303 0.13445378 0.15966387]
val_loss=22.2157
accuracy
[0.01680672 0.10756303 0.13781513 0.15462185]
val_loss=23.0540
accuracy
[0.01680672 0.10756303 0.13613445 0.15630252]
val_loss=23.5803
accuracy
[0.01680672 0.10756303 0.1394958  0.16302521]
val_loss=24.1214
accuracy
[0.01680672 0.10756303 0.13781513 0.15630252]
val_loss=24.4644
accuracy
[0.01680672 0.1092437  0.1394958  0.15966387]
val_loss=24.7997
accuracy
[0.01680672 0.10756303 0.13781513 0.15798319]
val_loss=25.5899
accuracy
[0.01680672 0.10756303 0.13781513 0.15294118]
val_loss=25.9232
accuracy
[0.01680672 0.10756303 0.13781513 0.15630252]
val_loss=26.3774
accuracy
[0.01680672 0.10756303 0.13445378 0.15630252]
val_loss=26.7349
accuracy
[0.01680672 0.10756303 0.13781513 0.15630252]
val_loss=26.8946
accuracy
[0.01680672 0.10756303 0.13613445 0.15798319]
val_loss=27.5384
accuracy
[0.01680672 0.10756303 0.13781513 0.15630252]
val_loss=27.7779
accuracy
[0.01680672 0.10756303 0.13781513 0.15966387]
val_loss=27.8022
accuracy
[0.01680672 0.10756303 0.13781513 0.15798319]
val_loss=28.1519
accuracy
[0.01680672 0.1092437  0.1394958  0.16134454]
val_loss=28.5971
accuracy
[0.01680672 0.10756303 0.13445378 0.15630252]
val_loss=27.8585
accuracy
[0.01680672 0.1092437  0.1394958  0.15966387]
val_loss=28.2358
accuracy
[0.01680672 0.1092437  0.1394958  0.15798319]
val_loss=28.4492
accuracy
[0.01680672 0.1092437  0.13781513 0.15462185]
val_loss=28.5872
accuracy
[0.01680672 0.1092437  0.13781513 0.15966387]
val_loss=28.8586
accuracy
[0.01680672 0.10756303 0.13781513 0.15630252]
val_loss=28.8567
accuracy
[0.01680672 0.1092437  0.13781513 0.15630252]
val_loss=28.9812
accuracy
[0.01680672 0.1092437  0.13781513 0.15630252]
val_loss=29.1604
accuracy
[0.01680672 0.1092437  0.13781513 0.15462185]
val_loss=29.1293
accuracy
[0.01680672 0.1092437  0.13781513 0.15630252]
val_loss=29.3574
accuracy
[0.01680672 0.10756303 0.13781513 0.15630252]
val_loss=29.3561
accuracy
[0.01680672 0.1092437  0.13781513 0.15966387]
val_loss=29.5721
accuracy
[0.01680672 0.1092437  0.13781513 0.15798319]
val_loss=29.5371
accuracy
[0.01680672 0.1092437  0.13781513 0.15966387]
val_loss=29.7505
accuracy
[0.01680672 0.10756303 0.13781513 0.15798319]
val_loss=29.7725
accuracy
[0.01680672 0.1092437  0.13781513 0.15462185]
val_loss=29.9222
accuracy
[0.01680672 0.1092437  0.13781513 0.15462185]
val_loss=29.7860
accuracy
[0.01680672 0.1092437  0.13781513 0.15966387]
val_loss=30.0392
accuracy
[0.01680672 0.1092437  0.13781513 0.15630252]
val_loss=30.1750
accuracy
[0.01680672 0.1092437  0.13781513 0.15630252]
val_loss=30.2453
accuracy
[0.01680672 0.1092437  0.13781513 0.15294118]
val_loss=30.2866
accuracy
[0.01680672 0.1092437  0.13781513 0.15630252]
val_loss=30.4163
accuracy
[0.01680672 0.1092437  0.13781513 0.15294118]
val_loss=30.4308
accuracy
[0.01680672 0.1092437  0.13781513 0.15294118]
val_loss=30.4229
accuracy
[0.01680672 0.1092437  0.13781513 0.15462185]
val_loss=30.4714
accuracy
[0.01680672 0.1092437  0.13781513 0.15294118]
val_loss=30.5160
accuracy
[0.01680672 0.1092437  0.13781513 0.15462185]
val_loss=30.4961
accuracy
[0.01680672 0.1092437  0.13781513 0.15294118]
val_loss=30.5273
accuracy
[0.01680672 0.1092437  0.13781513 0.15294118]
val_loss=30.5578
accuracy
[0.01680672 0.1092437  0.13781513 0.15294118]
val_loss=30.5578
accuracy
[0.01680672 0.1092437  0.13781513 0.15462185]
val_loss=30.6022
accuracy
[0.01680672 0.1092437  0.13781513 0.15462185]
val_loss=30.6171
accuracy
[0.01680672 0.1092437  0.13781513 0.15294118]
val_loss=30.6147
accuracy
[0.01680672 0.1092437  0.13781513 0.15462185]
val_loss=30.6313
accuracy
[0.01680672 0.1092437  0.13781513 0.15294118]
val_loss=30.6769
accuracy
[0.01680672 0.1092437  0.13781513 0.15462185]
val_loss=30.6898
accuracy
[0.01680672 0.1092437  0.13781513 0.15294118]
val_loss=30.7190
accuracy
[0.01680672 0.1092437  0.13781513 0.15294118]
val_loss=30.6953
accuracy
[0.01680672 0.1092437  0.13781513 0.15462185]
val_loss=30.7588
accuracy
[0.01680672 0.1092437  0.13781513 0.15294118]
val_loss=30.7983
accuracy
[0.01680672 0.1092437  0.13781513 0.15630252]
val_loss=30.7564
accuracy
[0.01680672 0.1092437  0.13781513 0.15462185]
val_loss=30.8003
accuracy
[0.01680672 0.1092437  0.13781513 0.15462185]
Finished Training
    rehearsal replay buffer: 500 of 1899 source samples
cpu
Finished Training
cpu
Finished Training
cpu
Finished Training
cpu
Finished Training
cpu
Finished Training
cpu
Finished Training
cpu
Finished Training
cpu
Finished Training
cpu
Finished Training
cpu
Finished Training
cpu
Finished Training
cpu
Finished Training
cpu
Finished Training
cpu
Finished Training
cpu
Finished Training
cpu
Finished Training
cpu
Finished Training
cpu
Finished Training
cpu
Finished Training
cpu
Finished Training
cpu
Finished Training
cpu
Finished Training
  seed 4: pretrain on scenario32straight (1899 samples), zero-shot eval on scenario2 (595 held-out test samples)
cpu
-----------------------------------------------------------------------
      Layer (type)        Output Shape         Param #     Tr. Param #
=======================================================================
          Linear-1           [32, 256]           1,280           1,280
            ReLU-2           [32, 256]               0               0
          Linear-3           [32, 256]          65,792          65,792
          Linear-4           [32, 256]          65,792          65,792
          Linear-5            [32, 16]           4,112           4,112
=======================================================================
Total params: 136,976
Trainable params: 136,976
Non-trainable params: 0
-----------------------------------------------------------------------
val_loss=10.8696
accuracy
[0.06554622 0.13109244 0.16806723 0.2605042 ]
val_loss=11.4768
accuracy
[0.06554622 0.13109244 0.16806723 0.21512605]
val_loss=11.0536
accuracy
[0.06554622 0.07394958 0.1394958  0.21680672]
val_loss=14.3651
accuracy
[0.06554622 0.07394958 0.1394958  0.22184874]
val_loss=15.2040
accuracy
[0.06554622 0.07394958 0.1394958  0.20672269]
val_loss=15.4694
accuracy
[0.06554622 0.07394958 0.1394958  0.25546218]
val_loss=17.3146
accuracy
[0.06554622 0.07394958 0.1394958  0.23361345]
val_loss=16.6660
accuracy
[0.00840336 0.07394958 0.1394958  0.24369748]
val_loss=16.7914
accuracy
[0.00840336 0.07394958 0.14789916 0.27226891]
val_loss=16.6954
accuracy
[0.04537815 0.07394958 0.14117647 0.25042017]
val_loss=19.7780
accuracy
[0.00840336 0.07394958 0.15630252 0.24537815]
val_loss=18.6949
accuracy
[0.00840336 0.07394958 0.14117647 0.21848739]
val_loss=19.7458
accuracy
[0.00840336 0.07394958 0.15966387 0.22857143]
val_loss=18.6175
accuracy
[0.00840336 0.07394958 0.14285714 0.21680672]
val_loss=18.9751
accuracy
[0.00840336 0.07394958 0.15630252 0.22352941]
val_loss=20.4125
accuracy
[0.00840336 0.07394958 0.15798319 0.21848739]
val_loss=21.2385
accuracy
[0.00840336 0.07394958 0.1394958  0.21176471]
val_loss=21.6827
accuracy
[0.00840336 0.07394958 0.14117647 0.22352941]
val_loss=20.7412
accuracy
[0.00840336 0.07394958 0.14117647 0.21680672]
val_loss=21.9887
accuracy
[0.00840336 0.07394958 0.14621849 0.21008403]
val_loss=23.1347
accuracy
[0.00840336 0.07394958 0.15630252 0.21176471]
val_loss=24.0655
accuracy
[0.00840336 0.07394958 0.15966387 0.21176471]
val_loss=24.9351
accuracy
[0.00840336 0.07394958 0.15630252 0.21176471]
val_loss=25.6074
accuracy
[0.00840336 0.07394958 0.15798319 0.21344538]
val_loss=26.4093
accuracy
[0.00840336 0.07394958 0.15798319 0.21344538]
val_loss=26.7232
accuracy
[0.00840336 0.07394958 0.15630252 0.21176471]
val_loss=27.2533
accuracy
[0.00840336 0.07394958 0.16134454 0.21344538]
val_loss=27.8518
accuracy
[0.00840336 0.07394958 0.16134454 0.21344538]
val_loss=28.2421
accuracy
[0.00840336 0.07394958 0.16134454 0.21344538]
val_loss=27.9841
accuracy
[0.00840336 0.07394958 0.16302521 0.21848739]
val_loss=28.4071
accuracy
[0.00840336 0.07394958 0.16134454 0.21344538]
val_loss=28.8666
accuracy
[0.00840336 0.07394958 0.15798319 0.21176471]
val_loss=29.0543
accuracy
[0.00840336 0.07394958 0.16134454 0.21344538]
val_loss=29.6673
accuracy
[0.00840336 0.07394958 0.15798319 0.21176471]
val_loss=29.9310
accuracy
[0.00840336 0.07394958 0.15966387 0.21176471]
val_loss=30.4015
accuracy
[0.00840336 0.07394958 0.16134454 0.21344538]
val_loss=30.4146
accuracy
[0.00840336 0.07394958 0.15798319 0.21008403]
val_loss=30.5941
accuracy
[0.00840336 0.07563025 0.16134454 0.21344538]
val_loss=30.9040
accuracy
[0.00840336 0.07394958 0.15966387 0.21008403]
val_loss=31.5605
accuracy
[0.00840336 0.07394958 0.14621849 0.21176471]
val_loss=31.3950
accuracy
[0.00840336 0.07394958 0.15798319 0.21008403]
val_loss=31.2764
accuracy
[0.00840336 0.07563025 0.16134454 0.21344538]
val_loss=31.3678
accuracy
[0.00840336 0.07563025 0.16134454 0.21344538]
val_loss=31.4485
accuracy
[0.00840336 0.07563025 0.16302521 0.21344538]
val_loss=31.6055
accuracy
[0.00840336 0.07563025 0.16134454 0.21344538]
val_loss=31.7692
accuracy
[0.00840336 0.07563025 0.16134454 0.21344538]
val_loss=31.8863
accuracy
[0.00840336 0.07394958 0.16134454 0.21176471]
val_loss=31.9749
accuracy
[0.00840336 0.07563025 0.16134454 0.21344538]
val_loss=32.0260
accuracy
[0.00840336 0.07563025 0.16134454 0.21176471]
val_loss=32.1582
accuracy
[0.00840336 0.07394958 0.16134454 0.21176471]
val_loss=32.2665
accuracy
[0.00840336 0.07394958 0.16134454 0.21176471]
val_loss=32.3041
accuracy
[0.00840336 0.07563025 0.16134454 0.21344538]
val_loss=32.4422
accuracy
[0.00840336 0.07563025 0.16134454 0.21176471]
val_loss=32.5305
accuracy
[0.00840336 0.07563025 0.16134454 0.21176471]
val_loss=32.6505
accuracy
[0.00840336 0.07394958 0.16134454 0.21008403]
val_loss=32.7105
accuracy
[0.00840336 0.07394958 0.16134454 0.21176471]
val_loss=32.7481
accuracy
[0.00840336 0.07563025 0.16134454 0.21176471]
val_loss=32.8516
accuracy
[0.00840336 0.07563025 0.16134454 0.21344538]
val_loss=33.0220
accuracy
[0.00840336 0.07563025 0.16134454 0.21008403]
val_loss=33.0713
accuracy
[0.00840336 0.07563025 0.16134454 0.21008403]
val_loss=33.0891
accuracy
[0.00840336 0.07563025 0.16134454 0.21176471]
val_loss=33.0755
accuracy
[0.00840336 0.07563025 0.16134454 0.21176471]
val_loss=33.1284
accuracy
[0.00840336 0.07563025 0.16134454 0.21176471]
val_loss=33.1229
accuracy
[0.00840336 0.07563025 0.16134454 0.21176471]
val_loss=33.1394
accuracy
[0.00840336 0.07563025 0.16134454 0.21176471]
val_loss=33.1625
accuracy
[0.00840336 0.07563025 0.16134454 0.21176471]
val_loss=33.2116
accuracy
[0.00840336 0.07563025 0.16134454 0.21176471]
val_loss=33.2075
accuracy
[0.00840336 0.07563025 0.16134454 0.21176471]
val_loss=33.2494
accuracy
[0.00840336 0.07563025 0.16134454 0.21176471]
val_loss=33.2387
accuracy
[0.00840336 0.07563025 0.16134454 0.21176471]
val_loss=33.2778
accuracy
[0.00840336 0.07563025 0.16134454 0.21176471]
val_loss=33.2815
accuracy
[0.00840336 0.07563025 0.16134454 0.21176471]
val_loss=33.3176
accuracy
[0.00840336 0.07563025 0.16134454 0.21176471]
val_loss=33.3663
accuracy
[0.00840336 0.07563025 0.16134454 0.21176471]
val_loss=33.3545
accuracy
[0.00840336 0.07563025 0.16134454 0.21176471]
val_loss=33.4131
accuracy
[0.00840336 0.07563025 0.16134454 0.21176471]
val_loss=33.3900
accuracy
[0.00840336 0.07563025 0.16134454 0.21176471]
val_loss=33.4225
accuracy
[0.00840336 0.07563025 0.16134454 0.21176471]
val_loss=33.4635
accuracy
[0.00840336 0.07563025 0.16134454 0.21176471]
val_loss=33.4625
accuracy
[0.00840336 0.07563025 0.16134454 0.21176471]
Finished Training
    rehearsal replay buffer: 500 of 1899 source samples
cpu
Finished Training
cpu
Finished Training
cpu
Finished Training
cpu
Finished Training
cpu
Finished Training
cpu
Finished Training
cpu
Finished Training
cpu
Finished Training
cpu
Finished Training
cpu
Finished Training
cpu
Finished Training
cpu
Finished Training
cpu
Finished Training
cpu
Finished Training
cpu
Finished Training
cpu
Finished Training
cpu
Finished Training
cpu
Finished Training
cpu
Finished Training
cpu
Finished Training
cpu
Finished Training
cpu
Finished Training
  seed 5: pretrain on scenario32straight (1899 samples), zero-shot eval on scenario2 (595 held-out test samples)
cpu
-----------------------------------------------------------------------
      Layer (type)        Output Shape         Param #     Tr. Param #
=======================================================================
          Linear-1           [32, 256]           1,280           1,280
            ReLU-2           [32, 256]               0               0
          Linear-3           [32, 256]          65,792          65,792
          Linear-4           [32, 256]          65,792          65,792
          Linear-5            [32, 16]           4,112           4,112
=======================================================================
Total params: 136,976
Trainable params: 136,976
Non-trainable params: 0
-----------------------------------------------------------------------
val_loss=7.6247
accuracy
[0.04033613 0.06218487 0.14453782 0.23697479]
val_loss=11.7641
accuracy
[0.06554622 0.1210084  0.18319328 0.23697479]
val_loss=11.1355
accuracy
[0.06554622 0.1092437  0.1394958  0.23697479]
val_loss=12.3628
accuracy
[0.01848739 0.08403361 0.15966387 0.23865546]
val_loss=15.6346
accuracy
[0.01848739 0.08403361 0.1394958  0.23697479]
val_loss=16.5347
accuracy
[0.05210084 0.08403361 0.1394958  0.21008403]
val_loss=14.1007
accuracy
[0.06554622 0.08403361 0.1394958  0.22016807]
val_loss=17.7117
accuracy
[0.01848739 0.08403361 0.1394958  0.20504202]
val_loss=16.7702
accuracy
[0.06218487 0.08403361 0.1394958  0.20504202]
val_loss=17.6708
accuracy
[0.01848739 0.08403361 0.1394958  0.22016807]
val_loss=18.9985
accuracy
[0.01848739 0.09411765 0.15966387 0.23361345]
val_loss=21.3673
accuracy
[0.01848739 0.08403361 0.1394958  0.21344538]
val_loss=24.5529
accuracy
[0.01848739 0.08403361 0.1394958  0.20336134]
val_loss=20.9214
accuracy
[0.01848739 0.08403361 0.1394958  0.14117647]
val_loss=22.6972
accuracy
[0.01848739 0.08403361 0.1394958  0.19663866]
val_loss=22.9471
accuracy
[0.01848739 0.08403361 0.1394958  0.15462185]
val_loss=23.7619
accuracy
[0.01848739 0.08403361 0.1394958  0.14117647]
val_loss=22.3386
accuracy
[0.01848739 0.08403361 0.1394958  0.14453782]
val_loss=22.9285
accuracy
[0.01848739 0.08403361 0.1394958  0.14789916]
val_loss=22.5383
accuracy
[0.01848739 0.08403361 0.15294118 0.15630252]
val_loss=24.0825
accuracy
[0.01848739 0.08403361 0.1394958  0.14789916]
val_loss=25.2248
accuracy
[0.01848739 0.08403361 0.1394958  0.15294118]
val_loss=25.9946
accuracy
[0.01848739 0.08403361 0.1394958  0.14621849]
val_loss=26.9982
accuracy
[0.01848739 0.08403361 0.1394958  0.14957983]
val_loss=28.1859
accuracy
[0.01848739 0.08403361 0.1394958  0.15294118]
val_loss=28.3141
accuracy
[0.01848739 0.08403361 0.1394958  0.15294118]
val_loss=29.0091
accuracy
[0.01848739 0.08403361 0.1394958  0.15294118]
val_loss=29.8785
accuracy
[0.01848739 0.08403361 0.1394958  0.15462185]
val_loss=29.4200
accuracy
[0.01848739 0.08403361 0.1394958  0.14453782]
val_loss=29.8730
accuracy
[0.01848739 0.08403361 0.1394958  0.14621849]
val_loss=30.5708
accuracy
[0.01848739 0.08403361 0.1394958  0.14957983]
val_loss=31.0351
accuracy
[0.01848739 0.08403361 0.1394958  0.14117647]
val_loss=31.7355
accuracy
[0.01848739 0.08403361 0.1394958  0.15462185]
val_loss=31.7163
accuracy
[0.01848739 0.08403361 0.1394958  0.15462185]
val_loss=31.2949
accuracy
[0.01848739 0.08403361 0.1394958  0.14621849]
val_loss=31.6203
accuracy
[0.01848739 0.08403361 0.1394958  0.1512605 ]
val_loss=31.9461
accuracy
[0.01848739 0.08403361 0.1394958  0.15462185]
val_loss=31.8103
accuracy
[0.01848739 0.08403361 0.1394958  0.14285714]
val_loss=32.0290
accuracy
[0.01848739 0.08403361 0.1394958  0.1512605 ]
val_loss=32.3722
accuracy
[0.01848739 0.08403361 0.1394958  0.1512605 ]
val_loss=32.5980
accuracy
[0.01848739 0.08403361 0.1394958  0.1512605 ]
val_loss=32.8941
accuracy
[0.01848739 0.08403361 0.1394958  0.1512605 ]
val_loss=32.8872
accuracy
[0.01848739 0.08403361 0.1394958  0.1512605 ]
val_loss=33.1014
accuracy
[0.01848739 0.08403361 0.1394958  0.14957983]
val_loss=33.0922
accuracy
[0.01848739 0.08403361 0.1394958  0.1512605 ]
val_loss=33.3214
accuracy
[0.01848739 0.08403361 0.1394958  0.14957983]
val_loss=33.4232
accuracy
[0.01848739 0.08403361 0.1394958  0.14957983]
val_loss=33.5618
accuracy
[0.01848739 0.08403361 0.1394958  0.14957983]
val_loss=33.6776
accuracy
[0.01848739 0.08403361 0.1394958  0.14621849]
val_loss=33.5625
accuracy
[0.01848739 0.08403361 0.1394958  0.14957983]
val_loss=33.6785
accuracy
[0.01848739 0.08403361 0.1394958  0.14957983]
val_loss=33.8598
accuracy
[0.01848739 0.08403361 0.1394958  0.14957983]
val_loss=33.8099
accuracy
[0.01848739 0.08403361 0.1394958  0.15630252]
val_loss=33.8517
accuracy
[0.01848739 0.08403361 0.1394958  0.1512605 ]
val_loss=34.1477
accuracy
[0.01848739 0.08403361 0.1394958  0.14957983]
val_loss=34.2535
accuracy
[0.01848739 0.08403361 0.1394958  0.14957983]
val_loss=34.1238
accuracy
[0.01848739 0.08403361 0.1394958  0.1512605 ]
val_loss=34.3479
accuracy
[0.01848739 0.08403361 0.1394958  0.14957983]
val_loss=34.3528
accuracy
[0.01848739 0.08403361 0.1394958  0.1512605 ]
val_loss=34.3909
accuracy
[0.01848739 0.08403361 0.1394958  0.1512605 ]
val_loss=34.5273
accuracy
[0.01848739 0.08403361 0.1394958  0.14957983]
val_loss=34.5156
accuracy
[0.01848739 0.08403361 0.1394958  0.1512605 ]
val_loss=34.5410
accuracy
[0.01848739 0.08403361 0.1394958  0.1512605 ]
val_loss=34.5735
accuracy
[0.01848739 0.08403361 0.1394958  0.1512605 ]
val_loss=34.5660
accuracy
[0.01848739 0.08403361 0.1394958  0.1512605 ]
val_loss=34.5965
accuracy
[0.01848739 0.08403361 0.1394958  0.14957983]
val_loss=34.6574
accuracy
[0.01848739 0.08403361 0.1394958  0.14957983]
val_loss=34.6567
accuracy
[0.01848739 0.08403361 0.1394958  0.14957983]
val_loss=34.6351
accuracy
[0.01848739 0.08403361 0.1394958  0.1512605 ]
val_loss=34.6732
accuracy
[0.01848739 0.08403361 0.1394958  0.14957983]
val_loss=34.6701
accuracy
[0.01848739 0.08403361 0.1394958  0.1512605 ]
val_loss=34.7216
accuracy
[0.01848739 0.08403361 0.1394958  0.14957983]
val_loss=34.7286
accuracy
[0.01848739 0.08403361 0.1394958  0.1512605 ]
val_loss=34.7941
accuracy
[0.01848739 0.08403361 0.1394958  0.14957983]
val_loss=34.7952
accuracy
[0.01848739 0.08403361 0.1394958  0.14957983]
val_loss=34.8275
accuracy
[0.01848739 0.08403361 0.1394958  0.14957983]
val_loss=34.8291
accuracy
[0.01848739 0.08403361 0.1394958  0.14957983]
val_loss=34.8210
accuracy
[0.01848739 0.08403361 0.1394958  0.1512605 ]
val_loss=34.8543
accuracy
[0.01848739 0.08403361 0.1394958  0.14957983]
val_loss=34.8314
accuracy
[0.01848739 0.08403361 0.1394958  0.1512605 ]
Finished Training
    rehearsal replay buffer: 500 of 1899 source samples
cpu
Finished Training
cpu
Finished Training
cpu
Finished Training
cpu
Finished Training
cpu
Finished Training
cpu
Finished Training
cpu
Finished Training
cpu
Finished Training
cpu
Finished Training
cpu
Finished Training
cpu
Finished Training
cpu
Finished Training
cpu
Finished Training
cpu
Finished Training
cpu
Finished Training
cpu
Finished Training
cpu
Finished Training
cpu
Finished Training
cpu
Finished Training
cpu
Finished Training
cpu
Finished Training
cpu
Finished Training
  seed 6: pretrain on scenario32straight (1899 samples), zero-shot eval on scenario2 (595 held-out test samples)
cpu
-----------------------------------------------------------------------
      Layer (type)        Output Shape         Param #     Tr. Param #
=======================================================================
          Linear-1           [32, 256]           1,280           1,280
            ReLU-2           [32, 256]               0               0
          Linear-3           [32, 256]          65,792          65,792
          Linear-4           [32, 256]          65,792          65,792
          Linear-5            [32, 16]           4,112           4,112
=======================================================================
Total params: 136,976
Trainable params: 136,976
Non-trainable params: 0
-----------------------------------------------------------------------
val_loss=8.9072
accuracy
[0.05378151 0.09747899 0.11092437 0.2302521 ]
val_loss=9.4289
accuracy
[0.01344538 0.06722689 0.11092437 0.2302521 ]
val_loss=10.9404
accuracy
[0.05378151 0.06722689 0.11092437 0.24537815]
val_loss=10.5189
accuracy
[0.01344538 0.06722689 0.11092437 0.21176471]
val_loss=13.4029
accuracy
[0.05378151 0.06722689 0.11092437 0.2       ]
val_loss=14.0768
accuracy
[0.01344538 0.06722689 0.11260504 0.20336134]
val_loss=14.2298
accuracy
[0.05378151 0.06722689 0.11092437 0.19159664]
val_loss=15.9551
accuracy
[0.01344538 0.06722689 0.11092437 0.24537815]
val_loss=15.4648
accuracy
[0.01344538 0.06722689 0.11092437 0.25882353]
val_loss=17.2241
accuracy
[0.05378151 0.06722689 0.11092437 0.25546218]
val_loss=16.7324
accuracy
[0.01344538 0.06722689 0.12436975 0.27226891]
val_loss=19.6424
accuracy
[0.05378151 0.06722689 0.11092437 0.23697479]
val_loss=17.4447
accuracy
[0.01344538 0.06722689 0.11092437 0.2605042 ]
val_loss=17.5409
accuracy
[0.01344538 0.06722689 0.11092437 0.25042017]
val_loss=19.4913
accuracy
[0.01344538 0.06722689 0.11092437 0.18655462]
val_loss=19.6878
accuracy
[0.01344538 0.06722689 0.11092437 0.18319328]
val_loss=20.3441
accuracy
[0.01344538 0.06722689 0.11428571 0.17983193]
val_loss=20.2236
accuracy
[0.01344538 0.06722689 0.11260504 0.18991597]
val_loss=20.3024
accuracy
[0.01344538 0.06722689 0.11596639 0.18823529]
val_loss=20.8970
accuracy
[0.01344538 0.06722689 0.11092437 0.19831933]
val_loss=21.4347
accuracy
[0.01344538 0.06722689 0.11932773 0.18487395]
val_loss=22.5301
accuracy
[0.01344538 0.06722689 0.1210084  0.18487395]
val_loss=23.0028
accuracy
[0.01344538 0.06722689 0.1210084  0.18487395]
val_loss=23.9882
accuracy
[0.01344538 0.06722689 0.11932773 0.18655462]
val_loss=24.1708
accuracy
[0.01344538 0.06722689 0.1210084  0.18991597]
val_loss=24.8869
accuracy
[0.01344538 0.06722689 0.12773109 0.19663866]
val_loss=25.0237
accuracy
[0.01344538 0.06722689 0.12436975 0.18991597]
val_loss=25.0387
accuracy
[0.01344538 0.06722689 0.12773109 0.2       ]
val_loss=25.5667
accuracy
[0.01344538 0.06722689 0.12436975 0.19663866]
val_loss=25.7940
accuracy
[0.01344538 0.06722689 0.12605042 0.18991597]
val_loss=26.1378
accuracy
[0.01344538 0.06722689 0.12773109 0.2       ]
val_loss=26.3664
accuracy
[0.01344538 0.06722689 0.12436975 0.19831933]
val_loss=26.7098
accuracy
[0.01344538 0.06722689 0.12436975 0.19663866]
val_loss=27.1303
accuracy
[0.01344538 0.06722689 0.12436975 0.19495798]
val_loss=27.1869
accuracy
[0.01344538 0.06722689 0.12436975 0.19495798]
val_loss=27.5357
accuracy
[0.01344538 0.06722689 0.12605042 0.19831933]
val_loss=27.3833
accuracy
[0.01344538 0.06722689 0.12436975 0.18991597]
val_loss=27.6645
accuracy
[0.01344538 0.06722689 0.11932773 0.19159664]
val_loss=28.1091
accuracy
[0.01344538 0.06722689 0.12436975 0.18487395]
val_loss=28.0729
accuracy
[0.01344538 0.06722689 0.12605042 0.19327731]
val_loss=28.4183
accuracy
[0.01344538 0.06722689 0.12436975 0.18991597]
val_loss=28.4274
accuracy
[0.01344538 0.06722689 0.12436975 0.18991597]
val_loss=28.4673
accuracy
[0.01344538 0.06722689 0.12436975 0.19159664]
val_loss=28.6532
accuracy
[0.01344538 0.06722689 0.12436975 0.18823529]
val_loss=28.7187
accuracy
[0.01344538 0.06722689 0.12436975 0.19327731]
val_loss=28.7058
accuracy
[0.01344538 0.06722689 0.12436975 0.18991597]
val_loss=29.0106
accuracy
[0.01344538 0.06722689 0.12436975 0.18991597]
val_loss=28.8782
accuracy
[0.01344538 0.06722689 0.12436975 0.19663866]
val_loss=28.9984
accuracy
[0.01344538 0.06722689 0.12605042 0.19663866]
val_loss=29.0693
accuracy
[0.01344538 0.06722689 0.12605042 0.19663866]
val_loss=29.2000
accuracy
[0.01344538 0.06722689 0.12436975 0.19495798]
val_loss=29.2719
accuracy
[0.01344538 0.06722689 0.12436975 0.19327731]
val_loss=29.3663
accuracy
[0.01344538 0.06722689 0.12605042 0.19327731]
val_loss=29.3042
accuracy
[0.01344538 0.06722689 0.12605042 0.19831933]
val_loss=29.5461
accuracy
[0.01344538 0.06722689 0.12605042 0.2       ]
val_loss=29.6379
accuracy
[0.01344538 0.06722689 0.12605042 0.19495798]
val_loss=29.7039
accuracy
[0.01344538 0.06722689 0.12605042 0.19495798]
val_loss=29.7662
accuracy
[0.01344538 0.06722689 0.12436975 0.19327731]
val_loss=29.8065
accuracy
[0.01344538 0.06722689 0.12605042 0.19831933]
val_loss=29.9098
accuracy
[0.01344538 0.06722689 0.12436975 0.19663866]
val_loss=29.8797
accuracy
[0.01344538 0.06722689 0.12605042 0.19663866]
val_loss=29.8764
accuracy
[0.01344538 0.06722689 0.12605042 0.19663866]
val_loss=29.9330
accuracy
[0.01344538 0.06722689 0.12605042 0.19495798]
val_loss=29.8965
accuracy
[0.01344538 0.06722689 0.12605042 0.19663866]
val_loss=29.9504
accuracy
[0.01344538 0.06722689 0.12605042 0.19663866]
val_loss=29.9683
accuracy
[0.01344538 0.06722689 0.12605042 0.19663866]
val_loss=30.0187
accuracy
[0.01344538 0.06722689 0.12605042 0.19495798]
val_loss=29.9993
accuracy
[0.01344538 0.06722689 0.12605042 0.19663866]
val_loss=30.0387
accuracy
[0.01344538 0.06722689 0.12605042 0.19663866]
val_loss=30.0791
accuracy
[0.01344538 0.06722689 0.12605042 0.19663866]
val_loss=30.1062
accuracy
[0.01344538 0.06722689 0.12605042 0.19663866]
val_loss=30.1036
accuracy
[0.01344538 0.06722689 0.12605042 0.19663866]
val_loss=30.1015
accuracy
[0.01344538 0.06722689 0.12605042 0.19663866]
val_loss=30.1296
accuracy
[0.01344538 0.06722689 0.12605042 0.19663866]
val_loss=30.1749
accuracy
[0.01344538 0.06722689 0.12605042 0.19495798]
val_loss=30.2107
accuracy
[0.01344538 0.06722689 0.12605042 0.19663866]
val_loss=30.2215
accuracy
[0.01344538 0.06722689 0.12605042 0.19663866]
val_loss=30.2302
accuracy
[0.01344538 0.06722689 0.12605042 0.19663866]
val_loss=30.2693
accuracy
[0.01344538 0.06722689 0.12605042 0.19663866]
val_loss=30.2743
accuracy
[0.01344538 0.06722689 0.12605042 0.19663866]
Finished Training
    rehearsal replay buffer: 500 of 1899 source samples
cpu
Finished Training
cpu
Finished Training
cpu
Finished Training
cpu
Finished Training
cpu
Finished Training
cpu
Finished Training
cpu
Finished Training
cpu
Finished Training
cpu
Finished Training
cpu
Finished Training
cpu
Finished Training
cpu
Finished Training
cpu
Finished Training
cpu
Finished Training
cpu
Finished Training
cpu
Finished Training
cpu
Finished Training
cpu
Finished Training
cpu
Finished Training
cpu
Finished Training
cpu
Finished Training
cpu
Finished Training
  seed 7: pretrain on scenario32straight (1899 samples), zero-shot eval on scenario2 (595 held-out test samples)
cpu
-----------------------------------------------------------------------
      Layer (type)        Output Shape         Param #     Tr. Param #
=======================================================================
          Linear-1           [32, 256]           1,280           1,280
            ReLU-2           [32, 256]               0               0
          Linear-3           [32, 256]          65,792          65,792
          Linear-4           [32, 256]          65,792          65,792
          Linear-5            [32, 16]           4,112           4,112
=======================================================================
Total params: 136,976
Trainable params: 136,976
Non-trainable params: 0
-----------------------------------------------------------------------
val_loss=7.2743
accuracy
[0.06722689 0.09411765 0.16470588 0.23361345]
val_loss=12.0532
accuracy
[0.06722689 0.1210084  0.17647059 0.2487395 ]
val_loss=12.6998
accuracy
[0.06722689 0.1210084  0.17647059 0.25882353]
val_loss=12.2864
accuracy
[0.03529412 0.09243697 0.14621849 0.25210084]
val_loss=13.4583
accuracy
[0.06722689 0.09243697 0.14789916 0.21680672]
val_loss=14.1609
accuracy
[0.02521008 0.09243697 0.14621849 0.19663866]
val_loss=14.3080
accuracy
[0.06722689 0.09243697 0.14621849 0.21176471]
val_loss=17.4019
accuracy
[0.02521008 0.09243697 0.14621849 0.21680672]
val_loss=17.7136
accuracy
[0.06722689 0.09243697 0.14621849 0.19495798]
val_loss=16.4727
accuracy
[0.02521008 0.09243697 0.14621849 0.21344538]
val_loss=16.4149
accuracy
[0.06722689 0.09243697 0.14621849 0.20672269]
val_loss=19.3052
accuracy
[0.02521008 0.09243697 0.14789916 0.21344538]
val_loss=18.2688
accuracy
[0.02521008 0.09411765 0.15294118 0.19495798]
val_loss=19.3083
accuracy
[0.02521008 0.09243697 0.14621849 0.19327731]
val_loss=19.9527
accuracy
[0.06722689 0.09243697 0.14621849 0.23697479]
val_loss=19.0637
accuracy
[0.06722689 0.09243697 0.14621849 0.22689076]
val_loss=22.1312
accuracy
[0.06386555 0.09243697 0.15798319 0.22857143]
val_loss=22.7591
accuracy
[0.02521008 0.09243697 0.14621849 0.22857143]
val_loss=19.6738
accuracy
[0.02521008 0.09243697 0.15294118 0.22016807]
val_loss=21.7172
accuracy
[0.02521008 0.09243697 0.14621849 0.22184874]
val_loss=22.1163
accuracy
[0.02521008 0.09243697 0.14789916 0.22857143]
val_loss=22.7894
accuracy
[0.02521008 0.09243697 0.14789916 0.2302521 ]
val_loss=23.4809
accuracy
[0.02521008 0.09243697 0.14789916 0.22521008]
val_loss=24.1303
accuracy
[0.02521008 0.09243697 0.14789916 0.21512605]
val_loss=24.7315
accuracy
[0.02521008 0.09243697 0.14621849 0.21680672]
val_loss=25.4773
accuracy
[0.02521008 0.09243697 0.14621849 0.22857143]
val_loss=25.8503
accuracy
[0.02521008 0.09243697 0.14789916 0.23193277]
val_loss=26.1208
accuracy
[0.02521008 0.09243697 0.14789916 0.22184874]
val_loss=26.5256
accuracy
[0.02521008 0.09243697 0.14621849 0.22857143]
val_loss=26.7682
accuracy
[0.02521008 0.09243697 0.14789916 0.20840336]
val_loss=27.5231
accuracy
[0.02521008 0.09243697 0.14621849 0.21680672]
val_loss=27.7365
accuracy
[0.02521008 0.09243697 0.14957983 0.20336134]
val_loss=28.0146
accuracy
[0.02521008 0.09243697 0.14789916 0.21008403]
val_loss=28.5446
accuracy
[0.02521008 0.09243697 0.14621849 0.21680672]
val_loss=28.7552
accuracy
[0.02521008 0.09243697 0.14789916 0.2       ]
val_loss=28.8485
accuracy
[0.02521008 0.09243697 0.14789916 0.20168067]
val_loss=29.3843
accuracy
[0.02521008 0.09243697 0.14621849 0.21512605]
val_loss=29.6136
accuracy
[0.02521008 0.09243697 0.14957983 0.22521008]
val_loss=29.6710
accuracy
[0.02521008 0.09243697 0.14789916 0.20504202]
val_loss=29.7035
accuracy
[0.02521008 0.09243697 0.14789916 0.21176471]
val_loss=29.9149
accuracy
[0.02521008 0.09243697 0.14789916 0.20840336]
val_loss=29.9410
accuracy
[0.02521008 0.09243697 0.14789916 0.21344538]
val_loss=30.1557
accuracy
[0.02521008 0.09243697 0.14789916 0.21344538]
val_loss=30.3332
accuracy
[0.02521008 0.09243697 0.14789916 0.21512605]
val_loss=30.4710
accuracy
[0.02521008 0.09243697 0.14789916 0.21344538]
val_loss=30.4613
accuracy
[0.02521008 0.09243697 0.14789916 0.21344538]
val_loss=30.6411
accuracy
[0.02521008 0.09243697 0.14789916 0.21344538]
val_loss=30.8626
accuracy
[0.02521008 0.09243697 0.14789916 0.21512605]
val_loss=30.9762
accuracy
[0.02521008 0.09243697 0.14789916 0.21344538]
val_loss=31.0097
accuracy
[0.02521008 0.09243697 0.14789916 0.21344538]
val_loss=31.0245
accuracy
[0.02521008 0.09243697 0.14957983 0.21512605]
val_loss=31.1258
accuracy
[0.02521008 0.09243697 0.14957983 0.21512605]
val_loss=31.1910
accuracy
[0.02521008 0.09243697 0.14957983 0.21680672]
val_loss=31.3638
accuracy
[0.02521008 0.09243697 0.14957983 0.21512605]
val_loss=31.4066
accuracy
[0.02521008 0.09243697 0.14789916 0.21512605]
val_loss=31.6369
accuracy
[0.02521008 0.09243697 0.14789916 0.21512605]
val_loss=31.5380
accuracy
[0.02521008 0.09243697 0.14957983 0.21512605]
val_loss=31.7562
accuracy
[0.02521008 0.09243697 0.14957983 0.21512605]
val_loss=31.8321
accuracy
[0.02521008 0.09243697 0.14957983 0.21512605]
val_loss=31.9717
accuracy
[0.02521008 0.09243697 0.14957983 0.21512605]
val_loss=31.9043
accuracy
[0.02521008 0.09243697 0.14957983 0.21512605]
val_loss=31.9057
accuracy
[0.02521008 0.09243697 0.14957983 0.21512605]
val_loss=31.9554
accuracy
[0.02521008 0.09243697 0.14957983 0.21512605]
val_loss=31.9822
accuracy
[0.02521008 0.09243697 0.14957983 0.21512605]
val_loss=31.9967
accuracy
[0.02521008 0.09243697 0.14957983 0.21512605]
val_loss=31.9850
accuracy
[0.02521008 0.09243697 0.14957983 0.21512605]
val_loss=32.0130
accuracy
[0.02521008 0.09243697 0.14957983 0.21512605]
val_loss=32.0432
accuracy
[0.02521008 0.09243697 0.14957983 0.21512605]
val_loss=32.0541
accuracy
[0.02521008 0.09243697 0.14957983 0.21512605]
val_loss=32.0935
accuracy
[0.02521008 0.09243697 0.14957983 0.21512605]
val_loss=32.0718
accuracy
[0.02521008 0.09243697 0.14957983 0.21512605]
val_loss=32.1675
accuracy
[0.02521008 0.09243697 0.14957983 0.21512605]
val_loss=32.1643
accuracy
[0.02521008 0.09243697 0.14957983 0.21512605]
val_loss=32.1562
accuracy
[0.02521008 0.09243697 0.14957983 0.21512605]
val_loss=32.1912
accuracy
[0.02521008 0.09243697 0.14957983 0.21512605]
val_loss=32.2211
accuracy
[0.02521008 0.09243697 0.14957983 0.21512605]
val_loss=32.2816
accuracy
[0.02521008 0.09243697 0.14957983 0.21512605]
val_loss=32.2349
accuracy
[0.02521008 0.09243697 0.14957983 0.21512605]
val_loss=32.2706
accuracy
[0.02521008 0.09243697 0.14957983 0.21512605]
val_loss=32.2690
accuracy
[0.02521008 0.09243697 0.14957983 0.21512605]
Finished Training
    rehearsal replay buffer: 500 of 1899 source samples
cpu
Finished Training
cpu
Finished Training
cpu
Finished Training
cpu
Finished Training
cpu
Finished Training
cpu
Finished Training
cpu
Finished Training
cpu
Finished Training
cpu
Finished Training
cpu
Finished Training
cpu
Finished Training
cpu
Finished Training
cpu
Finished Training
cpu
Finished Training
cpu
Finished Training
cpu
Finished Training
cpu
Finished Training
cpu
Finished Training
cpu
Finished Training
cpu
Finished Training
cpu
Finished Training
cpu
Finished Training
  seed 8: pretrain on scenario32straight (1899 samples), zero-shot eval on scenario2 (595 held-out test samples)
cpu
-----------------------------------------------------------------------
      Layer (type)        Output Shape         Param #     Tr. Param #
=======================================================================
          Linear-1           [32, 256]           1,280           1,280
            ReLU-2           [32, 256]               0               0
          Linear-3           [32, 256]          65,792          65,792
          Linear-4           [32, 256]          65,792          65,792
          Linear-5            [32, 16]           4,112           4,112
=======================================================================
Total params: 136,976
Trainable params: 136,976
Non-trainable params: 0
-----------------------------------------------------------------------
val_loss=6.6653
accuracy
[0.03865546 0.08571429 0.11596639 0.23697479]
val_loss=8.4845
accuracy
[0.05210084 0.06890756 0.12773109 0.2302521 ]
val_loss=10.6070
accuracy
[0.05882353 0.07563025 0.12773109 0.2302521 ]
val_loss=12.2441
accuracy
[0.01680672 0.07563025 0.12773109 0.27226891]
val_loss=12.4055
accuracy
[0.05210084 0.06890756 0.12773109 0.24033613]
val_loss=13.9486
accuracy
[0.01680672 0.07563025 0.12773109 0.25378151]
val_loss=13.5675
accuracy
[0.05882353 0.07563025 0.12773109 0.20168067]
val_loss=15.6811
accuracy
[0.05882353 0.07563025 0.12773109 0.24705882]
val_loss=15.8345
accuracy
[0.05882353 0.07563025 0.12773109 0.21680672]
val_loss=17.2394
accuracy
[0.05882353 0.07563025 0.12773109 0.2       ]
val_loss=17.8351
accuracy
[0.05882353 0.07563025 0.12773109 0.20336134]
val_loss=19.0820
accuracy
[0.05882353 0.07563025 0.13277311 0.20672269]
val_loss=19.2862
accuracy
[0.01680672 0.07563025 0.12773109 0.2302521 ]
val_loss=18.0348
accuracy
[0.01680672 0.07563025 0.12773109 0.23361345]
val_loss=19.8459
accuracy
[0.01680672 0.07563025 0.13445378 0.20672269]
val_loss=23.6689
accuracy
[0.01680672 0.07563025 0.12773109 0.19159664]
val_loss=22.6019
accuracy
[0.01680672 0.07563025 0.12941176 0.19495798]
val_loss=21.4578
accuracy
[0.05882353 0.07563025 0.12773109 0.19327731]
val_loss=23.2545
accuracy
[0.01680672 0.07563025 0.12773109 0.22184874]
val_loss=25.9055
accuracy
[0.01680672 0.07563025 0.1394958  0.23193277]
val_loss=25.4748
accuracy
[0.01680672 0.07563025 0.12773109 0.21344538]
val_loss=26.3913
accuracy
[0.01680672 0.07563025 0.12773109 0.21344538]
val_loss=27.1646
accuracy
[0.01680672 0.07563025 0.12941176 0.21512605]
val_loss=27.9526
accuracy
[0.01680672 0.07563025 0.12773109 0.20336134]
val_loss=29.0607
accuracy
[0.01680672 0.07563025 0.12773109 0.20840336]
val_loss=29.2533
accuracy
[0.01680672 0.07563025 0.12773109 0.21344538]
val_loss=29.2267
accuracy
[0.01680672 0.07563025 0.13277311 0.21008403]
val_loss=30.0812
accuracy
[0.01680672 0.07563025 0.12941176 0.21848739]
val_loss=30.4611
accuracy
[0.01680672 0.07563025 0.12941176 0.21008403]
val_loss=31.1975
accuracy
[0.01680672 0.07563025 0.12773109 0.20672269]
val_loss=31.2535
accuracy
[0.01680672 0.07563025 0.12941176 0.2       ]
val_loss=32.5753
accuracy
[0.01680672 0.07563025 0.12773109 0.18487395]
val_loss=32.0660
accuracy
[0.01680672 0.07563025 0.12773109 0.18823529]
val_loss=32.2530
accuracy
[0.01680672 0.07563025 0.12941176 0.2       ]
val_loss=32.3702
accuracy
[0.01680672 0.07563025 0.13109244 0.18991597]
val_loss=32.8262
accuracy
[0.01680672 0.07563025 0.12941176 0.19495798]
val_loss=33.0413
accuracy
[0.01680672 0.07563025 0.12773109 0.21512605]
val_loss=33.2044
accuracy
[0.01680672 0.07563025 0.12941176 0.19327731]
val_loss=33.5240
accuracy
[0.01680672 0.07563025 0.12941176 0.21344538]
val_loss=33.9964
accuracy
[0.01680672 0.07563025 0.12941176 0.18991597]
val_loss=34.2170
accuracy
[0.01680672 0.07563025 0.12941176 0.19159664]
val_loss=34.4284
accuracy
[0.01680672 0.07563025 0.12941176 0.19327731]
val_loss=34.3618
accuracy
[0.01680672 0.07563025 0.12941176 0.20672269]
val_loss=34.5690
accuracy
[0.01680672 0.07563025 0.12941176 0.20168067]
val_loss=34.7690
accuracy
[0.01680672 0.07563025 0.12941176 0.20168067]
val_loss=34.8574
accuracy
[0.01680672 0.07563025 0.12941176 0.19663866]
val_loss=34.8282
accuracy
[0.01680672 0.07563025 0.12941176 0.19495798]
val_loss=34.9482
accuracy
[0.01680672 0.07563025 0.12941176 0.2       ]
val_loss=34.9654
accuracy
[0.01680672 0.07563025 0.12941176 0.19327731]
val_loss=35.1414
accuracy
[0.01680672 0.07563025 0.12941176 0.19327731]
val_loss=35.3368
accuracy
[0.01680672 0.07563025 0.12941176 0.19495798]
val_loss=35.4449
accuracy
[0.01680672 0.07563025 0.12941176 0.19327731]
val_loss=35.5917
accuracy
[0.01680672 0.07563025 0.12941176 0.19495798]
val_loss=35.6098
accuracy
[0.01680672 0.07563025 0.12941176 0.19327731]
val_loss=35.7182
accuracy
[0.01680672 0.07563025 0.12941176 0.19327731]
val_loss=35.6128
accuracy
[0.01680672 0.07563025 0.12941176 0.18823529]
val_loss=35.7649
accuracy
[0.01680672 0.07563025 0.12941176 0.19327731]
val_loss=36.0221
accuracy
[0.01680672 0.07563025 0.12941176 0.18991597]
val_loss=36.0771
accuracy
[0.01680672 0.07563025 0.12941176 0.19327731]
val_loss=36.0546
accuracy
[0.01680672 0.07563025 0.12941176 0.18991597]
val_loss=36.1802
accuracy
[0.01680672 0.07563025 0.12941176 0.18991597]
val_loss=36.2288
accuracy
[0.01680672 0.07563025 0.12941176 0.19327731]
val_loss=36.2232
accuracy
[0.01680672 0.07563025 0.12941176 0.19327731]
val_loss=36.2253
accuracy
[0.01680672 0.07563025 0.12941176 0.19327731]
val_loss=36.2874
accuracy
[0.01680672 0.07563025 0.12941176 0.19327731]
val_loss=36.3304
accuracy
[0.01680672 0.07563025 0.12941176 0.19327731]
val_loss=36.3014
accuracy
[0.01680672 0.07563025 0.12941176 0.19327731]
val_loss=36.3017
accuracy
[0.01680672 0.07563025 0.12941176 0.19327731]
val_loss=36.3308
accuracy
[0.01680672 0.07563025 0.12941176 0.19327731]
val_loss=36.3483
accuracy
[0.01680672 0.07563025 0.12941176 0.19327731]
val_loss=36.3853
accuracy
[0.01680672 0.07563025 0.12941176 0.19327731]
val_loss=36.4018
accuracy
[0.01680672 0.07563025 0.12941176 0.19327731]
val_loss=36.4293
accuracy
[0.01680672 0.07563025 0.12941176 0.19327731]
val_loss=36.5172
accuracy
[0.01680672 0.07563025 0.12941176 0.19327731]
val_loss=36.4292
accuracy
[0.01680672 0.07563025 0.12941176 0.19327731]
val_loss=36.5559
accuracy
[0.01680672 0.07563025 0.12941176 0.19327731]
val_loss=36.5612
accuracy
[0.01680672 0.07563025 0.12941176 0.19327731]
val_loss=36.6391
accuracy
[0.01680672 0.07563025 0.12941176 0.19327731]
val_loss=36.5716
accuracy
[0.01680672 0.07563025 0.12941176 0.19327731]
val_loss=36.6134
accuracy
[0.01680672 0.07563025 0.12941176 0.19327731]
Finished Training
    rehearsal replay buffer: 500 of 1899 source samples
cpu
Finished Training
cpu
Finished Training
cpu
Finished Training
cpu
Finished Training
cpu
Finished Training
cpu
Finished Training
cpu
Finished Training
cpu
Finished Training
cpu
Finished Training
cpu
Finished Training
cpu
Finished Training
cpu
Finished Training
cpu
Finished Training
cpu
Finished Training
cpu
Finished Training
cpu
Finished Training
cpu
Finished Training
cpu
Finished Training
cpu
Finished Training
cpu
Finished Training
cpu
Finished Training
cpu
Finished Training
  seed 9: pretrain on scenario32straight (1899 samples), zero-shot eval on scenario2 (595 held-out test samples)
cpu
-----------------------------------------------------------------------
      Layer (type)        Output Shape         Param #     Tr. Param #
=======================================================================
          Linear-1           [32, 256]           1,280           1,280
            ReLU-2           [32, 256]               0               0
          Linear-3           [32, 256]          65,792          65,792
          Linear-4           [32, 256]          65,792          65,792
          Linear-5            [32, 16]           4,112           4,112
=======================================================================
Total params: 136,976
Trainable params: 136,976
Non-trainable params: 0
-----------------------------------------------------------------------
val_loss=7.0893
accuracy
[0.07226891 0.13277311 0.18319328 0.24033613]
val_loss=9.4513
accuracy
[0.07226891 0.11764706 0.14117647 0.23865546]
val_loss=9.4536
accuracy
[0.0907563  0.12605042 0.14117647 0.23865546]
val_loss=12.5065
accuracy
[0.07226891 0.12605042 0.14117647 0.25210084]
val_loss=13.0847
accuracy
[0.07226891 0.08739496 0.14117647 0.23865546]
val_loss=12.9438
accuracy
[0.01512605 0.08739496 0.14117647 0.19831933]
val_loss=15.3017
accuracy
[0.07226891 0.08739496 0.14117647 0.2       ]
val_loss=15.2477
accuracy
[0.01512605 0.08739496 0.14117647 0.19327731]
val_loss=16.7118
accuracy
[0.01680672 0.08739496 0.14117647 0.17142857]
val_loss=18.7614
accuracy
[0.01512605 0.08739496 0.14117647 0.16302521]
val_loss=17.0063
accuracy
[0.01512605 0.08739496 0.14789916 0.17815126]
val_loss=18.0236
accuracy
[0.01512605 0.08739496 0.14117647 0.18991597]
val_loss=20.0825
accuracy
[0.01512605 0.08739496 0.14117647 0.20840336]
val_loss=17.8930
accuracy
[0.01512605 0.08739496 0.14117647 0.16806723]
val_loss=19.3133
accuracy
[0.01512605 0.08739496 0.14117647 0.17478992]
val_loss=18.5285
accuracy
[0.01512605 0.08739496 0.14117647 0.17815126]
val_loss=18.6732
accuracy
[0.01512605 0.08739496 0.14117647 0.1697479 ]
val_loss=19.4234
accuracy
[0.01512605 0.08739496 0.14117647 0.18655462]
val_loss=20.0083
accuracy
[0.01512605 0.08739496 0.14117647 0.17647059]
val_loss=20.1267
accuracy
[0.01512605 0.08739496 0.15294118 0.19831933]
val_loss=20.2309
accuracy
[0.01512605 0.08739496 0.14117647 0.16806723]
val_loss=21.4689
accuracy
[0.01512605 0.08739496 0.14117647 0.16302521]
val_loss=22.0560
accuracy
[0.01512605 0.08739496 0.14117647 0.16302521]
val_loss=22.3885
accuracy
[0.01512605 0.08739496 0.14453782 0.16638655]
val_loss=23.1795
accuracy
[0.01512605 0.08739496 0.14285714 0.16302521]
val_loss=23.4370
accuracy
[0.01512605 0.08739496 0.14285714 0.17310924]
val_loss=23.7272
accuracy
[0.01512605 0.08739496 0.14621849 0.16806723]
val_loss=23.9083
accuracy
[0.01512605 0.08739496 0.14453782 0.16638655]
val_loss=24.3035
accuracy
[0.01512605 0.08739496 0.14453782 0.16638655]
val_loss=25.2688
accuracy
[0.01512605 0.08739496 0.14453782 0.16302521]
val_loss=25.1653
accuracy
[0.01512605 0.08739496 0.14621849 0.16470588]
val_loss=25.4193
accuracy
[0.01512605 0.08739496 0.14453782 0.18487395]
val_loss=25.8377
accuracy
[0.01512605 0.08739496 0.14453782 0.16806723]
val_loss=25.8429
accuracy
[0.01512605 0.08739496 0.14957983 0.18487395]
val_loss=26.1233
accuracy
[0.01512605 0.08739496 0.14453782 0.18991597]
val_loss=26.4844
accuracy
[0.01512605 0.08739496 0.14453782 0.17647059]
val_loss=26.2976
accuracy
[0.01512605 0.08739496 0.14621849 0.17142857]
val_loss=26.9489
accuracy
[0.01512605 0.08739496 0.14453782 0.17983193]
val_loss=26.6067
accuracy
[0.01512605 0.08907563 0.14789916 0.18655462]
val_loss=26.3798
accuracy
[0.01512605 0.08739496 0.14789916 0.18319328]
val_loss=26.6655
accuracy
[0.01512605 0.08739496 0.14789916 0.18823529]
val_loss=26.8194
accuracy
[0.01512605 0.08739496 0.14789916 0.18991597]
val_loss=26.8754
accuracy
[0.01512605 0.08739496 0.14789916 0.18823529]
val_loss=26.9953
accuracy
[0.01512605 0.08739496 0.14621849 0.18655462]
val_loss=27.0909
accuracy
[0.01512605 0.08739496 0.14789916 0.18487395]
val_loss=27.1427
accuracy
[0.01512605 0.08739496 0.14621849 0.18319328]
val_loss=27.3451
accuracy
[0.01512605 0.08739496 0.14789916 0.18991597]
val_loss=27.3787
accuracy
[0.01512605 0.08739496 0.14789916 0.18487395]
val_loss=27.3950
accuracy
[0.01512605 0.08739496 0.14789916 0.18655462]
val_loss=27.5359
accuracy
[0.01512605 0.08739496 0.14789916 0.18655462]
val_loss=27.6044
accuracy
[0.01512605 0.08739496 0.14789916 0.18655462]
val_loss=27.7224
accuracy
[0.01512605 0.08739496 0.14789916 0.18991597]
val_loss=27.7219
accuracy
[0.01512605 0.08739496 0.14789916 0.18487395]
val_loss=27.8342
accuracy
[0.01512605 0.08739496 0.14789916 0.18655462]
val_loss=27.9134
accuracy
[0.01512605 0.08739496 0.14789916 0.18319328]
val_loss=27.8626
accuracy
[0.01512605 0.08907563 0.14789916 0.18655462]
val_loss=28.0646
accuracy
[0.01512605 0.08739496 0.14789916 0.18487395]
val_loss=28.0732
accuracy
[0.01512605 0.08907563 0.14789916 0.18655462]
val_loss=28.0983
accuracy
[0.01512605 0.08739496 0.14789916 0.18655462]
val_loss=28.1793
accuracy
[0.01512605 0.08739496 0.14789916 0.18151261]
val_loss=28.1959
accuracy
[0.01512605 0.08739496 0.14789916 0.18151261]
val_loss=28.2104
accuracy
[0.01512605 0.08739496 0.14789916 0.18151261]
val_loss=28.2388
accuracy
[0.01512605 0.08739496 0.14789916 0.18319328]
val_loss=28.2317
accuracy
[0.01512605 0.08739496 0.14789916 0.18487395]
val_loss=28.2239
accuracy
[0.01512605 0.08739496 0.14789916 0.18487395]
val_loss=28.2736
accuracy
[0.01512605 0.08739496 0.14789916 0.18487395]
val_loss=28.2782
accuracy
[0.01512605 0.08739496 0.14789916 0.18319328]
val_loss=28.2909
accuracy
[0.01512605 0.08739496 0.14789916 0.18319328]
val_loss=28.3310
accuracy
[0.01512605 0.08907563 0.14789916 0.18319328]
val_loss=28.3170
accuracy
[0.01512605 0.08739496 0.14789916 0.18319328]
val_loss=28.3417
accuracy
[0.01512605 0.08739496 0.14789916 0.18319328]
val_loss=28.3465
accuracy
[0.01512605 0.08739496 0.14789916 0.18487395]
val_loss=28.3633
accuracy
[0.01512605 0.08739496 0.14789916 0.18319328]
val_loss=28.3910
accuracy
[0.01512605 0.08907563 0.14789916 0.18319328]
val_loss=28.4138
accuracy
[0.01512605 0.08907563 0.14789916 0.18319328]
val_loss=28.4096
accuracy
[0.01512605 0.08739496 0.14789916 0.18487395]
val_loss=28.4253
accuracy
[0.01512605 0.08907563 0.14789916 0.18487395]
val_loss=28.4425
accuracy
[0.01512605 0.08907563 0.14789916 0.18487395]
val_loss=28.4456
accuracy
[0.01512605 0.08907563 0.14789916 0.18319328]
val_loss=28.4705
accuracy
[0.01512605 0.08907563 0.14789916 0.18319328]
Finished Training
    rehearsal replay buffer: 500 of 1899 source samples
cpu
Finished Training
cpu
Finished Training
cpu
Finished Training
cpu
Finished Training
cpu
Finished Training
cpu
Finished Training
cpu
Finished Training
cpu
Finished Training
cpu
Finished Training
cpu
Finished Training
cpu
Finished Training
cpu
Finished Training
cpu
Finished Training
cpu
Finished Training
cpu
Finished Training
cpu
Finished Training
cpu
Finished Training
cpu
Finished Training
cpu
Finished Training
cpu
Finished Training
cpu
Finished Training
cpu
Finished Training
Saved result\stage1_s32straight_to_s2_rehearsal_acc.mat and result\stage1_s32straight_to_s2_rehearsal_pwr.mat (10/10 seeds completed)

======================================================================
Rehearsal comparison: scenario32straight -> scenario3  (s32straight_to_s3)
======================================================================
  seed 0: pretrain on scenario32straight (1899 samples), zero-shot eval on scenario3 (298 held-out test samples)
cpu
-----------------------------------------------------------------------
      Layer (type)        Output Shape         Param #     Tr. Param #
=======================================================================
          Linear-1           [32, 256]           1,280           1,280
            ReLU-2           [32, 256]               0               0
          Linear-3           [32, 256]          65,792          65,792
          Linear-4           [32, 256]          65,792          65,792
          Linear-5            [32, 16]           4,112           4,112
=======================================================================
Total params: 136,976
Trainable params: 136,976
Non-trainable params: 0
-----------------------------------------------------------------------
val_loss=10.0932
accuracy
[0.02013423 0.04697987 0.05369128 0.13422819]
val_loss=11.6353
accuracy
[0.01677852 0.04697987 0.06711409 0.08389262]
val_loss=14.4973
accuracy
[0.03355705 0.04697987 0.06711409 0.2147651 ]
val_loss=15.3347
accuracy
[0.01677852 0.04697987 0.06375839 0.20469799]
val_loss=16.3326
accuracy
[0.03020134 0.04697987 0.06375839 0.27181208]
val_loss=17.4939
accuracy
[0.02348993 0.04026846 0.06711409 0.19463087]
val_loss=19.0323
accuracy
[0.02348993 0.04697987 0.06711409 0.18791946]
val_loss=21.7879
accuracy
[0.03355705 0.04697987 0.06375839 0.18120805]
val_loss=23.6521
accuracy
[0.01677852 0.05033557 0.06711409 0.17449664]
val_loss=26.4625
accuracy
[0.01677852 0.04362416 0.06711409 0.18456376]
val_loss=27.8069
accuracy
[0.01677852 0.04026846 0.06711409 0.17785235]
val_loss=32.2463
accuracy
[0.01677852 0.04026846 0.06711409 0.18456376]
val_loss=29.9882
accuracy
[0.02013423 0.04362416 0.06711409 0.18456376]
val_loss=32.1780
accuracy
[0.01677852 0.04362416 0.06711409 0.18791946]
val_loss=33.1111
accuracy
[0.01677852 0.04362416 0.06711409 0.20469799]
val_loss=34.6654
accuracy
[0.01677852 0.04362416 0.06711409 0.22147651]
val_loss=39.4511
accuracy
[0.01677852 0.04362416 0.06711409 0.23154362]
val_loss=40.8537
accuracy
[0.01677852 0.04026846 0.06711409 0.23154362]
val_loss=47.9490
accuracy
[0.01677852 0.03691275 0.06711409 0.23154362]
val_loss=45.6045
accuracy
[0.01677852 0.04362416 0.06711409 0.23154362]
val_loss=47.7881
accuracy
[0.01677852 0.04362416 0.06711409 0.23154362]
val_loss=50.5331
accuracy
[0.01677852 0.04362416 0.06040268 0.23154362]
val_loss=51.1444
accuracy
[0.01677852 0.04026846 0.06040268 0.23154362]
val_loss=51.9524
accuracy
[0.01677852 0.04026846 0.06040268 0.23154362]
val_loss=52.7135
accuracy
[0.01677852 0.03691275 0.05369128 0.23154362]
val_loss=53.1796
accuracy
[0.01677852 0.04362416 0.06040268 0.23154362]
val_loss=53.7115
accuracy
[0.01677852 0.03691275 0.05033557 0.23154362]
val_loss=55.7217
accuracy
[0.01677852 0.04362416 0.06040268 0.23154362]
val_loss=55.6245
accuracy
[0.01677852 0.03691275 0.05033557 0.23154362]
val_loss=57.4075
accuracy
[0.01677852 0.04362416 0.06040268 0.23154362]
val_loss=56.1988
accuracy
[0.01677852 0.04026846 0.06040268 0.23154362]
val_loss=57.4446
accuracy
[0.01677852 0.04026846 0.06040268 0.23154362]
val_loss=58.9626
accuracy
[0.01677852 0.04362416 0.06040268 0.23154362]
val_loss=58.1339
accuracy
[0.01677852 0.04362416 0.06711409 0.23154362]
val_loss=60.7817
accuracy
[0.01677852 0.03691275 0.05369128 0.23154362]
val_loss=59.8031
accuracy
[0.01677852 0.04026846 0.06040268 0.23154362]
val_loss=61.1838
accuracy
[0.01677852 0.04026846 0.05033557 0.23154362]
val_loss=62.0948
accuracy
[0.01677852 0.04362416 0.05369128 0.23154362]
val_loss=62.5773
accuracy
[0.01677852 0.04362416 0.05369128 0.23154362]
val_loss=62.3630
accuracy
[0.01677852 0.04362416 0.06711409 0.23154362]
val_loss=62.7810
accuracy
[0.01677852 0.04026846 0.06040268 0.23154362]
val_loss=62.5699
accuracy
[0.01677852 0.04026846 0.06040268 0.23154362]
val_loss=62.9813
accuracy
[0.01677852 0.04026846 0.06040268 0.23154362]
val_loss=63.3248
accuracy
[0.01677852 0.04026846 0.06040268 0.23154362]
val_loss=63.3478
accuracy
[0.01677852 0.04026846 0.06040268 0.23154362]
val_loss=63.7373
accuracy
[0.01677852 0.04026846 0.06040268 0.23154362]
val_loss=63.8276
accuracy
[0.01677852 0.04026846 0.06040268 0.23154362]
val_loss=63.9899
accuracy
[0.01677852 0.04026846 0.06040268 0.23154362]
val_loss=63.8863
accuracy
[0.01677852 0.04026846 0.06040268 0.23154362]
val_loss=64.6323
accuracy
[0.01677852 0.04026846 0.06040268 0.23154362]
val_loss=64.4932
accuracy
[0.01677852 0.04026846 0.06040268 0.23154362]
val_loss=65.1608
accuracy
[0.01677852 0.04026846 0.06040268 0.23154362]
val_loss=65.0443
accuracy
[0.01677852 0.04026846 0.06040268 0.23154362]
val_loss=65.6247
accuracy
[0.01677852 0.04362416 0.05369128 0.23154362]
val_loss=65.4773
accuracy
[0.01677852 0.04026846 0.06040268 0.23154362]
val_loss=65.7984
accuracy
[0.01677852 0.04362416 0.05369128 0.23154362]
val_loss=65.3685
accuracy
[0.01677852 0.04026846 0.06040268 0.23154362]
val_loss=66.0214
accuracy
[0.01677852 0.04362416 0.05369128 0.23154362]
val_loss=66.3558
accuracy
[0.01677852 0.04362416 0.05369128 0.23154362]
val_loss=66.5826
accuracy
[0.01677852 0.04362416 0.05369128 0.23154362]
val_loss=66.6588
accuracy
[0.01677852 0.04026846 0.05369128 0.23154362]
val_loss=66.6571
accuracy
[0.01677852 0.04026846 0.05369128 0.23154362]
val_loss=66.6241
accuracy
[0.01677852 0.04026846 0.05369128 0.23154362]
val_loss=66.7318
accuracy
[0.01677852 0.04362416 0.05369128 0.23154362]
val_loss=66.7998
accuracy
[0.01677852 0.04362416 0.05369128 0.23154362]
val_loss=66.7422
accuracy
[0.01677852 0.04026846 0.05369128 0.23154362]
val_loss=66.8154
accuracy
[0.01677852 0.04026846 0.05369128 0.23154362]
val_loss=66.9005
accuracy
[0.01677852 0.04362416 0.05369128 0.23154362]
val_loss=66.9262
accuracy
[0.01677852 0.04362416 0.05369128 0.23154362]
val_loss=66.9839
accuracy
[0.01677852 0.04026846 0.05369128 0.23154362]
val_loss=67.0405
accuracy
[0.01677852 0.04026846 0.05369128 0.23154362]
val_loss=67.0569
accuracy
[0.01677852 0.04362416 0.05369128 0.23154362]
val_loss=67.1788
accuracy
[0.01677852 0.04362416 0.05369128 0.23154362]
val_loss=67.2312
accuracy
[0.01677852 0.04362416 0.05369128 0.23154362]
val_loss=67.2067
accuracy
[0.01677852 0.04026846 0.05369128 0.23154362]
val_loss=67.2065
accuracy
[0.01677852 0.04362416 0.05369128 0.23154362]
val_loss=67.2789
accuracy
[0.01677852 0.04362416 0.05369128 0.23154362]
val_loss=67.2657
accuracy
[0.01677852 0.04026846 0.05369128 0.23154362]
val_loss=67.3267
accuracy
[0.01677852 0.04026846 0.05369128 0.23154362]
val_loss=67.4713
accuracy
[0.01677852 0.04362416 0.05369128 0.23154362]
Finished Training
    rehearsal replay buffer: 500 of 1899 source samples
cpu
Finished Training
cpu
Finished Training
cpu
Finished Training
cpu
Finished Training
cpu
Finished Training
cpu
Finished Training
cpu
Finished Training
cpu
Finished Training
cpu
Finished Training
cpu
Finished Training
cpu
Finished Training
cpu
Finished Training
cpu
Finished Training
cpu
Finished Training
cpu
Finished Training
cpu
Finished Training
cpu
Finished Training
cpu
Finished Training
cpu
Finished Training
cpu
Finished Training
cpu
Finished Training
cpu
Finished Training
  seed 1: pretrain on scenario32straight (1899 samples), zero-shot eval on scenario3 (298 held-out test samples)
cpu
-----------------------------------------------------------------------
      Layer (type)        Output Shape         Param #     Tr. Param #
=======================================================================
          Linear-1           [32, 256]           1,280           1,280
            ReLU-2           [32, 256]               0               0
          Linear-3           [32, 256]          65,792          65,792
          Linear-4           [32, 256]          65,792          65,792
          Linear-5            [32, 16]           4,112           4,112
=======================================================================
Total params: 136,976
Trainable params: 136,976
Non-trainable params: 0
-----------------------------------------------------------------------
val_loss=10.7819
accuracy
[0.01006711 0.03020134 0.05704698 0.10067114]
val_loss=20.1236
accuracy
[0.02684564 0.04026846 0.08053691 0.11073826]
val_loss=17.3234
accuracy
[0.02684564 0.04026846 0.05369128 0.11409396]
val_loss=21.8882
accuracy
[0.01342282 0.04026846 0.05369128 0.10402685]
val_loss=21.9382
accuracy
[0.01342282 0.04026846 0.05369128 0.10402685]
val_loss=26.9840
accuracy
[0.01342282 0.04026846 0.05369128 0.12080537]
val_loss=29.5503
accuracy
[0.01342282 0.04026846 0.05369128 0.10402685]
val_loss=39.6105
accuracy
[0.01342282 0.04026846 0.05369128 0.12416107]
val_loss=37.1904
accuracy
[0.01342282 0.04026846 0.05369128 0.25503356]
val_loss=30.4086
accuracy
[0.01342282 0.04026846 0.05369128 0.11073826]
val_loss=36.1998
accuracy
[0.01342282 0.04026846 0.05369128 0.11073826]
val_loss=40.4414
accuracy
[0.01342282 0.04026846 0.05369128 0.11073826]
val_loss=38.5766
accuracy
[0.01342282 0.02684564 0.05369128 0.12080537]
val_loss=37.8391
accuracy
[0.01342282 0.04026846 0.05369128 0.17114094]
val_loss=34.6823
accuracy
[0.01342282 0.02684564 0.05369128 0.15436242]
val_loss=38.3190
accuracy
[0.01342282 0.02684564 0.05369128 0.15436242]
val_loss=31.9671
accuracy
[0.01342282 0.02684564 0.05369128 0.15771812]
val_loss=33.7740
accuracy
[0.01342282 0.02684564 0.05369128 0.15771812]
val_loss=37.3348
accuracy
[0.01342282 0.02684564 0.05369128 0.15771812]
val_loss=39.1014
accuracy
[0.01342282 0.02684564 0.03691275 0.15771812]
val_loss=41.5539
accuracy
[0.01342282 0.02684564 0.03691275 0.15771812]
val_loss=43.1059
accuracy
[0.01342282 0.02684564 0.03691275 0.15771812]
val_loss=44.1992
accuracy
[0.01342282 0.02684564 0.03691275 0.15771812]
val_loss=45.1666
accuracy
[0.01342282 0.02684564 0.03691275 0.15771812]
val_loss=45.7113
accuracy
[0.01342282 0.02684564 0.03691275 0.15771812]
val_loss=46.8486
accuracy
[0.01342282 0.02684564 0.03691275 0.15771812]
val_loss=47.3040
accuracy
[0.01342282 0.02684564 0.03691275 0.15771812]
val_loss=47.8128
accuracy
[0.01342282 0.02684564 0.03691275 0.15771812]
val_loss=48.8308
accuracy
[0.01342282 0.02684564 0.03691275 0.15771812]
val_loss=48.6600
accuracy
[0.01342282 0.02684564 0.03691275 0.15771812]
val_loss=49.2366
accuracy
[0.01342282 0.02684564 0.03691275 0.15771812]
val_loss=49.8935
accuracy
[0.01342282 0.02684564 0.03691275 0.15771812]
val_loss=50.2559
accuracy
[0.01342282 0.02684564 0.03691275 0.15771812]
val_loss=51.5001
accuracy
[0.01342282 0.02684564 0.03691275 0.15771812]
val_loss=52.3564
accuracy
[0.01342282 0.02684564 0.03691275 0.15771812]
val_loss=51.4656
accuracy
[0.01342282 0.02684564 0.03691275 0.15771812]
val_loss=52.6570
accuracy
[0.01342282 0.02684564 0.03691275 0.15771812]
val_loss=51.9560
accuracy
[0.01342282 0.02684564 0.03691275 0.15771812]
val_loss=53.0207
accuracy
[0.01342282 0.02684564 0.03691275 0.15771812]
val_loss=52.2979
accuracy
[0.01342282 0.02684564 0.03691275 0.15771812]
val_loss=52.6033
accuracy
[0.01342282 0.02684564 0.03691275 0.15771812]
val_loss=52.7937
accuracy
[0.01342282 0.02684564 0.03691275 0.15771812]
val_loss=53.0250
accuracy
[0.01342282 0.02684564 0.03691275 0.15771812]
val_loss=53.1746
accuracy
[0.01342282 0.02684564 0.03691275 0.15771812]
val_loss=53.4770
accuracy
[0.01342282 0.02684564 0.03691275 0.15771812]
val_loss=53.4215
accuracy
[0.01342282 0.02684564 0.03691275 0.15771812]
val_loss=53.7751
accuracy
[0.01342282 0.02684564 0.03691275 0.15771812]
val_loss=53.6005
accuracy
[0.01342282 0.02684564 0.03691275 0.15771812]
val_loss=54.1220
accuracy
[0.01342282 0.02684564 0.03691275 0.15771812]
val_loss=53.9473
accuracy
[0.01342282 0.02684564 0.03691275 0.15771812]
val_loss=54.2382
accuracy
[0.01342282 0.02684564 0.03691275 0.15771812]
val_loss=54.2233
accuracy
[0.01342282 0.02684564 0.03691275 0.15771812]
val_loss=54.2972
accuracy
[0.01342282 0.02684564 0.03691275 0.15771812]
val_loss=54.4486
accuracy
[0.01342282 0.02684564 0.03691275 0.15771812]
val_loss=54.5238
accuracy
[0.01342282 0.02684564 0.03691275 0.15771812]
val_loss=54.7107
accuracy
[0.01342282 0.02684564 0.03691275 0.15771812]
val_loss=54.7364
accuracy
[0.01342282 0.02684564 0.03691275 0.15771812]
val_loss=55.0071
accuracy
[0.01342282 0.02684564 0.03691275 0.15771812]
val_loss=54.8538
accuracy
[0.01342282 0.02684564 0.03691275 0.15771812]
val_loss=55.0797
accuracy
[0.01342282 0.02684564 0.03691275 0.15771812]
val_loss=55.0651
accuracy
[0.01342282 0.02684564 0.03691275 0.15771812]
val_loss=55.1281
accuracy
[0.01342282 0.02684564 0.03691275 0.15771812]
val_loss=55.1845
accuracy
[0.01342282 0.02684564 0.03691275 0.15771812]
val_loss=55.1713
accuracy
[0.01342282 0.02684564 0.03691275 0.15771812]
val_loss=55.2026
accuracy
[0.01342282 0.02684564 0.03691275 0.15771812]
val_loss=55.2272
accuracy
[0.01342282 0.02684564 0.03691275 0.15771812]
val_loss=55.2799
accuracy
[0.01342282 0.02684564 0.03691275 0.15771812]
val_loss=55.3247
accuracy
[0.01342282 0.02684564 0.03691275 0.15771812]
val_loss=55.3479
accuracy
[0.01342282 0.02684564 0.03691275 0.15771812]
val_loss=55.3264
accuracy
[0.01342282 0.02684564 0.03691275 0.15771812]
val_loss=55.3829
accuracy
[0.01342282 0.02684564 0.03691275 0.15771812]
val_loss=55.3948
accuracy
[0.01342282 0.02684564 0.03691275 0.15771812]
val_loss=55.4382
accuracy
[0.01342282 0.02684564 0.03691275 0.15771812]
val_loss=55.3905
accuracy
[0.01342282 0.02684564 0.03691275 0.15771812]
val_loss=55.4535
accuracy
[0.01342282 0.02684564 0.03691275 0.15771812]
val_loss=55.5432
accuracy
[0.01342282 0.02684564 0.03691275 0.15771812]
val_loss=55.5640
accuracy
[0.01342282 0.02684564 0.03691275 0.15771812]
val_loss=55.5502
accuracy
[0.01342282 0.02684564 0.03691275 0.15771812]
val_loss=55.5935
accuracy
[0.01342282 0.02684564 0.03691275 0.15771812]
val_loss=55.6389
accuracy
[0.01342282 0.02684564 0.03691275 0.15771812]
Finished Training
    rehearsal replay buffer: 500 of 1899 source samples
cpu
Finished Training
cpu
Finished Training
cpu
Finished Training
cpu
Finished Training
cpu
Finished Training
cpu
Finished Training
cpu
Finished Training
cpu
Finished Training
cpu
Finished Training
cpu
Finished Training
cpu
Finished Training
cpu
Finished Training
cpu
Finished Training
cpu
Finished Training
cpu
Finished Training
cpu
Finished Training
cpu
Finished Training
cpu
Finished Training
cpu
Finished Training
cpu
Finished Training
cpu
Finished Training
cpu
Finished Training
  seed 2: pretrain on scenario32straight (1899 samples), zero-shot eval on scenario3 (298 held-out test samples)
cpu
-----------------------------------------------------------------------
      Layer (type)        Output Shape         Param #     Tr. Param #
=======================================================================
          Linear-1           [32, 256]           1,280           1,280
            ReLU-2           [32, 256]               0               0
          Linear-3           [32, 256]          65,792          65,792
          Linear-4           [32, 256]          65,792          65,792
          Linear-5            [32, 16]           4,112           4,112
=======================================================================
Total params: 136,976
Trainable params: 136,976
Non-trainable params: 0
-----------------------------------------------------------------------
val_loss=11.4643
accuracy
[0.02013423 0.02348993 0.04362416 0.0738255 ]
val_loss=13.5280
accuracy
[0.02013423 0.03691275 0.05704698 0.1442953 ]
val_loss=17.9972
accuracy
[0.02013423 0.04026846 0.05369128 0.17785235]
val_loss=21.1787
accuracy
[0.02348993 0.04026846 0.05369128 0.11073826]
val_loss=28.2043
accuracy
[0.02013423 0.04026846 0.05369128 0.20134228]
val_loss=30.0123
accuracy
[0.02013423 0.04026846 0.04697987 0.27516779]
val_loss=34.4862
accuracy
[0.02013423 0.04026846 0.05369128 0.20469799]
val_loss=37.5771
accuracy
[0.02013423 0.04026846 0.05369128 0.20469799]
val_loss=42.9928
accuracy
[0.02013423 0.03355705 0.05369128 0.20469799]
val_loss=40.3264
accuracy
[0.02013423 0.04026846 0.05369128 0.1442953 ]
val_loss=41.6966
accuracy
[0.02013423 0.04026846 0.05369128 0.20469799]
val_loss=47.9324
accuracy
[0.02013423 0.04026846 0.05369128 0.22818792]
val_loss=52.7083
accuracy
[0.02013423 0.04026846 0.05369128 0.22818792]
val_loss=50.0078
accuracy
[0.02013423 0.04026846 0.05369128 0.1442953 ]
val_loss=52.6324
accuracy
[0.02013423 0.04026846 0.05369128 0.22818792]
val_loss=55.2171
accuracy
[0.02013423 0.04026846 0.05369128 0.18120805]
val_loss=58.6493
accuracy
[0.02013423 0.04026846 0.05369128 0.22818792]
val_loss=58.0575
accuracy
[0.02013423 0.03691275 0.05369128 0.22818792]
val_loss=66.0854
accuracy
[0.02013423 0.04026846 0.05369128 0.18120805]
val_loss=67.0342
accuracy
[0.02013423 0.04362416 0.05369128 0.18120805]
val_loss=69.6155
accuracy
[0.02013423 0.03355705 0.05369128 0.18120805]
val_loss=71.9471
accuracy
[0.02013423 0.03355705 0.05369128 0.18120805]
val_loss=73.8365
accuracy
[0.02013423 0.03355705 0.05369128 0.26510067]
val_loss=75.9439
accuracy
[0.02013423 0.03355705 0.05369128 0.18791946]
val_loss=77.6512
accuracy
[0.02013423 0.03355705 0.05369128 0.18456376]
val_loss=79.7869
accuracy
[0.02013423 0.03355705 0.05369128 0.18791946]
val_loss=80.4141
accuracy
[0.02013423 0.03355705 0.05369128 0.18791946]
val_loss=82.9813
accuracy
[0.02013423 0.03355705 0.05369128 0.18791946]
val_loss=84.6395
accuracy
[0.02013423 0.03355705 0.05369128 0.18791946]
val_loss=85.9330
accuracy
[0.02013423 0.03355705 0.05369128 0.18791946]
val_loss=86.7974
accuracy
[0.02013423 0.03355705 0.05369128 0.18791946]
val_loss=89.0714
accuracy
[0.02013423 0.03355705 0.05369128 0.18791946]
val_loss=88.8433
accuracy
[0.02013423 0.03355705 0.05369128 0.18791946]
val_loss=90.3310
accuracy
[0.02013423 0.03355705 0.05369128 0.18791946]
val_loss=90.9921
accuracy
[0.02013423 0.03355705 0.05369128 0.18791946]
val_loss=92.9335
accuracy
[0.02013423 0.03355705 0.05369128 0.18791946]
val_loss=93.6301
accuracy
[0.02013423 0.03355705 0.05369128 0.18791946]
val_loss=95.3755
accuracy
[0.02013423 0.03355705 0.05369128 0.18791946]
val_loss=94.3762
accuracy
[0.02013423 0.03355705 0.05369128 0.17785235]
val_loss=95.7320
accuracy
[0.02013423 0.03355705 0.05369128 0.17114094]
val_loss=96.6118
accuracy
[0.02013423 0.03355705 0.05369128 0.16778523]
val_loss=96.5136
accuracy
[0.02013423 0.03355705 0.05369128 0.16778523]
val_loss=96.9519
accuracy
[0.02013423 0.03355705 0.05369128 0.16778523]
val_loss=97.2652
accuracy
[0.02013423 0.03355705 0.05369128 0.16778523]
val_loss=97.7675
accuracy
[0.02013423 0.03355705 0.05369128 0.16778523]
val_loss=97.9066
accuracy
[0.02013423 0.03355705 0.05369128 0.16778523]
val_loss=98.4476
accuracy
[0.02013423 0.03355705 0.05369128 0.16778523]
val_loss=98.7404
accuracy
[0.02013423 0.03355705 0.05369128 0.16778523]
val_loss=99.0721
accuracy
[0.02013423 0.03355705 0.05369128 0.16778523]
val_loss=99.1730
accuracy
[0.02013423 0.03355705 0.05369128 0.16778523]
val_loss=99.2525
accuracy
[0.02013423 0.03355705 0.05369128 0.16778523]
val_loss=99.6336
accuracy
[0.02013423 0.03355705 0.04026846 0.16778523]
val_loss=100.0611
accuracy
[0.02013423 0.03355705 0.04026846 0.16778523]
val_loss=100.4332
accuracy
[0.02013423 0.03355705 0.04026846 0.16778523]
val_loss=100.4445
accuracy
[0.02013423 0.03355705 0.04026846 0.16778523]
val_loss=101.1640
accuracy
[0.02013423 0.03355705 0.04026846 0.16778523]
val_loss=101.1022
accuracy
[0.02013423 0.03355705 0.04026846 0.16778523]
val_loss=101.8172
accuracy
[0.02013423 0.03355705 0.04026846 0.16778523]
val_loss=101.4285
accuracy
[0.02013423 0.03355705 0.04026846 0.16778523]
val_loss=102.1718
accuracy
[0.02013423 0.03355705 0.04026846 0.16778523]
val_loss=102.2512
accuracy
[0.02013423 0.03355705 0.04026846 0.16778523]
val_loss=102.3625
accuracy
[0.02013423 0.03355705 0.04026846 0.16778523]
val_loss=102.4465
accuracy
[0.02013423 0.03355705 0.04026846 0.16778523]
val_loss=102.5234
accuracy
[0.02013423 0.03355705 0.04026846 0.16778523]
val_loss=102.5959
accuracy
[0.02013423 0.03355705 0.04026846 0.16778523]
val_loss=102.6620
accuracy
[0.02013423 0.03355705 0.04026846 0.16778523]
val_loss=102.7321
accuracy
[0.02013423 0.03355705 0.04026846 0.16778523]
val_loss=102.7733
accuracy
[0.02013423 0.03355705 0.04026846 0.16778523]
val_loss=102.8758
accuracy
[0.02013423 0.03355705 0.04026846 0.16778523]
val_loss=102.9496
accuracy
[0.02013423 0.03355705 0.04026846 0.16778523]
val_loss=103.0138
accuracy
[0.02013423 0.03355705 0.04026846 0.16778523]
val_loss=103.0111
accuracy
[0.02013423 0.03355705 0.04026846 0.16778523]
val_loss=103.1642
accuracy
[0.02013423 0.03355705 0.04026846 0.16778523]
val_loss=103.1856
accuracy
[0.02013423 0.03355705 0.04026846 0.16778523]
val_loss=103.2488
accuracy
[0.02013423 0.03355705 0.04026846 0.16778523]
val_loss=103.4049
accuracy
[0.02013423 0.03355705 0.04026846 0.16778523]
val_loss=103.4258
accuracy
[0.02013423 0.03355705 0.04026846 0.16778523]
val_loss=103.4953
accuracy
[0.02013423 0.03355705 0.04026846 0.16778523]
val_loss=103.5774
accuracy
[0.02013423 0.03355705 0.04026846 0.16778523]
val_loss=103.6904
accuracy
[0.02013423 0.03355705 0.04026846 0.16778523]
Finished Training
    rehearsal replay buffer: 500 of 1899 source samples
cpu
Finished Training
cpu
Finished Training
cpu
Finished Training
cpu
Finished Training
cpu
Finished Training
cpu
Finished Training
cpu
Finished Training
cpu
Finished Training
cpu
Finished Training
cpu
Finished Training
cpu
Finished Training
cpu
Finished Training
cpu
Finished Training
cpu
Finished Training
cpu
Finished Training
cpu
Finished Training
cpu
Finished Training
cpu
Finished Training
cpu
Finished Training
cpu
Finished Training
cpu
Finished Training
cpu
Finished Training
  seed 3: pretrain on scenario32straight (1899 samples), zero-shot eval on scenario3 (298 held-out test samples)
cpu
-----------------------------------------------------------------------
      Layer (type)        Output Shape         Param #     Tr. Param #
=======================================================================
          Linear-1           [32, 256]           1,280           1,280
            ReLU-2           [32, 256]               0               0
          Linear-3           [32, 256]          65,792          65,792
          Linear-4           [32, 256]          65,792          65,792
          Linear-5            [32, 16]           4,112           4,112
=======================================================================
Total params: 136,976
Trainable params: 136,976
Non-trainable params: 0
-----------------------------------------------------------------------
val_loss=12.8983
accuracy
[0.02348993 0.04026846 0.05369128 0.10738255]
val_loss=10.0918
accuracy
[0.02348993 0.04026846 0.10402685 0.15100671]
val_loss=12.0840
accuracy
[0.01677852 0.04026846 0.05033557 0.15436242]
val_loss=17.3209
accuracy
[0.01677852 0.04026846 0.05033557 0.08724832]
val_loss=20.7491
accuracy
[0.01677852 0.04026846 0.05033557 0.15100671]
val_loss=20.7570
accuracy
[0.01677852 0.04026846 0.05033557 0.22147651]
val_loss=25.0326
accuracy
[0.02013423 0.04026846 0.05033557 0.22147651]
val_loss=31.1864
accuracy
[0.01677852 0.04026846 0.05033557 0.16442953]
val_loss=31.7902
accuracy
[0.01677852 0.04026846 0.05033557 0.22147651]
val_loss=35.7638
accuracy
[0.01677852 0.04026846 0.05033557 0.16107383]
val_loss=38.1437
accuracy
[0.01677852 0.04026846 0.05033557 0.16107383]
val_loss=37.9868
accuracy
[0.02013423 0.04026846 0.05033557 0.22147651]
val_loss=42.4369
accuracy
[0.01677852 0.04026846 0.05033557 0.22147651]
val_loss=47.2978
accuracy
[0.01677852 0.04026846 0.05033557 0.22147651]
val_loss=50.8721
accuracy
[0.01677852 0.02684564 0.05033557 0.16107383]
val_loss=55.6171
accuracy
[0.01677852 0.02684564 0.05033557 0.16107383]
val_loss=53.3907
accuracy
[0.01677852 0.02684564 0.05033557 0.16107383]
val_loss=55.7717
accuracy
[0.01677852 0.02684564 0.04362416 0.16107383]
val_loss=61.5871
accuracy
[0.01677852 0.02684564 0.05033557 0.16107383]
val_loss=62.2402
accuracy
[0.01677852 0.03355705 0.04362416 0.16107383]
val_loss=64.8121
accuracy
[0.01677852 0.02684564 0.04362416 0.16107383]
val_loss=66.4832
accuracy
[0.01677852 0.02684564 0.04362416 0.16107383]
val_loss=68.2463
accuracy
[0.01677852 0.02684564 0.04362416 0.16107383]
val_loss=69.8798
accuracy
[0.01677852 0.03355705 0.04362416 0.16107383]
val_loss=72.1878
accuracy
[0.01677852 0.03355705 0.04362416 0.16107383]
val_loss=73.3880
accuracy
[0.01677852 0.03355705 0.04362416 0.16107383]
val_loss=74.0498
accuracy
[0.01677852 0.03355705 0.04362416 0.16107383]
val_loss=75.6499
accuracy
[0.01677852 0.03355705 0.04362416 0.16107383]
val_loss=76.1840
accuracy
[0.01677852 0.03355705 0.04362416 0.16107383]
val_loss=77.8687
accuracy
[0.01677852 0.03355705 0.04362416 0.16107383]
val_loss=78.7768
accuracy
[0.01677852 0.03355705 0.04362416 0.16107383]
val_loss=79.9476
accuracy
[0.01677852 0.03355705 0.04362416 0.16107383]
val_loss=79.9897
accuracy
[0.01677852 0.03355705 0.04362416 0.16107383]
val_loss=80.8206
accuracy
[0.01677852 0.03355705 0.04362416 0.16107383]
val_loss=82.4374
accuracy
[0.01677852 0.02348993 0.04362416 0.16107383]
val_loss=83.1418
accuracy
[0.01677852 0.03355705 0.04362416 0.16107383]
val_loss=84.8682
accuracy
[0.01677852 0.02684564 0.04362416 0.16107383]
val_loss=85.0275
accuracy
[0.01677852 0.03355705 0.04362416 0.16107383]
val_loss=85.5022
accuracy
[0.01677852 0.03355705 0.04362416 0.16107383]
val_loss=87.1403
accuracy
[0.01677852 0.03355705 0.04362416 0.18120805]
val_loss=86.6553
accuracy
[0.01677852 0.03355705 0.04362416 0.16778523]
val_loss=87.2775
accuracy
[0.01677852 0.03355705 0.04362416 0.18120805]
val_loss=87.3877
accuracy
[0.01677852 0.03355705 0.04362416 0.18120805]
val_loss=87.5887
accuracy
[0.01677852 0.03355705 0.04362416 0.18120805]
val_loss=87.9593
accuracy
[0.01677852 0.03355705 0.04362416 0.18120805]
val_loss=88.1384
accuracy
[0.01677852 0.03355705 0.04362416 0.18120805]
val_loss=88.3862
accuracy
[0.01677852 0.03355705 0.04362416 0.18120805]
val_loss=88.6806
accuracy
[0.01677852 0.03355705 0.04362416 0.18120805]
val_loss=88.8615
accuracy
[0.01677852 0.03355705 0.04362416 0.18120805]
val_loss=89.1311
accuracy
[0.01677852 0.03355705 0.04362416 0.18120805]
val_loss=89.0090
accuracy
[0.01677852 0.03355705 0.04362416 0.18120805]
val_loss=89.4823
accuracy
[0.01677852 0.03355705 0.04362416 0.18120805]
val_loss=89.5349
accuracy
[0.01677852 0.03355705 0.04362416 0.18120805]
val_loss=89.3201
accuracy
[0.01677852 0.03355705 0.04362416 0.18120805]
val_loss=90.3384
accuracy
[0.01677852 0.03355705 0.04362416 0.18120805]
val_loss=90.2582
accuracy
[0.01677852 0.03355705 0.04362416 0.18120805]
val_loss=90.5808
accuracy
[0.01677852 0.03355705 0.04362416 0.18120805]
val_loss=91.0112
accuracy
[0.01677852 0.03355705 0.04362416 0.18120805]
val_loss=91.1494
accuracy
[0.01677852 0.03355705 0.04362416 0.18120805]
val_loss=91.1490
accuracy
[0.01677852 0.03355705 0.04362416 0.18120805]
val_loss=91.2440
accuracy
[0.01677852 0.03355705 0.04362416 0.18120805]
val_loss=91.3515
accuracy
[0.01677852 0.03355705 0.04362416 0.18120805]
val_loss=91.4325
accuracy
[0.01677852 0.03355705 0.04362416 0.18120805]
val_loss=91.5041
accuracy
[0.01677852 0.03355705 0.04362416 0.18120805]
val_loss=91.5536
accuracy
[0.01677852 0.03355705 0.04362416 0.18120805]
val_loss=91.5177
accuracy
[0.01677852 0.03355705 0.04362416 0.18120805]
val_loss=91.6710
accuracy
[0.01677852 0.03355705 0.04362416 0.18120805]
val_loss=91.6929
accuracy
[0.01677852 0.03355705 0.04362416 0.18120805]
val_loss=91.7998
accuracy
[0.01677852 0.03355705 0.04362416 0.18120805]
val_loss=91.8222
accuracy
[0.01677852 0.03355705 0.04362416 0.18120805]
val_loss=91.9033
accuracy
[0.01677852 0.03355705 0.04362416 0.18120805]
val_loss=91.9627
accuracy
[0.01677852 0.03355705 0.04362416 0.18120805]
val_loss=91.9587
accuracy
[0.01677852 0.03355705 0.04362416 0.18120805]
val_loss=92.0357
accuracy
[0.01677852 0.03355705 0.04362416 0.18120805]
val_loss=92.0426
accuracy
[0.01677852 0.03355705 0.04362416 0.18120805]
val_loss=92.1477
accuracy
[0.01677852 0.03355705 0.04362416 0.18120805]
val_loss=92.2169
accuracy
[0.01677852 0.03355705 0.04362416 0.18120805]
val_loss=92.2440
accuracy
[0.01677852 0.03355705 0.04362416 0.18120805]
val_loss=92.3495
accuracy
[0.01677852 0.03355705 0.04362416 0.18120805]
val_loss=92.3380
accuracy
[0.01677852 0.03355705 0.04362416 0.18120805]
Finished Training
    rehearsal replay buffer: 500 of 1899 source samples
cpu
Finished Training
cpu
Finished Training
cpu
Finished Training
cpu
Finished Training
cpu
Finished Training
cpu
Finished Training
cpu
Finished Training
cpu
Finished Training
cpu
Finished Training
cpu
Finished Training
cpu
Finished Training
cpu
Finished Training
cpu
Finished Training
cpu
Finished Training
cpu
Finished Training
cpu
Finished Training
cpu
Finished Training
cpu
Finished Training
cpu
Finished Training
cpu
Finished Training
cpu
Finished Training
cpu
Finished Training
  seed 4: pretrain on scenario32straight (1899 samples), zero-shot eval on scenario3 (298 held-out test samples)
cpu
-----------------------------------------------------------------------
      Layer (type)        Output Shape         Param #     Tr. Param #
=======================================================================
          Linear-1           [32, 256]           1,280           1,280
            ReLU-2           [32, 256]               0               0
          Linear-3           [32, 256]          65,792          65,792
          Linear-4           [32, 256]          65,792          65,792
          Linear-5            [32, 16]           4,112           4,112
=======================================================================
Total params: 136,976
Trainable params: 136,976
Non-trainable params: 0
-----------------------------------------------------------------------
val_loss=13.7271
accuracy
[0.02348993 0.04697987 0.05369128 0.0738255 ]
val_loss=13.3367
accuracy
[0.01006711 0.02013423 0.04026846 0.05704698]
val_loss=14.2876
accuracy
[0.01006711 0.02013423 0.04026846 0.10402685]
val_loss=15.2293
accuracy
[0.01006711 0.02013423 0.02684564 0.17785235]
val_loss=19.5287
accuracy
[0.01006711 0.02013423 0.04026846 0.11073826]
val_loss=18.4432
accuracy
[0.01006711 0.02013423 0.04026846 0.19463087]
val_loss=25.2101
accuracy
[0.01006711 0.02013423 0.04026846 0.19463087]
val_loss=23.6362
accuracy
[0.01006711 0.02684564 0.03355705 0.23489933]
val_loss=26.0369
accuracy
[0.01006711 0.02013423 0.04026846 0.23489933]
val_loss=29.5186
accuracy
[0.01006711 0.02013423 0.04026846 0.23825503]
val_loss=25.5620
accuracy
[0.01006711 0.03355705 0.05369128 0.24161074]
val_loss=30.8234
accuracy
[0.01006711 0.03355705 0.05033557 0.23825503]
val_loss=31.2052
accuracy
[0.01006711 0.03355705 0.05369128 0.16107383]
val_loss=32.0279
accuracy
[0.01006711 0.02348993 0.03020134 0.16107383]
val_loss=37.1480
accuracy
[0.01006711 0.03020134 0.05369128 0.16107383]
val_loss=40.6368
accuracy
[0.01006711 0.03020134 0.05369128 0.16442953]
val_loss=40.8060
accuracy
[0.01006711 0.03691275 0.05369128 0.16442953]
val_loss=40.4751
accuracy
[0.01006711 0.03020134 0.05369128 0.16442953]
val_loss=42.6606
accuracy
[0.01006711 0.03020134 0.05369128 0.16442953]
val_loss=43.8904
accuracy
[0.01006711 0.03020134 0.05369128 0.16107383]
val_loss=44.6310
accuracy
[0.01006711 0.03355705 0.05369128 0.16107383]
val_loss=46.2203
accuracy
[0.01006711 0.04026846 0.05369128 0.15771812]
val_loss=47.5804
accuracy
[0.01006711 0.03355705 0.05369128 0.14765101]
val_loss=47.2723
accuracy
[0.01006711 0.02684564 0.05369128 0.14765101]
val_loss=48.2358
accuracy
[0.01006711 0.04026846 0.05369128 0.14765101]
val_loss=49.4637
accuracy
[0.01006711 0.03355705 0.05369128 0.14765101]
val_loss=50.8551
accuracy
[0.01006711 0.03020134 0.05369128 0.14765101]
val_loss=50.7725
accuracy
[0.01006711 0.03355705 0.05369128 0.14765101]
val_loss=52.7106
accuracy
[0.01006711 0.03355705 0.05369128 0.14765101]
val_loss=51.9770
accuracy
[0.01006711 0.03355705 0.05369128 0.14765101]
val_loss=53.6321
accuracy
[0.01006711 0.03355705 0.05369128 0.14765101]
val_loss=53.8156
accuracy
[0.01006711 0.03355705 0.05369128 0.14765101]
val_loss=54.5789
accuracy
[0.01006711 0.04362416 0.05369128 0.14765101]
val_loss=55.2179
accuracy
[0.01006711 0.03355705 0.05369128 0.14765101]
val_loss=55.1782
accuracy
[0.01006711 0.03355705 0.05369128 0.14765101]
val_loss=56.8173
accuracy
[0.01006711 0.03020134 0.05369128 0.14765101]
val_loss=56.1271
accuracy
[0.01006711 0.02348993 0.05369128 0.14765101]
val_loss=56.7883
accuracy
[0.01006711 0.03355705 0.05369128 0.14765101]
val_loss=56.4584
accuracy
[0.01006711 0.03020134 0.05369128 0.14765101]
val_loss=57.3861
accuracy
[0.01006711 0.02348993 0.05369128 0.14765101]
val_loss=57.3053
accuracy
[0.01006711 0.02348993 0.05369128 0.14765101]
val_loss=57.7054
accuracy
[0.01006711 0.03020134 0.05369128 0.14765101]
val_loss=57.5740
accuracy
[0.01006711 0.02348993 0.05369128 0.14765101]
val_loss=58.1001
accuracy
[0.01006711 0.02684564 0.05369128 0.14765101]
val_loss=57.9570
accuracy
[0.01006711 0.03020134 0.05369128 0.14765101]
val_loss=58.1400
accuracy
[0.01006711 0.02348993 0.05369128 0.14765101]
val_loss=58.1580
accuracy
[0.01006711 0.02348993 0.05369128 0.14765101]
val_loss=58.2566
accuracy
[0.01006711 0.02348993 0.05369128 0.14765101]
val_loss=58.6312
accuracy
[0.01006711 0.02348993 0.05369128 0.14765101]
val_loss=58.6725
accuracy
[0.01006711 0.02348993 0.05369128 0.14765101]
val_loss=58.9598
accuracy
[0.01006711 0.02348993 0.05369128 0.14765101]
val_loss=59.3349
accuracy
[0.01006711 0.02348993 0.05369128 0.14765101]
val_loss=59.1598
accuracy
[0.01006711 0.02684564 0.05369128 0.14765101]
val_loss=59.3361
accuracy
[0.01006711 0.02348993 0.05369128 0.14765101]
val_loss=59.2656
accuracy
[0.01006711 0.03020134 0.05369128 0.14765101]
val_loss=59.5166
accuracy
[0.01006711 0.02348993 0.05369128 0.14765101]
val_loss=59.7599
accuracy
[0.01006711 0.02684564 0.05369128 0.14765101]
val_loss=59.7384
accuracy
[0.01006711 0.02348993 0.05369128 0.14765101]
val_loss=59.7090
accuracy
[0.01006711 0.02348993 0.05369128 0.14765101]
val_loss=60.1455
accuracy
[0.01006711 0.02348993 0.05369128 0.14765101]
val_loss=60.1226
accuracy
[0.01006711 0.02348993 0.05369128 0.14765101]
val_loss=60.1194
accuracy
[0.01006711 0.02348993 0.05369128 0.14765101]
val_loss=60.1648
accuracy
[0.01006711 0.02348993 0.05369128 0.14765101]
val_loss=60.1791
accuracy
[0.01006711 0.02348993 0.05369128 0.14765101]
val_loss=60.2201
accuracy
[0.01006711 0.02348993 0.05369128 0.14765101]
val_loss=60.2631
accuracy
[0.01006711 0.02348993 0.05369128 0.14765101]
val_loss=60.3172
accuracy
[0.01006711 0.02348993 0.05369128 0.14765101]
val_loss=60.3080
accuracy
[0.01006711 0.02348993 0.05369128 0.14765101]
val_loss=60.3640
accuracy
[0.01006711 0.02348993 0.05369128 0.14765101]
val_loss=60.3840
accuracy
[0.01006711 0.02348993 0.05369128 0.14765101]
val_loss=60.4463
accuracy
[0.01006711 0.02348993 0.05369128 0.14765101]
val_loss=60.4723
accuracy
[0.01006711 0.02348993 0.05369128 0.14765101]
val_loss=60.4216
accuracy
[0.01006711 0.02348993 0.05369128 0.14765101]
val_loss=60.5408
accuracy
[0.01006711 0.02348993 0.05369128 0.14765101]
val_loss=60.5411
accuracy
[0.01006711 0.02348993 0.05369128 0.14765101]
val_loss=60.5932
accuracy
[0.01006711 0.02348993 0.05369128 0.14765101]
val_loss=60.7150
accuracy
[0.01006711 0.02348993 0.05369128 0.14765101]
val_loss=60.6508
accuracy
[0.01006711 0.02348993 0.05369128 0.14765101]
val_loss=60.7287
accuracy
[0.01006711 0.02348993 0.05369128 0.14765101]
val_loss=60.7560
accuracy
[0.01006711 0.02348993 0.05369128 0.14765101]
Finished Training
    rehearsal replay buffer: 500 of 1899 source samples
cpu
Finished Training
cpu
Finished Training
cpu
Finished Training
cpu
Finished Training
cpu
Finished Training
cpu
Finished Training
cpu
Finished Training
cpu
Finished Training
cpu
Finished Training
cpu
Finished Training
cpu
Finished Training
cpu
Finished Training
cpu
Finished Training
cpu
Finished Training
cpu
Finished Training
cpu
Finished Training
cpu
Finished Training
cpu
Finished Training
cpu
Finished Training
cpu
Finished Training
cpu
Finished Training
cpu
Finished Training
  seed 5: pretrain on scenario32straight (1899 samples), zero-shot eval on scenario3 (298 held-out test samples)
cpu
-----------------------------------------------------------------------
      Layer (type)        Output Shape         Param #     Tr. Param #
=======================================================================
          Linear-1           [32, 256]           1,280           1,280
            ReLU-2           [32, 256]               0               0
          Linear-3           [32, 256]          65,792          65,792
          Linear-4           [32, 256]          65,792          65,792
          Linear-5            [32, 16]           4,112           4,112
=======================================================================
Total params: 136,976
Trainable params: 136,976
Non-trainable params: 0
-----------------------------------------------------------------------
val_loss=12.8012
accuracy
[0.02348993 0.05369128 0.06711409 0.12751678]
val_loss=14.2344
accuracy
[0.01677852 0.04362416 0.0738255  0.13422819]
val_loss=12.6498
accuracy
[0.01677852 0.04362416 0.05369128 0.15100671]
val_loss=18.3282
accuracy
[0.02684564 0.04362416 0.05369128 0.24161074]
val_loss=17.1496
accuracy
[0.02684564 0.04362416 0.05369128 0.1442953 ]
val_loss=21.9796
accuracy
[0.02684564 0.03691275 0.06040268 0.22818792]
val_loss=25.3679
accuracy
[0.02684564 0.03691275 0.05369128 0.22147651]
val_loss=31.0600
accuracy
[0.02684564 0.03691275 0.06040268 0.24161074]
val_loss=32.0394
accuracy
[0.02684564 0.03691275 0.06040268 0.24496644]
val_loss=36.1762
accuracy
[0.02684564 0.03691275 0.06040268 0.23154362]
val_loss=35.1151
accuracy
[0.02684564 0.03691275 0.06040268 0.22818792]
val_loss=35.3640
accuracy
[0.02684564 0.04362416 0.05369128 0.24496644]
val_loss=38.1403
accuracy
[0.02684564 0.03020134 0.05369128 0.24832215]
val_loss=39.9250
accuracy
[0.02684564 0.03691275 0.06040268 0.19463087]
val_loss=41.7683
accuracy
[0.02684564 0.03691275 0.06040268 0.22818792]
val_loss=46.1716
accuracy
[0.02684564 0.03691275 0.06040268 0.19463087]
val_loss=45.9054
accuracy
[0.02684564 0.03691275 0.10067114 0.19463087]
val_loss=49.9706
accuracy
[0.02684564 0.03691275 0.06040268 0.19463087]
val_loss=51.5425
accuracy
[0.02684564 0.03691275 0.06040268 0.18791946]
val_loss=53.3240
accuracy
[0.02684564 0.03691275 0.06040268 0.18791946]
val_loss=51.8216
accuracy
[0.02684564 0.03691275 0.06040268 0.18791946]
val_loss=52.9439
accuracy
[0.02684564 0.06040268 0.06040268 0.18791946]
val_loss=54.1627
accuracy
[0.02684564 0.05033557 0.06040268 0.18791946]
val_loss=54.8849
accuracy
[0.02684564 0.05033557 0.06040268 0.18791946]
val_loss=55.6239
accuracy
[0.02684564 0.04026846 0.06040268 0.18791946]
val_loss=56.8849
accuracy
[0.02684564 0.05033557 0.06040268 0.18791946]
val_loss=57.9612
accuracy
[0.02684564 0.05033557 0.06040268 0.18791946]
val_loss=58.9417
accuracy
[0.02684564 0.03691275 0.06040268 0.18791946]
val_loss=58.8318
accuracy
[0.02684564 0.03691275 0.06040268 0.18791946]
val_loss=60.3493
accuracy
[0.02684564 0.05033557 0.06040268 0.18791946]
val_loss=59.6696
accuracy
[0.02684564 0.03691275 0.06040268 0.18791946]
val_loss=60.5713
accuracy
[0.02684564 0.03691275 0.06040268 0.18791946]
val_loss=62.4979
accuracy
[0.02684564 0.03691275 0.06040268 0.18791946]
val_loss=61.9961
accuracy
[0.02684564 0.03691275 0.06040268 0.18791946]
val_loss=63.3837
accuracy
[0.02684564 0.03691275 0.06040268 0.18791946]
val_loss=64.4885
accuracy
[0.02684564 0.03691275 0.06040268 0.18791946]
val_loss=64.4687
accuracy
[0.02684564 0.03691275 0.06040268 0.18791946]
val_loss=64.8920
accuracy
[0.02684564 0.03691275 0.06040268 0.18791946]
val_loss=65.2693
accuracy
[0.02684564 0.03691275 0.06040268 0.18791946]
val_loss=66.5796
accuracy
[0.02684564 0.03691275 0.06040268 0.18791946]
val_loss=66.1188
accuracy
[0.02684564 0.03691275 0.06040268 0.18791946]
val_loss=66.0841
accuracy
[0.02684564 0.03691275 0.06040268 0.18791946]
val_loss=66.2085
accuracy
[0.02684564 0.03691275 0.06040268 0.18791946]
val_loss=66.3258
accuracy
[0.02684564 0.03691275 0.06040268 0.18791946]
val_loss=66.6523
accuracy
[0.02684564 0.03691275 0.06040268 0.18791946]
val_loss=66.7971
accuracy
[0.02684564 0.03691275 0.06040268 0.18791946]
val_loss=67.1277
accuracy
[0.02684564 0.03691275 0.06040268 0.18791946]
val_loss=67.1318
accuracy
[0.02684564 0.03691275 0.06040268 0.18791946]
val_loss=67.3646
accuracy
[0.02684564 0.03691275 0.06040268 0.18791946]
val_loss=67.5462
accuracy
[0.02684564 0.03691275 0.06040268 0.18791946]
val_loss=67.7226
accuracy
[0.02684564 0.03691275 0.06040268 0.18791946]
val_loss=67.7222
accuracy
[0.02684564 0.03691275 0.06040268 0.18791946]
val_loss=67.9882
accuracy
[0.02684564 0.03691275 0.06040268 0.18791946]
val_loss=68.1958
accuracy
[0.02684564 0.03691275 0.06040268 0.18791946]
val_loss=68.5486
accuracy
[0.02684564 0.03691275 0.06040268 0.18791946]
val_loss=68.7493
accuracy
[0.02684564 0.03691275 0.06040268 0.18791946]
val_loss=68.8436
accuracy
[0.02684564 0.03691275 0.06040268 0.18791946]
val_loss=69.0677
accuracy
[0.02684564 0.03691275 0.06040268 0.18791946]
val_loss=69.1233
accuracy
[0.02684564 0.03691275 0.06040268 0.18791946]
val_loss=69.4875
accuracy
[0.02684564 0.03691275 0.06040268 0.18791946]
val_loss=69.4693
accuracy
[0.02684564 0.03691275 0.06040268 0.18791946]
val_loss=69.5531
accuracy
[0.02684564 0.03691275 0.06040268 0.18791946]
val_loss=69.5443
accuracy
[0.02684564 0.03691275 0.06040268 0.18791946]
val_loss=69.6001
accuracy
[0.02684564 0.03691275 0.06040268 0.18791946]
val_loss=69.6387
accuracy
[0.02684564 0.03691275 0.06040268 0.18791946]
val_loss=69.6643
accuracy
[0.02684564 0.03691275 0.06040268 0.18791946]
val_loss=69.6642
accuracy
[0.02684564 0.03691275 0.06040268 0.18791946]
val_loss=69.7215
accuracy
[0.02684564 0.03691275 0.06040268 0.18791946]
val_loss=69.7921
accuracy
[0.02684564 0.03691275 0.06040268 0.18791946]
val_loss=69.7844
accuracy
[0.02684564 0.03691275 0.06040268 0.18791946]
val_loss=69.8524
accuracy
[0.02684564 0.03691275 0.06040268 0.18791946]
val_loss=69.8843
accuracy
[0.02684564 0.03691275 0.06040268 0.18791946]
val_loss=69.9653
accuracy
[0.02684564 0.03691275 0.06040268 0.18791946]
val_loss=69.9824
accuracy
[0.02684564 0.03691275 0.06040268 0.18791946]
val_loss=69.9845
accuracy
[0.02684564 0.03691275 0.06040268 0.18791946]
val_loss=70.0328
accuracy
[0.02684564 0.03691275 0.06040268 0.18791946]
val_loss=70.0984
accuracy
[0.02684564 0.03691275 0.06040268 0.18791946]
val_loss=70.1258
accuracy
[0.02684564 0.03691275 0.06040268 0.18791946]
val_loss=70.1891
accuracy
[0.02684564 0.03691275 0.06040268 0.18791946]
val_loss=70.2447
accuracy
[0.02684564 0.03691275 0.06040268 0.18791946]
Finished Training
    rehearsal replay buffer: 500 of 1899 source samples
cpu
Finished Training
cpu
Finished Training
cpu
Finished Training
cpu
Finished Training
cpu
Finished Training
cpu
Finished Training
cpu
Finished Training
cpu
Finished Training
cpu
Finished Training
cpu
Finished Training
cpu
Finished Training
cpu
Finished Training
cpu
Finished Training
cpu
Finished Training
cpu
Finished Training
cpu
Finished Training
cpu
Finished Training
cpu
Finished Training
cpu
Finished Training
cpu
Finished Training
cpu
Finished Training
cpu
Finished Training
  seed 6: pretrain on scenario32straight (1899 samples), zero-shot eval on scenario3 (298 held-out test samples)
cpu
-----------------------------------------------------------------------
      Layer (type)        Output Shape         Param #     Tr. Param #
=======================================================================
          Linear-1           [32, 256]           1,280           1,280
            ReLU-2           [32, 256]               0               0
          Linear-3           [32, 256]          65,792          65,792
          Linear-4           [32, 256]          65,792          65,792
          Linear-5            [32, 16]           4,112           4,112
=======================================================================
Total params: 136,976
Trainable params: 136,976
Non-trainable params: 0
-----------------------------------------------------------------------
val_loss=11.4850
accuracy
[0.02348993 0.05033557 0.06711409 0.10738255]
val_loss=13.2013
accuracy
[0.01677852 0.03691275 0.05369128 0.10067114]
val_loss=12.9463
accuracy
[0.01677852 0.03020134 0.13758389 0.25503356]
val_loss=16.2651
accuracy
[0.01342282 0.03020134 0.04026846 0.24496644]
val_loss=21.4058
accuracy
[0.01342282 0.02348993 0.04026846 0.15771812]
val_loss=24.7151
accuracy
[0.01342282 0.03020134 0.04026846 0.15771812]
val_loss=25.3876
accuracy
[0.01342282 0.03020134 0.04026846 0.19463087]
val_loss=25.5760
accuracy
[0.01342282 0.03020134 0.04026846 0.19463087]
val_loss=36.7803
accuracy
[0.01342282 0.03020134 0.04026846 0.19463087]
val_loss=40.0756
accuracy
[0.01342282 0.02348993 0.04026846 0.19463087]
val_loss=41.7347
accuracy
[0.01342282 0.02348993 0.04026846 0.17114094]
val_loss=45.2098
accuracy
[0.01342282 0.02348993 0.04026846 0.19463087]
val_loss=48.4662
accuracy
[0.01342282 0.02348993 0.04026846 0.20469799]
val_loss=50.4833
accuracy
[0.01342282 0.02348993 0.04026846 0.20469799]
val_loss=47.4860
accuracy
[0.01342282 0.02348993 0.06711409 0.1442953 ]
val_loss=52.0979
accuracy
[0.01342282 0.02348993 0.06711409 0.1442953 ]
val_loss=53.3047
accuracy
[0.01342282 0.02348993 0.06040268 0.17449664]
val_loss=53.2783
accuracy
[0.01342282 0.02348993 0.06711409 0.17449664]
val_loss=54.9438
accuracy
[0.01342282 0.02348993 0.06711409 0.17449664]
val_loss=58.4561
accuracy
[0.01342282 0.02348993 0.06040268 0.18120805]
val_loss=58.3946
accuracy
[0.01342282 0.02348993 0.06711409 0.16442953]
val_loss=59.0538
accuracy
[0.01342282 0.02348993 0.06711409 0.16442953]
val_loss=60.9181
accuracy
[0.01342282 0.02348993 0.06711409 0.16442953]
val_loss=61.3998
accuracy
[0.01342282 0.02348993 0.06711409 0.16442953]
val_loss=62.1821
accuracy
[0.01342282 0.02348993 0.06711409 0.16442953]
val_loss=62.3939
accuracy
[0.01342282 0.02348993 0.06711409 0.16442953]
val_loss=64.7905
accuracy
[0.01342282 0.02348993 0.06711409 0.16442953]
val_loss=66.7075
accuracy
[0.01342282 0.02348993 0.06711409 0.16442953]
val_loss=66.5766
accuracy
[0.01342282 0.02348993 0.06711409 0.16442953]
val_loss=65.9233
accuracy
[0.01342282 0.02348993 0.06711409 0.16442953]
val_loss=68.8636
accuracy
[0.01342282 0.02348993 0.06711409 0.16442953]
val_loss=68.1881
accuracy
[0.01342282 0.02348993 0.06711409 0.16442953]
val_loss=69.6454
accuracy
[0.01342282 0.02348993 0.06711409 0.16442953]
val_loss=69.5602
accuracy
[0.01342282 0.02348993 0.06711409 0.16442953]
val_loss=70.8170
accuracy
[0.01342282 0.02348993 0.06711409 0.16442953]
val_loss=70.9040
accuracy
[0.01342282 0.02348993 0.06711409 0.16442953]
val_loss=71.6783
accuracy
[0.01342282 0.02348993 0.06711409 0.16442953]
val_loss=72.2511
accuracy
[0.01342282 0.02348993 0.06711409 0.16442953]
val_loss=72.9944
accuracy
[0.01342282 0.02348993 0.06711409 0.16442953]
val_loss=73.1871
accuracy
[0.01342282 0.02348993 0.06711409 0.16442953]
val_loss=73.1473
accuracy
[0.01342282 0.02348993 0.06711409 0.16442953]
val_loss=73.1055
accuracy
[0.01342282 0.02348993 0.06711409 0.16442953]
val_loss=73.6676
accuracy
[0.01342282 0.02348993 0.06711409 0.16442953]
val_loss=73.8852
accuracy
[0.01342282 0.02348993 0.06711409 0.16442953]
val_loss=73.9496
accuracy
[0.01342282 0.02348993 0.06711409 0.16442953]
val_loss=74.3655
accuracy
[0.01342282 0.02348993 0.06711409 0.16442953]
val_loss=74.3004
accuracy
[0.01342282 0.02348993 0.06711409 0.16442953]
val_loss=74.7121
accuracy
[0.01342282 0.02348993 0.06711409 0.16442953]
val_loss=74.8176
accuracy
[0.01342282 0.02348993 0.06711409 0.16442953]
val_loss=75.2875
accuracy
[0.01342282 0.02348993 0.06711409 0.16442953]
val_loss=74.9895
accuracy
[0.01342282 0.02348993 0.06711409 0.16442953]
val_loss=74.9059
accuracy
[0.01342282 0.02348993 0.06711409 0.16442953]
val_loss=75.5089
accuracy
[0.01342282 0.02348993 0.06711409 0.16442953]
val_loss=75.3288
accuracy
[0.01342282 0.02348993 0.06711409 0.16107383]
val_loss=75.7191
accuracy
[0.01342282 0.02348993 0.06711409 0.16107383]
val_loss=75.8964
accuracy
[0.01342282 0.02348993 0.06711409 0.16107383]
val_loss=76.2956
accuracy
[0.01342282 0.02348993 0.06711409 0.16107383]
val_loss=76.2278
accuracy
[0.01342282 0.02348993 0.06711409 0.16107383]
val_loss=76.5064
accuracy
[0.01342282 0.02348993 0.06711409 0.16107383]
val_loss=76.2037
accuracy
[0.01342282 0.02348993 0.06711409 0.16778523]
val_loss=76.4482
accuracy
[0.01342282 0.02348993 0.06711409 0.16442953]
val_loss=76.4573
accuracy
[0.01342282 0.02348993 0.06711409 0.16778523]
val_loss=76.6322
accuracy
[0.01342282 0.02348993 0.06711409 0.17449664]
val_loss=76.6435
accuracy
[0.01342282 0.02348993 0.06711409 0.17449664]
val_loss=76.6969
accuracy
[0.01342282 0.02348993 0.06711409 0.17449664]
val_loss=76.7996
accuracy
[0.01342282 0.02348993 0.06711409 0.17449664]
val_loss=76.8290
accuracy
[0.01342282 0.02348993 0.06711409 0.17114094]
val_loss=76.9460
accuracy
[0.01342282 0.02348993 0.06711409 0.17114094]
val_loss=76.9186
accuracy
[0.01342282 0.02348993 0.06711409 0.17449664]
val_loss=76.9954
accuracy
[0.01342282 0.02348993 0.06711409 0.17114094]
val_loss=77.0327
accuracy
[0.01342282 0.02348993 0.06711409 0.17114094]
val_loss=77.0916
accuracy
[0.01342282 0.02348993 0.06711409 0.17114094]
val_loss=77.1263
accuracy
[0.01342282 0.02348993 0.06711409 0.17114094]
val_loss=77.1209
accuracy
[0.01342282 0.02348993 0.06711409 0.17114094]
val_loss=77.2091
accuracy
[0.01342282 0.02348993 0.06711409 0.17114094]
val_loss=77.2219
accuracy
[0.01342282 0.02348993 0.06711409 0.17114094]
val_loss=77.3147
accuracy
[0.01342282 0.02348993 0.06711409 0.17114094]
val_loss=77.4242
accuracy
[0.01342282 0.02348993 0.06711409 0.16778523]
val_loss=77.3137
accuracy
[0.01342282 0.02348993 0.06711409 0.17114094]
val_loss=77.4460
accuracy
[0.01342282 0.02348993 0.06711409 0.17114094]
Finished Training
    rehearsal replay buffer: 500 of 1899 source samples
cpu
Finished Training
cpu
Finished Training
cpu
Finished Training
cpu
Finished Training
cpu
Finished Training
cpu
Finished Training
cpu
Finished Training
cpu
Finished Training
cpu
Finished Training
cpu
Finished Training
cpu
Finished Training
cpu
Finished Training
cpu
Finished Training
cpu
Finished Training
cpu
Finished Training
cpu
Finished Training
cpu
Finished Training
cpu
Finished Training
cpu
Finished Training
cpu
Finished Training
cpu
Finished Training
cpu
Finished Training
  seed 7: pretrain on scenario32straight (1899 samples), zero-shot eval on scenario3 (298 held-out test samples)
cpu
-----------------------------------------------------------------------
      Layer (type)        Output Shape         Param #     Tr. Param #
=======================================================================
          Linear-1           [32, 256]           1,280           1,280
            ReLU-2           [32, 256]               0               0
          Linear-3           [32, 256]          65,792          65,792
          Linear-4           [32, 256]          65,792          65,792
          Linear-5            [32, 16]           4,112           4,112
=======================================================================
Total params: 136,976
Trainable params: 136,976
Non-trainable params: 0
-----------------------------------------------------------------------
val_loss=10.1160
accuracy
[0.02348993 0.05369128 0.06711409 0.11073826]
val_loss=14.3074
accuracy
[0.02013423 0.03020134 0.05704698 0.10067114]
val_loss=13.8026
accuracy
[0.01677852 0.03355705 0.04697987 0.18791946]
val_loss=17.0475
accuracy
[0.01342282 0.03355705 0.05704698 0.09731544]
val_loss=21.5876
accuracy
[0.01342282 0.03355705 0.04697987 0.15771812]
val_loss=25.0147
accuracy
[0.01342282 0.03691275 0.04697987 0.11073826]
val_loss=28.6559
accuracy
[0.01342282 0.02684564 0.04697987 0.11073826]
val_loss=32.9882
accuracy
[0.01342282 0.03691275 0.04697987 0.11073826]
val_loss=34.4645
accuracy
[0.01342282 0.03020134 0.04697987 0.10738255]
val_loss=35.5300
accuracy
[0.01342282 0.03355705 0.06040268 0.09395973]
val_loss=39.2826
accuracy
[0.01342282 0.03691275 0.06375839 0.09395973]
val_loss=37.8492
accuracy
[0.01342282 0.02348993 0.05704698 0.09731544]
val_loss=42.0507
accuracy
[0.01342282 0.04026846 0.05704698 0.09395973]
val_loss=43.7401
accuracy
[0.01342282 0.04362416 0.05704698 0.09395973]
val_loss=44.7505
accuracy
[0.01342282 0.02684564 0.05704698 0.09395973]
val_loss=46.5729
accuracy
[0.01342282 0.04362416 0.05704698 0.09395973]
val_loss=46.6661
accuracy
[0.01342282 0.02684564 0.04697987 0.09731544]
val_loss=48.8857
accuracy
[0.01342282 0.04362416 0.05704698 0.13758389]
val_loss=51.6963
accuracy
[0.01342282 0.02684564 0.05704698 0.13758389]
val_loss=51.7022
accuracy
[0.01342282 0.02684564 0.05704698 0.13758389]
val_loss=54.7841
accuracy
[0.01342282 0.02684564 0.05704698 0.13758389]
val_loss=55.5181
accuracy
[0.01342282 0.02684564 0.05704698 0.13758389]
val_loss=56.1453
accuracy
[0.01342282 0.02684564 0.05704698 0.13758389]
val_loss=58.6393
accuracy
[0.01342282 0.02684564 0.05704698 0.13758389]
val_loss=58.5863
accuracy
[0.01342282 0.02684564 0.05369128 0.13758389]
val_loss=59.6587
accuracy
[0.01342282 0.02684564 0.05704698 0.13758389]
val_loss=59.7531
accuracy
[0.01342282 0.02684564 0.05704698 0.13758389]
val_loss=60.1284
accuracy
[0.01342282 0.02684564 0.05704698 0.13758389]
val_loss=61.0998
accuracy
[0.01342282 0.02684564 0.05704698 0.13758389]
val_loss=62.0912
accuracy
[0.01342282 0.02684564 0.05704698 0.13758389]
val_loss=62.7026
accuracy
[0.01342282 0.02684564 0.05704698 0.13758389]
val_loss=63.4040
accuracy
[0.01342282 0.02684564 0.05704698 0.13758389]
val_loss=64.3060
accuracy
[0.01342282 0.02684564 0.05704698 0.13758389]
val_loss=65.1275
accuracy
[0.01342282 0.02684564 0.05704698 0.13758389]
val_loss=65.0543
accuracy
[0.01342282 0.02684564 0.05704698 0.13758389]
val_loss=65.0983
accuracy
[0.01342282 0.02684564 0.05704698 0.13758389]
val_loss=66.9152
accuracy
[0.01342282 0.02684564 0.05704698 0.13758389]
val_loss=66.1947
accuracy
[0.01342282 0.02684564 0.05704698 0.13758389]
val_loss=66.0054
accuracy
[0.01342282 0.02684564 0.05704698 0.13758389]
val_loss=67.4064
accuracy
[0.01342282 0.02684564 0.05704698 0.13758389]
val_loss=67.7430
accuracy
[0.01342282 0.02684564 0.05704698 0.13758389]
val_loss=67.6461
accuracy
[0.01342282 0.02684564 0.05704698 0.13758389]
val_loss=67.8322
accuracy
[0.01342282 0.02684564 0.05704698 0.13758389]
val_loss=67.8580
accuracy
[0.01342282 0.02684564 0.05704698 0.13758389]
val_loss=68.2037
accuracy
[0.01342282 0.02684564 0.05704698 0.13758389]
val_loss=68.3717
accuracy
[0.01342282 0.02684564 0.05704698 0.13758389]
val_loss=68.3385
accuracy
[0.01342282 0.02684564 0.05704698 0.13758389]
val_loss=68.8366
accuracy
[0.01342282 0.02684564 0.05704698 0.13758389]
val_loss=68.7670
accuracy
[0.01342282 0.02684564 0.05704698 0.13758389]
val_loss=69.0334
accuracy
[0.01342282 0.02684564 0.05704698 0.15100671]
val_loss=69.0127
accuracy
[0.01342282 0.02684564 0.05704698 0.13758389]
val_loss=69.5390
accuracy
[0.01342282 0.02684564 0.05704698 0.13758389]
val_loss=69.4436
accuracy
[0.01342282 0.02684564 0.05704698 0.15100671]
val_loss=69.7908
accuracy
[0.01342282 0.02684564 0.05704698 0.15100671]
val_loss=69.6326
accuracy
[0.01342282 0.02684564 0.05704698 0.15100671]
val_loss=70.0824
accuracy
[0.01342282 0.02684564 0.05704698 0.15100671]
val_loss=70.1849
accuracy
[0.01342282 0.02684564 0.05704698 0.15100671]
val_loss=70.5142
accuracy
[0.01342282 0.02684564 0.05704698 0.15100671]
val_loss=70.2220
accuracy
[0.01342282 0.02684564 0.05704698 0.15100671]
val_loss=70.5741
accuracy
[0.01342282 0.02684564 0.05704698 0.15100671]
val_loss=70.5909
accuracy
[0.01342282 0.02684564 0.05704698 0.15100671]
val_loss=70.6494
accuracy
[0.01342282 0.02684564 0.05704698 0.15100671]
val_loss=70.7231
accuracy
[0.01342282 0.02684564 0.05704698 0.15100671]
val_loss=70.7449
accuracy
[0.01342282 0.02684564 0.05704698 0.15100671]
val_loss=70.7805
accuracy
[0.01342282 0.02684564 0.05704698 0.15100671]
val_loss=70.7891
accuracy
[0.01342282 0.02684564 0.05704698 0.15100671]
val_loss=70.8713
accuracy
[0.01342282 0.02684564 0.05704698 0.15100671]
val_loss=70.8855
accuracy
[0.01342282 0.02684564 0.05704698 0.15100671]
val_loss=70.8966
accuracy
[0.01342282 0.02684564 0.05704698 0.15100671]
val_loss=70.9586
accuracy
[0.01342282 0.02684564 0.05704698 0.15100671]
val_loss=70.9900
accuracy
[0.01342282 0.02684564 0.05704698 0.15100671]
val_loss=71.0346
accuracy
[0.01342282 0.02684564 0.05704698 0.15100671]
val_loss=71.1061
accuracy
[0.01342282 0.02684564 0.05704698 0.15100671]
val_loss=71.1392
accuracy
[0.01342282 0.02684564 0.05704698 0.15100671]
val_loss=71.1571
accuracy
[0.01342282 0.02684564 0.05704698 0.15100671]
val_loss=71.2591
accuracy
[0.01342282 0.02684564 0.05704698 0.15100671]
val_loss=71.2758
accuracy
[0.01342282 0.02684564 0.05704698 0.15100671]
val_loss=71.3101
accuracy
[0.01342282 0.02684564 0.05704698 0.15100671]
val_loss=71.4061
accuracy
[0.01342282 0.02684564 0.05704698 0.15100671]
val_loss=71.4268
accuracy
[0.01342282 0.02684564 0.05704698 0.15100671]
Finished Training
    rehearsal replay buffer: 500 of 1899 source samples
cpu
Finished Training
cpu
Finished Training
cpu
Finished Training
cpu
Finished Training
cpu
Finished Training
cpu
Finished Training
cpu
Finished Training
cpu
Finished Training
cpu
Finished Training
cpu
Finished Training
cpu
Finished Training
cpu
Finished Training
cpu
Finished Training
cpu
Finished Training
cpu
Finished Training
cpu
Finished Training
cpu
Finished Training
cpu
Finished Training
cpu
Finished Training
cpu
Finished Training
cpu
Finished Training
cpu
Finished Training
  seed 8: pretrain on scenario32straight (1899 samples), zero-shot eval on scenario3 (298 held-out test samples)
cpu
-----------------------------------------------------------------------
      Layer (type)        Output Shape         Param #     Tr. Param #
=======================================================================
          Linear-1           [32, 256]           1,280           1,280
            ReLU-2           [32, 256]               0               0
          Linear-3           [32, 256]          65,792          65,792
          Linear-4           [32, 256]          65,792          65,792
          Linear-5            [32, 16]           4,112           4,112
=======================================================================
Total params: 136,976
Trainable params: 136,976
Non-trainable params: 0
-----------------------------------------------------------------------
val_loss=12.7335
accuracy
[0.03020134 0.05369128 0.0738255  0.10738255]
val_loss=13.2829
accuracy
[0.03020134 0.05704698 0.08053691 0.11073826]
val_loss=13.1956
accuracy
[0.02348993 0.04362416 0.07718121 0.25838926]
val_loss=14.2023
accuracy
[0.02348993 0.04697987 0.06711409 0.12080537]
val_loss=19.3719
accuracy
[0.02348993 0.04697987 0.06711409 0.27852349]
val_loss=21.5511
accuracy
[0.02348993 0.04697987 0.06711409 0.19798658]
val_loss=23.4611
accuracy
[0.02348993 0.04697987 0.06711409 0.19798658]
val_loss=25.2871
accuracy
[0.02348993 0.04697987 0.06711409 0.21812081]
val_loss=30.4556
accuracy
[0.02348993 0.04362416 0.06711409 0.23825503]
val_loss=26.9420
accuracy
[0.02348993 0.04697987 0.06711409 0.23825503]
val_loss=28.0231
accuracy
[0.02348993 0.04697987 0.06711409 0.23489933]
val_loss=35.9837
accuracy
[0.02348993 0.04697987 0.06711409 0.2885906 ]
val_loss=32.4280
accuracy
[0.02348993 0.04697987 0.06711409 0.23825503]
val_loss=30.8319
accuracy
[0.02348993 0.04697987 0.06711409 0.23825503]
val_loss=32.2039
accuracy
[0.02348993 0.04697987 0.06711409 0.22483221]
val_loss=38.7127
accuracy
[0.02348993 0.04362416 0.06711409 0.17114094]
val_loss=35.4602
accuracy
[0.02348993 0.04697987 0.06711409 0.17114094]
val_loss=42.1123
accuracy
[0.02348993 0.04362416 0.06711409 0.22818792]
val_loss=38.1001
accuracy
[0.02348993 0.04362416 0.06711409 0.17785235]
val_loss=41.2945
accuracy
[0.02348993 0.04697987 0.06711409 0.16778523]
val_loss=43.0016
accuracy
[0.02348993 0.04362416 0.06711409 0.18120805]
val_loss=43.8108
accuracy
[0.02348993 0.04362416 0.06711409 0.18120805]
val_loss=45.0065
accuracy
[0.02348993 0.04362416 0.06711409 0.17785235]
val_loss=45.3756
accuracy
[0.02348993 0.04362416 0.06711409 0.18120805]
val_loss=46.3387
accuracy
[0.02348993 0.04362416 0.06711409 0.17785235]
val_loss=47.7371
accuracy
[0.02348993 0.04362416 0.06711409 0.17785235]
val_loss=48.1193
accuracy
[0.02348993 0.04362416 0.06375839 0.18120805]
val_loss=48.5801
accuracy
[0.02348993 0.04362416 0.06711409 0.17785235]
val_loss=49.7447
accuracy
[0.02348993 0.04362416 0.06375839 0.17449664]
val_loss=50.1896
accuracy
[0.02348993 0.04362416 0.06375839 0.17785235]
val_loss=50.8046
accuracy
[0.02348993 0.04362416 0.0704698  0.17114094]
val_loss=51.8802
accuracy
[0.02348993 0.04362416 0.06040268 0.18120805]
val_loss=52.4997
accuracy
[0.02348993 0.04362416 0.06040268 0.17114094]
val_loss=52.7978
accuracy
[0.02348993 0.04362416 0.06040268 0.17114094]
val_loss=53.2144
accuracy
[0.02348993 0.04362416 0.06040268 0.16778523]
val_loss=52.5774
accuracy
[0.02348993 0.04362416 0.06040268 0.17114094]
val_loss=53.2877
accuracy
[0.02348993 0.04362416 0.06040268 0.17114094]
val_loss=53.5944
accuracy
[0.02348993 0.04362416 0.06040268 0.17114094]
val_loss=54.2343
accuracy
[0.02348993 0.04362416 0.06040268 0.17114094]
val_loss=53.8326
accuracy
[0.02348993 0.04362416 0.06040268 0.17114094]
val_loss=54.0946
accuracy
[0.02348993 0.04362416 0.06040268 0.17114094]
val_loss=54.2675
accuracy
[0.02348993 0.04362416 0.06040268 0.17114094]
val_loss=54.4739
accuracy
[0.02348993 0.04362416 0.06040268 0.17114094]
val_loss=54.7459
accuracy
[0.02348993 0.04362416 0.06040268 0.17114094]
val_loss=54.8845
accuracy
[0.02348993 0.04362416 0.06040268 0.17114094]
val_loss=54.8564
accuracy
[0.02348993 0.04362416 0.06375839 0.17114094]
val_loss=55.3809
accuracy
[0.02348993 0.04362416 0.06375839 0.17114094]
val_loss=55.4126
accuracy
[0.02348993 0.04362416 0.06040268 0.17114094]
val_loss=55.4372
accuracy
[0.02348993 0.04362416 0.06040268 0.17114094]
val_loss=55.6080
accuracy
[0.02348993 0.04362416 0.06375839 0.17114094]
val_loss=55.7762
accuracy
[0.02348993 0.04362416 0.06375839 0.17114094]
val_loss=56.0617
accuracy
[0.02348993 0.04362416 0.06375839 0.17114094]
val_loss=56.3118
accuracy
[0.02348993 0.04362416 0.06040268 0.17114094]
val_loss=55.9999
accuracy
[0.02348993 0.04362416 0.06375839 0.17114094]
val_loss=56.2838
accuracy
[0.02348993 0.04362416 0.06375839 0.17114094]
val_loss=56.5503
accuracy
[0.02348993 0.04362416 0.06040268 0.17114094]
val_loss=56.4067
accuracy
[0.02348993 0.04362416 0.06375839 0.17114094]
val_loss=56.8406
accuracy
[0.02348993 0.04362416 0.06040268 0.17114094]
val_loss=56.5574
accuracy
[0.02348993 0.04362416 0.06375839 0.17114094]
val_loss=56.8096
accuracy
[0.02348993 0.04362416 0.06040268 0.17114094]
val_loss=56.8302
accuracy
[0.02348993 0.04362416 0.06040268 0.17114094]
val_loss=56.8410
accuracy
[0.02348993 0.04362416 0.06040268 0.17114094]
val_loss=56.9674
accuracy
[0.02348993 0.04362416 0.06040268 0.17114094]
val_loss=56.9568
accuracy
[0.02348993 0.04362416 0.06040268 0.17114094]
val_loss=56.9888
accuracy
[0.02348993 0.04362416 0.06040268 0.17114094]
val_loss=57.0523
accuracy
[0.02348993 0.04362416 0.06040268 0.17114094]
val_loss=57.0382
accuracy
[0.02348993 0.04362416 0.06040268 0.17114094]
val_loss=56.9872
accuracy
[0.02348993 0.04362416 0.06040268 0.17114094]
val_loss=57.0820
accuracy
[0.02348993 0.04362416 0.06040268 0.17114094]
val_loss=57.1561
accuracy
[0.02348993 0.04362416 0.06040268 0.17114094]
val_loss=57.1805
accuracy
[0.02348993 0.04362416 0.06040268 0.17114094]
val_loss=57.2376
accuracy
[0.02348993 0.04362416 0.06040268 0.17114094]
val_loss=57.2645
accuracy
[0.02348993 0.04362416 0.06040268 0.17114094]
val_loss=57.2991
accuracy
[0.02348993 0.04362416 0.06040268 0.17114094]
val_loss=57.2971
accuracy
[0.02348993 0.04362416 0.06040268 0.17114094]
val_loss=57.4158
accuracy
[0.02348993 0.04362416 0.06040268 0.17114094]
val_loss=57.3945
accuracy
[0.02348993 0.04362416 0.06040268 0.17114094]
val_loss=57.4399
accuracy
[0.02348993 0.04362416 0.06040268 0.17114094]
val_loss=57.4647
accuracy
[0.02348993 0.04362416 0.06040268 0.17114094]
val_loss=57.4867
accuracy
[0.02348993 0.04362416 0.06040268 0.17114094]
Finished Training
    rehearsal replay buffer: 500 of 1899 source samples
cpu
Finished Training
cpu
Finished Training
cpu
Finished Training
cpu
Finished Training
cpu
Finished Training
cpu
Finished Training
cpu
Finished Training
cpu
Finished Training
cpu
Finished Training
cpu
Finished Training
cpu
Finished Training
cpu
Finished Training
cpu
Finished Training
cpu
Finished Training
cpu
Finished Training
cpu
Finished Training
cpu
Finished Training
cpu
Finished Training
cpu
Finished Training
cpu
Finished Training
cpu
Finished Training
cpu
Finished Training
  seed 9: pretrain on scenario32straight (1899 samples), zero-shot eval on scenario3 (298 held-out test samples)
cpu
-----------------------------------------------------------------------
      Layer (type)        Output Shape         Param #     Tr. Param #
=======================================================================
          Linear-1           [32, 256]           1,280           1,280
            ReLU-2           [32, 256]               0               0
          Linear-3           [32, 256]          65,792          65,792
          Linear-4           [32, 256]          65,792          65,792
          Linear-5            [32, 16]           4,112           4,112
=======================================================================
Total params: 136,976
Trainable params: 136,976
Non-trainable params: 0
-----------------------------------------------------------------------
val_loss=16.3086
accuracy
[0.02348993 0.05704698 0.06375839 0.09731544]
val_loss=14.6237
accuracy
[0.01677852 0.04362416 0.05704698 0.10738255]
val_loss=16.4843
accuracy
[0.02348993 0.04026846 0.05369128 0.09395973]
val_loss=18.1057
accuracy
[0.02013423 0.03355705 0.04026846 0.12416107]
val_loss=20.7389
accuracy
[0.01006711 0.03355705 0.04026846 0.19127517]
val_loss=23.5423
accuracy
[0.01006711 0.03355705 0.04026846 0.19798658]
val_loss=23.9188
accuracy
[0.01006711 0.03355705 0.04026846 0.20134228]
val_loss=23.7948
accuracy
[0.01006711 0.03355705 0.04026846 0.19798658]
val_loss=25.2726
accuracy
[0.01006711 0.03355705 0.04026846 0.13087248]
val_loss=30.5755
accuracy
[0.01006711 0.03355705 0.04026846 0.15100671]
val_loss=27.9347
accuracy
[0.01006711 0.01677852 0.04026846 0.16442953]
val_loss=27.9687
accuracy
[0.01006711 0.03355705 0.04026846 0.15436242]
val_loss=32.6686
accuracy
[0.01006711 0.01677852 0.04026846 0.16442953]
val_loss=34.4256
accuracy
[0.01006711 0.01677852 0.04026846 0.16442953]
val_loss=34.9720
accuracy
[0.01006711 0.01677852 0.04026846 0.16442953]
val_loss=36.9106
accuracy
[0.01006711 0.01677852 0.04026846 0.16442953]
val_loss=35.4947
accuracy
[0.01006711 0.01677852 0.04026846 0.16442953]
val_loss=36.4756
accuracy
[0.01006711 0.01677852 0.04026846 0.16442953]
val_loss=40.0238
accuracy
[0.01006711 0.01677852 0.04026846 0.16442953]
val_loss=38.0915
accuracy
[0.01006711 0.01677852 0.05033557 0.19463087]
val_loss=40.5859
accuracy
[0.01006711 0.01677852 0.05033557 0.16442953]
val_loss=42.3647
accuracy
[0.01006711 0.01677852 0.05033557 0.16442953]
val_loss=44.4645
accuracy
[0.01006711 0.01677852 0.05033557 0.16442953]
val_loss=45.5446
accuracy
[0.01006711 0.01677852 0.05033557 0.16442953]
val_loss=47.3174
accuracy
[0.01006711 0.01677852 0.05033557 0.16442953]
val_loss=47.9446
accuracy
[0.01006711 0.02013423 0.05033557 0.16442953]
val_loss=50.1075
accuracy
[0.01006711 0.04362416 0.05033557 0.16442953]
val_loss=50.0361
accuracy
[0.01006711 0.01677852 0.05033557 0.16442953]
val_loss=51.2614
accuracy
[0.01006711 0.04362416 0.05033557 0.16442953]
val_loss=52.4481
accuracy
[0.01006711 0.04362416 0.05033557 0.16442953]
val_loss=54.1839
accuracy
[0.01006711 0.01677852 0.05033557 0.16442953]
val_loss=54.5460
accuracy
[0.01006711 0.01677852 0.05033557 0.16442953]
val_loss=56.3955
accuracy
[0.01006711 0.01677852 0.05033557 0.16442953]
val_loss=56.7786
accuracy
[0.01006711 0.04362416 0.05033557 0.16442953]
val_loss=56.1614
accuracy
[0.01006711 0.04362416 0.05033557 0.16442953]
val_loss=57.6395
accuracy
[0.01006711 0.02013423 0.05033557 0.16442953]
val_loss=58.7524
accuracy
[0.01006711 0.01677852 0.05033557 0.16442953]
val_loss=59.5107
accuracy
[0.01006711 0.04362416 0.05033557 0.16442953]
val_loss=59.5824
accuracy
[0.01006711 0.04026846 0.05033557 0.16442953]
val_loss=60.6202
accuracy
[0.01006711 0.02013423 0.05033557 0.16442953]
val_loss=60.4178
accuracy
[0.01006711 0.01677852 0.05033557 0.16442953]
val_loss=60.7108
accuracy
[0.01006711 0.02013423 0.05033557 0.16442953]
val_loss=60.9274
accuracy
[0.01006711 0.02348993 0.05033557 0.16442953]
val_loss=61.4925
accuracy
[0.01006711 0.02013423 0.05033557 0.16442953]
val_loss=61.6625
accuracy
[0.01006711 0.03020134 0.05033557 0.16442953]
val_loss=62.2028
accuracy
[0.01006711 0.02348993 0.05033557 0.16442953]
val_loss=62.2349
accuracy
[0.01006711 0.04362416 0.05033557 0.16442953]
val_loss=62.2734
accuracy
[0.01006711 0.03020134 0.05033557 0.16442953]
val_loss=62.6454
accuracy
[0.01006711 0.04362416 0.05033557 0.16442953]
val_loss=62.8384
accuracy
[0.01006711 0.03691275 0.05033557 0.16442953]
val_loss=63.0354
accuracy
[0.01006711 0.04362416 0.05033557 0.16442953]
val_loss=63.2554
accuracy
[0.01006711 0.03020134 0.05033557 0.16442953]
val_loss=63.4296
accuracy
[0.01006711 0.04362416 0.05033557 0.16442953]
val_loss=63.9609
accuracy
[0.01006711 0.04362416 0.05033557 0.16442953]
val_loss=64.1622
accuracy
[0.01006711 0.04362416 0.05033557 0.16442953]
val_loss=64.5366
accuracy
[0.01006711 0.03020134 0.05033557 0.16442953]
val_loss=64.6179
accuracy
[0.01006711 0.04362416 0.05033557 0.16442953]
val_loss=65.1039
accuracy
[0.01006711 0.04362416 0.05033557 0.16442953]
val_loss=64.9898
accuracy
[0.01006711 0.04362416 0.05033557 0.16442953]
val_loss=65.4427
accuracy
[0.01006711 0.04362416 0.05033557 0.16442953]
val_loss=65.4577
accuracy
[0.01006711 0.04362416 0.05033557 0.16442953]
val_loss=65.5201
accuracy
[0.01006711 0.04362416 0.05033557 0.16442953]
val_loss=65.5119
accuracy
[0.01006711 0.04362416 0.05033557 0.16442953]
val_loss=65.5328
accuracy
[0.01006711 0.04362416 0.05033557 0.16442953]
val_loss=65.5649
accuracy
[0.01006711 0.04362416 0.05033557 0.16442953]
val_loss=65.6157
accuracy
[0.01006711 0.04362416 0.05033557 0.16442953]
val_loss=65.6551
accuracy
[0.01006711 0.04362416 0.05033557 0.16107383]
val_loss=65.7596
accuracy
[0.01006711 0.04362416 0.05033557 0.16442953]
val_loss=65.8203
accuracy
[0.01006711 0.04362416 0.05033557 0.16107383]
val_loss=65.8693
accuracy
[0.01006711 0.04362416 0.05033557 0.16107383]
val_loss=65.8613
accuracy
[0.01006711 0.04362416 0.05033557 0.16442953]
val_loss=65.9317
accuracy
[0.01006711 0.04362416 0.05033557 0.16107383]
val_loss=66.0055
accuracy
[0.01006711 0.04362416 0.05033557 0.15771812]
val_loss=66.0038
accuracy
[0.01006711 0.04362416 0.05033557 0.15771812]
val_loss=66.1507
accuracy
[0.01006711 0.04362416 0.05033557 0.15771812]
val_loss=66.1606
accuracy
[0.01006711 0.04362416 0.05033557 0.15771812]
val_loss=66.2820
accuracy
[0.01006711 0.04362416 0.05033557 0.15771812]
val_loss=66.2873
accuracy
[0.01006711 0.04362416 0.05033557 0.15771812]
val_loss=66.2937
accuracy
[0.01006711 0.04362416 0.05033557 0.15771812]
val_loss=66.4198
accuracy
[0.01006711 0.04362416 0.05033557 0.15771812]
Finished Training
    rehearsal replay buffer: 500 of 1899 source samples
cpu
Finished Training
cpu
Finished Training
cpu
Finished Training
cpu
Finished Training
cpu
Finished Training
cpu
Finished Training
cpu
Finished Training
cpu
Finished Training
cpu
Finished Training
cpu
Finished Training
cpu
Finished Training
cpu
Finished Training
cpu
Finished Training
cpu
Finished Training
cpu
Finished Training
cpu
Finished Training
cpu
Finished Training
cpu
Finished Training
cpu
Finished Training
cpu
Finished Training
cpu
Finished Training
cpu
Finished Training
Saved result\stage1_s32straight_to_s3_rehearsal_acc.mat and result\stage1_s32straight_to_s3_rehearsal_pwr.mat (10/10 seeds completed)

======================================================================
Rehearsal comparison: scenario32straight -> scenario7  (s32straight_to_s7)
======================================================================
  seed 0: pretrain on scenario32straight (1899 samples), zero-shot eval on scenario7 (171 held-out test samples)
cpu
-----------------------------------------------------------------------
      Layer (type)        Output Shape         Param #     Tr. Param #
=======================================================================
          Linear-1           [32, 256]           1,280           1,280
            ReLU-2           [32, 256]               0               0
          Linear-3           [32, 256]          65,792          65,792
          Linear-4           [32, 256]          65,792          65,792
          Linear-5            [32, 16]           4,112           4,112
=======================================================================
Total params: 136,976
Trainable params: 136,976
Non-trainable params: 0
-----------------------------------------------------------------------
val_loss=12.7598
accuracy
[0.00584795 0.01754386 0.04093567 0.10526316]
val_loss=17.3675
accuracy
[0.01169591 0.01754386 0.04093567 0.10526316]
val_loss=32.2449
accuracy
[0.01169591 0.01754386 0.04093567 0.13450292]
val_loss=32.9380
accuracy
[0.00584795 0.01754386 0.04093567 0.11111111]
val_loss=41.9264
accuracy
[0.00584795 0.01754386 0.04093567 0.15789474]
val_loss=44.2337
accuracy
[0.00584795 0.01754386 0.04093567 0.12865497]
val_loss=49.7234
accuracy
[0.00584795 0.01754386 0.04093567 0.1754386 ]
val_loss=53.7429
accuracy
[0.00584795 0.01754386 0.04093567 0.1754386 ]
val_loss=56.5386
accuracy
[0.00584795 0.01754386 0.04093567 0.1754386 ]
val_loss=50.6310
accuracy
[0.00584795 0.01754386 0.04093567 0.1754386 ]
val_loss=52.8841
accuracy
[0.00584795 0.01754386 0.04093567 0.19883041]
val_loss=57.4296
accuracy
[0.00584795 0.01754386 0.04093567 0.19883041]
val_loss=53.6755
accuracy
[0.00584795 0.01754386 0.04093567 0.19883041]
val_loss=59.2168
accuracy
[0.00584795 0.01754386 0.04093567 0.19883041]
val_loss=54.2100
accuracy
[0.00584795 0.01754386 0.04093567 0.19883041]
val_loss=64.8581
accuracy
[0.00584795 0.01754386 0.0877193  0.19883041]
val_loss=58.7803
accuracy
[0.00584795 0.01754386 0.0877193  0.26900585]
val_loss=56.1879
accuracy
[0.00584795 0.01754386 0.0877193  0.26900585]
val_loss=68.1818
accuracy
[0.00584795 0.01754386 0.08187135 0.26900585]
val_loss=68.5252
accuracy
[0.00584795 0.01754386 0.0877193  0.26900585]
val_loss=74.0830
accuracy
[0.00584795 0.01754386 0.0877193  0.26900585]
val_loss=75.4953
accuracy
[0.00584795 0.01754386 0.0877193  0.26900585]
val_loss=77.8144
accuracy
[0.00584795 0.01754386 0.0877193  0.26900585]
val_loss=81.2325
accuracy
[0.00584795 0.01754386 0.0877193  0.26900585]
val_loss=80.8751
accuracy
[0.00584795 0.01754386 0.0877193  0.26900585]
val_loss=82.7803
accuracy
[0.00584795 0.01754386 0.0877193  0.26900585]
val_loss=85.0513
accuracy
[0.00584795 0.01754386 0.0877193  0.26900585]
val_loss=84.9486
accuracy
[0.00584795 0.01754386 0.0877193  0.26900585]
val_loss=87.2663
accuracy
[0.00584795 0.01754386 0.0877193  0.26900585]
val_loss=87.2789
accuracy
[0.00584795 0.01754386 0.0877193  0.26900585]
val_loss=90.2979
accuracy
[0.00584795 0.01754386 0.0877193  0.26900585]
val_loss=90.9367
accuracy
[0.00584795 0.01754386 0.0877193  0.26900585]
val_loss=92.3189
accuracy
[0.00584795 0.01754386 0.0877193  0.26900585]
val_loss=93.0103
accuracy
[0.00584795 0.01754386 0.0877193  0.26900585]
val_loss=94.0291
accuracy
[0.00584795 0.01754386 0.0877193  0.26900585]
val_loss=94.7591
accuracy
[0.00584795 0.01754386 0.0877193  0.26900585]
val_loss=96.4127
accuracy
[0.00584795 0.01754386 0.0877193  0.26900585]
val_loss=97.9682
accuracy
[0.00584795 0.01754386 0.0877193  0.26900585]
val_loss=97.6483
accuracy
[0.00584795 0.01754386 0.0877193  0.26900585]
val_loss=98.4179
accuracy
[0.00584795 0.01754386 0.0877193  0.26900585]
val_loss=99.5219
accuracy
[0.00584795 0.01754386 0.0877193  0.26900585]
val_loss=99.4876
accuracy
[0.00584795 0.01754386 0.0877193  0.26900585]
val_loss=99.6494
accuracy
[0.00584795 0.01754386 0.0877193  0.26900585]
val_loss=99.7113
accuracy
[0.00584795 0.01754386 0.0877193  0.26900585]
val_loss=100.5777
accuracy
[0.00584795 0.01754386 0.0877193  0.26900585]
val_loss=100.5588
accuracy
[0.00584795 0.01754386 0.0877193  0.26900585]
val_loss=101.1280
accuracy
[0.00584795 0.01754386 0.0877193  0.26900585]
val_loss=100.9571
accuracy
[0.00584795 0.01754386 0.0877193  0.26900585]
val_loss=101.4692
accuracy
[0.00584795 0.01754386 0.0877193  0.26900585]
val_loss=102.0102
accuracy
[0.00584795 0.01754386 0.0877193  0.26900585]
val_loss=101.4333
accuracy
[0.00584795 0.01754386 0.0877193  0.26900585]
val_loss=102.0832
accuracy
[0.00584795 0.01754386 0.0877193  0.26900585]
val_loss=102.5291
accuracy
[0.00584795 0.01754386 0.0877193  0.26900585]
val_loss=102.2992
accuracy
[0.00584795 0.01754386 0.0877193  0.26900585]
val_loss=103.0343
accuracy
[0.00584795 0.01754386 0.0877193  0.26900585]
val_loss=102.6294
accuracy
[0.00584795 0.01754386 0.0877193  0.26900585]
val_loss=104.0853
accuracy
[0.00584795 0.01754386 0.0877193  0.26900585]
val_loss=103.4737
accuracy
[0.00584795 0.01754386 0.0877193  0.26900585]
val_loss=103.6785
accuracy
[0.00584795 0.01754386 0.0877193  0.26900585]
val_loss=104.2815
accuracy
[0.00584795 0.01754386 0.0877193  0.26900585]
val_loss=104.1353
accuracy
[0.00584795 0.01754386 0.0877193  0.26900585]
val_loss=104.1469
accuracy
[0.00584795 0.01754386 0.0877193  0.26900585]
val_loss=104.0754
accuracy
[0.00584795 0.01754386 0.0877193  0.26900585]
val_loss=104.2426
accuracy
[0.00584795 0.01754386 0.0877193  0.26900585]
val_loss=104.2799
accuracy
[0.00584795 0.01754386 0.0877193  0.26900585]
val_loss=104.2557
accuracy
[0.00584795 0.01754386 0.0877193  0.26900585]
val_loss=104.3455
accuracy
[0.00584795 0.01754386 0.0877193  0.26900585]
val_loss=104.4405
accuracy
[0.00584795 0.01754386 0.0877193  0.26900585]
val_loss=104.4512
accuracy
[0.00584795 0.01754386 0.0877193  0.26900585]
val_loss=104.4249
accuracy
[0.00584795 0.01754386 0.0877193  0.26900585]
val_loss=104.5951
accuracy
[0.00584795 0.01754386 0.0877193  0.26900585]
val_loss=104.6749
accuracy
[0.00584795 0.01754386 0.0877193  0.26900585]
val_loss=104.6658
accuracy
[0.00584795 0.01754386 0.0877193  0.26900585]
val_loss=104.8348
accuracy
[0.00584795 0.01754386 0.0877193  0.26900585]
val_loss=104.9210
accuracy
[0.00584795 0.01754386 0.0877193  0.26900585]
val_loss=104.8417
accuracy
[0.00584795 0.01754386 0.0877193  0.26900585]
val_loss=104.9812
accuracy
[0.00584795 0.01754386 0.0877193  0.26900585]
val_loss=104.9339
accuracy
[0.00584795 0.01754386 0.0877193  0.26900585]
val_loss=105.1109
accuracy
[0.00584795 0.01754386 0.0877193  0.26900585]
val_loss=105.1883
accuracy
[0.00584795 0.01754386 0.0877193  0.26900585]
Finished Training
    rehearsal replay buffer: 500 of 1899 source samples
cpu
Finished Training
cpu
Finished Training
cpu
Finished Training
cpu
Finished Training
cpu
Finished Training
cpu
Finished Training
cpu
Finished Training
cpu
Finished Training
cpu
Finished Training
cpu
Finished Training
cpu
Finished Training
cpu
Finished Training
cpu
Finished Training
cpu
Finished Training
cpu
Finished Training
cpu
Finished Training
cpu
Finished Training
cpu
Finished Training
cpu
Finished Training
cpu
Finished Training
cpu
Finished Training
cpu
Finished Training
  seed 1: pretrain on scenario32straight (1899 samples), zero-shot eval on scenario7 (171 held-out test samples)
cpu
-----------------------------------------------------------------------
      Layer (type)        Output Shape         Param #     Tr. Param #
=======================================================================
          Linear-1           [32, 256]           1,280           1,280
            ReLU-2           [32, 256]               0               0
          Linear-3           [32, 256]          65,792          65,792
          Linear-4           [32, 256]          65,792          65,792
          Linear-5            [32, 16]           4,112           4,112
=======================================================================
Total params: 136,976
Trainable params: 136,976
Non-trainable params: 0
-----------------------------------------------------------------------
val_loss=13.9101
accuracy
[0.01169591 0.02923977 0.05263158 0.07602339]
val_loss=20.2774
accuracy
[0.01169591 0.02923977 0.05263158 0.07602339]
val_loss=19.9866
accuracy
[0.         0.01169591 0.05263158 0.0994152 ]
val_loss=23.1525
accuracy
[0.01169591 0.01169591 0.05263158 0.12280702]
val_loss=22.7423
accuracy
[0.01754386 0.01754386 0.02923977 0.0994152 ]
val_loss=32.3913
accuracy
[0.         0.01169591 0.02923977 0.07602339]
val_loss=36.9490
accuracy
[0.01169591 0.01169591 0.02923977 0.07602339]
val_loss=37.8864
accuracy
[0.01169591 0.02923977 0.02923977 0.07602339]
val_loss=46.2014
accuracy
[0.01169591 0.01169591 0.02923977 0.07602339]
val_loss=45.8716
accuracy
[0.         0.01169591 0.02923977 0.07602339]
val_loss=58.3028
accuracy
[0.01169591 0.01169591 0.02923977 0.07602339]
val_loss=67.7063
accuracy
[0.01169591 0.01169591 0.02923977 0.07602339]
val_loss=68.2672
accuracy
[0.01169591 0.01169591 0.02923977 0.07602339]
val_loss=85.3236
accuracy
[0.01169591 0.01169591 0.02923977 0.07602339]
val_loss=84.8427
accuracy
[0.01169591 0.01169591 0.02923977 0.07602339]
val_loss=79.6144
accuracy
[0.01169591 0.01169591 0.02923977 0.07602339]
val_loss=76.4527
accuracy
[0.         0.01169591 0.02923977 0.07602339]
val_loss=88.0168
accuracy
[0.         0.01169591 0.02923977 0.07602339]
val_loss=93.7329
accuracy
[0.         0.01169591 0.02923977 0.07602339]
val_loss=94.2006
accuracy
[0.         0.01169591 0.02923977 0.07602339]
val_loss=98.7882
accuracy
[0.         0.01169591 0.02923977 0.10526316]
val_loss=102.3938
accuracy
[0.         0.01169591 0.02923977 0.10526316]
val_loss=106.0926
accuracy
[0.         0.01169591 0.02923977 0.10526316]
val_loss=110.0579
accuracy
[0.         0.01169591 0.02923977 0.10526316]
val_loss=112.8111
accuracy
[0.         0.01169591 0.02923977 0.10526316]
val_loss=117.2415
accuracy
[0.         0.01169591 0.02923977 0.10526316]
val_loss=119.1497
accuracy
[0.         0.01169591 0.02923977 0.10526316]
val_loss=120.7790
accuracy
[0.         0.01169591 0.02923977 0.10526316]
val_loss=124.8071
accuracy
[0.         0.01169591 0.02923977 0.10526316]
val_loss=126.8646
accuracy
[0.         0.01169591 0.02923977 0.10526316]
val_loss=128.2511
accuracy
[0.         0.01169591 0.02923977 0.10526316]
val_loss=130.5249
accuracy
[0.         0.01169591 0.02923977 0.10526316]
val_loss=133.6826
accuracy
[0.         0.01169591 0.02923977 0.10526316]
val_loss=134.9597
accuracy
[0.         0.01169591 0.02923977 0.10526316]
val_loss=136.3242
accuracy
[0.         0.01169591 0.02923977 0.10526316]
val_loss=141.0849
accuracy
[0.         0.01169591 0.02923977 0.10526316]
val_loss=137.0734
accuracy
[0.         0.01169591 0.02923977 0.10526316]
val_loss=139.2914
accuracy
[0.         0.01169591 0.02923977 0.10526316]
val_loss=140.8851
accuracy
[0.         0.01169591 0.02923977 0.10526316]
val_loss=142.1772
accuracy
[0.         0.01169591 0.02923977 0.10526316]
val_loss=143.1834
accuracy
[0.         0.01169591 0.02923977 0.10526316]
val_loss=143.5003
accuracy
[0.         0.01169591 0.02923977 0.10526316]
val_loss=144.1842
accuracy
[0.         0.01169591 0.02923977 0.10526316]
val_loss=144.4476
accuracy
[0.         0.01169591 0.02923977 0.10526316]
val_loss=145.3717
accuracy
[0.         0.01169591 0.02923977 0.10526316]
val_loss=145.3465
accuracy
[0.         0.01169591 0.02923977 0.10526316]
val_loss=146.3187
accuracy
[0.         0.01169591 0.02923977 0.10526316]
val_loss=146.4417
accuracy
[0.         0.01169591 0.02923977 0.10526316]
val_loss=147.3739
accuracy
[0.         0.01169591 0.02923977 0.10526316]
val_loss=148.0183
accuracy
[0.         0.01169591 0.02923977 0.10526316]
val_loss=148.2021
accuracy
[0.         0.01169591 0.02923977 0.10526316]
val_loss=149.0524
accuracy
[0.         0.01169591 0.02923977 0.10526316]
val_loss=149.8277
accuracy
[0.         0.01169591 0.02923977 0.10526316]
val_loss=149.9275
accuracy
[0.         0.01169591 0.02923977 0.10526316]
val_loss=151.0165
accuracy
[0.         0.01169591 0.02923977 0.10526316]
val_loss=150.8826
accuracy
[0.         0.01169591 0.02923977 0.10526316]
val_loss=151.5800
accuracy
[0.         0.01169591 0.02923977 0.10526316]
val_loss=152.0594
accuracy
[0.         0.01169591 0.02923977 0.10526316]
val_loss=152.0552
accuracy
[0.         0.01169591 0.02923977 0.10526316]
val_loss=153.0743
accuracy
[0.         0.01169591 0.02923977 0.10526316]
val_loss=152.9833
accuracy
[0.         0.01169591 0.02923977 0.10526316]
val_loss=153.0205
accuracy
[0.         0.01169591 0.02923977 0.10526316]
val_loss=153.1053
accuracy
[0.         0.01169591 0.02923977 0.10526316]
val_loss=153.2157
accuracy
[0.         0.01169591 0.02923977 0.10526316]
val_loss=153.2810
accuracy
[0.         0.01169591 0.02923977 0.10526316]
val_loss=153.4432
accuracy
[0.         0.01169591 0.02923977 0.10526316]
val_loss=153.5251
accuracy
[0.         0.01169591 0.02923977 0.10526316]
val_loss=153.5906
accuracy
[0.         0.01169591 0.02923977 0.10526316]
val_loss=153.7264
accuracy
[0.         0.01169591 0.02923977 0.10526316]
val_loss=153.8004
accuracy
[0.         0.01169591 0.02923977 0.10526316]
val_loss=153.9383
accuracy
[0.         0.01169591 0.02923977 0.10526316]
val_loss=154.0986
accuracy
[0.         0.01169591 0.02923977 0.10526316]
val_loss=154.1738
accuracy
[0.         0.01169591 0.02923977 0.10526316]
val_loss=154.2820
accuracy
[0.         0.01169591 0.02923977 0.10526316]
val_loss=154.3650
accuracy
[0.         0.01169591 0.02923977 0.10526316]
val_loss=154.5330
accuracy
[0.         0.01169591 0.02923977 0.10526316]
val_loss=154.5764
accuracy
[0.         0.01169591 0.02923977 0.10526316]
val_loss=154.7584
accuracy
[0.         0.01169591 0.02923977 0.10526316]
val_loss=154.8019
accuracy
[0.         0.01169591 0.02923977 0.10526316]
val_loss=154.9672
accuracy
[0.         0.01169591 0.02923977 0.10526316]
Finished Training
    rehearsal replay buffer: 500 of 1899 source samples
cpu
Finished Training
cpu
Finished Training
cpu
Finished Training
cpu
Finished Training
cpu
Finished Training
cpu
Finished Training
cpu
Finished Training
cpu
Finished Training
cpu
Finished Training
cpu
Finished Training
cpu
Finished Training
cpu
Finished Training
cpu
Finished Training
cpu
Finished Training
cpu
Finished Training
cpu
Finished Training
cpu
Finished Training
cpu
Finished Training
cpu
Finished Training
cpu
Finished Training
cpu
Finished Training
cpu
Finished Training
  seed 2: pretrain on scenario32straight (1899 samples), zero-shot eval on scenario7 (171 held-out test samples)
cpu
-----------------------------------------------------------------------
      Layer (type)        Output Shape         Param #     Tr. Param #
=======================================================================
          Linear-1           [32, 256]           1,280           1,280
            ReLU-2           [32, 256]               0               0
          Linear-3           [32, 256]          65,792          65,792
          Linear-4           [32, 256]          65,792          65,792
          Linear-5            [32, 16]           4,112           4,112
=======================================================================
Total params: 136,976
Trainable params: 136,976
Non-trainable params: 0
-----------------------------------------------------------------------
val_loss=14.4864
accuracy
[0.00584795 0.02923977 0.04678363 0.07602339]
val_loss=11.6098
accuracy
[0.00584795 0.02923977 0.02923977 0.07602339]
val_loss=12.7913
accuracy
[0.00584795 0.01754386 0.04093567 0.08187135]
val_loss=15.6112
accuracy
[0.02339181 0.02923977 0.04093567 0.14035088]
val_loss=20.8714
accuracy
[0.01169591 0.03508772 0.04093567 0.14619883]
val_loss=27.7395
accuracy
[0.00584795 0.01754386 0.04093567 0.13450292]
val_loss=34.1323
accuracy
[0.00584795 0.01754386 0.04093567 0.13450292]
val_loss=43.3933
accuracy
[0.00584795 0.01754386 0.04093567 0.13450292]
val_loss=48.9082
accuracy
[0.01169591 0.01754386 0.04093567 0.13450292]
val_loss=52.2804
accuracy
[0.00584795 0.01754386 0.04093567 0.13450292]
val_loss=55.8062
accuracy
[0.01169591 0.01754386 0.04093567 0.13450292]
val_loss=64.1012
accuracy
[0.00584795 0.01754386 0.04093567 0.13450292]
val_loss=66.8063
accuracy
[0.01169591 0.01754386 0.04093567 0.13450292]
val_loss=69.1764
accuracy
[0.01169591 0.01754386 0.04093567 0.13450292]
val_loss=73.9931
accuracy
[0.01169591 0.01754386 0.04093567 0.13450292]
val_loss=72.5526
accuracy
[0.00584795 0.01754386 0.04093567 0.13450292]
val_loss=68.7816
accuracy
[0.01169591 0.01754386 0.04093567 0.13450292]
val_loss=70.2884
accuracy
[0.01169591 0.01754386 0.04093567 0.13450292]
val_loss=73.7508
accuracy
[0.01169591 0.01754386 0.04093567 0.13450292]
val_loss=76.2339
accuracy
[0.01169591 0.01754386 0.04093567 0.07602339]
val_loss=78.8212
accuracy
[0.01169591 0.01754386 0.04093567 0.07602339]
val_loss=81.3224
accuracy
[0.01169591 0.01754386 0.04093567 0.07602339]
val_loss=83.7169
accuracy
[0.01169591 0.01754386 0.04093567 0.07602339]
val_loss=85.8321
accuracy
[0.01169591 0.01754386 0.04093567 0.07602339]
val_loss=88.5591
accuracy
[0.01169591 0.01754386 0.04093567 0.14035088]
val_loss=89.0257
accuracy
[0.01169591 0.01754386 0.04093567 0.07602339]
val_loss=91.9603
accuracy
[0.01169591 0.01754386 0.04093567 0.14035088]
val_loss=92.9014
accuracy
[0.01169591 0.01754386 0.04093567 0.14035088]
val_loss=93.5680
accuracy
[0.01169591 0.01754386 0.04093567 0.14035088]
val_loss=96.7804
accuracy
[0.01169591 0.01754386 0.04093567 0.14035088]
val_loss=98.1635
accuracy
[0.01169591 0.01754386 0.04093567 0.14035088]
val_loss=99.5563
accuracy
[0.01169591 0.01754386 0.04093567 0.14035088]
val_loss=102.3341
accuracy
[0.01169591 0.01754386 0.04093567 0.14035088]
val_loss=102.6034
accuracy
[0.01169591 0.01754386 0.04093567 0.14035088]
val_loss=103.8768
accuracy
[0.01169591 0.01754386 0.04093567 0.14035088]
val_loss=104.1502
accuracy
[0.01169591 0.01754386 0.04093567 0.14035088]
val_loss=105.7642
accuracy
[0.01169591 0.01754386 0.04093567 0.14035088]
val_loss=105.9645
accuracy
[0.01169591 0.01754386 0.04093567 0.14035088]
val_loss=107.6989
accuracy
[0.01169591 0.01754386 0.04093567 0.14035088]
val_loss=108.5274
accuracy
[0.01169591 0.01754386 0.04093567 0.14035088]
val_loss=109.4433
accuracy
[0.01169591 0.01754386 0.04093567 0.14035088]
val_loss=109.6135
accuracy
[0.01169591 0.01754386 0.04093567 0.14035088]
val_loss=110.5452
accuracy
[0.01169591 0.01754386 0.04093567 0.14035088]
val_loss=110.2268
accuracy
[0.01169591 0.01754386 0.04093567 0.14035088]
val_loss=110.9548
accuracy
[0.01169591 0.01754386 0.04093567 0.14035088]
val_loss=111.0006
accuracy
[0.01169591 0.01754386 0.04093567 0.14035088]
val_loss=111.4643
accuracy
[0.01169591 0.01754386 0.04093567 0.14035088]
val_loss=111.8204
accuracy
[0.01169591 0.01754386 0.04093567 0.14035088]
val_loss=111.9623
accuracy
[0.01169591 0.01754386 0.04093567 0.14035088]
val_loss=112.6239
accuracy
[0.01169591 0.01754386 0.04093567 0.14035088]
val_loss=112.7764
accuracy
[0.01169591 0.01754386 0.04093567 0.14035088]
val_loss=113.1061
accuracy
[0.01169591 0.01754386 0.04093567 0.14035088]
val_loss=113.2583
accuracy
[0.01169591 0.01754386 0.04093567 0.14035088]
val_loss=113.8226
accuracy
[0.01169591 0.01754386 0.04093567 0.14035088]
val_loss=114.5393
accuracy
[0.01169591 0.01754386 0.04093567 0.14035088]
val_loss=114.3373
accuracy
[0.01169591 0.01754386 0.04093567 0.14035088]
val_loss=114.9031
accuracy
[0.01169591 0.01754386 0.04093567 0.14035088]
val_loss=114.9598
accuracy
[0.01169591 0.01754386 0.04093567 0.14035088]
val_loss=115.6310
accuracy
[0.01169591 0.01754386 0.04093567 0.14035088]
val_loss=115.7455
accuracy
[0.01169591 0.01754386 0.04093567 0.14035088]
val_loss=115.8267
accuracy
[0.01169591 0.01754386 0.04093567 0.14035088]
val_loss=115.8985
accuracy
[0.01169591 0.01754386 0.04093567 0.14035088]
val_loss=115.9851
accuracy
[0.01169591 0.01754386 0.04093567 0.14035088]
val_loss=116.0087
accuracy
[0.01169591 0.01754386 0.04093567 0.14035088]
val_loss=116.0906
accuracy
[0.01169591 0.01754386 0.04093567 0.14035088]
val_loss=116.1590
accuracy
[0.01169591 0.01754386 0.04093567 0.14035088]
val_loss=116.2377
accuracy
[0.01169591 0.01754386 0.04093567 0.14035088]
val_loss=116.3246
accuracy
[0.01169591 0.01754386 0.04093567 0.14035088]
val_loss=116.3726
accuracy
[0.01169591 0.01754386 0.04093567 0.14035088]
val_loss=116.4235
accuracy
[0.01169591 0.01754386 0.04093567 0.14035088]
val_loss=116.5322
accuracy
[0.01169591 0.01754386 0.04093567 0.14035088]
val_loss=116.6238
accuracy
[0.01169591 0.01754386 0.04093567 0.14035088]
val_loss=116.6480
accuracy
[0.01169591 0.01754386 0.04093567 0.14035088]
val_loss=116.7017
accuracy
[0.01169591 0.01754386 0.04093567 0.14035088]
val_loss=116.7705
accuracy
[0.01169591 0.01754386 0.04093567 0.14035088]
val_loss=116.8375
accuracy
[0.01169591 0.01754386 0.04093567 0.14035088]
val_loss=116.9091
accuracy
[0.01169591 0.01754386 0.04093567 0.14035088]
val_loss=117.0822
accuracy
[0.01169591 0.01754386 0.04093567 0.14035088]
val_loss=117.0655
accuracy
[0.01169591 0.01754386 0.04093567 0.14035088]
val_loss=117.1322
accuracy
[0.01169591 0.01754386 0.04093567 0.14035088]
Finished Training
    rehearsal replay buffer: 500 of 1899 source samples
cpu
Finished Training
cpu
Finished Training
cpu
Finished Training
cpu
Finished Training
cpu
Finished Training
cpu
Finished Training
cpu
Finished Training
cpu
Finished Training
cpu
Finished Training
cpu
Finished Training
cpu
Finished Training
cpu
Finished Training
cpu
Finished Training
cpu
Finished Training
cpu
Finished Training
cpu
Finished Training
cpu
Finished Training
cpu
Finished Training
cpu
Finished Training
cpu
Finished Training
cpu
Finished Training
cpu
Finished Training
  seed 3: pretrain on scenario32straight (1899 samples), zero-shot eval on scenario7 (171 held-out test samples)
cpu
-----------------------------------------------------------------------
      Layer (type)        Output Shape         Param #     Tr. Param #
=======================================================================
          Linear-1           [32, 256]           1,280           1,280
            ReLU-2           [32, 256]               0               0
          Linear-3           [32, 256]          65,792          65,792
          Linear-4           [32, 256]          65,792          65,792
          Linear-5            [32, 16]           4,112           4,112
=======================================================================
Total params: 136,976
Trainable params: 136,976
Non-trainable params: 0
-----------------------------------------------------------------------
val_loss=14.5242
accuracy
[0.01169591 0.03508772 0.07017544 0.0877193 ]
val_loss=13.6822
accuracy
[0.02339181 0.02339181 0.04093567 0.07017544]
val_loss=16.8649
accuracy
[0.01754386 0.04093567 0.04093567 0.07017544]
val_loss=21.6284
accuracy
[0.         0.02339181 0.04093567 0.16374269]
val_loss=25.4403
accuracy
[0.02339181 0.02339181 0.04093567 0.19298246]
val_loss=30.8074
accuracy
[0.02339181 0.04093567 0.04093567 0.16959064]
val_loss=29.0688
accuracy
[0.         0.02339181 0.04093567 0.16374269]
val_loss=35.0892
accuracy
[0.02339181 0.02339181 0.04093567 0.19298246]
val_loss=35.6348
accuracy
[0.02339181 0.02339181 0.04093567 0.16374269]
val_loss=38.4335
accuracy
[0.02339181 0.02339181 0.04093567 0.16374269]
val_loss=40.9110
accuracy
[0.02339181 0.02339181 0.04093567 0.20467836]
val_loss=43.2639
accuracy
[0.         0.02339181 0.04093567 0.1754386 ]
val_loss=47.9833
accuracy
[0.         0.02339181 0.04093567 0.1754386 ]
val_loss=47.7332
accuracy
[0.         0.02339181 0.04093567 0.13450292]
val_loss=50.5041
accuracy
[0.         0.02339181 0.04093567 0.13450292]
val_loss=53.4024
accuracy
[0.         0.02339181 0.04093567 0.1754386 ]
val_loss=58.2317
accuracy
[0.         0.02339181 0.04093567 0.1754386 ]
val_loss=65.1358
accuracy
[0.         0.02339181 0.04093567 0.1754386 ]
val_loss=68.4265
accuracy
[0.         0.02339181 0.04093567 0.1754386 ]
val_loss=69.3659
accuracy
[0.         0.02339181 0.04093567 0.1754386 ]
val_loss=67.9053
accuracy
[0.         0.02339181 0.04093567 0.1754386 ]
val_loss=70.7740
accuracy
[0.         0.02339181 0.04093567 0.1754386 ]
val_loss=71.8412
accuracy
[0.         0.02339181 0.04093567 0.1754386 ]
val_loss=73.8843
accuracy
[0.         0.02339181 0.04093567 0.1754386 ]
val_loss=75.0816
accuracy
[0.         0.02339181 0.04093567 0.1754386 ]
val_loss=76.0771
accuracy
[0.         0.02339181 0.04093567 0.1754386 ]
val_loss=79.4616
accuracy
[0.         0.02339181 0.04093567 0.1754386 ]
val_loss=81.2229
accuracy
[0.         0.02339181 0.04093567 0.1754386 ]
val_loss=82.0482
accuracy
[0.         0.02339181 0.04093567 0.1754386 ]
val_loss=83.2864
accuracy
[0.         0.02339181 0.04093567 0.1754386 ]
val_loss=83.1690
accuracy
[0.         0.02339181 0.04093567 0.1754386 ]
val_loss=84.5575
accuracy
[0.         0.02339181 0.04093567 0.1754386 ]
val_loss=87.1185
accuracy
[0.         0.02339181 0.04093567 0.1754386 ]
val_loss=87.3602
accuracy
[0.         0.02339181 0.04093567 0.1754386 ]
val_loss=89.6042
accuracy
[0.         0.02339181 0.04093567 0.1754386 ]
val_loss=89.4731
accuracy
[0.         0.02339181 0.04093567 0.1754386 ]
val_loss=91.5948
accuracy
[0.         0.02339181 0.04093567 0.1754386 ]
val_loss=91.7990
accuracy
[0.         0.02339181 0.04093567 0.1754386 ]
val_loss=93.4039
accuracy
[0.         0.02339181 0.04093567 0.1754386 ]
val_loss=93.6201
accuracy
[0.         0.02339181 0.04093567 0.1754386 ]
val_loss=93.7429
accuracy
[0.         0.02339181 0.04093567 0.1754386 ]
val_loss=93.8769
accuracy
[0.         0.02339181 0.04093567 0.1754386 ]
val_loss=94.4819
accuracy
[0.         0.02339181 0.04093567 0.1754386 ]
val_loss=94.8502
accuracy
[0.         0.02339181 0.04093567 0.1754386 ]
val_loss=94.7708
accuracy
[0.         0.02339181 0.04093567 0.1754386 ]
val_loss=95.4527
accuracy
[0.         0.02339181 0.04093567 0.1754386 ]
val_loss=95.8038
accuracy
[0.         0.02339181 0.04093567 0.1754386 ]
val_loss=95.8023
accuracy
[0.         0.02339181 0.04093567 0.1754386 ]
val_loss=96.0124
accuracy
[0.         0.02339181 0.04093567 0.1754386 ]
val_loss=96.7017
accuracy
[0.         0.02339181 0.04093567 0.1754386 ]
val_loss=96.6944
accuracy
[0.         0.02339181 0.04093567 0.1754386 ]
val_loss=96.8928
accuracy
[0.         0.02339181 0.04093567 0.1754386 ]
val_loss=97.0443
accuracy
[0.         0.02339181 0.04093567 0.1754386 ]
val_loss=97.5434
accuracy
[0.         0.02339181 0.04093567 0.1754386 ]
val_loss=98.2651
accuracy
[0.         0.02339181 0.04093567 0.1754386 ]
val_loss=98.1281
accuracy
[0.         0.02339181 0.04093567 0.1754386 ]
val_loss=98.2372
accuracy
[0.         0.02339181 0.04093567 0.1754386 ]
val_loss=98.5818
accuracy
[0.         0.02339181 0.04093567 0.1754386 ]
val_loss=99.0624
accuracy
[0.         0.02339181 0.04093567 0.1754386 ]
val_loss=99.3259
accuracy
[0.         0.02339181 0.04093567 0.1754386 ]
val_loss=99.3310
accuracy
[0.         0.02339181 0.04093567 0.1754386 ]
val_loss=99.3877
accuracy
[0.         0.02339181 0.04093567 0.1754386 ]
val_loss=99.3789
accuracy
[0.         0.02339181 0.04093567 0.1754386 ]
val_loss=99.5693
accuracy
[0.         0.02339181 0.04093567 0.1754386 ]
val_loss=99.6003
accuracy
[0.         0.02339181 0.04093567 0.1754386 ]
val_loss=99.6318
accuracy
[0.         0.02339181 0.04093567 0.1754386 ]
val_loss=99.7006
accuracy
[0.         0.02339181 0.04093567 0.1754386 ]
val_loss=99.7795
accuracy
[0.         0.02339181 0.04093567 0.1754386 ]
val_loss=99.8823
accuracy
[0.         0.02339181 0.04093567 0.1754386 ]
val_loss=99.8868
accuracy
[0.         0.02339181 0.04093567 0.1754386 ]
val_loss=99.9861
accuracy
[0.         0.02339181 0.04093567 0.1754386 ]
val_loss=100.1001
accuracy
[0.         0.02339181 0.04093567 0.1754386 ]
val_loss=100.1272
accuracy
[0.         0.02339181 0.04093567 0.1754386 ]
val_loss=100.1403
accuracy
[0.         0.02339181 0.04093567 0.1754386 ]
val_loss=100.2390
accuracy
[0.         0.02339181 0.04093567 0.1754386 ]
val_loss=100.2802
accuracy
[0.         0.02339181 0.04093567 0.1754386 ]
val_loss=100.3218
accuracy
[0.         0.02339181 0.04093567 0.1754386 ]
val_loss=100.4614
accuracy
[0.         0.02339181 0.04093567 0.1754386 ]
val_loss=100.4158
accuracy
[0.         0.02339181 0.04093567 0.1754386 ]
val_loss=100.5532
accuracy
[0.         0.02339181 0.04093567 0.1754386 ]
Finished Training
    rehearsal replay buffer: 500 of 1899 source samples
cpu
Finished Training
cpu
Finished Training
cpu
Finished Training
cpu
Finished Training
cpu
Finished Training
cpu
Finished Training
cpu
Finished Training
cpu
Finished Training
cpu
Finished Training
cpu
Finished Training
cpu
Finished Training
cpu
Finished Training
cpu
Finished Training
cpu
Finished Training
cpu
Finished Training
cpu
Finished Training
cpu
Finished Training
cpu
Finished Training
cpu
Finished Training
cpu
Finished Training
cpu
Finished Training
cpu
Finished Training
  seed 4: pretrain on scenario32straight (1899 samples), zero-shot eval on scenario7 (171 held-out test samples)
cpu
-----------------------------------------------------------------------
      Layer (type)        Output Shape         Param #     Tr. Param #
=======================================================================
          Linear-1           [32, 256]           1,280           1,280
            ReLU-2           [32, 256]               0               0
          Linear-3           [32, 256]          65,792          65,792
          Linear-4           [32, 256]          65,792          65,792
          Linear-5            [32, 16]           4,112           4,112
=======================================================================
Total params: 136,976
Trainable params: 136,976
Non-trainable params: 0
-----------------------------------------------------------------------
val_loss=13.5844
accuracy
[0.02923977 0.02923977 0.04678363 0.0994152 ]
val_loss=18.0672
accuracy
[0.         0.01754386 0.04678363 0.0994152 ]
val_loss=20.1079
accuracy
[0.01754386 0.04678363 0.04678363 0.11695906]
val_loss=21.5844
accuracy
[0.01754386 0.01754386 0.04678363 0.12280702]
val_loss=28.7527
accuracy
[0.         0.01754386 0.04678363 0.13450292]
val_loss=27.5810
accuracy
[0.01754386 0.04678363 0.04678363 0.0994152 ]
val_loss=33.1721
accuracy
[0.         0.01754386 0.04678363 0.13450292]
val_loss=34.6705
accuracy
[0.01754386 0.01754386 0.04678363 0.13450292]
val_loss=42.9341
accuracy
[0.         0.01754386 0.04678363 0.13450292]
val_loss=41.7295
accuracy
[0.         0.01754386 0.04678363 0.13450292]
val_loss=44.2916
accuracy
[0.         0.01754386 0.04678363 0.13450292]
val_loss=50.6759
accuracy
[0.         0.01754386 0.04678363 0.13450292]
val_loss=53.1680
accuracy
[0.01754386 0.01754386 0.04678363 0.13450292]
val_loss=55.1613
accuracy
[0.01754386 0.01754386 0.04678363 0.13450292]
val_loss=58.7246
accuracy
[0.         0.01754386 0.04678363 0.13450292]
val_loss=70.8749
accuracy
[0.         0.01754386 0.04678363 0.13450292]
val_loss=85.6434
accuracy
[0.01754386 0.01754386 0.04678363 0.13450292]
val_loss=70.1625
accuracy
[0.01754386 0.01754386 0.04678363 0.13450292]
val_loss=74.6825
accuracy
[0.         0.01754386 0.04678363 0.13450292]
val_loss=68.6428
accuracy
[0.01754386 0.01754386 0.04678363 0.13450292]
val_loss=72.9320
accuracy
[0.         0.01754386 0.04678363 0.13450292]
val_loss=76.3849
accuracy
[0.         0.01754386 0.04678363 0.13450292]
val_loss=81.5423
accuracy
[0.         0.01754386 0.04678363 0.13450292]
val_loss=83.2571
accuracy
[0.         0.01754386 0.04678363 0.13450292]
val_loss=87.2499
accuracy
[0.         0.01754386 0.04678363 0.13450292]
val_loss=89.2867
accuracy
[0.         0.01754386 0.04678363 0.13450292]
val_loss=94.0116
accuracy
[0.         0.01754386 0.04678363 0.13450292]
val_loss=95.5641
accuracy
[0.         0.01754386 0.04678363 0.13450292]
val_loss=100.4354
accuracy
[0.         0.01754386 0.04678363 0.13450292]
val_loss=101.1116
accuracy
[0.         0.01754386 0.04678363 0.13450292]
val_loss=103.9802
accuracy
[0.         0.01754386 0.04678363 0.13450292]
val_loss=107.3914
accuracy
[0.         0.01754386 0.04678363 0.13450292]
val_loss=107.3723
accuracy
[0.         0.01754386 0.04678363 0.13450292]
val_loss=107.3132
accuracy
[0.         0.01754386 0.04678363 0.13450292]
val_loss=110.5913
accuracy
[0.         0.01754386 0.04678363 0.13450292]
val_loss=114.1726
accuracy
[0.         0.01754386 0.04678363 0.13450292]
val_loss=114.6789
accuracy
[0.         0.01754386 0.04678363 0.13450292]
val_loss=117.3350
accuracy
[0.         0.01754386 0.04678363 0.13450292]
val_loss=118.9036
accuracy
[0.         0.01754386 0.04678363 0.13450292]
val_loss=122.6365
accuracy
[0.         0.01754386 0.04678363 0.13450292]
val_loss=121.8674
accuracy
[0.         0.01754386 0.04678363 0.13450292]
val_loss=121.9246
accuracy
[0.         0.01754386 0.04678363 0.13450292]
val_loss=121.5382
accuracy
[0.         0.01754386 0.04678363 0.13450292]
val_loss=122.3318
accuracy
[0.         0.01754386 0.04678363 0.13450292]
val_loss=123.1600
accuracy
[0.         0.01754386 0.04678363 0.13450292]
val_loss=123.9977
accuracy
[0.         0.01754386 0.04678363 0.13450292]
val_loss=124.2880
accuracy
[0.         0.01754386 0.04678363 0.13450292]
val_loss=124.8421
accuracy
[0.         0.01754386 0.04678363 0.13450292]
val_loss=125.5761
accuracy
[0.         0.01754386 0.04678363 0.13450292]
val_loss=126.1126
accuracy
[0.         0.01754386 0.04678363 0.13450292]
val_loss=126.2698
accuracy
[0.         0.01754386 0.04678363 0.13450292]
val_loss=126.3662
accuracy
[0.         0.01754386 0.04678363 0.13450292]
val_loss=126.7776
accuracy
[0.         0.01754386 0.04678363 0.13450292]
val_loss=127.8785
accuracy
[0.         0.01754386 0.04678363 0.13450292]
val_loss=128.1799
accuracy
[0.         0.01754386 0.04678363 0.13450292]
val_loss=128.4049
accuracy
[0.         0.01754386 0.04678363 0.13450292]
val_loss=129.5475
accuracy
[0.         0.01754386 0.04678363 0.13450292]
val_loss=130.2642
accuracy
[0.         0.01754386 0.04678363 0.13450292]
val_loss=130.6060
accuracy
[0.         0.01754386 0.04678363 0.13450292]
val_loss=130.8134
accuracy
[0.         0.01754386 0.04678363 0.13450292]
val_loss=130.9593
accuracy
[0.         0.01754386 0.04678363 0.13450292]
val_loss=131.0535
accuracy
[0.         0.01754386 0.04678363 0.13450292]
val_loss=131.0874
accuracy
[0.         0.01754386 0.04678363 0.13450292]
val_loss=131.2003
accuracy
[0.         0.01754386 0.04678363 0.13450292]
val_loss=131.2708
accuracy
[0.         0.01754386 0.04678363 0.13450292]
val_loss=131.5005
accuracy
[0.         0.01754386 0.04678363 0.13450292]
val_loss=131.5842
accuracy
[0.         0.01754386 0.04678363 0.13450292]
val_loss=131.7702
accuracy
[0.         0.01754386 0.04678363 0.13450292]
val_loss=131.6830
accuracy
[0.         0.01754386 0.04678363 0.13450292]
val_loss=131.9229
accuracy
[0.         0.01754386 0.04678363 0.13450292]
val_loss=131.9865
accuracy
[0.         0.01754386 0.04678363 0.13450292]
val_loss=132.2828
accuracy
[0.         0.01754386 0.04678363 0.13450292]
val_loss=132.3617
accuracy
[0.         0.01754386 0.04678363 0.13450292]
val_loss=132.4729
accuracy
[0.         0.01754386 0.04678363 0.13450292]
val_loss=132.6076
accuracy
[0.         0.01754386 0.04678363 0.13450292]
val_loss=132.5196
accuracy
[0.         0.01754386 0.04678363 0.13450292]
val_loss=132.7951
accuracy
[0.         0.01754386 0.04678363 0.13450292]
val_loss=133.0493
accuracy
[0.         0.01754386 0.04678363 0.13450292]
val_loss=132.9962
accuracy
[0.         0.01754386 0.04678363 0.13450292]
val_loss=133.2295
accuracy
[0.         0.01754386 0.04678363 0.13450292]
Finished Training
    rehearsal replay buffer: 500 of 1899 source samples
cpu
Finished Training
cpu
Finished Training
cpu
Finished Training
cpu
Finished Training
cpu
Finished Training
cpu
Finished Training
cpu
Finished Training
cpu
Finished Training
cpu
Finished Training
cpu
Finished Training
cpu
Finished Training
cpu
Finished Training
cpu
Finished Training
cpu
Finished Training
cpu
Finished Training
cpu
Finished Training
cpu
Finished Training
cpu
Finished Training
cpu
Finished Training
cpu
Finished Training
cpu
Finished Training
cpu
Finished Training
  seed 5: pretrain on scenario32straight (1899 samples), zero-shot eval on scenario7 (171 held-out test samples)
cpu
-----------------------------------------------------------------------
      Layer (type)        Output Shape         Param #     Tr. Param #
=======================================================================
          Linear-1           [32, 256]           1,280           1,280
            ReLU-2           [32, 256]               0               0
          Linear-3           [32, 256]          65,792          65,792
          Linear-4           [32, 256]          65,792          65,792
          Linear-5            [32, 16]           4,112           4,112
=======================================================================
Total params: 136,976
Trainable params: 136,976
Non-trainable params: 0
-----------------------------------------------------------------------
val_loss=21.2667
accuracy
[0.03508772 0.04093567 0.05263158 0.11111111]
val_loss=21.5100
accuracy
[0.03508772 0.07017544 0.09356725 0.11111111]
val_loss=21.4227
accuracy
[0.03508772 0.04093567 0.07602339 0.11111111]
val_loss=25.6821
accuracy
[0.03508772 0.04093567 0.07602339 0.18128655]
val_loss=28.7367
accuracy
[0.03508772 0.04093567 0.07602339 0.18128655]
val_loss=33.1394
accuracy
[0.00584795 0.04093567 0.07602339 0.18128655]
val_loss=39.6055
accuracy
[0.00584795 0.04093567 0.07602339 0.18128655]
val_loss=45.4573
accuracy
[0.00584795 0.04093567 0.07602339 0.18128655]
val_loss=48.3056
accuracy
[0.00584795 0.04093567 0.07602339 0.18128655]
val_loss=54.8336
accuracy
[0.00584795 0.04093567 0.07602339 0.18128655]
val_loss=58.0038
accuracy
[0.03508772 0.04093567 0.07602339 0.22807018]
val_loss=66.7517
accuracy
[0.00584795 0.04093567 0.07602339 0.18128655]
val_loss=72.9570
accuracy
[0.00584795 0.04093567 0.07602339 0.22807018]
val_loss=77.7434
accuracy
[0.00584795 0.04093567 0.07602339 0.22807018]
val_loss=82.9372
accuracy
[0.00584795 0.04093567 0.07602339 0.22807018]
val_loss=90.9134
accuracy
[0.00584795 0.04093567 0.07602339 0.22807018]
val_loss=94.2438
accuracy
[0.00584795 0.04093567 0.07602339 0.22807018]
val_loss=94.4391
accuracy
[0.00584795 0.04093567 0.07602339 0.22807018]
val_loss=104.2865
accuracy
[0.00584795 0.04093567 0.07602339 0.22807018]
val_loss=104.8583
accuracy
[0.00584795 0.04093567 0.07602339 0.22807018]
val_loss=102.8860
accuracy
[0.00584795 0.04093567 0.07602339 0.22807018]
val_loss=104.4022
accuracy
[0.00584795 0.04093567 0.07602339 0.22807018]
val_loss=107.4002
accuracy
[0.00584795 0.04093567 0.07602339 0.22807018]
val_loss=108.8252
accuracy
[0.00584795 0.04093567 0.07602339 0.22807018]
val_loss=111.1261
accuracy
[0.00584795 0.04093567 0.07602339 0.22807018]
val_loss=114.2293
accuracy
[0.00584795 0.04093567 0.07602339 0.22807018]
val_loss=115.3783
accuracy
[0.00584795 0.04093567 0.07602339 0.22807018]
val_loss=117.3138
accuracy
[0.00584795 0.04093567 0.07602339 0.22807018]
val_loss=118.4534
accuracy
[0.00584795 0.04093567 0.07602339 0.22807018]
val_loss=119.2880
accuracy
[0.00584795 0.04093567 0.07602339 0.22807018]
val_loss=120.6752
accuracy
[0.00584795 0.04093567 0.07602339 0.22807018]
val_loss=121.6194
accuracy
[0.00584795 0.04093567 0.07602339 0.22807018]
val_loss=123.8843
accuracy
[0.00584795 0.04093567 0.07602339 0.22807018]
val_loss=124.5453
accuracy
[0.00584795 0.04093567 0.07602339 0.22807018]
val_loss=126.7210
accuracy
[0.00584795 0.04093567 0.07602339 0.22807018]
val_loss=126.8462
accuracy
[0.00584795 0.04093567 0.07602339 0.22807018]
val_loss=128.1281
accuracy
[0.00584795 0.04093567 0.07602339 0.22807018]
val_loss=129.4762
accuracy
[0.00584795 0.04093567 0.07602339 0.22807018]
val_loss=129.7864
accuracy
[0.00584795 0.04093567 0.07602339 0.22807018]
val_loss=132.0467
accuracy
[0.00584795 0.04093567 0.07602339 0.22807018]
val_loss=131.0504
accuracy
[0.00584795 0.04093567 0.07602339 0.22807018]
val_loss=131.4665
accuracy
[0.00584795 0.04093567 0.07602339 0.22807018]
val_loss=131.3305
accuracy
[0.00584795 0.04093567 0.07602339 0.22807018]
val_loss=132.1531
accuracy
[0.00584795 0.04093567 0.07602339 0.22807018]
val_loss=132.3504
accuracy
[0.00584795 0.04093567 0.07602339 0.22807018]
val_loss=132.8957
accuracy
[0.00584795 0.04093567 0.07602339 0.22807018]
val_loss=133.0332
accuracy
[0.00584795 0.04093567 0.07602339 0.22807018]
val_loss=133.5829
accuracy
[0.00584795 0.04093567 0.07602339 0.22807018]
val_loss=133.9419
accuracy
[0.00584795 0.04093567 0.07602339 0.22807018]
val_loss=134.2243
accuracy
[0.00584795 0.04093567 0.07602339 0.22807018]
val_loss=134.2826
accuracy
[0.00584795 0.04093567 0.07602339 0.22807018]
val_loss=134.9955
accuracy
[0.00584795 0.04093567 0.07602339 0.22807018]
val_loss=134.8361
accuracy
[0.00584795 0.04093567 0.07602339 0.22807018]
val_loss=135.3785
accuracy
[0.00584795 0.04093567 0.07602339 0.22807018]
val_loss=135.5462
accuracy
[0.00584795 0.04093567 0.07602339 0.22807018]
val_loss=135.8113
accuracy
[0.00584795 0.04093567 0.07602339 0.22807018]
val_loss=136.3512
accuracy
[0.00584795 0.04093567 0.07602339 0.22807018]
val_loss=136.6129
accuracy
[0.00584795 0.04093567 0.07602339 0.22807018]
val_loss=137.0554
accuracy
[0.00584795 0.04093567 0.07602339 0.22807018]
val_loss=137.0718
accuracy
[0.00584795 0.04093567 0.07602339 0.22807018]
val_loss=137.2174
accuracy
[0.00584795 0.04093567 0.07602339 0.22807018]
val_loss=137.3233
accuracy
[0.00584795 0.04093567 0.07602339 0.22807018]
val_loss=137.5483
accuracy
[0.00584795 0.04093567 0.07602339 0.22807018]
val_loss=137.5351
accuracy
[0.00584795 0.04093567 0.07602339 0.22807018]
val_loss=137.5973
accuracy
[0.00584795 0.04093567 0.07602339 0.22807018]
val_loss=137.6918
accuracy
[0.00584795 0.04093567 0.07602339 0.22807018]
val_loss=137.7670
accuracy
[0.00584795 0.04093567 0.07602339 0.22807018]
val_loss=137.8469
accuracy
[0.00584795 0.04093567 0.07602339 0.22807018]
val_loss=137.8473
accuracy
[0.00584795 0.04093567 0.07602339 0.22807018]
val_loss=137.9531
accuracy
[0.00584795 0.04093567 0.07602339 0.22807018]
val_loss=138.0166
accuracy
[0.00584795 0.04093567 0.07602339 0.22807018]
val_loss=138.1677
accuracy
[0.00584795 0.04093567 0.07602339 0.22807018]
val_loss=138.2049
accuracy
[0.00584795 0.04093567 0.07602339 0.22807018]
val_loss=138.3068
accuracy
[0.00584795 0.04093567 0.07602339 0.22807018]
val_loss=138.3049
accuracy
[0.00584795 0.04093567 0.07602339 0.22807018]
val_loss=138.3691
accuracy
[0.00584795 0.04093567 0.07602339 0.22807018]
val_loss=138.5036
accuracy
[0.00584795 0.04093567 0.07602339 0.22807018]
val_loss=138.5711
accuracy
[0.00584795 0.04093567 0.07602339 0.22807018]
val_loss=138.6408
accuracy
[0.00584795 0.04093567 0.07602339 0.22807018]
val_loss=138.6906
accuracy
[0.00584795 0.04093567 0.07602339 0.22807018]
Finished Training
    rehearsal replay buffer: 500 of 1899 source samples
cpu
Finished Training
cpu
Finished Training
cpu
Finished Training
cpu
Finished Training
cpu
Finished Training
cpu
Finished Training
cpu
Finished Training
cpu
Finished Training
cpu
Finished Training
cpu
Finished Training
cpu
Finished Training
cpu
Finished Training
cpu
Finished Training
cpu
Finished Training
cpu
Finished Training
cpu
Finished Training
cpu
Finished Training
cpu
Finished Training
cpu
Finished Training
cpu
Finished Training
cpu
Finished Training
cpu
Finished Training
  seed 6: pretrain on scenario32straight (1899 samples), zero-shot eval on scenario7 (171 held-out test samples)
cpu
-----------------------------------------------------------------------
      Layer (type)        Output Shape         Param #     Tr. Param #
=======================================================================
          Linear-1           [32, 256]           1,280           1,280
            ReLU-2           [32, 256]               0               0
          Linear-3           [32, 256]          65,792          65,792
          Linear-4           [32, 256]          65,792          65,792
          Linear-5            [32, 16]           4,112           4,112
=======================================================================
Total params: 136,976
Trainable params: 136,976
Non-trainable params: 0
-----------------------------------------------------------------------
val_loss=9.1843
accuracy
[0.02339181 0.04093567 0.08187135 0.12280702]
val_loss=15.6259
accuracy
[0.02339181 0.06432749 0.06432749 0.0994152 ]
val_loss=23.7742
accuracy
[0.02339181 0.02339181 0.06432749 0.0994152 ]
val_loss=24.7186
accuracy
[0.02339181 0.02339181 0.06432749 0.14035088]
val_loss=27.6022
accuracy
[0.02339181 0.06432749 0.06432749 0.14035088]
val_loss=33.1401
accuracy
[0.02339181 0.02339181 0.06432749 0.14035088]
val_loss=35.7085
accuracy
[0.02339181 0.02339181 0.06432749 0.14035088]
val_loss=39.7565
accuracy
[0.         0.02339181 0.06432749 0.14035088]
val_loss=51.4037
accuracy
[0.         0.02339181 0.06432749 0.14035088]
val_loss=55.5858
accuracy
[0.02339181 0.02339181 0.06432749 0.14035088]
val_loss=66.3075
accuracy
[0.         0.02339181 0.06432749 0.14035088]
val_loss=70.5796
accuracy
[0.         0.02339181 0.06432749 0.14035088]
val_loss=70.2497
accuracy
[0.         0.02339181 0.06432749 0.14035088]
val_loss=80.3629
accuracy
[0.         0.02339181 0.06432749 0.14035088]
val_loss=76.2771
accuracy
[0.02339181 0.02339181 0.06432749 0.14035088]
val_loss=80.1555
accuracy
[0.         0.02339181 0.06432749 0.14035088]
val_loss=72.5825
accuracy
[0.         0.02339181 0.06432749 0.14035088]
val_loss=69.3359
accuracy
[0.         0.02339181 0.06432749 0.14035088]
val_loss=81.5465
accuracy
[0.         0.02339181 0.06432749 0.14035088]
val_loss=88.7848
accuracy
[0.         0.02339181 0.06432749 0.14035088]
val_loss=90.4086
accuracy
[0.         0.02339181 0.06432749 0.14035088]
val_loss=92.7383
accuracy
[0.         0.02339181 0.06432749 0.14035088]
val_loss=96.4350
accuracy
[0.         0.02339181 0.06432749 0.19883041]
val_loss=98.0956
accuracy
[0.         0.02339181 0.06432749 0.19298246]
val_loss=99.6594
accuracy
[0.         0.02339181 0.06432749 0.19883041]
val_loss=100.5960
accuracy
[0.         0.02339181 0.06432749 0.19883041]
val_loss=101.5321
accuracy
[0.         0.02339181 0.06432749 0.14619883]
val_loss=103.9387
accuracy
[0.         0.02339181 0.06432749 0.19883041]
val_loss=107.1019
accuracy
[0.         0.02339181 0.06432749 0.19883041]
val_loss=107.0105
accuracy
[0.         0.02339181 0.06432749 0.19883041]
val_loss=108.4167
accuracy
[0.         0.02339181 0.06432749 0.19883041]
val_loss=110.8943
accuracy
[0.         0.02339181 0.06432749 0.19883041]
val_loss=112.5042
accuracy
[0.         0.02339181 0.06432749 0.19883041]
val_loss=112.5827
accuracy
[0.         0.02339181 0.06432749 0.19883041]
val_loss=113.7938
accuracy
[0.         0.02339181 0.06432749 0.19883041]
val_loss=114.5357
accuracy
[0.         0.02339181 0.06432749 0.19883041]
val_loss=115.1987
accuracy
[0.         0.02339181 0.06432749 0.19883041]
val_loss=117.7345
accuracy
[0.         0.02339181 0.06432749 0.19883041]
val_loss=118.6149
accuracy
[0.         0.02339181 0.06432749 0.19883041]
val_loss=119.0947
accuracy
[0.         0.02339181 0.06432749 0.19883041]
val_loss=119.6873
accuracy
[0.         0.02339181 0.06432749 0.19883041]
val_loss=119.9929
accuracy
[0.         0.02339181 0.06432749 0.19883041]
val_loss=120.1030
accuracy
[0.         0.02339181 0.06432749 0.19883041]
val_loss=120.7040
accuracy
[0.         0.02339181 0.06432749 0.19883041]
val_loss=121.0568
accuracy
[0.         0.02339181 0.06432749 0.19883041]
val_loss=121.6093
accuracy
[0.         0.02339181 0.06432749 0.19883041]
val_loss=121.7324
accuracy
[0.         0.02339181 0.06432749 0.19883041]
val_loss=122.6970
accuracy
[0.         0.02339181 0.06432749 0.19883041]
val_loss=122.5708
accuracy
[0.         0.02339181 0.06432749 0.19883041]
val_loss=123.0218
accuracy
[0.         0.02339181 0.06432749 0.19883041]
val_loss=123.3193
accuracy
[0.         0.02339181 0.06432749 0.19883041]
val_loss=123.5206
accuracy
[0.         0.02339181 0.06432749 0.19883041]
val_loss=123.8786
accuracy
[0.         0.02339181 0.06432749 0.19883041]
val_loss=124.3971
accuracy
[0.         0.02339181 0.06432749 0.19883041]
val_loss=124.6227
accuracy
[0.         0.02339181 0.06432749 0.19883041]
val_loss=125.0340
accuracy
[0.         0.02339181 0.06432749 0.19883041]
val_loss=125.6895
accuracy
[0.         0.02339181 0.06432749 0.19883041]
val_loss=125.7064
accuracy
[0.         0.02339181 0.06432749 0.19883041]
val_loss=126.3454
accuracy
[0.         0.02339181 0.06432749 0.19883041]
val_loss=125.9088
accuracy
[0.         0.02339181 0.06432749 0.19883041]
val_loss=126.0989
accuracy
[0.         0.02339181 0.06432749 0.19883041]
val_loss=126.3589
accuracy
[0.         0.02339181 0.06432749 0.19883041]
val_loss=126.4988
accuracy
[0.         0.02339181 0.06432749 0.19883041]
val_loss=126.5468
accuracy
[0.         0.02339181 0.06432749 0.19883041]
val_loss=126.6647
accuracy
[0.         0.02339181 0.06432749 0.19883041]
val_loss=126.7287
accuracy
[0.         0.02339181 0.06432749 0.19883041]
val_loss=126.8109
accuracy
[0.         0.02339181 0.06432749 0.19883041]
val_loss=126.9357
accuracy
[0.         0.02339181 0.06432749 0.19883041]
val_loss=126.9896
accuracy
[0.         0.02339181 0.06432749 0.19883041]
val_loss=127.0769
accuracy
[0.         0.02339181 0.06432749 0.19883041]
val_loss=127.1373
accuracy
[0.         0.02339181 0.06432749 0.19883041]
val_loss=127.2666
accuracy
[0.         0.02339181 0.06432749 0.19883041]
val_loss=127.2715
accuracy
[0.         0.02339181 0.06432749 0.19883041]
val_loss=127.3424
accuracy
[0.         0.02339181 0.06432749 0.19883041]
val_loss=127.4591
accuracy
[0.         0.02339181 0.06432749 0.19883041]
val_loss=127.5782
accuracy
[0.         0.02339181 0.06432749 0.19883041]
val_loss=127.4983
accuracy
[0.         0.02339181 0.06432749 0.19883041]
val_loss=127.7041
accuracy
[0.         0.02339181 0.06432749 0.19883041]
val_loss=127.7047
accuracy
[0.         0.02339181 0.06432749 0.19883041]
val_loss=127.7830
accuracy
[0.         0.02339181 0.06432749 0.19883041]
Finished Training
    rehearsal replay buffer: 500 of 1899 source samples
cpu
Finished Training
cpu
Finished Training
cpu
Finished Training
cpu
Finished Training
cpu
Finished Training
cpu
Finished Training
cpu
Finished Training
cpu
Finished Training
cpu
Finished Training
cpu
Finished Training
cpu
Finished Training
cpu
Finished Training
cpu
Finished Training
cpu
Finished Training
cpu
Finished Training
cpu
Finished Training
cpu
Finished Training
cpu
Finished Training
cpu
Finished Training
cpu
Finished Training
cpu
Finished Training
cpu
Finished Training
  seed 7: pretrain on scenario32straight (1899 samples), zero-shot eval on scenario7 (171 held-out test samples)
cpu
-----------------------------------------------------------------------
      Layer (type)        Output Shape         Param #     Tr. Param #
=======================================================================
          Linear-1           [32, 256]           1,280           1,280
            ReLU-2           [32, 256]               0               0
          Linear-3           [32, 256]          65,792          65,792
          Linear-4           [32, 256]          65,792          65,792
          Linear-5            [32, 16]           4,112           4,112
=======================================================================
Total params: 136,976
Trainable params: 136,976
Non-trainable params: 0
-----------------------------------------------------------------------
val_loss=16.4370
accuracy
[0.01169591 0.05263158 0.09356725 0.12280702]
val_loss=16.2734
accuracy
[0.01169591 0.02339181 0.06432749 0.12865497]
val_loss=22.0057
accuracy
[0.01169591 0.02339181 0.06432749 0.19298246]
val_loss=26.0301
accuracy
[0.01169591 0.02339181 0.06432749 0.16959064]
val_loss=30.6716
accuracy
[0.01169591 0.02339181 0.06432749 0.13450292]
val_loss=30.3724
accuracy
[0.01169591 0.02339181 0.06432749 0.12865497]
val_loss=32.9387
accuracy
[0.01169591 0.02339181 0.06432749 0.12865497]
val_loss=38.0429
accuracy
[0.01169591 0.02339181 0.06432749 0.12865497]
val_loss=37.6962
accuracy
[0.01169591 0.02339181 0.06432749 0.14619883]
val_loss=41.2579
accuracy
[0.01169591 0.02339181 0.06432749 0.14619883]
val_loss=41.5349
accuracy
[0.01169591 0.02339181 0.06432749 0.14619883]
val_loss=41.2845
accuracy
[0.01169591 0.02339181 0.06432749 0.14619883]
val_loss=41.0925
accuracy
[0.01169591 0.02339181 0.06432749 0.14619883]
val_loss=43.0315
accuracy
[0.01169591 0.02339181 0.06432749 0.14619883]
val_loss=45.2992
accuracy
[0.01169591 0.02339181 0.06432749 0.14619883]
val_loss=53.6364
accuracy
[0.01169591 0.02339181 0.06432749 0.14619883]
val_loss=51.3272
accuracy
[0.01169591 0.02339181 0.06432749 0.14619883]
val_loss=54.4405
accuracy
[0.01169591 0.02339181 0.06432749 0.14619883]
val_loss=62.0321
accuracy
[0.01169591 0.02339181 0.06432749 0.14619883]
val_loss=54.1828
accuracy
[0.01169591 0.02339181 0.06432749 0.14619883]
val_loss=56.1922
accuracy
[0.01169591 0.02339181 0.06432749 0.14619883]
val_loss=58.2345
accuracy
[0.01169591 0.02339181 0.06432749 0.14619883]
val_loss=60.8317
accuracy
[0.01169591 0.02339181 0.06432749 0.14619883]
val_loss=64.0933
accuracy
[0.01169591 0.02339181 0.06432749 0.14619883]
val_loss=65.6643
accuracy
[0.01169591 0.02339181 0.06432749 0.14619883]
val_loss=67.8829
accuracy
[0.01169591 0.02339181 0.06432749 0.14619883]
val_loss=70.0834
accuracy
[0.01169591 0.02339181 0.06432749 0.14619883]
val_loss=71.3299
accuracy
[0.01169591 0.02339181 0.06432749 0.14619883]
val_loss=73.8927
accuracy
[0.01169591 0.02339181 0.06432749 0.14619883]
val_loss=76.0556
accuracy
[0.01169591 0.02339181 0.06432749 0.14619883]
val_loss=77.7394
accuracy
[0.01169591 0.02339181 0.06432749 0.14619883]
val_loss=80.6361
accuracy
[0.01169591 0.02339181 0.06432749 0.14619883]
val_loss=82.5341
accuracy
[0.01169591 0.02339181 0.06432749 0.14619883]
val_loss=85.4673
accuracy
[0.01169591 0.02339181 0.06432749 0.14619883]
val_loss=86.5889
accuracy
[0.01169591 0.02339181 0.06432749 0.14619883]
val_loss=88.4397
accuracy
[0.01169591 0.02339181 0.06432749 0.14619883]
val_loss=91.6587
accuracy
[0.01169591 0.02339181 0.06432749 0.14619883]
val_loss=91.7654
accuracy
[0.01169591 0.02339181 0.06432749 0.14619883]
val_loss=94.5969
accuracy
[0.01169591 0.02339181 0.06432749 0.14619883]
val_loss=95.1735
accuracy
[0.01169591 0.02339181 0.06432749 0.14619883]
val_loss=95.3202
accuracy
[0.01169591 0.02339181 0.06432749 0.14619883]
val_loss=96.6224
accuracy
[0.01169591 0.02339181 0.06432749 0.14619883]
val_loss=96.6675
accuracy
[0.01169591 0.02339181 0.06432749 0.14619883]
val_loss=97.3571
accuracy
[0.01169591 0.02339181 0.06432749 0.14619883]
val_loss=97.7596
accuracy
[0.01169591 0.02339181 0.06432749 0.14619883]
val_loss=98.0845
accuracy
[0.01169591 0.02339181 0.06432749 0.14619883]
val_loss=99.0294
accuracy
[0.01169591 0.02339181 0.06432749 0.14619883]
val_loss=99.5633
accuracy
[0.01169591 0.02339181 0.06432749 0.14619883]
val_loss=99.8648
accuracy
[0.01169591 0.02339181 0.06432749 0.14619883]
val_loss=100.4457
accuracy
[0.01169591 0.02339181 0.06432749 0.14619883]
val_loss=100.9088
accuracy
[0.01169591 0.02339181 0.06432749 0.14619883]
val_loss=100.9834
accuracy
[0.01169591 0.02339181 0.06432749 0.14619883]
val_loss=101.8515
accuracy
[0.01169591 0.02339181 0.06432749 0.14619883]
val_loss=102.3374
accuracy
[0.01169591 0.02339181 0.06432749 0.14619883]
val_loss=102.5607
accuracy
[0.01169591 0.02339181 0.06432749 0.14619883]
val_loss=103.1316
accuracy
[0.01169591 0.02339181 0.06432749 0.14619883]
val_loss=104.1361
accuracy
[0.01169591 0.02339181 0.06432749 0.14619883]
val_loss=104.6077
accuracy
[0.01169591 0.02339181 0.06432749 0.14619883]
val_loss=104.8153
accuracy
[0.01169591 0.02339181 0.06432749 0.14619883]
val_loss=105.5510
accuracy
[0.01169591 0.02339181 0.06432749 0.14619883]
val_loss=105.5460
accuracy
[0.01169591 0.02339181 0.06432749 0.14619883]
val_loss=105.6608
accuracy
[0.01169591 0.02339181 0.06432749 0.14619883]
val_loss=105.8083
accuracy
[0.01169591 0.02339181 0.06432749 0.14619883]
val_loss=106.0383
accuracy
[0.01169591 0.02339181 0.06432749 0.14619883]
val_loss=106.0899
accuracy
[0.01169591 0.02339181 0.06432749 0.14619883]
val_loss=106.1751
accuracy
[0.01169591 0.02339181 0.06432749 0.14619883]
val_loss=106.2920
accuracy
[0.01169591 0.02339181 0.06432749 0.14619883]
val_loss=106.3630
accuracy
[0.01169591 0.02339181 0.06432749 0.14619883]
val_loss=106.5283
accuracy
[0.01169591 0.02339181 0.06432749 0.14619883]
val_loss=106.5991
accuracy
[0.01169591 0.02339181 0.06432749 0.14619883]
val_loss=106.7969
accuracy
[0.01169591 0.02339181 0.06432749 0.14619883]
val_loss=106.9333
accuracy
[0.01169591 0.02339181 0.06432749 0.14619883]
val_loss=107.0992
accuracy
[0.01169591 0.02339181 0.06432749 0.14619883]
val_loss=107.1373
accuracy
[0.01169591 0.02339181 0.06432749 0.14619883]
val_loss=107.3143
accuracy
[0.01169591 0.02339181 0.06432749 0.14619883]
val_loss=107.3971
accuracy
[0.01169591 0.02339181 0.06432749 0.14619883]
val_loss=107.5149
accuracy
[0.01169591 0.02339181 0.06432749 0.14619883]
val_loss=107.5892
accuracy
[0.01169591 0.02339181 0.06432749 0.14619883]
val_loss=107.6983
accuracy
[0.01169591 0.02339181 0.06432749 0.14619883]
val_loss=107.8919
accuracy
[0.01169591 0.02339181 0.06432749 0.14619883]
Finished Training
    rehearsal replay buffer: 500 of 1899 source samples
cpu
Finished Training
cpu
Finished Training
cpu
Finished Training
cpu
Finished Training
cpu
Finished Training
cpu
Finished Training
cpu
Finished Training
cpu
Finished Training
cpu
Finished Training
cpu
Finished Training
cpu
Finished Training
cpu
Finished Training
cpu
Finished Training
cpu
Finished Training
cpu
Finished Training
cpu
Finished Training
cpu
Finished Training
cpu
Finished Training
cpu
Finished Training
cpu
Finished Training
cpu
Finished Training
cpu
Finished Training
  seed 8: pretrain on scenario32straight (1899 samples), zero-shot eval on scenario7 (171 held-out test samples)
cpu
-----------------------------------------------------------------------
      Layer (type)        Output Shape         Param #     Tr. Param #
=======================================================================
          Linear-1           [32, 256]           1,280           1,280
            ReLU-2           [32, 256]               0               0
          Linear-3           [32, 256]          65,792          65,792
          Linear-4           [32, 256]          65,792          65,792
          Linear-5            [32, 16]           4,112           4,112
=======================================================================
Total params: 136,976
Trainable params: 136,976
Non-trainable params: 0
-----------------------------------------------------------------------
val_loss=12.1512
accuracy
[0.01754386 0.03508772 0.07017544 0.12280702]
val_loss=15.5904
accuracy
[0.         0.01754386 0.05263158 0.09356725]
val_loss=13.9565
accuracy
[0.01754386 0.05263158 0.05263158 0.10526316]
val_loss=17.1413
accuracy
[0.         0.01754386 0.05263158 0.10526316]
val_loss=22.6722
accuracy
[0.01754386 0.01754386 0.05263158 0.15204678]
val_loss=29.0971
accuracy
[0.01754386 0.01754386 0.05263158 0.15204678]
val_loss=33.3797
accuracy
[0.         0.01754386 0.05263158 0.16374269]
val_loss=37.4177
accuracy
[0.         0.01754386 0.05263158 0.16374269]
val_loss=41.2079
accuracy
[0.01754386 0.01754386 0.05263158 0.15204678]
val_loss=38.5463
accuracy
[0.         0.01754386 0.05263158 0.15204678]
val_loss=44.4793
accuracy
[0.01754386 0.01754386 0.05263158 0.15204678]
val_loss=47.8957
accuracy
[0.         0.01754386 0.05263158 0.15204678]
val_loss=49.7759
accuracy
[0.         0.01754386 0.05263158 0.15204678]
val_loss=54.9289
accuracy
[0.         0.01754386 0.05263158 0.15204678]
val_loss=59.9963
accuracy
[0.         0.01754386 0.05263158 0.15204678]
val_loss=52.8014
accuracy
[0.         0.01754386 0.05263158 0.15204678]
val_loss=61.9347
accuracy
[0.         0.01754386 0.05263158 0.15204678]
val_loss=63.1508
accuracy
[0.         0.01754386 0.05263158 0.15204678]
val_loss=72.2963
accuracy
[0.         0.01754386 0.05263158 0.15204678]
val_loss=81.0523
accuracy
[0.         0.01754386 0.05263158 0.15204678]
val_loss=82.5081
accuracy
[0.         0.01754386 0.05263158 0.15204678]
val_loss=85.5764
accuracy
[0.         0.01754386 0.05263158 0.15204678]
val_loss=89.3330
accuracy
[0.         0.01754386 0.05263158 0.15204678]
val_loss=86.8566
accuracy
[0.         0.01754386 0.05263158 0.15204678]
val_loss=90.7873
accuracy
[0.         0.01754386 0.05263158 0.15204678]
val_loss=94.4966
accuracy
[0.         0.01754386 0.05263158 0.15204678]
val_loss=95.5570
accuracy
[0.         0.01754386 0.05263158 0.15204678]
val_loss=96.9162
accuracy
[0.         0.01754386 0.05263158 0.15204678]
val_loss=100.3694
accuracy
[0.         0.01754386 0.05263158 0.15204678]
val_loss=101.6057
accuracy
[0.         0.01754386 0.05263158 0.15204678]
val_loss=102.7913
accuracy
[0.         0.01754386 0.05263158 0.15204678]
val_loss=104.1720
accuracy
[0.         0.01754386 0.05263158 0.15204678]
val_loss=105.0695
accuracy
[0.         0.01754386 0.05263158 0.15204678]
val_loss=108.0726
accuracy
[0.         0.01754386 0.05263158 0.15204678]
val_loss=109.8724
accuracy
[0.         0.01754386 0.05263158 0.15204678]
val_loss=109.1361
accuracy
[0.         0.01754386 0.05263158 0.15204678]
val_loss=110.6460
accuracy
[0.         0.01754386 0.05263158 0.15204678]
val_loss=112.8852
accuracy
[0.         0.01754386 0.05263158 0.15204678]
val_loss=114.0123
accuracy
[0.         0.01754386 0.05263158 0.15204678]
val_loss=114.6078
accuracy
[0.         0.01754386 0.05263158 0.15204678]
val_loss=114.1474
accuracy
[0.         0.01754386 0.05263158 0.15204678]
val_loss=114.6933
accuracy
[0.         0.01754386 0.05263158 0.15204678]
val_loss=115.6633
accuracy
[0.         0.01754386 0.05263158 0.15204678]
val_loss=116.1943
accuracy
[0.         0.01754386 0.05263158 0.15204678]
val_loss=116.2980
accuracy
[0.         0.01754386 0.05263158 0.15204678]
val_loss=116.5921
accuracy
[0.         0.01754386 0.05263158 0.15204678]
val_loss=117.0985
accuracy
[0.         0.01754386 0.05263158 0.15204678]
val_loss=116.9219
accuracy
[0.         0.01754386 0.05263158 0.15204678]
val_loss=118.1232
accuracy
[0.         0.01754386 0.05263158 0.15204678]
val_loss=118.3106
accuracy
[0.         0.01754386 0.05263158 0.15204678]
val_loss=118.5187
accuracy
[0.         0.01754386 0.05263158 0.15204678]
val_loss=119.0844
accuracy
[0.         0.01754386 0.05263158 0.15204678]
val_loss=119.8558
accuracy
[0.         0.01754386 0.05263158 0.15204678]
val_loss=119.9009
accuracy
[0.         0.01754386 0.05263158 0.15204678]
val_loss=120.1445
accuracy
[0.         0.01754386 0.05263158 0.15204678]
val_loss=120.3693
accuracy
[0.         0.01754386 0.05263158 0.15204678]
val_loss=121.1394
accuracy
[0.         0.01754386 0.05263158 0.15204678]
val_loss=121.5382
accuracy
[0.         0.01754386 0.05263158 0.15204678]
val_loss=121.7608
accuracy
[0.         0.01754386 0.05263158 0.15204678]
val_loss=122.0088
accuracy
[0.         0.01754386 0.05263158 0.15204678]
val_loss=121.9878
accuracy
[0.         0.01754386 0.05263158 0.15204678]
val_loss=122.1222
accuracy
[0.         0.01754386 0.05263158 0.15204678]
val_loss=122.1765
accuracy
[0.         0.01754386 0.05263158 0.15204678]
val_loss=122.3344
accuracy
[0.         0.01754386 0.05263158 0.15204678]
val_loss=122.3858
accuracy
[0.         0.01754386 0.05263158 0.15204678]
val_loss=122.5329
accuracy
[0.         0.01754386 0.05263158 0.15204678]
val_loss=122.7005
accuracy
[0.         0.01754386 0.05263158 0.15204678]
val_loss=122.7284
accuracy
[0.         0.01754386 0.05263158 0.15204678]
val_loss=122.8054
accuracy
[0.         0.01754386 0.05263158 0.15204678]
val_loss=122.7421
accuracy
[0.         0.01754386 0.05263158 0.15204678]
val_loss=122.9623
accuracy
[0.         0.01754386 0.05263158 0.15204678]
val_loss=123.0123
accuracy
[0.         0.01754386 0.05263158 0.15204678]
val_loss=123.1580
accuracy
[0.         0.01754386 0.05263158 0.15204678]
val_loss=123.2131
accuracy
[0.         0.01754386 0.05263158 0.15204678]
val_loss=123.3017
accuracy
[0.         0.01754386 0.05263158 0.15204678]
val_loss=123.4415
accuracy
[0.         0.01754386 0.05263158 0.15204678]
val_loss=123.4943
accuracy
[0.         0.01754386 0.05263158 0.15204678]
val_loss=123.6460
accuracy
[0.         0.01754386 0.05263158 0.15204678]
val_loss=123.6956
accuracy
[0.         0.01754386 0.05263158 0.15204678]
val_loss=123.7851
accuracy
[0.         0.01754386 0.05263158 0.15204678]
Finished Training
    rehearsal replay buffer: 500 of 1899 source samples
cpu
Finished Training
cpu
Finished Training
cpu
Finished Training
cpu
Finished Training
cpu
Finished Training
cpu
Finished Training
cpu
Finished Training
cpu
Finished Training
cpu
Finished Training
cpu
Finished Training
cpu
Finished Training
cpu
Finished Training
cpu
Finished Training
cpu
Finished Training
cpu
Finished Training
cpu
Finished Training
cpu
Finished Training
cpu
Finished Training
cpu
Finished Training
cpu
Finished Training
cpu
Finished Training
cpu
Finished Training
  seed 9: pretrain on scenario32straight (1899 samples), zero-shot eval on scenario7 (171 held-out test samples)
cpu
-----------------------------------------------------------------------
      Layer (type)        Output Shape         Param #     Tr. Param #
=======================================================================
          Linear-1           [32, 256]           1,280           1,280
            ReLU-2           [32, 256]               0               0
          Linear-3           [32, 256]          65,792          65,792
          Linear-4           [32, 256]          65,792          65,792
          Linear-5            [32, 16]           4,112           4,112
=======================================================================
Total params: 136,976
Trainable params: 136,976
Non-trainable params: 0
-----------------------------------------------------------------------
val_loss=18.7222
accuracy
[0.02923977 0.07017544 0.11111111 0.14035088]
val_loss=19.5750
accuracy
[0.04093567 0.07017544 0.07017544 0.12865497]
val_loss=22.1651
accuracy
[0.02923977 0.02923977 0.07602339 0.13450292]
val_loss=27.0121
accuracy
[0.         0.02923977 0.07017544 0.14619883]
val_loss=33.4970
accuracy
[0.02923977 0.02923977 0.07017544 0.14619883]
val_loss=31.2477
accuracy
[0.02923977 0.02923977 0.07017544 0.16374269]
val_loss=38.3867
accuracy
[0.02923977 0.02923977 0.07017544 0.14035088]
val_loss=42.5580
accuracy
[0.02923977 0.02923977 0.07017544 0.14035088]
val_loss=46.5519
accuracy
[0.         0.02923977 0.07017544 0.14619883]
val_loss=50.0893
accuracy
[0.         0.02923977 0.07017544 0.14035088]
val_loss=50.6565
accuracy
[0.         0.02923977 0.07017544 0.1871345 ]
val_loss=49.7479
accuracy
[0.         0.02923977 0.07017544 0.14035088]
val_loss=55.3664
accuracy
[0.         0.02923977 0.07017544 0.1871345 ]
val_loss=58.2340
accuracy
[0.         0.02923977 0.07017544 0.1871345 ]
val_loss=58.9372
accuracy
[0.         0.02923977 0.07017544 0.1871345 ]
val_loss=54.1100
accuracy
[0.         0.02923977 0.07017544 0.1871345 ]
val_loss=61.5633
accuracy
[0.         0.02923977 0.07017544 0.1871345 ]
val_loss=66.5742
accuracy
[0.         0.02923977 0.07017544 0.1871345 ]
val_loss=69.5372
accuracy
[0.         0.02923977 0.07017544 0.1871345 ]
val_loss=70.2485
accuracy
[0.         0.02923977 0.07017544 0.1871345 ]
val_loss=71.9399
accuracy
[0.         0.02923977 0.07017544 0.1871345 ]
val_loss=74.8874
accuracy
[0.         0.02923977 0.07017544 0.1871345 ]
val_loss=77.0199
accuracy
[0.         0.02923977 0.07017544 0.1871345 ]
val_loss=81.3905
accuracy
[0.         0.02923977 0.07017544 0.1871345 ]
val_loss=81.7231
accuracy
[0.         0.02923977 0.07017544 0.1871345 ]
val_loss=82.8522
accuracy
[0.         0.02923977 0.07017544 0.1871345 ]
val_loss=85.1026
accuracy
[0.         0.02923977 0.07017544 0.1871345 ]
val_loss=87.0334
accuracy
[0.         0.02923977 0.07017544 0.1871345 ]
val_loss=88.2068
accuracy
[0.         0.02923977 0.07017544 0.1871345 ]
val_loss=90.5434
accuracy
[0.         0.02923977 0.07017544 0.1871345 ]
val_loss=90.2084
accuracy
[0.         0.02923977 0.07017544 0.1871345 ]
val_loss=93.1540
accuracy
[0.         0.02923977 0.07017544 0.1871345 ]
val_loss=93.8260
accuracy
[0.         0.02923977 0.07017544 0.1871345 ]
val_loss=93.8315
accuracy
[0.         0.02923977 0.07017544 0.1871345 ]
val_loss=95.3482
accuracy
[0.         0.02923977 0.07017544 0.1871345 ]
val_loss=98.7263
accuracy
[0.         0.02923977 0.07017544 0.1871345 ]
val_loss=98.4030
accuracy
[0.         0.02923977 0.07017544 0.1871345 ]
val_loss=97.8119
accuracy
[0.         0.02923977 0.07017544 0.1871345 ]
val_loss=99.4519
accuracy
[0.         0.02923977 0.07017544 0.1871345 ]
val_loss=100.4778
accuracy
[0.         0.02923977 0.07017544 0.1871345 ]
val_loss=101.0492
accuracy
[0.         0.02923977 0.07017544 0.1871345 ]
val_loss=101.4769
accuracy
[0.         0.02923977 0.07017544 0.1871345 ]
val_loss=101.5717
accuracy
[0.         0.02923977 0.07017544 0.1871345 ]
val_loss=102.2866
accuracy
[0.         0.02923977 0.07017544 0.1871345 ]
val_loss=102.1331
accuracy
[0.         0.02923977 0.07017544 0.1871345 ]
val_loss=102.3462
accuracy
[0.         0.02923977 0.07017544 0.1871345 ]
val_loss=102.8736
accuracy
[0.         0.02923977 0.07017544 0.1871345 ]
val_loss=103.0996
accuracy
[0.         0.02923977 0.07017544 0.1871345 ]
val_loss=103.8928
accuracy
[0.         0.02923977 0.07017544 0.1871345 ]
val_loss=103.7409
accuracy
[0.         0.02923977 0.07017544 0.1871345 ]
val_loss=104.7204
accuracy
[0.         0.02923977 0.07017544 0.1871345 ]
val_loss=104.6933
accuracy
[0.         0.02923977 0.07017544 0.1871345 ]
val_loss=104.7233
accuracy
[0.         0.02923977 0.07017544 0.1871345 ]
val_loss=105.0876
accuracy
[0.         0.02923977 0.07017544 0.1871345 ]
val_loss=105.0563
accuracy
[0.         0.02923977 0.07017544 0.1871345 ]
val_loss=105.8010
accuracy
[0.         0.02923977 0.07017544 0.1871345 ]
val_loss=106.3253
accuracy
[0.         0.02923977 0.07017544 0.1871345 ]
val_loss=106.0180
accuracy
[0.         0.02923977 0.07017544 0.1871345 ]
val_loss=106.4242
accuracy
[0.         0.02923977 0.07017544 0.1871345 ]
val_loss=106.6261
accuracy
[0.         0.02923977 0.07017544 0.1871345 ]
val_loss=106.6836
accuracy
[0.         0.02923977 0.07017544 0.1871345 ]
val_loss=106.7648
accuracy
[0.         0.02923977 0.07017544 0.1871345 ]
val_loss=106.8334
accuracy
[0.         0.02923977 0.07017544 0.1871345 ]
val_loss=106.8487
accuracy
[0.         0.02923977 0.07017544 0.1871345 ]
val_loss=106.9694
accuracy
[0.         0.02923977 0.07017544 0.1871345 ]
val_loss=107.0895
accuracy
[0.         0.02923977 0.07017544 0.1871345 ]
val_loss=107.1139
accuracy
[0.         0.02923977 0.07017544 0.1871345 ]
val_loss=107.2733
accuracy
[0.         0.02923977 0.07017544 0.1871345 ]
val_loss=107.2095
accuracy
[0.         0.02923977 0.07017544 0.1871345 ]
val_loss=107.3413
accuracy
[0.         0.02923977 0.07017544 0.1871345 ]
val_loss=107.4566
accuracy
[0.         0.02923977 0.07017544 0.1871345 ]
val_loss=107.4759
accuracy
[0.         0.02923977 0.07017544 0.1871345 ]
val_loss=107.4712
accuracy
[0.         0.02923977 0.07017544 0.1871345 ]
val_loss=107.6207
accuracy
[0.         0.02923977 0.07017544 0.1871345 ]
val_loss=107.6395
accuracy
[0.         0.02923977 0.07017544 0.1871345 ]
val_loss=107.6219
accuracy
[0.         0.02923977 0.07017544 0.1871345 ]
val_loss=107.7862
accuracy
[0.         0.02923977 0.07017544 0.1871345 ]
val_loss=107.8523
accuracy
[0.         0.02923977 0.07017544 0.1871345 ]
val_loss=107.9051
accuracy
[0.         0.02923977 0.07017544 0.1871345 ]
val_loss=107.9722
accuracy
[0.         0.02923977 0.07017544 0.1871345 ]
Finished Training
    rehearsal replay buffer: 500 of 1899 source samples
cpu
Finished Training
cpu
Finished Training
cpu
Finished Training
cpu
Finished Training
cpu
Finished Training
cpu
Finished Training
cpu
Finished Training
cpu
Finished Training
cpu
Finished Training
cpu
Finished Training
cpu
Finished Training
cpu
Finished Training
cpu
Finished Training
cpu
Finished Training
cpu
Finished Training
cpu
Finished Training
cpu
Finished Training
cpu
Finished Training
cpu
Finished Training
cpu
Finished Training
cpu
Finished Training
cpu
Finished Training
Saved result\stage1_s32straight_to_s7_rehearsal_acc.mat and result\stage1_s32straight_to_s7_rehearsal_pwr.mat (10/10 seeds completed)

======================================================================
Rehearsal comparison: scenario32straight -> scenario33straight  (s32straight_to_s33straight)
======================================================================
  seed 0: pretrain on scenario32straight (1899 samples), zero-shot eval on scenario33straight (515 held-out test samples)
cpu
-----------------------------------------------------------------------
      Layer (type)        Output Shape         Param #     Tr. Param #
=======================================================================
          Linear-1           [32, 256]           1,280           1,280
            ReLU-2           [32, 256]               0               0
          Linear-3           [32, 256]          65,792          65,792
          Linear-4           [32, 256]          65,792          65,792
          Linear-5            [32, 16]           4,112           4,112
=======================================================================
Total params: 136,976
Trainable params: 136,976
Non-trainable params: 0
-----------------------------------------------------------------------
val_loss=2.1418
accuracy
[0.27961165 0.46019417 0.86601942 0.92815534]
val_loss=5.5691
accuracy
[0.09126214 0.21747573 0.31262136 0.54368932]
val_loss=4.1180
accuracy
[0.0776699  0.34174757 0.51456311 0.84660194]
val_loss=5.6127
accuracy
[0.04271845 0.22524272 0.44466019 0.5592233 ]
val_loss=6.1754
accuracy
[0.03883495 0.26213592 0.46601942 0.53203883]
val_loss=4.4222
accuracy
[0.08349515 0.24466019 0.52815534 0.55339806]
val_loss=6.9295
accuracy
[0.06601942 0.20970874 0.46990291 0.54174757]
val_loss=5.1878
accuracy
[0.12427184 0.27961165 0.49514563 0.55728155]
val_loss=4.4565
accuracy
[0.11067961 0.34951456 0.4815534  0.66990291]
val_loss=6.1738
accuracy
[0.04466019 0.3223301  0.49320388 0.58834951]
val_loss=6.4306
accuracy
[0.07961165 0.17281553 0.37669903 0.43300971]
val_loss=6.4924
accuracy
[0.06407767 0.13786408 0.35145631 0.47572816]
val_loss=5.5774
accuracy
[0.1223301  0.25631068 0.35728155 0.54951456]
val_loss=7.4399
accuracy
[0.08737864 0.17087379 0.35728155 0.43883495]
val_loss=8.0427
accuracy
[0.04854369 0.11456311 0.22135922 0.44660194]
val_loss=6.5976
accuracy
[0.06796117 0.22718447 0.33009709 0.52815534]
val_loss=6.4539
accuracy
[0.07378641 0.18252427 0.35728155 0.48349515]
val_loss=6.6216
accuracy
[0.05436893 0.2038835  0.31262136 0.51456311]
val_loss=7.3449
accuracy
[0.09902913 0.21747573 0.27961165 0.50485437]
val_loss=6.4936
accuracy
[0.09514563 0.1961165  0.29514563 0.48737864]
val_loss=7.3237
accuracy
[0.06990291 0.17475728 0.25825243 0.4368932 ]
val_loss=7.2877
accuracy
[0.0815534  0.19223301 0.2776699  0.44271845]
val_loss=7.9788
accuracy
[0.06213592 0.16699029 0.25242718 0.43883495]
val_loss=7.6820
accuracy
[0.06601942 0.1592233  0.25048544 0.43300971]
val_loss=8.6646
accuracy
[0.07184466 0.14757282 0.2407767  0.42912621]
val_loss=7.2035
accuracy
[0.07184466 0.17281553 0.25436893 0.43495146]
val_loss=8.0540
accuracy
[0.07184466 0.1631068  0.24271845 0.41747573]
val_loss=7.8520
accuracy
[0.07572816 0.16504854 0.24854369 0.43883495]
val_loss=7.6924
accuracy
[0.07572816 0.15533981 0.23300971 0.42135922]
val_loss=8.4738
accuracy
[0.06601942 0.1592233  0.23106796 0.42330097]
val_loss=7.8724
accuracy
[0.07378641 0.17864078 0.25631068 0.43300971]
val_loss=8.2657
accuracy
[0.07572816 0.16893204 0.25048544 0.42524272]
val_loss=7.6311
accuracy
[0.06990291 0.17281553 0.23106796 0.41165049]
val_loss=7.5659
accuracy
[0.08349515 0.17087379 0.23495146 0.40582524]
val_loss=8.0780
accuracy
[0.0776699  0.16699029 0.24466019 0.42912621]
val_loss=8.4216
accuracy
[0.06990291 0.14563107 0.22718447 0.42524272]
val_loss=7.9960
accuracy
[0.07378641 0.17281553 0.24271845 0.43495146]
val_loss=7.6605
accuracy
[0.08543689 0.18834951 0.26213592 0.4368932 ]
val_loss=7.2465
accuracy
[0.0776699  0.19029126 0.27572816 0.44660194]
val_loss=8.4196
accuracy
[0.09514563 0.18834951 0.26990291 0.43106796]
val_loss=8.1220
accuracy
[0.07572816 0.16116505 0.24466019 0.42718447]
val_loss=8.0605
accuracy
[0.0815534  0.16699029 0.25048544 0.43300971]
val_loss=7.9772
accuracy
[0.0815534  0.17281553 0.25242718 0.43300971]
val_loss=8.1659
accuracy
[0.0776699  0.17087379 0.24854369 0.43300971]
val_loss=8.0285
accuracy
[0.08349515 0.18058252 0.26213592 0.43300971]
val_loss=7.9612
accuracy
[0.07961165 0.17669903 0.25631068 0.43883495]
val_loss=8.2261
accuracy
[0.07572816 0.1631068  0.2368932  0.42718447]
val_loss=8.0845
accuracy
[0.07572816 0.16893204 0.24271845 0.43300971]
val_loss=8.1238
accuracy
[0.07961165 0.17864078 0.25631068 0.43106796]
val_loss=8.0810
accuracy
[0.07184466 0.16699029 0.2368932  0.43106796]
val_loss=8.3963
accuracy
[0.07378641 0.15339806 0.22524272 0.42135922]
val_loss=8.2314
accuracy
[0.07572816 0.16116505 0.23495146 0.42524272]
val_loss=8.3216
accuracy
[0.07378641 0.16504854 0.2368932  0.43106796]
val_loss=8.1560
accuracy
[0.07961165 0.17087379 0.24466019 0.43300971]
val_loss=8.3704
accuracy
[0.07378641 0.16116505 0.23106796 0.42524272]
val_loss=8.2666
accuracy
[0.07572816 0.16504854 0.23495146 0.43106796]
val_loss=8.2259
accuracy
[0.0815534  0.17087379 0.24271845 0.42718447]
val_loss=8.1904
accuracy
[0.08543689 0.18058252 0.25048544 0.42912621]
val_loss=8.4800
accuracy
[0.07184466 0.15339806 0.22718447 0.42524272]
val_loss=8.0260
accuracy
[0.0815534  0.17864078 0.24854369 0.42718447]
val_loss=8.2982
accuracy
[0.07961165 0.16893204 0.2368932  0.42135922]
val_loss=8.2976
accuracy
[0.07572816 0.16893204 0.23883495 0.42330097]
val_loss=8.3308
accuracy
[0.07378641 0.16699029 0.2368932  0.42330097]
val_loss=8.3012
accuracy
[0.07572816 0.16893204 0.23495146 0.42135922]
val_loss=8.2676
accuracy
[0.07572816 0.17087379 0.2407767  0.42524272]
val_loss=8.2941
accuracy
[0.07378641 0.17087379 0.2368932  0.42718447]
val_loss=8.2723
accuracy
[0.07378641 0.17281553 0.2407767  0.42524272]
val_loss=8.3203
accuracy
[0.07572816 0.16893204 0.23883495 0.42135922]
val_loss=8.2534
accuracy
[0.07961165 0.17475728 0.24466019 0.42524272]
val_loss=8.3300
accuracy
[0.07961165 0.17087379 0.24271845 0.41941748]
val_loss=8.3523
accuracy
[0.0776699  0.16893204 0.2368932  0.41747573]
val_loss=8.2761
accuracy
[0.07572816 0.17087379 0.2407767  0.42135922]
val_loss=8.3480
accuracy
[0.07184466 0.16893204 0.23495146 0.41747573]
val_loss=8.2923
accuracy
[0.07961165 0.17475728 0.24271845 0.41941748]
val_loss=8.3616
accuracy
[0.07184466 0.16699029 0.2368932  0.41747573]
val_loss=8.3070
accuracy
[0.07378641 0.17087379 0.23495146 0.41941748]
val_loss=8.3628
accuracy
[0.07961165 0.17087379 0.23883495 0.41359223]
val_loss=8.3582
accuracy
[0.07378641 0.16893204 0.2368932  0.41553398]
val_loss=8.3441
accuracy
[0.07572816 0.17087379 0.23883495 0.41553398]
val_loss=8.4225
accuracy
[0.07184466 0.16699029 0.23495146 0.41359223]
Finished Training
    rehearsal replay buffer: 500 of 1899 source samples
cpu
Finished Training
cpu
Finished Training
cpu
Finished Training
cpu
Finished Training
cpu
Finished Training
cpu
Finished Training
cpu
Finished Training
cpu
Finished Training
cpu
Finished Training
cpu
Finished Training
cpu
Finished Training
cpu
Finished Training
cpu
Finished Training
cpu
Finished Training
cpu
Finished Training
cpu
Finished Training
cpu
Finished Training
cpu
Finished Training
cpu
Finished Training
cpu
Finished Training
cpu
Finished Training
cpu
Finished Training
  seed 1: pretrain on scenario32straight (1899 samples), zero-shot eval on scenario33straight (515 held-out test samples)
cpu
-----------------------------------------------------------------------
      Layer (type)        Output Shape         Param #     Tr. Param #
=======================================================================
          Linear-1           [32, 256]           1,280           1,280
            ReLU-2           [32, 256]               0               0
          Linear-3           [32, 256]          65,792          65,792
          Linear-4           [32, 256]          65,792          65,792
          Linear-5            [32, 16]           4,112           4,112
=======================================================================
Total params: 136,976
Trainable params: 136,976
Non-trainable params: 0
-----------------------------------------------------------------------
val_loss=2.4896
accuracy
[0.28543689 0.4038835  0.56893204 0.96116505]
val_loss=2.7461
accuracy
[0.22330097 0.42330097 0.93398058 0.98834951]
val_loss=2.8155
accuracy
[0.18834951 0.41359223 0.93398058 0.98834951]
val_loss=4.2645
accuracy
[0.0368932  0.26213592 0.41165049 0.61747573]
val_loss=4.2698
accuracy
[0.05048544 0.26796117 0.46019417 0.56504854]
val_loss=4.7045
accuracy
[0.03495146 0.32815534 0.50485437 0.59029126]
val_loss=6.6403
accuracy
[0.04660194 0.27184466 0.35728155 0.42135922]
val_loss=5.0663
accuracy
[0.03495146 0.30485437 0.45631068 0.50097087]
val_loss=5.4349
accuracy
[0.03495146 0.30291262 0.44854369 0.51262136]
val_loss=5.5986
accuracy
[0.09320388 0.39029126 0.48737864 0.5631068 ]
val_loss=6.0864
accuracy
[0.08543689 0.34174757 0.44271845 0.52621359]
val_loss=5.7629
accuracy
[0.10679612 0.35728155 0.4038835  0.48543689]
val_loss=6.4631
accuracy
[0.05048544 0.29708738 0.39805825 0.47184466]
val_loss=6.3632
accuracy
[0.06407767 0.31067961 0.38252427 0.46213592]
val_loss=4.8704
accuracy
[0.09902913 0.34757282 0.44466019 0.54563107]
val_loss=6.5722
accuracy
[0.04660194 0.24660194 0.39417476 0.48737864]
val_loss=6.3414
accuracy
[0.06019417 0.18252427 0.24660194 0.45242718]
val_loss=6.2000
accuracy
[0.05048544 0.30679612 0.40194175 0.49126214]
val_loss=6.4904
accuracy
[0.06407767 0.17475728 0.35728155 0.41359223]
val_loss=8.4529
accuracy
[0.07572816 0.16116505 0.3631068  0.41165049]
val_loss=7.3035
accuracy
[0.07572816 0.18252427 0.27572816 0.44660194]
val_loss=7.5575
accuracy
[0.06601942 0.16504854 0.23300971 0.42330097]
val_loss=7.6594
accuracy
[0.06407767 0.16116505 0.21941748 0.42135922]
val_loss=8.2008
accuracy
[0.05825243 0.15339806 0.20970874 0.41553398]
val_loss=8.5445
accuracy
[0.06796117 0.1592233  0.2038835  0.40194175]
val_loss=8.2276
accuracy
[0.06990291 0.16699029 0.21747573 0.41359223]
val_loss=8.0888
accuracy
[0.06796117 0.15339806 0.20582524 0.39417476]
val_loss=7.9249
accuracy
[0.06990291 0.17281553 0.22912621 0.42330097]
val_loss=7.6875
accuracy
[0.08543689 0.18446602 0.22718447 0.42912621]
val_loss=8.0793
accuracy
[0.06796117 0.18446602 0.2368932  0.43106796]
val_loss=8.2145
accuracy
[0.0815534  0.16893204 0.21165049 0.40194175]
val_loss=8.6464
accuracy
[0.06407767 0.15145631 0.20776699 0.40194175]
val_loss=7.8305
accuracy
[0.06019417 0.16116505 0.20970874 0.42330097]
val_loss=8.3766
accuracy
[0.06407767 0.15728155 0.21553398 0.41165049]
val_loss=7.8736
accuracy
[0.07184466 0.1631068  0.20970874 0.42912621]
val_loss=7.7893
accuracy
[0.07184466 0.16504854 0.22135922 0.41359223]
val_loss=8.2341
accuracy
[0.06019417 0.16504854 0.20194175 0.42524272]
val_loss=8.4589
accuracy
[0.06407767 0.14174757 0.2        0.3961165 ]
val_loss=7.6149
accuracy
[0.08543689 0.18834951 0.23495146 0.43883495]
val_loss=7.8079
accuracy
[0.07184466 0.1592233  0.20776699 0.41941748]
val_loss=8.1502
accuracy
[0.07572816 0.16893204 0.20970874 0.41747573]
val_loss=8.4779
accuracy
[0.07184466 0.16116505 0.20582524 0.41359223]
val_loss=8.6997
accuracy
[0.06990291 0.15533981 0.19805825 0.41165049]
val_loss=8.2924
accuracy
[0.0776699  0.17281553 0.21165049 0.40970874]
val_loss=8.2429
accuracy
[0.07378641 0.16116505 0.20970874 0.41165049]
val_loss=8.2268
accuracy
[0.07961165 0.17087379 0.21359223 0.41553398]
val_loss=8.5423
accuracy
[0.06990291 0.16116505 0.2        0.40776699]
val_loss=8.4341
accuracy
[0.07184466 0.16116505 0.20582524 0.40776699]
val_loss=8.5667
accuracy
[0.07572816 0.16504854 0.20194175 0.40970874]
val_loss=8.7277
accuracy
[0.06990291 0.1631068  0.2038835  0.41165049]
val_loss=8.3626
accuracy
[0.06990291 0.16116505 0.2038835  0.41165049]
val_loss=8.1526
accuracy
[0.07184466 0.16504854 0.21165049 0.42135922]
val_loss=8.5708
accuracy
[0.07378641 0.16116505 0.20194175 0.40776699]
val_loss=8.5054
accuracy
[0.07378641 0.16504854 0.20776699 0.41165049]
val_loss=8.5487
accuracy
[0.0776699  0.17281553 0.21165049 0.41165049]
val_loss=8.5861
accuracy
[0.07572816 0.16504854 0.2        0.40970874]
val_loss=8.6602
accuracy
[0.06796117 0.15728155 0.2        0.41165049]
val_loss=8.6843
accuracy
[0.07184466 0.1631068  0.20194175 0.40970874]
val_loss=8.1593
accuracy
[0.07572816 0.17087379 0.21165049 0.42330097]
val_loss=8.3537
accuracy
[0.08737864 0.17475728 0.21165049 0.41359223]
val_loss=8.6414
accuracy
[0.07378641 0.16504854 0.2        0.41359223]
val_loss=8.5766
accuracy
[0.07378641 0.16504854 0.2        0.41359223]
val_loss=8.6032
accuracy
[0.07378641 0.16504854 0.2        0.41165049]
val_loss=8.4972
accuracy
[0.07378641 0.16504854 0.20194175 0.41359223]
val_loss=8.4912
accuracy
[0.07378641 0.16504854 0.2        0.41359223]
val_loss=8.5818
accuracy
[0.07378641 0.16504854 0.2        0.41359223]
val_loss=8.5575
accuracy
[0.07378641 0.16504854 0.2        0.41165049]
val_loss=8.6430
accuracy
[0.07378641 0.16504854 0.2        0.41359223]
val_loss=8.6671
accuracy
[0.07378641 0.1631068  0.2        0.41165049]
val_loss=8.5640
accuracy
[0.07378641 0.16504854 0.2        0.41165049]
val_loss=8.6529
accuracy
[0.07378641 0.16504854 0.2        0.41359223]
val_loss=8.5843
accuracy
[0.07572816 0.16504854 0.2038835  0.41359223]
val_loss=8.6710
accuracy
[0.07378641 0.1631068  0.2        0.41165049]
val_loss=8.6564
accuracy
[0.07378641 0.16504854 0.20194175 0.41359223]
val_loss=8.5869
accuracy
[0.07378641 0.16504854 0.2038835  0.41359223]
val_loss=8.6782
accuracy
[0.07378641 0.16504854 0.2        0.41359223]
val_loss=8.6416
accuracy
[0.07378641 0.16504854 0.2        0.41359223]
val_loss=8.7505
accuracy
[0.07378641 0.1631068  0.2        0.41165049]
val_loss=8.6850
accuracy
[0.07378641 0.1631068  0.2        0.41165049]
val_loss=8.7178
accuracy
[0.07378641 0.1631068  0.2        0.41359223]
Finished Training
    rehearsal replay buffer: 500 of 1899 source samples
cpu
Finished Training
cpu
Finished Training
cpu
Finished Training
cpu
Finished Training
cpu
Finished Training
cpu
Finished Training
cpu
Finished Training
cpu
Finished Training
cpu
Finished Training
cpu
Finished Training
cpu
Finished Training
cpu
Finished Training
cpu
Finished Training
cpu
Finished Training
cpu
Finished Training
cpu
Finished Training
cpu
Finished Training
cpu
Finished Training
cpu
Finished Training
cpu
Finished Training
cpu
Finished Training
cpu
Finished Training
  seed 2: pretrain on scenario32straight (1899 samples), zero-shot eval on scenario33straight (515 held-out test samples)
cpu
-----------------------------------------------------------------------
      Layer (type)        Output Shape         Param #     Tr. Param #
=======================================================================
          Linear-1           [32, 256]           1,280           1,280
            ReLU-2           [32, 256]               0               0
          Linear-3           [32, 256]          65,792          65,792
          Linear-4           [32, 256]          65,792          65,792
          Linear-5            [32, 16]           4,112           4,112
=======================================================================
Total params: 136,976
Trainable params: 136,976
Non-trainable params: 0
-----------------------------------------------------------------------
val_loss=2.9377
accuracy
[0.21359223 0.39417476 0.81747573 0.92427184]
val_loss=2.4693
accuracy
[0.16893204 0.50097087 0.86601942 0.98058252]
val_loss=5.2704
accuracy
[0.06213592 0.29320388 0.47572816 0.55339806]
val_loss=5.6246
accuracy
[0.05436893 0.21941748 0.37669903 0.51067961]
val_loss=4.7102
accuracy
[0.09514563 0.34368932 0.49320388 0.53980583]
val_loss=5.4705
accuracy
[0.04854369 0.28932039 0.43883495 0.49514563]
val_loss=5.3010
accuracy
[0.10873786 0.34563107 0.49514563 0.55728155]
val_loss=6.2410
accuracy
[0.04660194 0.24271845 0.40194175 0.49320388]
val_loss=6.3403
accuracy
[0.04660194 0.28737864 0.42135922 0.46990291]
val_loss=6.3561
accuracy
[0.0368932  0.26796117 0.40970874 0.49708738]
val_loss=6.6853
accuracy
[0.06601942 0.23883495 0.31456311 0.38058252]
val_loss=6.4551
accuracy
[0.0776699  0.34757282 0.4776699  0.53009709]
val_loss=8.3397
accuracy
[0.07572816 0.29708738 0.44854369 0.49902913]
val_loss=7.7385
accuracy
[0.05825243 0.17087379 0.37475728 0.4407767 ]
val_loss=8.2732
accuracy
[0.05825243 0.15728155 0.33203883 0.40582524]
val_loss=8.0077
accuracy
[0.04466019 0.17864078 0.41941748 0.49708738]
val_loss=7.9279
accuracy
[0.02524272 0.21747573 0.32038835 0.40194175]
val_loss=6.4834
accuracy
[0.0407767  0.32038835 0.40776699 0.51650485]
val_loss=7.6773
accuracy
[0.11067961 0.20970874 0.38058252 0.48932039]
val_loss=9.5857
accuracy
[0.06796117 0.16699029 0.24854369 0.43495146]
val_loss=9.8978
accuracy
[0.05825243 0.16699029 0.24466019 0.43106796]
val_loss=9.2389
accuracy
[0.06796117 0.17475728 0.25631068 0.45048544]
val_loss=8.2173
accuracy
[0.06407767 0.2        0.27378641 0.46601942]
val_loss=9.9309
accuracy
[0.05436893 0.1631068  0.22718447 0.41553398]
val_loss=9.6618
accuracy
[0.06407767 0.17669903 0.22524272 0.43106796]
val_loss=10.1431
accuracy
[0.05825243 0.17864078 0.22524272 0.43106796]
val_loss=9.2143
accuracy
[0.0776699  0.18834951 0.24271845 0.43300971]
val_loss=9.6176
accuracy
[0.06796117 0.17669903 0.21941748 0.41359223]
val_loss=8.5085
accuracy
[0.06990291 0.17864078 0.21941748 0.41941748]
val_loss=10.9660
accuracy
[0.06796117 0.17864078 0.21553398 0.41553398]
val_loss=9.7188
accuracy
[0.05631068 0.1631068  0.21941748 0.43106796]
val_loss=10.0813
accuracy
[0.06796117 0.17864078 0.21941748 0.41941748]
val_loss=9.4891
accuracy
[0.06601942 0.17087379 0.22524272 0.42718447]
val_loss=9.4447
accuracy
[0.06407767 0.17087379 0.21941748 0.40970874]
val_loss=10.3653
accuracy
[0.05631068 0.16116505 0.2038835  0.41747573]
val_loss=10.4195
accuracy
[0.05436893 0.15728155 0.2038835  0.38446602]
val_loss=9.2247
accuracy
[0.07184466 0.17864078 0.25048544 0.42524272]
val_loss=10.0346
accuracy
[0.07184466 0.17475728 0.21359223 0.4038835 ]
val_loss=9.4705
accuracy
[0.07378641 0.18834951 0.23106796 0.40970874]
val_loss=10.2754
accuracy
[0.06407767 0.17087379 0.21553398 0.3961165 ]
val_loss=9.0147
accuracy
[0.07378641 0.17669903 0.23300971 0.40582524]
val_loss=9.3727
accuracy
[0.06796117 0.17087379 0.22524272 0.40970874]
val_loss=9.7767
accuracy
[0.06990291 0.17669903 0.22330097 0.40194175]
val_loss=9.7268
accuracy
[0.06990291 0.17475728 0.22524272 0.40776699]
val_loss=9.7397
accuracy
[0.06796117 0.17475728 0.22330097 0.40970874]
val_loss=9.9306
accuracy
[0.06601942 0.17475728 0.21941748 0.40776699]
val_loss=10.2327
accuracy
[0.06601942 0.17281553 0.20970874 0.39805825]
val_loss=9.6354
accuracy
[0.06213592 0.17087379 0.21941748 0.41165049]
val_loss=9.8875
accuracy
[0.06796117 0.17475728 0.21553398 0.40194175]
val_loss=9.6225
accuracy
[0.06796117 0.18058252 0.22135922 0.41165049]
val_loss=9.8580
accuracy
[0.06990291 0.17087379 0.21553398 0.40194175]
val_loss=9.8020
accuracy
[0.06601942 0.17669903 0.21553398 0.40582524]
val_loss=9.4863
accuracy
[0.06213592 0.1592233  0.21359223 0.40194175]
val_loss=9.9440
accuracy
[0.06407767 0.16504854 0.21165049 0.39805825]
val_loss=9.6666
accuracy
[0.07378641 0.17669903 0.21941748 0.40194175]
val_loss=9.7033
accuracy
[0.07184466 0.17669903 0.21941748 0.40970874]
val_loss=10.0915
accuracy
[0.06990291 0.16504854 0.20776699 0.39417476]
val_loss=10.0617
accuracy
[0.06601942 0.16893204 0.20776699 0.39223301]
val_loss=10.0621
accuracy
[0.06990291 0.17864078 0.21747573 0.40194175]
val_loss=9.8508
accuracy
[0.07378641 0.17281553 0.20776699 0.38640777]
val_loss=9.8687
accuracy
[0.06796117 0.16699029 0.20970874 0.40194175]
val_loss=10.0131
accuracy
[0.06796117 0.16699029 0.20776699 0.3961165 ]
val_loss=10.0483
accuracy
[0.06990291 0.17087379 0.20776699 0.39417476]
val_loss=9.9736
accuracy
[0.06990291 0.17087379 0.20970874 0.4       ]
val_loss=9.9839
accuracy
[0.06990291 0.17087379 0.20970874 0.4       ]
val_loss=10.0108
accuracy
[0.06990291 0.17087379 0.20970874 0.39805825]
val_loss=9.9633
accuracy
[0.07184466 0.17281553 0.20970874 0.39805825]
val_loss=9.9972
accuracy
[0.06990291 0.17087379 0.20970874 0.4       ]
val_loss=9.9991
accuracy
[0.06990291 0.17087379 0.20970874 0.39805825]
val_loss=9.9472
accuracy
[0.06796117 0.17087379 0.20970874 0.4038835 ]
val_loss=9.9193
accuracy
[0.07184466 0.17281553 0.21165049 0.4038835 ]
val_loss=9.9651
accuracy
[0.07184466 0.17087379 0.20970874 0.4       ]
val_loss=9.9677
accuracy
[0.07184466 0.17087379 0.20970874 0.4038835 ]
val_loss=10.0010
accuracy
[0.07184466 0.17087379 0.20970874 0.4       ]
val_loss=10.1388
accuracy
[0.07184466 0.17087379 0.20776699 0.39417476]
val_loss=10.0181
accuracy
[0.07184466 0.17281553 0.21359223 0.40194175]
val_loss=10.1138
accuracy
[0.07184466 0.17087379 0.20776699 0.39417476]
val_loss=10.0288
accuracy
[0.06990291 0.17087379 0.21165049 0.40194175]
val_loss=9.9023
accuracy
[0.07184466 0.17281553 0.21165049 0.4038835 ]
val_loss=9.9017
accuracy
[0.06990291 0.17281553 0.21165049 0.4038835 ]
Finished Training
    rehearsal replay buffer: 500 of 1899 source samples
cpu
Finished Training
cpu
Finished Training
cpu
Finished Training
cpu
Finished Training
cpu
Finished Training
cpu
Finished Training
cpu
Finished Training
cpu
Finished Training
cpu
Finished Training
cpu
Finished Training
cpu
Finished Training
cpu
Finished Training
cpu
Finished Training
cpu
Finished Training
cpu
Finished Training
cpu
Finished Training
cpu
Finished Training
cpu
Finished Training
cpu
Finished Training
cpu
Finished Training
cpu
Finished Training
cpu
Finished Training
  seed 3: pretrain on scenario32straight (1899 samples), zero-shot eval on scenario33straight (515 held-out test samples)
cpu
-----------------------------------------------------------------------
      Layer (type)        Output Shape         Param #     Tr. Param #
=======================================================================
          Linear-1           [32, 256]           1,280           1,280
            ReLU-2           [32, 256]               0               0
          Linear-3           [32, 256]          65,792          65,792
          Linear-4           [32, 256]          65,792          65,792
          Linear-5            [32, 16]           4,112           4,112
=======================================================================
Total params: 136,976
Trainable params: 136,976
Non-trainable params: 0
-----------------------------------------------------------------------
val_loss=2.5784
accuracy
[0.18252427 0.37864078 0.76504854 0.9592233 ]
val_loss=3.8902
accuracy
[0.14757282 0.24271845 0.72815534 0.94563107]
val_loss=4.5399
accuracy
[0.04271845 0.23495146 0.43883495 0.52621359]
val_loss=6.4321
accuracy
[0.03106796 0.24854369 0.4038835  0.47378641]
val_loss=5.3506
accuracy
[0.06407767 0.28349515 0.44854369 0.55533981]
val_loss=7.4791
accuracy
[0.06407767 0.2        0.43883495 0.53786408]
val_loss=6.9744
accuracy
[0.06796117 0.16504854 0.33786408 0.37087379]
val_loss=6.1510
accuracy
[0.08932039 0.20194175 0.26990291 0.49126214]
val_loss=7.5493
accuracy
[0.06213592 0.12815534 0.25436893 0.41359223]
val_loss=8.4333
accuracy
[0.04466019 0.09708738 0.21747573 0.40582524]
val_loss=5.8733
accuracy
[0.05631068 0.18640777 0.34174757 0.5184466 ]
val_loss=8.4391
accuracy
[0.03495146 0.11650485 0.23300971 0.43300971]
val_loss=6.1869
accuracy
[0.07184466 0.18446602 0.30097087 0.50291262]
val_loss=6.8851
accuracy
[0.05436893 0.14368932 0.26019417 0.44854369]
val_loss=6.4411
accuracy
[0.06407767 0.16116505 0.25436893 0.40776699]
val_loss=6.7304
accuracy
[0.08543689 0.1631068  0.26601942 0.42912621]
val_loss=6.2440
accuracy
[0.11067961 0.18252427 0.28737864 0.47961165]
val_loss=7.5438
accuracy
[0.06796117 0.15533981 0.24854369 0.40582524]
val_loss=7.8058
accuracy
[0.06019417 0.13980583 0.2407767  0.42718447]
val_loss=9.1090
accuracy
[0.05436893 0.14757282 0.24660194 0.46407767]
val_loss=6.8909
accuracy
[0.07184466 0.16699029 0.29514563 0.48543689]
val_loss=7.5465
accuracy
[0.0776699  0.18252427 0.29320388 0.46601942]
val_loss=7.5594
accuracy
[0.06990291 0.16699029 0.25242718 0.42912621]
val_loss=8.1414
accuracy
[0.06990291 0.15339806 0.25825243 0.43300971]
val_loss=8.5228
accuracy
[0.05825243 0.13592233 0.22718447 0.41553398]
val_loss=7.5414
accuracy
[0.07572816 0.15533981 0.24466019 0.42912621]
val_loss=8.1843
accuracy
[0.07184466 0.14951456 0.2407767  0.40776699]
val_loss=8.8997
accuracy
[0.05825243 0.14368932 0.22330097 0.39223301]
val_loss=8.2364
accuracy
[0.06019417 0.13203883 0.21359223 0.38058252]
val_loss=8.1935
accuracy
[0.06407767 0.13980583 0.22135922 0.3961165 ]
val_loss=8.1734
accuracy
[0.06796117 0.14368932 0.2368932  0.4038835 ]
val_loss=7.8381
accuracy
[0.0776699  0.15533981 0.2368932  0.40582524]
val_loss=8.2391
accuracy
[0.06601942 0.14563107 0.24660194 0.41165049]
val_loss=8.1950
accuracy
[0.06796117 0.14757282 0.2407767  0.40970874]
val_loss=8.2918
accuracy
[0.08543689 0.17087379 0.23883495 0.39805825]
val_loss=8.8354
accuracy
[0.06601942 0.14174757 0.22330097 0.4       ]
val_loss=8.4590
accuracy
[0.05631068 0.12621359 0.20776699 0.38058252]
val_loss=8.3465
accuracy
[0.07184466 0.14951456 0.22524272 0.40776699]
val_loss=8.4974
accuracy
[0.06019417 0.13398058 0.21941748 0.39029126]
val_loss=7.7711
accuracy
[0.06019417 0.13980583 0.22718447 0.41165049]
val_loss=8.1324
accuracy
[0.06990291 0.14757282 0.23883495 0.41747573]
val_loss=8.1338
accuracy
[0.06407767 0.14563107 0.23300971 0.41359223]
val_loss=8.4065
accuracy
[0.06990291 0.15145631 0.2368932  0.40970874]
val_loss=8.2983
accuracy
[0.06796117 0.14563107 0.23495146 0.41747573]
val_loss=8.4096
accuracy
[0.06601942 0.14563107 0.23106796 0.40970874]
val_loss=8.4500
accuracy
[0.06601942 0.14951456 0.23300971 0.41553398]
val_loss=8.5545
accuracy
[0.06796117 0.14951456 0.23495146 0.40776699]
val_loss=8.2704
accuracy
[0.06990291 0.14951456 0.23300971 0.41747573]
val_loss=8.5397
accuracy
[0.07184466 0.14951456 0.23495146 0.41165049]
val_loss=8.4745
accuracy
[0.06407767 0.14951456 0.23106796 0.40970874]
val_loss=8.3352
accuracy
[0.06019417 0.14563107 0.22912621 0.41747573]
val_loss=8.5982
accuracy
[0.06990291 0.14951456 0.23495146 0.41553398]
val_loss=8.6307
accuracy
[0.06407767 0.14563107 0.23106796 0.41165049]
val_loss=8.6210
accuracy
[0.06019417 0.14757282 0.23106796 0.41359223]
val_loss=8.6141
accuracy
[0.06990291 0.15145631 0.23300971 0.41359223]
val_loss=9.1020
accuracy
[0.05825243 0.13786408 0.22912621 0.39223301]
val_loss=8.5237
accuracy
[0.06601942 0.14951456 0.22718447 0.41941748]
val_loss=8.6991
accuracy
[0.06407767 0.14563107 0.22718447 0.40582524]
val_loss=8.7553
accuracy
[0.06019417 0.14563107 0.22718447 0.40582524]
val_loss=8.5131
accuracy
[0.07184466 0.15145631 0.23106796 0.41553398]
val_loss=8.6637
accuracy
[0.06990291 0.14757282 0.22912621 0.41165049]
val_loss=8.7027
accuracy
[0.06601942 0.14563107 0.22912621 0.41165049]
val_loss=8.6741
accuracy
[0.06601942 0.14563107 0.22912621 0.41553398]
val_loss=8.7571
accuracy
[0.06796117 0.14563107 0.22912621 0.40776699]
val_loss=8.7774
accuracy
[0.06601942 0.14563107 0.22912621 0.41165049]
val_loss=8.7316
accuracy
[0.06601942 0.14563107 0.22912621 0.41165049]
val_loss=8.7709
accuracy
[0.06601942 0.14563107 0.22912621 0.41165049]
val_loss=8.7672
accuracy
[0.06796117 0.14563107 0.22912621 0.40970874]
val_loss=8.7605
accuracy
[0.06601942 0.14563107 0.22912621 0.41165049]
val_loss=8.7043
accuracy
[0.06990291 0.14563107 0.22912621 0.41359223]
val_loss=8.8133
accuracy
[0.06601942 0.14563107 0.22912621 0.40970874]
val_loss=8.7772
accuracy
[0.06796117 0.14563107 0.22912621 0.41165049]
val_loss=8.7602
accuracy
[0.06796117 0.14563107 0.22912621 0.41165049]
val_loss=8.7359
accuracy
[0.06990291 0.14563107 0.22912621 0.41359223]
val_loss=8.7815
accuracy
[0.06601942 0.14563107 0.22912621 0.41165049]
val_loss=8.7698
accuracy
[0.06796117 0.14563107 0.22912621 0.41165049]
val_loss=8.8671
accuracy
[0.06990291 0.14563107 0.22912621 0.4038835 ]
val_loss=8.8480
accuracy
[0.06601942 0.14563107 0.22912621 0.40582524]
val_loss=8.8426
accuracy
[0.06601942 0.14563107 0.22912621 0.40970874]
val_loss=8.7484
accuracy
[0.06601942 0.14563107 0.22912621 0.41553398]
Finished Training
    rehearsal replay buffer: 500 of 1899 source samples
cpu
Finished Training
cpu
Finished Training
cpu
Finished Training
cpu
Finished Training
cpu
Finished Training
cpu
Finished Training
cpu
Finished Training
cpu
Finished Training
cpu
Finished Training
cpu
Finished Training
cpu
Finished Training
cpu
Finished Training
cpu
Finished Training
cpu
Finished Training
cpu
Finished Training
cpu
Finished Training
cpu
Finished Training
cpu
Finished Training
cpu
Finished Training
cpu
Finished Training
cpu
Finished Training
cpu
Finished Training
  seed 4: pretrain on scenario32straight (1899 samples), zero-shot eval on scenario33straight (515 held-out test samples)
cpu
-----------------------------------------------------------------------
      Layer (type)        Output Shape         Param #     Tr. Param #
=======================================================================
          Linear-1           [32, 256]           1,280           1,280
            ReLU-2           [32, 256]               0               0
          Linear-3           [32, 256]          65,792          65,792
          Linear-4           [32, 256]          65,792          65,792
          Linear-5            [32, 16]           4,112           4,112
=======================================================================
Total params: 136,976
Trainable params: 136,976
Non-trainable params: 0
-----------------------------------------------------------------------
val_loss=1.5406
accuracy
[0.3184466  0.6776699  0.89514563 0.97669903]
val_loss=3.5151
accuracy
[0.17864078 0.31262136 0.54563107 0.73203883]
val_loss=4.5143
accuracy
[0.06601942 0.22912621 0.4038835  0.49126214]
val_loss=4.9213
accuracy
[0.04271845 0.25048544 0.41747573 0.4776699 ]
val_loss=5.6525
accuracy
[0.05242718 0.26990291 0.40776699 0.48932039]
val_loss=6.2481
accuracy
[0.06407767 0.29320388 0.44854369 0.51650485]
val_loss=6.6597
accuracy
[0.02912621 0.20776699 0.38446602 0.48737864]
val_loss=7.4639
accuracy
[0.04271845 0.10097087 0.29126214 0.50679612]
val_loss=7.7595
accuracy
[0.08932039 0.28349515 0.38640777 0.42524272]
val_loss=7.0537
accuracy
[0.0368932  0.14563107 0.34174757 0.45631068]
val_loss=6.7497
accuracy
[0.04660194 0.15728155 0.37281553 0.4368932 ]
val_loss=6.7928
accuracy
[0.08349515 0.19029126 0.26601942 0.42135922]
val_loss=7.8145
accuracy
[0.06990291 0.18252427 0.2776699  0.45631068]
val_loss=6.8885
accuracy
[0.04271845 0.14174757 0.2815534  0.46407767]
val_loss=8.6344
accuracy
[0.05631068 0.13980583 0.24854369 0.44660194]
val_loss=7.6928
accuracy
[0.05242718 0.22912621 0.38640777 0.44660194]
val_loss=8.6705
accuracy
[0.04466019 0.10097087 0.28737864 0.35533981]
val_loss=9.1978
accuracy
[0.10291262 0.20194175 0.27378641 0.42135922]
val_loss=7.5232
accuracy
[0.05825243 0.18640777 0.2815534  0.47572816]
val_loss=9.6540
accuracy
[0.07184466 0.15145631 0.30291262 0.39029126]
val_loss=9.1099
accuracy
[0.07961165 0.17087379 0.25436893 0.4038835 ]
val_loss=9.8167
accuracy
[0.0815534  0.16699029 0.22330097 0.38252427]
val_loss=8.8955
accuracy
[0.07572816 0.16893204 0.25436893 0.40970874]
val_loss=9.4448
accuracy
[0.07961165 0.17087379 0.24660194 0.4038835 ]
val_loss=10.2976
accuracy
[0.08737864 0.16893204 0.22912621 0.38640777]
val_loss=9.6326
accuracy
[0.07572816 0.15339806 0.22135922 0.38834951]
val_loss=9.7340
accuracy
[0.08737864 0.17281553 0.2368932  0.39223301]
val_loss=9.0354
accuracy
[0.08349515 0.18058252 0.24854369 0.4038835 ]
val_loss=10.1530
accuracy
[0.0776699  0.18058252 0.24466019 0.4       ]
val_loss=9.5450
accuracy
[0.0776699  0.17669903 0.24271845 0.40582524]
val_loss=10.0255
accuracy
[0.07572816 0.15533981 0.23883495 0.40194175]
val_loss=10.5914
accuracy
[0.06407767 0.13009709 0.19805825 0.39029126]
val_loss=10.0252
accuracy
[0.0776699  0.16116505 0.22912621 0.39029126]
val_loss=10.2636
accuracy
[0.07378641 0.1592233  0.23300971 0.4       ]
val_loss=9.1033
accuracy
[0.06990291 0.16893204 0.2368932  0.39805825]
val_loss=9.8564
accuracy
[0.0815534  0.17087379 0.22718447 0.39223301]
val_loss=10.0972
accuracy
[0.05631068 0.14757282 0.21941748 0.3961165 ]
val_loss=10.5844
accuracy
[0.07184466 0.13980583 0.21165049 0.38640777]
val_loss=9.9204
accuracy
[0.08349515 0.18058252 0.2407767  0.38640777]
val_loss=10.4130
accuracy
[0.07378641 0.14951456 0.20970874 0.37669903]
val_loss=10.1679
accuracy
[0.07572816 0.16504854 0.22330097 0.3961165 ]
val_loss=10.0241
accuracy
[0.07378641 0.1592233  0.22524272 0.3961165 ]
val_loss=10.4471
accuracy
[0.07572816 0.1631068  0.22330097 0.39417476]
val_loss=10.2127
accuracy
[0.07572816 0.15339806 0.22330097 0.39417476]
val_loss=10.1347
accuracy
[0.07961165 0.17475728 0.22912621 0.4       ]
val_loss=10.0518
accuracy
[0.0776699  0.16893204 0.23106796 0.39805825]
val_loss=10.0540
accuracy
[0.07572816 0.16893204 0.22718447 0.3961165 ]
val_loss=10.6763
accuracy
[0.07961165 0.16893204 0.21941748 0.38834951]
val_loss=10.0572
accuracy
[0.07961165 0.17281553 0.23300971 0.39417476]
val_loss=10.1661
accuracy
[0.07961165 0.17087379 0.22524272 0.3961165 ]
val_loss=10.5651
accuracy
[0.07378641 0.15533981 0.21359223 0.38252427]
val_loss=10.4532
accuracy
[0.07961165 0.16699029 0.21941748 0.39223301]
val_loss=10.9111
accuracy
[0.07378641 0.14951456 0.2038835  0.37669903]
val_loss=10.3902
accuracy
[0.07572816 0.16504854 0.22912621 0.39417476]
val_loss=10.9218
accuracy
[0.07184466 0.13786408 0.20194175 0.37864078]
val_loss=10.6295
accuracy
[0.07572816 0.16504854 0.22524272 0.39223301]
val_loss=10.0609
accuracy
[0.0776699  0.17087379 0.22524272 0.39029126]
val_loss=10.3453
accuracy
[0.07572816 0.16893204 0.22330097 0.39223301]
val_loss=10.4630
accuracy
[0.0776699  0.17087379 0.22912621 0.39223301]
val_loss=10.5233
accuracy
[0.07572816 0.15533981 0.21359223 0.38640777]
val_loss=10.2898
accuracy
[0.0776699  0.17281553 0.22912621 0.39223301]
val_loss=10.5134
accuracy
[0.0776699  0.16893204 0.22330097 0.39223301]
val_loss=10.5438
accuracy
[0.07572816 0.16504854 0.22135922 0.39223301]
val_loss=10.4934
accuracy
[0.0776699  0.17087379 0.22330097 0.39223301]
val_loss=10.5126
accuracy
[0.07572816 0.16504854 0.21941748 0.39029126]
val_loss=10.5638
accuracy
[0.0776699  0.16893204 0.22135922 0.39223301]
val_loss=10.5696
accuracy
[0.07572816 0.16504854 0.22135922 0.39223301]
val_loss=10.5863
accuracy
[0.0776699  0.17087379 0.22718447 0.39223301]
val_loss=10.5015
accuracy
[0.0776699  0.17087379 0.22330097 0.39223301]
val_loss=10.4972
accuracy
[0.0776699  0.16893204 0.22135922 0.39223301]
val_loss=10.4336
accuracy
[0.0776699  0.16893204 0.22330097 0.39223301]
val_loss=10.4797
accuracy
[0.0776699  0.17087379 0.22330097 0.39223301]
val_loss=10.6003
accuracy
[0.0776699  0.16893204 0.22135922 0.39223301]
val_loss=10.5423
accuracy
[0.07572816 0.16116505 0.21747573 0.38834951]
val_loss=10.4766
accuracy
[0.07572816 0.16699029 0.22135922 0.39029126]
val_loss=10.4941
accuracy
[0.07572816 0.16893204 0.22330097 0.39223301]
val_loss=10.5000
accuracy
[0.07572816 0.16699029 0.22135922 0.39223301]
val_loss=10.6903
accuracy
[0.07572816 0.1631068  0.21747573 0.38834951]
val_loss=10.6907
accuracy
[0.0776699  0.16893204 0.22135922 0.39223301]
val_loss=10.4817
accuracy
[0.07572816 0.16699029 0.22135922 0.38834951]
Finished Training
    rehearsal replay buffer: 500 of 1899 source samples
cpu
Finished Training
cpu
Finished Training
cpu
Finished Training
cpu
Finished Training
cpu
Finished Training
cpu
Finished Training
cpu
Finished Training
cpu
Finished Training
cpu
Finished Training
cpu
Finished Training
cpu
Finished Training
cpu
Finished Training
cpu
Finished Training
cpu
Finished Training
cpu
Finished Training
cpu
Finished Training
cpu
Finished Training
cpu
Finished Training
cpu
Finished Training
cpu
Finished Training
cpu
Finished Training
cpu
Finished Training
  seed 5: pretrain on scenario32straight (1899 samples), zero-shot eval on scenario33straight (515 held-out test samples)
cpu
-----------------------------------------------------------------------
      Layer (type)        Output Shape         Param #     Tr. Param #
=======================================================================
          Linear-1           [32, 256]           1,280           1,280
            ReLU-2           [32, 256]               0               0
          Linear-3           [32, 256]          65,792          65,792
          Linear-4           [32, 256]          65,792          65,792
          Linear-5            [32, 16]           4,112           4,112
=======================================================================
Total params: 136,976
Trainable params: 136,976
Non-trainable params: 0
-----------------------------------------------------------------------
val_loss=2.1141
accuracy
[0.22912621 0.37475728 0.81747573 0.95728155]
val_loss=3.0553
accuracy
[0.19805825 0.39223301 0.68543689 0.94951456]
val_loss=3.9303
accuracy
[0.03495146 0.23883495 0.45242718 0.65048544]
val_loss=6.6889
accuracy
[0.03495146 0.21553398 0.36504854 0.50291262]
val_loss=4.8642
accuracy
[0.07184466 0.29514563 0.50291262 0.57281553]
val_loss=6.0068
accuracy
[0.05631068 0.21359223 0.39417476 0.53592233]
val_loss=6.7781
accuracy
[0.0776699  0.26407767 0.40776699 0.46601942]
val_loss=7.9257
accuracy
[0.05048544 0.24854369 0.39223301 0.43495146]
val_loss=8.5745
accuracy
[0.02718447 0.18446602 0.33980583 0.46213592]
val_loss=7.4678
accuracy
[0.0815534  0.30097087 0.43495146 0.49126214]
val_loss=8.2441
accuracy
[0.05631068 0.24271845 0.38058252 0.49126214]
val_loss=8.9248
accuracy
[0.03106796 0.20194175 0.27184466 0.41941748]
val_loss=7.6052
accuracy
[0.07378641 0.1592233  0.41165049 0.48349515]
val_loss=7.4611
accuracy
[0.03300971 0.21941748 0.40582524 0.48737864]
val_loss=7.4499
accuracy
[0.05436893 0.2407767  0.33203883 0.44271845]
val_loss=8.3566
accuracy
[0.04854369 0.16699029 0.24271845 0.43300971]
val_loss=10.5870
accuracy
[0.03106796 0.1223301  0.20970874 0.41941748]
val_loss=8.0113
accuracy
[0.06213592 0.12621359 0.2368932  0.45631068]
val_loss=6.9290
accuracy
[0.0776699  0.28543689 0.39223301 0.47572816]
val_loss=9.8483
accuracy
[0.0407767  0.11262136 0.22912621 0.35339806]
val_loss=9.1594
accuracy
[0.07378641 0.14174757 0.33592233 0.38058252]
val_loss=9.1468
accuracy
[0.06407767 0.14368932 0.24466019 0.38446602]
val_loss=9.5147
accuracy
[0.07184466 0.17864078 0.26407767 0.3961165 ]
val_loss=9.1365
accuracy
[0.06019417 0.13980583 0.23300971 0.4       ]
val_loss=9.7125
accuracy
[0.05825243 0.12621359 0.22135922 0.37669903]
val_loss=10.4230
accuracy
[0.05242718 0.11650485 0.19223301 0.33203883]
val_loss=9.7350
accuracy
[0.06601942 0.13980583 0.18640777 0.32621359]
val_loss=9.8784
accuracy
[0.06407767 0.14174757 0.20582524 0.34951456]
val_loss=9.2748
accuracy
[0.06407767 0.14174757 0.21359223 0.36699029]
val_loss=8.4818
accuracy
[0.0815534  0.15728155 0.21747573 0.37669903]
val_loss=9.2331
accuracy
[0.07572816 0.15339806 0.22718447 0.29126214]
val_loss=10.5858
accuracy
[0.06213592 0.12427184 0.18252427 0.3184466 ]
val_loss=9.4370
accuracy
[0.06990291 0.14563107 0.19805825 0.39029126]
val_loss=10.3756
accuracy
[0.05825243 0.11262136 0.17087379 0.26796117]
val_loss=9.6218
accuracy
[0.05631068 0.12427184 0.17864078 0.29708738]
val_loss=10.5614
accuracy
[0.07378641 0.14368932 0.19029126 0.27378641]
val_loss=9.1713
accuracy
[0.06407767 0.16504854 0.24271845 0.37864078]
val_loss=10.0231
accuracy
[0.06019417 0.12815534 0.19029126 0.37087379]
val_loss=10.6219
accuracy
[0.06213592 0.13203883 0.18834951 0.27961165]
val_loss=9.9546
accuracy
[0.06601942 0.13980583 0.19223301 0.35728155]
val_loss=10.1362
accuracy
[0.06407767 0.13592233 0.18640777 0.31262136]
val_loss=10.0090
accuracy
[0.06796117 0.13980583 0.19805825 0.27961165]
val_loss=9.9672
accuracy
[0.06601942 0.13592233 0.18058252 0.2815534 ]
val_loss=9.9909
accuracy
[0.06407767 0.13009709 0.17669903 0.27378641]
val_loss=10.1769
accuracy
[0.06601942 0.13203883 0.18446602 0.2776699 ]
val_loss=10.0732
accuracy
[0.07184466 0.13786408 0.19417476 0.2776699 ]
val_loss=10.3258
accuracy
[0.06601942 0.13398058 0.18252427 0.27572816]
val_loss=10.6646
accuracy
[0.06213592 0.12815534 0.17087379 0.26213592]
val_loss=10.0335
accuracy
[0.07378641 0.14174757 0.1961165  0.2776699 ]
val_loss=10.5496
accuracy
[0.06601942 0.13592233 0.18252427 0.26990291]
val_loss=10.2274
accuracy
[0.06601942 0.13203883 0.18252427 0.26796117]
val_loss=10.4576
accuracy
[0.06796117 0.13786408 0.19029126 0.2776699 ]
val_loss=10.9398
accuracy
[0.06407767 0.12815534 0.17669903 0.26213592]
val_loss=10.6664
accuracy
[0.06407767 0.12621359 0.17475728 0.26213592]
val_loss=10.8679
accuracy
[0.06407767 0.12815534 0.17864078 0.25825243]
val_loss=10.4416
accuracy
[0.06407767 0.13203883 0.18058252 0.2776699 ]
val_loss=10.4234
accuracy
[0.06407767 0.13398058 0.17864078 0.2776699 ]
val_loss=10.2875
accuracy
[0.07184466 0.14368932 0.2038835  0.28543689]
val_loss=10.5572
accuracy
[0.06601942 0.13203883 0.17669903 0.27378641]
val_loss=10.1779
accuracy
[0.07184466 0.14368932 0.2        0.28349515]
val_loss=10.4783
accuracy
[0.06601942 0.13203883 0.18058252 0.27572816]
val_loss=10.5346
accuracy
[0.06601942 0.13203883 0.17669903 0.27572816]
val_loss=10.4637
accuracy
[0.06601942 0.13398058 0.17669903 0.27572816]
val_loss=10.3275
accuracy
[0.06601942 0.13398058 0.18252427 0.27572816]
val_loss=10.4222
accuracy
[0.06601942 0.13398058 0.17669903 0.27572816]
val_loss=10.5157
accuracy
[0.06601942 0.13398058 0.17864078 0.27572816]
val_loss=10.5062
accuracy
[0.06601942 0.13398058 0.17864078 0.27572816]
val_loss=10.6209
accuracy
[0.06601942 0.13009709 0.17475728 0.26990291]
val_loss=10.5162
accuracy
[0.06601942 0.13203883 0.17864078 0.27378641]
val_loss=10.5252
accuracy
[0.06601942 0.13398058 0.17864078 0.27378641]
val_loss=10.6235
accuracy
[0.06601942 0.13009709 0.17669903 0.26990291]
val_loss=10.5752
accuracy
[0.06601942 0.13203883 0.17669903 0.27184466]
val_loss=10.6523
accuracy
[0.06601942 0.13009709 0.17475728 0.26601942]
val_loss=10.6218
accuracy
[0.06601942 0.13009709 0.17475728 0.26796117]
val_loss=10.4919
accuracy
[0.06601942 0.13398058 0.17669903 0.27572816]
val_loss=10.5725
accuracy
[0.06601942 0.13203883 0.17669903 0.27378641]
val_loss=10.5511
accuracy
[0.06601942 0.13398058 0.17669903 0.27184466]
val_loss=10.5505
accuracy
[0.06601942 0.13398058 0.17669903 0.27572816]
val_loss=10.5065
accuracy
[0.06601942 0.13398058 0.17669903 0.27572816]
val_loss=10.5756
accuracy
[0.06601942 0.13398058 0.17669903 0.27572816]
Finished Training
    rehearsal replay buffer: 500 of 1899 source samples
cpu
Finished Training
cpu
Finished Training
cpu
Finished Training
cpu
Finished Training
cpu
Finished Training
cpu
Finished Training
cpu
Finished Training
cpu
Finished Training
cpu
Finished Training
cpu
Finished Training
cpu
Finished Training
cpu
Finished Training
cpu
Finished Training
cpu
Finished Training
cpu
Finished Training
cpu
Finished Training
cpu
Finished Training
cpu
Finished Training
cpu
Finished Training
cpu
Finished Training
cpu
Finished Training
cpu
Finished Training
  seed 6: pretrain on scenario32straight (1899 samples), zero-shot eval on scenario33straight (515 held-out test samples)
cpu
-----------------------------------------------------------------------
      Layer (type)        Output Shape         Param #     Tr. Param #
=======================================================================
          Linear-1           [32, 256]           1,280           1,280
            ReLU-2           [32, 256]               0               0
          Linear-3           [32, 256]          65,792          65,792
          Linear-4           [32, 256]          65,792          65,792
          Linear-5            [32, 16]           4,112           4,112
=======================================================================
Total params: 136,976
Trainable params: 136,976
Non-trainable params: 0
-----------------------------------------------------------------------
val_loss=2.6621
accuracy
[0.20970874 0.36699029 0.62330097 0.93009709]
val_loss=4.2277
accuracy
[0.14174757 0.18834951 0.41941748 0.79805825]
val_loss=5.9789
accuracy
[0.05825243 0.29320388 0.41747573 0.52038835]
val_loss=7.2970
accuracy
[0.02912621 0.19029126 0.38252427 0.51067961]
val_loss=7.9481
accuracy
[0.05242718 0.26601942 0.41941748 0.49708738]
val_loss=7.5262
accuracy
[0.07378641 0.15145631 0.43300971 0.50291262]
val_loss=7.2550
accuracy
[0.05825243 0.31456311 0.45825243 0.50485437]
val_loss=7.5413
accuracy
[0.02912621 0.09708738 0.37475728 0.46990291]
val_loss=7.6687
accuracy
[0.06407767 0.20970874 0.43300971 0.50873786]
val_loss=7.6592
accuracy
[0.07961165 0.18834951 0.41747573 0.4815534 ]
val_loss=9.1013
accuracy
[0.04660194 0.14563107 0.3961165  0.4815534 ]
val_loss=7.6225
accuracy
[0.0776699  0.18058252 0.42524272 0.49708738]
val_loss=8.3171
accuracy
[0.04660194 0.09708738 0.30485437 0.42524272]
val_loss=7.6931
accuracy
[0.0407767  0.1223301  0.35339806 0.50485437]
val_loss=8.2249
accuracy
[0.04854369 0.12427184 0.38058252 0.46213592]
val_loss=5.9952
accuracy
[0.06213592 0.30485437 0.46407767 0.55533981]
val_loss=8.6293
accuracy
[0.06796117 0.18058252 0.40194175 0.46019417]
val_loss=7.4564
accuracy
[0.07378641 0.2407767  0.37281553 0.45048544]
val_loss=8.7855
accuracy
[0.06796117 0.13592233 0.30097087 0.42524272]
val_loss=8.4418
accuracy
[0.06601942 0.1631068  0.39029126 0.43495146]
val_loss=9.1300
accuracy
[0.05825243 0.16504854 0.3961165  0.4407767 ]
val_loss=9.6426
accuracy
[0.06407767 0.1631068  0.37475728 0.42912621]
val_loss=9.6347
accuracy
[0.06019417 0.17087379 0.35728155 0.43495146]
val_loss=8.3255
accuracy
[0.06213592 0.18446602 0.38834951 0.45242718]
val_loss=9.1866
accuracy
[0.06407767 0.16699029 0.26019417 0.43106796]
val_loss=8.5717
accuracy
[0.07378641 0.18834951 0.3592233  0.44854369]
val_loss=9.2268
accuracy
[0.06601942 0.18834951 0.26407767 0.44854369]
val_loss=9.3407
accuracy
[0.06019417 0.15728155 0.24854369 0.41941748]
val_loss=9.1260
accuracy
[0.05631068 0.16893204 0.25048544 0.44271845]
val_loss=9.6360
accuracy
[0.05436893 0.14174757 0.22718447 0.42135922]
val_loss=10.0197
accuracy
[0.06019417 0.16504854 0.24660194 0.43300971]
val_loss=9.8955
accuracy
[0.05631068 0.16504854 0.2407767  0.43495146]
val_loss=10.2981
accuracy
[0.06019417 0.18252427 0.25631068 0.43495146]
val_loss=9.8231
accuracy
[0.05825243 0.15533981 0.24271845 0.42718447]
val_loss=10.0553
accuracy
[0.05436893 0.14563107 0.22330097 0.41553398]
val_loss=10.3231
accuracy
[0.06213592 0.15145631 0.22135922 0.42330097]
val_loss=10.0413
accuracy
[0.06019417 0.1592233  0.24854369 0.43106796]
val_loss=10.0096
accuracy
[0.05436893 0.15339806 0.2368932  0.43495146]
val_loss=9.3386
accuracy
[0.06213592 0.18446602 0.26213592 0.4407767 ]
val_loss=9.2981
accuracy
[0.05631068 0.15728155 0.23300971 0.42718447]
val_loss=9.8530
accuracy
[0.06407767 0.1631068  0.23106796 0.42524272]
val_loss=9.7782
accuracy
[0.05825243 0.15728155 0.22912621 0.41941748]
val_loss=9.8977
accuracy
[0.06019417 0.16699029 0.2407767  0.42718447]
val_loss=10.1853
accuracy
[0.05631068 0.1592233  0.2368932  0.43106796]
val_loss=10.0448
accuracy
[0.05631068 0.1592233  0.2368932  0.42912621]
val_loss=10.1169
accuracy
[0.06213592 0.16504854 0.23883495 0.43300971]
val_loss=10.1684
accuracy
[0.05825243 0.1631068  0.23106796 0.41941748]
val_loss=9.8958
accuracy
[0.06019417 0.15728155 0.23106796 0.41941748]
val_loss=10.3769
accuracy
[0.06213592 0.15533981 0.22524272 0.41747573]
val_loss=10.1332
accuracy
[0.06213592 0.16699029 0.24466019 0.43495146]
val_loss=10.4223
accuracy
[0.06019417 0.1631068  0.2368932  0.43300971]
val_loss=10.2908
accuracy
[0.05825243 0.15533981 0.22524272 0.42135922]
val_loss=10.6899
accuracy
[0.06407767 0.16699029 0.23883495 0.43300971]
val_loss=10.5987
accuracy
[0.05631068 0.15145631 0.22135922 0.41941748]
val_loss=10.3793
accuracy
[0.06213592 0.16504854 0.23495146 0.43106796]
val_loss=10.4852
accuracy
[0.05825243 0.15533981 0.23300971 0.42524272]
val_loss=10.2619
accuracy
[0.05825243 0.15533981 0.23106796 0.42135922]
val_loss=10.3238
accuracy
[0.05631068 0.15339806 0.21747573 0.41747573]
val_loss=10.2636
accuracy
[0.05825243 0.15533981 0.22912621 0.41941748]
val_loss=10.3504
accuracy
[0.06019417 0.15339806 0.22718447 0.41941748]
val_loss=10.5921
accuracy
[0.06019417 0.15339806 0.22718447 0.41941748]
val_loss=10.4686
accuracy
[0.06019417 0.15339806 0.23106796 0.42330097]
val_loss=10.4976
accuracy
[0.06019417 0.15339806 0.22330097 0.42135922]
val_loss=10.6076
accuracy
[0.06019417 0.15339806 0.22330097 0.42135922]
val_loss=10.5422
accuracy
[0.06019417 0.15339806 0.22912621 0.42330097]
val_loss=10.6936
accuracy
[0.06019417 0.15339806 0.22524272 0.41747573]
val_loss=10.6369
accuracy
[0.06019417 0.15339806 0.22718447 0.42330097]
val_loss=10.7932
accuracy
[0.06019417 0.15339806 0.22718447 0.41747573]
val_loss=10.4654
accuracy
[0.06019417 0.15339806 0.23300971 0.42330097]
val_loss=10.5840
accuracy
[0.06019417 0.15339806 0.22912621 0.42330097]
val_loss=10.7486
accuracy
[0.06019417 0.15339806 0.22718447 0.41747573]
val_loss=10.6251
accuracy
[0.06019417 0.15339806 0.22524272 0.42330097]
val_loss=10.6237
accuracy
[0.06019417 0.15339806 0.22718447 0.42330097]
val_loss=10.6091
accuracy
[0.06019417 0.15339806 0.22718447 0.42330097]
val_loss=10.5996
accuracy
[0.06019417 0.15339806 0.22718447 0.42330097]
val_loss=10.6419
accuracy
[0.06019417 0.15339806 0.22524272 0.42330097]
val_loss=10.6380
accuracy
[0.06019417 0.15339806 0.22524272 0.42330097]
val_loss=10.7172
accuracy
[0.06019417 0.15339806 0.22524272 0.42330097]
val_loss=10.6636
accuracy
[0.06019417 0.15339806 0.22524272 0.41747573]
val_loss=10.7408
accuracy
[0.06019417 0.15533981 0.22524272 0.42330097]
Finished Training
    rehearsal replay buffer: 500 of 1899 source samples
cpu
Finished Training
cpu
Finished Training
cpu
Finished Training
cpu
Finished Training
cpu
Finished Training
cpu
Finished Training
cpu
Finished Training
cpu
Finished Training
cpu
Finished Training
cpu
Finished Training
cpu
Finished Training
cpu
Finished Training
cpu
Finished Training
cpu
Finished Training
cpu
Finished Training
cpu
Finished Training
cpu
Finished Training
cpu
Finished Training
cpu
Finished Training
cpu
Finished Training
cpu
Finished Training
cpu
Finished Training
  seed 7: pretrain on scenario32straight (1899 samples), zero-shot eval on scenario33straight (515 held-out test samples)
cpu
-----------------------------------------------------------------------
      Layer (type)        Output Shape         Param #     Tr. Param #
=======================================================================
          Linear-1           [32, 256]           1,280           1,280
            ReLU-2           [32, 256]               0               0
          Linear-3           [32, 256]          65,792          65,792
          Linear-4           [32, 256]          65,792          65,792
          Linear-5            [32, 16]           4,112           4,112
=======================================================================
Total params: 136,976
Trainable params: 136,976
Non-trainable params: 0
-----------------------------------------------------------------------
val_loss=2.4856
accuracy
[0.14563107 0.34368932 0.82330097 0.96116505]
val_loss=3.0868
accuracy
[0.20776699 0.34951456 0.86796117 0.9592233 ]
val_loss=3.9150
accuracy
[0.04271845 0.25048544 0.41941748 0.5631068 ]
val_loss=3.7065
accuracy
[0.08737864 0.33398058 0.4        0.45631068]
val_loss=6.3703
accuracy
[0.0407767  0.21165049 0.38640777 0.46213592]
val_loss=4.3411
accuracy
[0.07378641 0.38058252 0.54951456 0.72621359]
val_loss=4.6532
accuracy
[0.05048544 0.29320388 0.45631068 0.53009709]
val_loss=7.3035
accuracy
[0.08543689 0.28349515 0.37087379 0.43883495]
val_loss=6.0654
accuracy
[0.1184466  0.35728155 0.41747573 0.47572816]
val_loss=7.4330
accuracy
[0.05631068 0.25242718 0.36893204 0.4407767 ]
val_loss=5.8787
accuracy
[0.09126214 0.33398058 0.41165049 0.46213592]
val_loss=7.0578
accuracy
[0.0368932  0.11650485 0.24466019 0.44854369]
val_loss=5.1559
accuracy
[0.06796117 0.22912621 0.44271845 0.51262136]
val_loss=7.5475
accuracy
[0.04854369 0.13592233 0.24271845 0.44466019]
val_loss=6.5474
accuracy
[0.07961165 0.22135922 0.30873786 0.47572816]
val_loss=7.4920
accuracy
[0.07572816 0.17864078 0.25436893 0.43495146]
val_loss=6.8912
accuracy
[0.06407767 0.3223301  0.40970874 0.50679612]
val_loss=7.4740
accuracy
[0.08932039 0.2407767  0.4038835  0.48543689]
val_loss=5.7697
accuracy
[0.01941748 0.19805825 0.30485437 0.46019417]
val_loss=7.6537
accuracy
[0.07184466 0.21747573 0.29514563 0.44660194]
val_loss=7.5300
accuracy
[0.07961165 0.22135922 0.29126214 0.44271845]
val_loss=7.6397
accuracy
[0.09902913 0.23495146 0.29514563 0.4407767 ]
val_loss=8.0883
accuracy
[0.07961165 0.21165049 0.27378641 0.43300971]
val_loss=7.9123
accuracy
[0.09126214 0.22524272 0.2815534  0.43495146]
val_loss=7.5748
accuracy
[0.10291262 0.23300971 0.28349515 0.4407767 ]
val_loss=8.4613
accuracy
[0.07961165 0.2        0.26601942 0.42524272]
val_loss=8.1342
accuracy
[0.09902913 0.21747573 0.27378641 0.42330097]
val_loss=8.3361
accuracy
[0.08349515 0.21747573 0.26796117 0.42718447]
val_loss=8.6877
accuracy
[0.07378641 0.19029126 0.24854369 0.43106796]
val_loss=8.8445
accuracy
[0.06796117 0.17087379 0.23883495 0.41165049]
val_loss=8.9290
accuracy
[0.08349515 0.21165049 0.26601942 0.43300971]
val_loss=9.1149
accuracy
[0.0776699  0.18834951 0.2407767  0.41359223]
val_loss=8.4250
accuracy
[0.08543689 0.21747573 0.26990291 0.42524272]
val_loss=8.9415
accuracy
[0.07378641 0.18252427 0.24660194 0.41747573]
val_loss=9.4319
accuracy
[0.09126214 0.19805825 0.26019417 0.41165049]
val_loss=8.5898
accuracy
[0.0776699  0.19417476 0.25242718 0.43495146]
val_loss=8.7912
accuracy
[0.08932039 0.2        0.24466019 0.42524272]
val_loss=8.0371
accuracy
[0.10097087 0.22135922 0.27961165 0.44271845]
val_loss=8.2983
accuracy
[0.09902913 0.21941748 0.26407767 0.42718447]
val_loss=8.9913
accuracy
[0.09126214 0.19417476 0.25825243 0.42135922]
val_loss=8.6508
accuracy
[0.08932039 0.21359223 0.26796117 0.44271845]
val_loss=9.1583
accuracy
[0.0815534  0.19223301 0.25242718 0.43106796]
val_loss=8.9948
accuracy
[0.08932039 0.2        0.26213592 0.43106796]
val_loss=9.0816
accuracy
[0.0815534  0.19805825 0.25436893 0.43106796]
val_loss=9.0349
accuracy
[0.08543689 0.2038835  0.25631068 0.42912621]
val_loss=8.9715
accuracy
[0.0815534  0.2        0.25436893 0.43106796]
val_loss=9.2474
accuracy
[0.0815534  0.1961165  0.25048544 0.42718447]
val_loss=9.3113
accuracy
[0.08349515 0.2        0.25048544 0.42524272]
val_loss=8.7366
accuracy
[0.08737864 0.20194175 0.25825243 0.43495146]
val_loss=8.9580
accuracy
[0.07961165 0.19805825 0.25436893 0.43300971]
val_loss=9.0699
accuracy
[0.08737864 0.2038835  0.25631068 0.42912621]
val_loss=9.1507
accuracy
[0.08932039 0.2038835  0.25048544 0.42912621]
val_loss=9.2168
accuracy
[0.0815534  0.19417476 0.25048544 0.42912621]
val_loss=9.2971
accuracy
[0.0776699  0.19223301 0.23883495 0.42330097]
val_loss=9.1519
accuracy
[0.08349515 0.1961165  0.24660194 0.42718447]
val_loss=9.4105
accuracy
[0.08543689 0.19805825 0.25048544 0.42524272]
val_loss=9.0960
accuracy
[0.08543689 0.19805825 0.25242718 0.43106796]
val_loss=9.1566
accuracy
[0.08932039 0.21165049 0.26019417 0.43300971]
val_loss=8.9695
accuracy
[0.08932039 0.20970874 0.25825243 0.4368932 ]
val_loss=9.1436
accuracy
[0.08932039 0.20582524 0.25048544 0.42718447]
val_loss=9.1070
accuracy
[0.08932039 0.2        0.25048544 0.42912621]
val_loss=9.2049
accuracy
[0.08932039 0.19805825 0.24854369 0.42912621]
val_loss=9.1056
accuracy
[0.08932039 0.19805825 0.24854369 0.42912621]
val_loss=9.1263
accuracy
[0.08737864 0.2        0.24854369 0.42912621]
val_loss=9.1540
accuracy
[0.08737864 0.20194175 0.24854369 0.42912621]
val_loss=9.2364
accuracy
[0.08737864 0.1961165  0.24660194 0.42912621]
val_loss=9.2312
accuracy
[0.08932039 0.2        0.25048544 0.42912621]
val_loss=9.2450
accuracy
[0.08932039 0.2        0.24854369 0.42912621]
val_loss=9.1248
accuracy
[0.08932039 0.2        0.24854369 0.43106796]
val_loss=9.1743
accuracy
[0.08737864 0.2        0.24854369 0.42912621]
val_loss=9.1153
accuracy
[0.08932039 0.19805825 0.24854369 0.42912621]
val_loss=9.1458
accuracy
[0.08737864 0.2        0.24854369 0.42912621]
val_loss=9.1885
accuracy
[0.08737864 0.2        0.24854369 0.42912621]
val_loss=9.2193
accuracy
[0.08543689 0.1961165  0.24854369 0.42912621]
val_loss=9.1956
accuracy
[0.08737864 0.19805825 0.24854369 0.42912621]
val_loss=9.3169
accuracy
[0.08543689 0.19805825 0.24660194 0.42718447]
val_loss=9.2426
accuracy
[0.08543689 0.1961165  0.24854369 0.42912621]
val_loss=9.1535
accuracy
[0.08932039 0.20194175 0.24854369 0.42912621]
val_loss=9.3680
accuracy
[0.08543689 0.2        0.24660194 0.42718447]
val_loss=9.2373
accuracy
[0.08737864 0.1961165  0.24660194 0.42912621]
Finished Training
    rehearsal replay buffer: 500 of 1899 source samples
cpu
Finished Training
cpu
Finished Training
cpu
Finished Training
cpu
Finished Training
cpu
Finished Training
cpu
Finished Training
cpu
Finished Training
cpu
Finished Training
cpu
Finished Training
cpu
Finished Training
cpu
Finished Training
cpu
Finished Training
cpu
Finished Training
cpu
Finished Training
cpu
Finished Training
cpu
Finished Training
cpu
Finished Training
cpu
Finished Training
cpu
Finished Training
cpu
Finished Training
cpu
Finished Training
cpu
Finished Training
  seed 8: pretrain on scenario32straight (1899 samples), zero-shot eval on scenario33straight (515 held-out test samples)
cpu
-----------------------------------------------------------------------
      Layer (type)        Output Shape         Param #     Tr. Param #
=======================================================================
          Linear-1           [32, 256]           1,280           1,280
            ReLU-2           [32, 256]               0               0
          Linear-3           [32, 256]          65,792          65,792
          Linear-4           [32, 256]          65,792          65,792
          Linear-5            [32, 16]           4,112           4,112
=======================================================================
Total params: 136,976
Trainable params: 136,976
Non-trainable params: 0
-----------------------------------------------------------------------
val_loss=1.7629
accuracy
[0.2815534  0.69126214 0.79417476 0.94563107]
val_loss=3.6143
accuracy
[0.17669903 0.31456311 0.55728155 0.92621359]
val_loss=4.0316
accuracy
[0.1592233  0.29320388 0.45242718 0.75145631]
val_loss=5.5055
accuracy
[0.06213592 0.28737864 0.46407767 0.60776699]
val_loss=4.4278
accuracy
[0.06990291 0.33203883 0.5223301  0.60582524]
val_loss=4.2044
accuracy
[0.07572816 0.37087379 0.54563107 0.60194175]
val_loss=5.9731
accuracy
[0.03883495 0.28543689 0.45825243 0.53203883]
val_loss=6.5281
accuracy
[0.05631068 0.32038835 0.43883495 0.51650485]
val_loss=6.2276
accuracy
[0.08543689 0.24854369 0.42330097 0.48932039]
val_loss=5.6985
accuracy
[0.08932039 0.32815534 0.45825243 0.50873786]
val_loss=6.3407
accuracy
[0.0776699  0.28932039 0.4407767  0.49320388]
val_loss=6.7105
accuracy
[0.05242718 0.27572816 0.39223301 0.49126214]
val_loss=5.2073
accuracy
[0.0815534  0.32038835 0.43106796 0.51262136]
val_loss=6.8734
accuracy
[0.06213592 0.17669903 0.38446602 0.49514563]
val_loss=6.8936
accuracy
[0.08543689 0.22135922 0.39417476 0.47572816]
val_loss=6.4031
accuracy
[0.04854369 0.21747573 0.42330097 0.48737864]
val_loss=5.8915
accuracy
[0.10291262 0.24466019 0.33398058 0.49902913]
val_loss=8.5836
accuracy
[0.08932039 0.18446602 0.32815534 0.4       ]
val_loss=6.7136
accuracy
[0.08349515 0.21553398 0.40776699 0.46990291]
val_loss=6.5874
accuracy
[0.07961165 0.23300971 0.35533981 0.52427184]
val_loss=7.5890
accuracy
[0.0815534  0.20776699 0.32427184 0.48932039]
val_loss=7.6682
accuracy
[0.07378641 0.1961165  0.29320388 0.45048544]
val_loss=8.1925
accuracy
[0.06601942 0.1961165  0.27184466 0.43883495]
val_loss=8.2190
accuracy
[0.07572816 0.18446602 0.25825243 0.4368932 ]
val_loss=8.5409
accuracy
[0.06990291 0.18446602 0.25048544 0.42330097]
val_loss=8.3414
accuracy
[0.08349515 0.20194175 0.27378641 0.43300971]
val_loss=8.1383
accuracy
[0.06796117 0.17864078 0.25436893 0.43106796]
val_loss=7.8252
accuracy
[0.06601942 0.20194175 0.27184466 0.43883495]
val_loss=8.0979
accuracy
[0.0815534  0.20776699 0.2815534  0.45242718]
val_loss=8.8657
accuracy
[0.06990291 0.17475728 0.2368932  0.41359223]
val_loss=8.7899
accuracy
[0.08349515 0.20776699 0.2776699  0.43106796]
val_loss=8.5304
accuracy
[0.06407767 0.1631068  0.22524272 0.42524272]
val_loss=8.7676
accuracy
[0.07961165 0.1961165  0.27572816 0.4368932 ]
val_loss=8.1738
accuracy
[0.07184466 0.22135922 0.28349515 0.44854369]
val_loss=8.7674
accuracy
[0.06796117 0.17087379 0.23300971 0.41359223]
val_loss=8.4683
accuracy
[0.08543689 0.20776699 0.28349515 0.43883495]
val_loss=8.8995
accuracy
[0.08349515 0.19029126 0.25825243 0.41553398]
val_loss=8.7472
accuracy
[0.06601942 0.18058252 0.24660194 0.43106796]
val_loss=8.9035
accuracy
[0.06213592 0.17087379 0.24271845 0.42330097]
val_loss=8.8936
accuracy
[0.06990291 0.17087379 0.23106796 0.42135922]
val_loss=9.0792
accuracy
[0.08349515 0.19029126 0.24466019 0.41359223]
val_loss=9.1266
accuracy
[0.07378641 0.18058252 0.2407767  0.41747573]
val_loss=9.1547
accuracy
[0.0776699  0.18640777 0.24271845 0.42135922]
val_loss=9.2237
accuracy
[0.06601942 0.17281553 0.23495146 0.41553398]
val_loss=9.0741
accuracy
[0.0815534  0.18640777 0.24660194 0.42524272]
val_loss=9.2796
accuracy
[0.08349515 0.18252427 0.24271845 0.41553398]
val_loss=9.3718
accuracy
[0.0815534  0.18058252 0.2368932  0.40970874]
val_loss=8.9259
accuracy
[0.07572816 0.19029126 0.25048544 0.42718447]
val_loss=9.1592
accuracy
[0.07572816 0.18252427 0.24466019 0.42330097]
val_loss=9.2519
accuracy
[0.07572816 0.19223301 0.24660194 0.42330097]
val_loss=9.2028
accuracy
[0.0776699  0.18640777 0.24466019 0.42524272]
val_loss=9.4228
accuracy
[0.0815534  0.18446602 0.2407767  0.41747573]
val_loss=9.5587
accuracy
[0.07961165 0.18640777 0.24466019 0.41941748]
val_loss=9.4276
accuracy
[0.07184466 0.18252427 0.2407767  0.42135922]
val_loss=9.2722
accuracy
[0.0815534  0.19029126 0.24466019 0.42330097]
val_loss=9.5378
accuracy
[0.07184466 0.17669903 0.2368932  0.41553398]
val_loss=9.5726
accuracy
[0.08349515 0.19417476 0.24271845 0.42330097]
val_loss=9.5582
accuracy
[0.07961165 0.18252427 0.2407767  0.41941748]
val_loss=9.5756
accuracy
[0.07961165 0.18446602 0.23883495 0.41747573]
val_loss=9.2427
accuracy
[0.09320388 0.19805825 0.25436893 0.42718447]
val_loss=9.4632
accuracy
[0.07961165 0.18252427 0.23883495 0.41941748]
val_loss=9.4342
accuracy
[0.07961165 0.18058252 0.24271845 0.41941748]
val_loss=9.5109
accuracy
[0.07961165 0.18252427 0.2407767  0.41941748]
val_loss=9.4253
accuracy
[0.07961165 0.18252427 0.24466019 0.41941748]
val_loss=9.4793
accuracy
[0.07572816 0.18058252 0.24271845 0.41941748]
val_loss=9.4607
accuracy
[0.0776699  0.18058252 0.24271845 0.41941748]
val_loss=9.5332
accuracy
[0.07572816 0.17864078 0.2407767  0.41941748]
val_loss=9.5364
accuracy
[0.0776699  0.18058252 0.2407767  0.41941748]
val_loss=9.5329
accuracy
[0.0776699  0.17864078 0.2407767  0.41941748]
val_loss=9.5201
accuracy
[0.07961165 0.18252427 0.24271845 0.41941748]
val_loss=9.5404
accuracy
[0.07572816 0.17864078 0.2407767  0.41941748]
val_loss=9.5328
accuracy
[0.0776699  0.18058252 0.24271845 0.41941748]
val_loss=9.6001
accuracy
[0.07961165 0.18058252 0.23883495 0.41941748]
val_loss=9.6259
accuracy
[0.07961165 0.18252427 0.23883495 0.41941748]
val_loss=9.6439
accuracy
[0.07961165 0.18058252 0.2368932  0.41941748]
val_loss=9.5934
accuracy
[0.07961165 0.18252427 0.2407767  0.41941748]
val_loss=9.6437
accuracy
[0.07961165 0.18252427 0.2368932  0.41941748]
val_loss=9.5768
accuracy
[0.07572816 0.17864078 0.2407767  0.42135922]
val_loss=9.7041
accuracy
[0.07572816 0.17864078 0.2368932  0.41747573]
val_loss=9.5499
accuracy
[0.07572816 0.18252427 0.24271845 0.42330097]
Finished Training
    rehearsal replay buffer: 500 of 1899 source samples
cpu
Finished Training
cpu
Finished Training
cpu
Finished Training
cpu
Finished Training
cpu
Finished Training
cpu
Finished Training
cpu
Finished Training
cpu
Finished Training
cpu
Finished Training
cpu
Finished Training
cpu
Finished Training
cpu
Finished Training
cpu
Finished Training
cpu
Finished Training
cpu
Finished Training
cpu
Finished Training
cpu
Finished Training
cpu
Finished Training
cpu
Finished Training
cpu
Finished Training
cpu
Finished Training
cpu
Finished Training
  seed 9: pretrain on scenario32straight (1899 samples), zero-shot eval on scenario33straight (515 held-out test samples)
cpu
-----------------------------------------------------------------------
      Layer (type)        Output Shape         Param #     Tr. Param #
=======================================================================
          Linear-1           [32, 256]           1,280           1,280
            ReLU-2           [32, 256]               0               0
          Linear-3           [32, 256]          65,792          65,792
          Linear-4           [32, 256]          65,792          65,792
          Linear-5            [32, 16]           4,112           4,112
=======================================================================
Total params: 136,976
Trainable params: 136,976
Non-trainable params: 0
-----------------------------------------------------------------------
val_loss=1.3498
accuracy
[0.38834951 0.79223301 0.90291262 0.98834951]
val_loss=2.2740
accuracy
[0.26019417 0.42524272 0.93009709 0.98834951]
val_loss=5.5015
accuracy
[0.02718447 0.18252427 0.28543689 0.44660194]
val_loss=5.4472
accuracy
[0.05825243 0.26213592 0.42524272 0.5223301 ]
val_loss=5.6209
accuracy
[0.04854369 0.29126214 0.44466019 0.52815534]
val_loss=4.9945
accuracy
[0.05436893 0.34368932 0.49126214 0.5592233 ]
val_loss=5.6941
accuracy
[0.04854369 0.30291262 0.49126214 0.56116505]
val_loss=6.9137
accuracy
[0.02135922 0.24660194 0.34368932 0.4407767 ]
val_loss=7.1624
accuracy
[0.05242718 0.31650485 0.4        0.44854369]
val_loss=6.1030
accuracy
[0.05631068 0.27184466 0.41553398 0.51262136]
val_loss=6.7459
accuracy
[0.07572816 0.34563107 0.4038835  0.53592233]
val_loss=7.3781
accuracy
[0.06019417 0.33203883 0.3961165  0.43106796]
val_loss=6.8607
accuracy
[0.0815534  0.34951456 0.4038835  0.47961165]
val_loss=8.1100
accuracy
[0.03495146 0.23495146 0.39029126 0.4776699 ]
val_loss=6.8174
accuracy
[0.06213592 0.1592233  0.38252427 0.45048544]
val_loss=7.1137
accuracy
[0.09708738 0.20970874 0.38252427 0.42718447]
val_loss=6.4430
accuracy
[0.05242718 0.17669903 0.26407767 0.48737864]
val_loss=8.5505
accuracy
[0.03883495 0.10485437 0.21359223 0.42135922]
val_loss=7.3974
accuracy
[0.06601942 0.18446602 0.37864078 0.42912621]
val_loss=7.8488
accuracy
[0.08349515 0.18446602 0.24854369 0.4368932 ]
val_loss=8.4766
accuracy
[0.06019417 0.19417476 0.23495146 0.40970874]
val_loss=7.9134
accuracy
[0.05631068 0.17281553 0.23495146 0.40776699]
val_loss=8.0443
accuracy
[0.06601942 0.19417476 0.23106796 0.40970874]
val_loss=8.9303
accuracy
[0.07572816 0.19805825 0.23300971 0.40582524]
val_loss=7.7433
accuracy
[0.05048544 0.17669903 0.24271845 0.43300971]
val_loss=8.6273
accuracy
[0.07378641 0.19805825 0.22912621 0.41165049]
val_loss=9.4544
accuracy
[0.06213592 0.17087379 0.22135922 0.40194175]
val_loss=9.0420
accuracy
[0.06601942 0.17087379 0.21747573 0.4038835 ]
val_loss=8.5205
accuracy
[0.06990291 0.18834951 0.22912621 0.41553398]
val_loss=8.3971
accuracy
[0.05825243 0.17087379 0.22718447 0.40970874]
val_loss=9.1228
accuracy
[0.06796117 0.17475728 0.22135922 0.40194175]
val_loss=9.2714
accuracy
[0.06213592 0.16699029 0.21359223 0.40582524]
val_loss=9.4996
accuracy
[0.05631068 0.16504854 0.21359223 0.40194175]
val_loss=8.7175
accuracy
[0.06990291 0.17864078 0.23106796 0.41747573]
val_loss=9.4552
accuracy
[0.05825243 0.15533981 0.21747573 0.40776699]
val_loss=8.3614
accuracy
[0.07184466 0.17281553 0.23495146 0.41747573]
val_loss=8.4196
accuracy
[0.06407767 0.1631068  0.22524272 0.40582524]
val_loss=8.4157
accuracy
[0.05436893 0.15728155 0.22330097 0.41165049]
val_loss=9.8257
accuracy
[0.06990291 0.1631068  0.21553398 0.40194175]
val_loss=9.5723
accuracy
[0.06213592 0.16116505 0.22524272 0.40582524]
val_loss=9.0925
accuracy
[0.06019417 0.14563107 0.21553398 0.40776699]
val_loss=9.0759
accuracy
[0.05825243 0.15728155 0.21747573 0.40582524]
val_loss=9.0731
accuracy
[0.06796117 0.16504854 0.21747573 0.40582524]
val_loss=9.1918
accuracy
[0.06407767 0.15339806 0.21553398 0.4038835 ]
val_loss=9.1279
accuracy
[0.06213592 0.1592233  0.21553398 0.40582524]
val_loss=8.9107
accuracy
[0.06213592 0.1592233  0.22135922 0.40970874]
val_loss=9.3124
accuracy
[0.06213592 0.16116505 0.21747573 0.4       ]
val_loss=9.3282
accuracy
[0.06019417 0.15728155 0.21553398 0.4       ]
val_loss=9.3262
accuracy
[0.06213592 0.15533981 0.21747573 0.40194175]
val_loss=9.3540
accuracy
[0.05825243 0.1592233  0.21553398 0.4038835 ]
val_loss=9.1554
accuracy
[0.06213592 0.16116505 0.21747573 0.40776699]
val_loss=9.2141
accuracy
[0.06407767 0.1592233  0.21941748 0.40970874]
val_loss=9.1918
accuracy
[0.06213592 0.1592233  0.21941748 0.40776699]
val_loss=9.2117
accuracy
[0.05825243 0.14951456 0.21553398 0.40970874]
val_loss=9.4294
accuracy
[0.06407767 0.16504854 0.21553398 0.4038835 ]
val_loss=9.3980
accuracy
[0.06407767 0.16504854 0.21553398 0.4038835 ]
val_loss=9.5874
accuracy
[0.06601942 0.1592233  0.21359223 0.39805825]
val_loss=9.6689
accuracy
[0.06407767 0.15728155 0.21553398 0.3961165 ]
val_loss=9.2805
accuracy
[0.06213592 0.16116505 0.21747573 0.4038835 ]
val_loss=9.3412
accuracy
[0.06601942 0.1631068  0.21941748 0.41165049]
val_loss=9.6472
accuracy
[0.06213592 0.15728155 0.21359223 0.39805825]
val_loss=9.4092
accuracy
[0.06213592 0.1592233  0.21747573 0.40582524]
val_loss=9.5295
accuracy
[0.06213592 0.15728155 0.21553398 0.4       ]
val_loss=9.5229
accuracy
[0.06213592 0.1592233  0.21359223 0.4       ]
val_loss=9.6631
accuracy
[0.06213592 0.15533981 0.21359223 0.39805825]
val_loss=9.4394
accuracy
[0.06213592 0.16116505 0.21747573 0.40582524]
val_loss=9.5505
accuracy
[0.06213592 0.15728155 0.21359223 0.40194175]
val_loss=9.6571
accuracy
[0.06213592 0.15728155 0.21359223 0.39805825]
val_loss=9.6644
accuracy
[0.06213592 0.15533981 0.21359223 0.39805825]
val_loss=9.5202
accuracy
[0.06213592 0.15728155 0.21553398 0.40194175]
val_loss=9.5944
accuracy
[0.06213592 0.15728155 0.21359223 0.40194175]
val_loss=9.5201
accuracy
[0.06213592 0.16116505 0.21747573 0.40582524]
val_loss=9.5693
accuracy
[0.06213592 0.1592233  0.21359223 0.40194175]
val_loss=9.6223
accuracy
[0.06213592 0.15728155 0.21359223 0.4       ]
val_loss=9.6409
accuracy
[0.06213592 0.15728155 0.21359223 0.4       ]
val_loss=9.6563
accuracy
[0.06213592 0.15728155 0.21359223 0.4       ]
val_loss=9.6339
accuracy
[0.06213592 0.15728155 0.21553398 0.4       ]
val_loss=9.7226
accuracy
[0.06213592 0.15339806 0.21359223 0.4       ]
val_loss=9.5041
accuracy
[0.06213592 0.1592233  0.21553398 0.40776699]
val_loss=9.6649
accuracy
[0.06213592 0.15728155 0.21553398 0.4       ]
Finished Training
    rehearsal replay buffer: 500 of 1899 source samples
cpu
Finished Training
cpu
Finished Training
cpu
Finished Training
cpu
Finished Training
cpu
Finished Training
cpu
Finished Training
cpu
Finished Training
cpu
Finished Training
cpu
Finished Training
cpu
Finished Training
cpu
Finished Training
cpu
Finished Training
cpu
Finished Training
cpu
Finished Training
cpu
Finished Training
cpu
Finished Training
cpu
Finished Training
cpu
Finished Training
cpu
Finished Training
cpu
Finished Training
cpu
Finished Training
cpu
Finished Training
Saved result\stage1_s32straight_to_s33straight_rehearsal_acc.mat and result\stage1_s32straight_to_s33straight_rehearsal_pwr.mat (10/10 seeds completed)

======================================================================
Rehearsal comparison: scenario33straight -> scenario2  (s33straight_to_s2)
======================================================================
  seed 0: pretrain on scenario33straight (2059 samples), zero-shot eval on scenario2 (595 held-out test samples)
cpu
-----------------------------------------------------------------------
      Layer (type)        Output Shape         Param #     Tr. Param #
=======================================================================
          Linear-1           [32, 256]           1,280           1,280
            ReLU-2           [32, 256]               0               0
          Linear-3           [32, 256]          65,792          65,792
          Linear-4           [32, 256]          65,792          65,792
          Linear-5            [32, 16]           4,112           4,112
=======================================================================
Total params: 136,976
Trainable params: 136,976
Non-trainable params: 0
-----------------------------------------------------------------------
val_loss=7.8720
accuracy
[0.03361345 0.08907563 0.14621849 0.27394958]
val_loss=14.7041
accuracy
[0.0605042  0.09411765 0.20168067 0.22857143]
val_loss=15.3534
accuracy
[0.0605042  0.12773109 0.16134454 0.22857143]
val_loss=18.8218
accuracy
[0.06722689 0.12773109 0.1394958  0.19159664]
val_loss=18.4375
accuracy
[0.06722689 0.12773109 0.1394958  0.17983193]
val_loss=18.1932
accuracy
[0.06722689 0.12773109 0.1394958  0.18655462]
val_loss=19.0538
accuracy
[0.06722689 0.12773109 0.1394958  0.28403361]
val_loss=20.8181
accuracy
[0.06722689 0.12773109 0.14117647 0.24033613]
val_loss=20.1440
accuracy
[0.06722689 0.0789916  0.14117647 0.28067227]
val_loss=22.5406
accuracy
[0.06722689 0.0789916  0.1394958  0.28571429]
val_loss=22.1745
accuracy
[0.06722689 0.0789916  0.1394958  0.28571429]
val_loss=20.4394
accuracy
[0.06722689 0.0789916  0.17142857 0.28403361]
val_loss=20.9690
accuracy
[0.06722689 0.0789916  0.14117647 0.27058824]
val_loss=21.5046
accuracy
[0.06722689 0.0789916  0.18655462 0.28403361]
val_loss=21.9051
accuracy
[0.06722689 0.0789916  0.1394958  0.28067227]
val_loss=21.9420
accuracy
[0.06722689 0.0789916  0.16806723 0.25210084]
val_loss=21.0077
accuracy
[0.06722689 0.0789916  0.18655462 0.25546218]
val_loss=19.4021
accuracy
[0.06722689 0.0789916  0.14621849 0.25378151]
val_loss=17.4776
accuracy
[0.06722689 0.0789916  0.16638655 0.25546218]
val_loss=18.3356
accuracy
[0.06722689 0.0789916  0.16638655 0.25210084]
val_loss=18.8679
accuracy
[0.06722689 0.0789916  0.16470588 0.25210084]
val_loss=19.7837
accuracy
[0.06722689 0.0789916  0.16806723 0.25210084]
val_loss=20.1554
accuracy
[0.06722689 0.0789916  0.17142857 0.25378151]
val_loss=20.5306
accuracy
[0.06722689 0.0789916  0.18487395 0.25210084]
val_loss=20.9703
accuracy
[0.06722689 0.0789916  0.19495798 0.25210084]
val_loss=21.1312
accuracy
[0.06722689 0.0789916  0.19495798 0.25378151]
val_loss=21.5398
accuracy
[0.06722689 0.0789916  0.19495798 0.25210084]
val_loss=21.5585
accuracy
[0.06722689 0.0789916  0.20504202 0.25378151]
val_loss=22.2876
accuracy
[0.06722689 0.0789916  0.18823529 0.25210084]
val_loss=22.1304
accuracy
[0.06722689 0.0789916  0.21176471 0.25210084]
val_loss=22.9088
accuracy
[0.06722689 0.0789916  0.20504202 0.25210084]
val_loss=22.7775
accuracy
[0.06722689 0.0789916  0.20672269 0.25210084]
val_loss=22.9634
accuracy
[0.06722689 0.0789916  0.21176471 0.25210084]
val_loss=22.9375
accuracy
[0.06722689 0.0789916  0.20168067 0.25210084]
val_loss=23.5343
accuracy
[0.06722689 0.0789916  0.20504202 0.25210084]
val_loss=22.9606
accuracy
[0.06722689 0.0789916  0.20840336 0.25210084]
val_loss=22.9049
accuracy
[0.06722689 0.0789916  0.21680672 0.25378151]
val_loss=22.5502
accuracy
[0.06722689 0.0789916  0.22352941 0.25378151]
val_loss=23.2429
accuracy
[0.06722689 0.0789916  0.20672269 0.25210084]
val_loss=23.7951
accuracy
[0.06722689 0.0789916  0.22016807 0.25210084]
val_loss=23.2126
accuracy
[0.06722689 0.0789916  0.21848739 0.25210084]
val_loss=23.2661
accuracy
[0.06722689 0.0789916  0.21848739 0.25210084]
val_loss=23.3794
accuracy
[0.06722689 0.0789916  0.21680672 0.25210084]
val_loss=23.3785
accuracy
[0.06722689 0.0789916  0.21512605 0.25210084]
val_loss=23.3943
accuracy
[0.06722689 0.0789916  0.21344538 0.25210084]
val_loss=23.5088
accuracy
[0.06722689 0.0789916  0.21680672 0.25210084]
val_loss=23.4603
accuracy
[0.06722689 0.0789916  0.21512605 0.25210084]
val_loss=23.7485
accuracy
[0.06722689 0.0789916  0.21512605 0.25210084]
val_loss=23.7672
accuracy
[0.06722689 0.0789916  0.22016807 0.25210084]
val_loss=23.7354
accuracy
[0.06722689 0.0789916  0.22184874 0.25210084]
val_loss=23.7287
accuracy
[0.06722689 0.0789916  0.22016807 0.25210084]
val_loss=23.8730
accuracy
[0.06722689 0.0789916  0.21848739 0.25210084]
val_loss=23.8925
accuracy
[0.06722689 0.0789916  0.22016807 0.25210084]
val_loss=23.8043
accuracy
[0.06722689 0.0789916  0.22352941 0.25210084]
val_loss=24.0698
accuracy
[0.06722689 0.0789916  0.22016807 0.25210084]
val_loss=23.9146
accuracy
[0.06722689 0.0789916  0.22184874 0.25210084]
val_loss=24.1570
accuracy
[0.06722689 0.0789916  0.22016807 0.25210084]
val_loss=24.0915
accuracy
[0.06722689 0.0789916  0.22016807 0.25210084]
val_loss=24.2309
accuracy
[0.06890756 0.0789916  0.21680672 0.25210084]
val_loss=24.1443
accuracy
[0.0605042  0.0789916  0.22016807 0.25210084]
val_loss=24.1794
accuracy
[0.06722689 0.0789916  0.22184874 0.25210084]
val_loss=24.1894
accuracy
[0.06890756 0.0789916  0.22016807 0.25210084]
val_loss=24.1676
accuracy
[0.07058824 0.0789916  0.22184874 0.25210084]
val_loss=24.2149
accuracy
[0.07058824 0.0789916  0.22184874 0.25210084]
val_loss=24.2126
accuracy
[0.07058824 0.0789916  0.22016807 0.25210084]
val_loss=24.2105
accuracy
[0.07058824 0.0789916  0.22184874 0.25210084]
val_loss=24.2571
accuracy
[0.07058824 0.0789916  0.22184874 0.25210084]
val_loss=24.2747
accuracy
[0.06722689 0.0789916  0.22184874 0.25210084]
val_loss=24.2731
accuracy
[0.06722689 0.0789916  0.22016807 0.25210084]
val_loss=24.2913
accuracy
[0.07226891 0.0789916  0.22016807 0.25210084]
val_loss=24.2601
accuracy
[0.06554622 0.0789916  0.22016807 0.25210084]
val_loss=24.2729
accuracy
[0.04369748 0.0789916  0.22184874 0.25210084]
val_loss=24.3266
accuracy
[0.03193277 0.0789916  0.22184874 0.25210084]
val_loss=24.3249
accuracy
[0.05546218 0.0789916  0.22184874 0.25210084]
val_loss=24.3487
accuracy
[0.03865546 0.0789916  0.22016807 0.25210084]
val_loss=24.3982
accuracy
[0.06218487 0.0789916  0.22184874 0.25210084]
val_loss=24.3785
accuracy
[0.02521008 0.0789916  0.22016807 0.25210084]
val_loss=24.3958
accuracy
[0.02857143 0.0789916  0.22184874 0.25210084]
val_loss=24.4280
accuracy
[0.01176471 0.0789916  0.22184874 0.25210084]
val_loss=24.4118
accuracy
[0.01680672 0.0789916  0.22184874 0.25210084]
Finished Training
    rehearsal replay buffer: 500 of 2059 source samples
cpu
Finished Training
cpu
Finished Training
cpu
Finished Training
cpu
Finished Training
cpu
Finished Training
cpu
Finished Training
cpu
Finished Training
cpu
Finished Training
cpu
Finished Training
cpu
Finished Training
cpu
Finished Training
cpu
Finished Training
cpu
Finished Training
cpu
Finished Training
cpu
Finished Training
cpu
Finished Training
cpu
Finished Training
cpu
Finished Training
cpu
Finished Training
cpu
Finished Training
cpu
Finished Training
cpu
Finished Training
  seed 1: pretrain on scenario33straight (2059 samples), zero-shot eval on scenario2 (595 held-out test samples)
cpu
-----------------------------------------------------------------------
      Layer (type)        Output Shape         Param #     Tr. Param #
=======================================================================
          Linear-1           [32, 256]           1,280           1,280
            ReLU-2           [32, 256]               0               0
          Linear-3           [32, 256]          65,792          65,792
          Linear-4           [32, 256]          65,792          65,792
          Linear-5            [32, 16]           4,112           4,112
=======================================================================
Total params: 136,976
Trainable params: 136,976
Non-trainable params: 0
-----------------------------------------------------------------------
val_loss=8.8141
accuracy
[0.06890756 0.11596639 0.15798319 0.2907563 ]
val_loss=14.9568
accuracy
[0.04537815 0.11092437 0.15798319 0.2487395 ]
val_loss=12.3671
accuracy
[0.06890756 0.11596639 0.14453782 0.19831933]
val_loss=14.9728
accuracy
[0.06890756 0.11596639 0.11596639 0.25714286]
val_loss=15.9367
accuracy
[0.06890756 0.11596639 0.12941176 0.18823529]
val_loss=16.5781
accuracy
[0.06890756 0.11596639 0.13109244 0.26386555]
val_loss=16.2620
accuracy
[0.06890756 0.09411765 0.12941176 0.2       ]
val_loss=18.7914
accuracy
[0.06890756 0.0907563  0.12941176 0.19663866]
val_loss=17.8033
accuracy
[0.06890756 0.11596639 0.12941176 0.24033613]
val_loss=18.3319
accuracy
[0.06890756 0.11596639 0.12941176 0.21680672]
val_loss=18.9220
accuracy
[0.06890756 0.11596639 0.12941176 0.27058824]
val_loss=20.7461
accuracy
[0.06890756 0.11596639 0.12941176 0.27058824]
val_loss=18.7281
accuracy
[0.06890756 0.08235294 0.12941176 0.23865546]
val_loss=19.5835
accuracy
[0.06890756 0.08235294 0.12941176 0.26722689]
val_loss=18.2567
accuracy
[0.06890756 0.11596639 0.18319328 0.27226891]
val_loss=20.6376
accuracy
[0.06890756 0.08235294 0.12941176 0.27226891]
val_loss=18.2339
accuracy
[0.06890756 0.08235294 0.18487395 0.27226891]
val_loss=19.8386
accuracy
[0.06890756 0.11596639 0.13109244 0.27058824]
val_loss=20.4189
accuracy
[0.06890756 0.11596639 0.13109244 0.27058824]
val_loss=19.8113
accuracy
[0.06890756 0.11596639 0.12941176 0.2605042 ]
val_loss=20.0338
accuracy
[0.06890756 0.08235294 0.12941176 0.2605042 ]
val_loss=21.1210
accuracy
[0.06890756 0.08235294 0.12941176 0.26218487]
val_loss=21.8721
accuracy
[0.06890756 0.08235294 0.13109244 0.26218487]
val_loss=22.1751
accuracy
[0.06890756 0.08235294 0.13109244 0.26890756]
val_loss=22.3516
accuracy
[0.06890756 0.08235294 0.15294118 0.26386555]
val_loss=23.1680
accuracy
[0.06890756 0.08235294 0.15294118 0.26386555]
val_loss=23.4024
accuracy
[0.06890756 0.08235294 0.16302521 0.26890756]
val_loss=23.5615
accuracy
[0.06890756 0.08235294 0.16806723 0.26890756]
val_loss=23.7215
accuracy
[0.06890756 0.08235294 0.17478992 0.27058824]
val_loss=24.1267
accuracy
[0.06890756 0.08235294 0.17478992 0.27058824]
val_loss=24.6372
accuracy
[0.06890756 0.08235294 0.15966387 0.27226891]
val_loss=24.7270
accuracy
[0.06890756 0.08235294 0.18151261 0.27226891]
val_loss=24.6899
accuracy
[0.06890756 0.08235294 0.17647059 0.27226891]
val_loss=25.3042
accuracy
[0.06890756 0.08235294 0.17310924 0.27226891]
val_loss=25.2327
accuracy
[0.06890756 0.08235294 0.17647059 0.27058824]
val_loss=25.8731
accuracy
[0.06890756 0.08235294 0.16806723 0.27058824]
val_loss=26.0962
accuracy
[0.06890756 0.08235294 0.1697479  0.27058824]
val_loss=25.8223
accuracy
[0.06890756 0.08235294 0.17983193 0.27058824]
val_loss=25.5686
accuracy
[0.06890756 0.08235294 0.17478992 0.27226891]
val_loss=25.9422
accuracy
[0.06890756 0.08235294 0.17983193 0.27058824]
val_loss=25.7724
accuracy
[0.06890756 0.08235294 0.18319328 0.27058824]
val_loss=25.6734
accuracy
[0.06890756 0.08235294 0.18319328 0.27226891]
val_loss=25.8670
accuracy
[0.06890756 0.08235294 0.18319328 0.27058824]
val_loss=26.0389
accuracy
[0.06890756 0.08235294 0.18319328 0.27058824]
val_loss=25.9945
accuracy
[0.06890756 0.08235294 0.18319328 0.27058824]
val_loss=26.0067
accuracy
[0.06890756 0.08235294 0.18319328 0.27226891]
val_loss=25.9703
accuracy
[0.06890756 0.08235294 0.18487395 0.27226891]
val_loss=26.2433
accuracy
[0.06890756 0.08235294 0.18319328 0.27058824]
val_loss=26.1949
accuracy
[0.06890756 0.08235294 0.18655462 0.27058824]
val_loss=26.3167
accuracy
[0.06890756 0.08235294 0.18487395 0.27058824]
val_loss=26.3152
accuracy
[0.06890756 0.08235294 0.18319328 0.27226891]
val_loss=26.3529
accuracy
[0.06890756 0.08235294 0.18487395 0.27058824]
val_loss=26.4883
accuracy
[0.06890756 0.08235294 0.18487395 0.27058824]
val_loss=26.5524
accuracy
[0.06890756 0.08235294 0.18319328 0.27058824]
val_loss=26.4495
accuracy
[0.06890756 0.08235294 0.18487395 0.27226891]
val_loss=26.6004
accuracy
[0.06890756 0.08235294 0.18487395 0.27058824]
val_loss=26.6586
accuracy
[0.06890756 0.08235294 0.18487395 0.27058824]
val_loss=26.6325
accuracy
[0.06890756 0.08235294 0.18487395 0.27226891]
val_loss=26.9575
accuracy
[0.06890756 0.08235294 0.18487395 0.27058824]
val_loss=26.6213
accuracy
[0.06890756 0.08235294 0.18991597 0.27226891]
val_loss=26.7292
accuracy
[0.06890756 0.08235294 0.18487395 0.27058824]
val_loss=26.7955
accuracy
[0.06890756 0.08235294 0.18655462 0.27058824]
val_loss=26.8052
accuracy
[0.06890756 0.08235294 0.18655462 0.27058824]
val_loss=26.8234
accuracy
[0.06890756 0.08235294 0.18655462 0.27058824]
val_loss=26.8570
accuracy
[0.06890756 0.08235294 0.18655462 0.27058824]
val_loss=26.8495
accuracy
[0.06890756 0.08235294 0.18655462 0.27058824]
val_loss=26.8808
accuracy
[0.06890756 0.08235294 0.18655462 0.27058824]
val_loss=26.8877
accuracy
[0.06890756 0.08235294 0.18655462 0.27058824]
val_loss=26.9008
accuracy
[0.06890756 0.08235294 0.18655462 0.27058824]
val_loss=26.8866
accuracy
[0.06890756 0.08235294 0.18655462 0.27058824]
val_loss=26.8851
accuracy
[0.06890756 0.08235294 0.18655462 0.27058824]
val_loss=26.9033
accuracy
[0.06890756 0.08235294 0.18655462 0.27058824]
val_loss=26.9615
accuracy
[0.06890756 0.08235294 0.18655462 0.27058824]
val_loss=26.9440
accuracy
[0.06890756 0.08235294 0.18655462 0.27058824]
val_loss=26.9991
accuracy
[0.06890756 0.08235294 0.18655462 0.27058824]
val_loss=26.9245
accuracy
[0.06890756 0.08235294 0.18655462 0.27058824]
val_loss=26.9750
accuracy
[0.06890756 0.08235294 0.18655462 0.27058824]
val_loss=26.9866
accuracy
[0.06890756 0.08235294 0.18655462 0.27058824]
val_loss=27.0043
accuracy
[0.06890756 0.08235294 0.18655462 0.27058824]
val_loss=27.0170
accuracy
[0.06890756 0.08235294 0.18655462 0.27058824]
Finished Training
    rehearsal replay buffer: 500 of 2059 source samples
cpu
Finished Training
cpu
Finished Training
cpu
Finished Training
cpu
Finished Training
cpu
Finished Training
cpu
Finished Training
cpu
Finished Training
cpu
Finished Training
cpu
Finished Training
cpu
Finished Training
cpu
Finished Training
cpu
Finished Training
cpu
Finished Training
cpu
Finished Training
cpu
Finished Training
cpu
Finished Training
cpu
Finished Training
cpu
Finished Training
cpu
Finished Training
cpu
Finished Training
cpu
Finished Training
cpu
Finished Training
  seed 2: pretrain on scenario33straight (2059 samples), zero-shot eval on scenario2 (595 held-out test samples)
cpu
-----------------------------------------------------------------------
      Layer (type)        Output Shape         Param #     Tr. Param #
=======================================================================
          Linear-1           [32, 256]           1,280           1,280
            ReLU-2           [32, 256]               0               0
          Linear-3           [32, 256]          65,792          65,792
          Linear-4           [32, 256]          65,792          65,792
          Linear-5            [32, 16]           4,112           4,112
=======================================================================
Total params: 136,976
Trainable params: 136,976
Non-trainable params: 0
-----------------------------------------------------------------------
val_loss=7.7725
accuracy
[0.04033613 0.11428571 0.16638655 0.25378151]
val_loss=12.3722
accuracy
[0.05210084 0.09243697 0.16638655 0.23529412]
val_loss=14.7131
accuracy
[0.07394958 0.12605042 0.16638655 0.23529412]
val_loss=16.8714
accuracy
[0.07394958 0.12605042 0.16638655 0.24201681]
val_loss=16.4734
accuracy
[0.07394958 0.12605042 0.14285714 0.23529412]
val_loss=18.6060
accuracy
[0.07394958 0.12605042 0.16638655 0.23529412]
val_loss=17.7365
accuracy
[0.07394958 0.12605042 0.14285714 0.23529412]
val_loss=19.7328
accuracy
[0.07394958 0.12605042 0.14285714 0.23529412]
val_loss=19.0435
accuracy
[0.07394958 0.12605042 0.14285714 0.23529412]
val_loss=18.3655
accuracy
[0.07394958 0.12605042 0.14285714 0.23529412]
val_loss=18.6771
accuracy
[0.07394958 0.12605042 0.14285714 0.23529412]
val_loss=18.6069
accuracy
[0.05210084 0.06890756 0.14285714 0.23529412]
val_loss=17.9819
accuracy
[0.07394958 0.0907563  0.14285714 0.23529412]
val_loss=21.4584
accuracy
[0.07394958 0.0907563  0.14285714 0.23529412]
val_loss=16.6472
accuracy
[0.07394958 0.12605042 0.14285714 0.23529412]
val_loss=19.9678
accuracy
[0.07394958 0.0907563  0.14285714 0.23529412]
val_loss=20.2741
accuracy
[0.07394958 0.12605042 0.14285714 0.23529412]
val_loss=21.6296
accuracy
[0.07394958 0.0907563  0.14285714 0.23529412]
val_loss=19.7030
accuracy
[0.07394958 0.0907563  0.14285714 0.18319328]
val_loss=21.5143
accuracy
[0.07394958 0.0907563  0.14285714 0.18319328]
val_loss=22.1226
accuracy
[0.07394958 0.0907563  0.14285714 0.18319328]
val_loss=22.2598
accuracy
[0.07394958 0.0907563  0.14285714 0.18319328]
val_loss=22.7591
accuracy
[0.07394958 0.0907563  0.14285714 0.18319328]
val_loss=22.7828
accuracy
[0.07394958 0.0907563  0.14285714 0.18319328]
val_loss=23.6191
accuracy
[0.07394958 0.0907563  0.14285714 0.18319328]
val_loss=23.8822
accuracy
[0.07394958 0.0907563  0.14285714 0.18319328]
val_loss=24.1516
accuracy
[0.07394958 0.0907563  0.14285714 0.18487395]
val_loss=24.3942
accuracy
[0.07394958 0.0907563  0.14285714 0.18319328]
val_loss=24.2138
accuracy
[0.07394958 0.0907563  0.14285714 0.18487395]
val_loss=24.9215
accuracy
[0.07394958 0.0907563  0.14285714 0.18319328]
val_loss=25.0062
accuracy
[0.07394958 0.0907563  0.14285714 0.18319328]
val_loss=25.0713
accuracy
[0.07394958 0.0907563  0.14285714 0.18487395]
val_loss=25.2655
accuracy
[0.07394958 0.0907563  0.14285714 0.18487395]
val_loss=25.5944
accuracy
[0.07394958 0.0907563  0.14285714 0.18487395]
val_loss=25.7858
accuracy
[0.07394958 0.0907563  0.14285714 0.18319328]
val_loss=25.7655
accuracy
[0.07394958 0.0907563  0.14285714 0.18487395]
val_loss=26.4423
accuracy
[0.07394958 0.0907563  0.14285714 0.18487395]
val_loss=26.3023
accuracy
[0.07394958 0.0907563  0.14285714 0.18487395]
val_loss=26.3896
accuracy
[0.07394958 0.0907563  0.14285714 0.18487395]
val_loss=26.8469
accuracy
[0.07394958 0.0907563  0.14285714 0.18487395]
val_loss=26.9008
accuracy
[0.07394958 0.0907563  0.14285714 0.18487395]
val_loss=27.2114
accuracy
[0.07394958 0.0907563  0.14285714 0.18319328]
val_loss=27.1653
accuracy
[0.07394958 0.0907563  0.14285714 0.18487395]
val_loss=27.1303
accuracy
[0.07394958 0.0907563  0.14285714 0.18487395]
val_loss=27.2457
accuracy
[0.07394958 0.0907563  0.14285714 0.18319328]
val_loss=27.5318
accuracy
[0.07394958 0.0907563  0.14285714 0.18319328]
val_loss=27.6180
accuracy
[0.07394958 0.0907563  0.14285714 0.18319328]
val_loss=27.3631
accuracy
[0.07394958 0.0907563  0.14285714 0.18487395]
val_loss=27.6668
accuracy
[0.07394958 0.0907563  0.14285714 0.18319328]
val_loss=27.6352
accuracy
[0.07394958 0.0907563  0.14285714 0.18319328]
val_loss=27.8231
accuracy
[0.07394958 0.0907563  0.14285714 0.18319328]
val_loss=27.7338
accuracy
[0.07394958 0.0907563  0.14285714 0.18487395]
val_loss=28.0639
accuracy
[0.07394958 0.0907563  0.14285714 0.18319328]
val_loss=27.8653
accuracy
[0.07394958 0.0907563  0.14285714 0.18319328]
val_loss=28.0098
accuracy
[0.07394958 0.0907563  0.14285714 0.18319328]
val_loss=28.0271
accuracy
[0.07394958 0.0907563  0.14285714 0.18319328]
val_loss=28.0427
accuracy
[0.07394958 0.0907563  0.14285714 0.18487395]
val_loss=28.0997
accuracy
[0.07394958 0.0907563  0.14285714 0.18487395]
val_loss=28.2799
accuracy
[0.07394958 0.0907563  0.14285714 0.18319328]
val_loss=28.3973
accuracy
[0.07394958 0.0907563  0.14285714 0.18487395]
val_loss=28.3482
accuracy
[0.07394958 0.0907563  0.14285714 0.18487395]
val_loss=28.3842
accuracy
[0.07394958 0.0907563  0.14285714 0.18319328]
val_loss=28.3843
accuracy
[0.07394958 0.0907563  0.14285714 0.18319328]
val_loss=28.4281
accuracy
[0.07394958 0.0907563  0.14285714 0.18319328]
val_loss=28.3607
accuracy
[0.07394958 0.0907563  0.14285714 0.18487395]
val_loss=28.4283
accuracy
[0.07394958 0.0907563  0.14285714 0.18319328]
val_loss=28.4286
accuracy
[0.07394958 0.0907563  0.14285714 0.18319328]
val_loss=28.4089
accuracy
[0.07394958 0.0907563  0.14285714 0.18319328]
val_loss=28.4809
accuracy
[0.07394958 0.0907563  0.14285714 0.18319328]
val_loss=28.5055
accuracy
[0.07394958 0.0907563  0.14285714 0.18319328]
val_loss=28.5444
accuracy
[0.07394958 0.0907563  0.14285714 0.18319328]
val_loss=28.5172
accuracy
[0.07394958 0.0907563  0.14285714 0.18319328]
val_loss=28.5324
accuracy
[0.07394958 0.0907563  0.14285714 0.18319328]
val_loss=28.5783
accuracy
[0.07394958 0.0907563  0.14285714 0.18319328]
val_loss=28.6042
accuracy
[0.07394958 0.0907563  0.14285714 0.18319328]
val_loss=28.5922
accuracy
[0.07394958 0.0907563  0.14285714 0.18319328]
val_loss=28.6446
accuracy
[0.07394958 0.0907563  0.14285714 0.18319328]
val_loss=28.6495
accuracy
[0.07394958 0.0907563  0.14285714 0.18319328]
val_loss=28.6609
accuracy
[0.07394958 0.0907563  0.14285714 0.18319328]
val_loss=28.6531
accuracy
[0.07394958 0.0907563  0.14285714 0.18319328]
Finished Training
    rehearsal replay buffer: 500 of 2059 source samples
cpu
Finished Training
cpu
Finished Training
cpu
Finished Training
cpu
Finished Training
cpu
Finished Training
cpu
Finished Training
cpu
Finished Training
cpu
Finished Training
cpu
Finished Training
cpu
Finished Training
cpu
Finished Training
cpu
Finished Training
cpu
Finished Training
cpu
Finished Training
cpu
Finished Training
cpu
Finished Training
cpu
Finished Training
cpu
Finished Training
cpu
Finished Training
cpu
Finished Training
cpu
Finished Training
cpu
Finished Training
  seed 3: pretrain on scenario33straight (2059 samples), zero-shot eval on scenario2 (595 held-out test samples)
cpu
-----------------------------------------------------------------------
      Layer (type)        Output Shape         Param #     Tr. Param #
=======================================================================
          Linear-1           [32, 256]           1,280           1,280
            ReLU-2           [32, 256]               0               0
          Linear-3           [32, 256]          65,792          65,792
          Linear-4           [32, 256]          65,792          65,792
          Linear-5            [32, 16]           4,112           4,112
=======================================================================
Total params: 136,976
Trainable params: 136,976
Non-trainable params: 0
-----------------------------------------------------------------------
val_loss=8.9816
accuracy
[0.04369748 0.08739496 0.12605042 0.23193277]
val_loss=14.8810
accuracy
[0.04369748 0.10252101 0.12605042 0.23193277]
val_loss=17.8896
accuracy
[0.04369748 0.08739496 0.11932773 0.19159664]
val_loss=19.7433
accuracy
[0.04369748 0.08739496 0.12605042 0.15966387]
val_loss=19.8278
accuracy
[0.04369748 0.08739496 0.10252101 0.14453782]
val_loss=18.9235
accuracy
[0.04369748 0.06890756 0.10084034 0.25042017]
val_loss=17.7846
accuracy
[0.04369748 0.05714286 0.10084034 0.22352941]
val_loss=16.4947
accuracy
[0.04369748 0.05714286 0.10084034 0.22352941]
val_loss=18.2767
accuracy
[0.04369748 0.0605042  0.10084034 0.25042017]
val_loss=18.5090
accuracy
[0.04369748 0.05714286 0.13613445 0.25042017]
val_loss=15.9316
accuracy
[0.04369748 0.05714286 0.13613445 0.25042017]
val_loss=18.0891
accuracy
[0.04369748 0.05714286 0.10084034 0.24705882]
val_loss=15.8021
accuracy
[0.04369748 0.05882353 0.17478992 0.25042017]
val_loss=17.4203
accuracy
[0.04369748 0.05714286 0.10084034 0.20504202]
val_loss=17.3833
accuracy
[0.04369748 0.05714286 0.10084034 0.24537815]
val_loss=17.7697
accuracy
[0.04369748 0.05714286 0.13781513 0.25042017]
val_loss=17.3229
accuracy
[0.04369748 0.07394958 0.10588235 0.25042017]
val_loss=19.1139
accuracy
[0.04369748 0.05714286 0.10084034 0.24033613]
val_loss=18.5966
accuracy
[0.04369748 0.05714286 0.10756303 0.24369748]
val_loss=19.9740
accuracy
[0.04369748 0.05714286 0.1092437  0.24201681]
val_loss=19.6279
accuracy
[0.04369748 0.05714286 0.12605042 0.24369748]
val_loss=19.5960
accuracy
[0.04369748 0.05714286 0.12941176 0.25042017]
val_loss=19.8315
accuracy
[0.04369748 0.05714286 0.13781513 0.25042017]
val_loss=20.1237
accuracy
[0.04369748 0.05714286 0.13277311 0.25042017]
val_loss=19.8458
accuracy
[0.04369748 0.05714286 0.14117647 0.25042017]
val_loss=20.6371
accuracy
[0.04369748 0.05714286 0.13277311 0.2487395 ]
val_loss=20.6351
accuracy
[0.04369748 0.05714286 0.14621849 0.25042017]
val_loss=21.0331
accuracy
[0.04369748 0.05714286 0.14789916 0.25042017]
val_loss=20.6495
accuracy
[0.04369748 0.05714286 0.14621849 0.22857143]
val_loss=21.1941
accuracy
[0.04369748 0.05714286 0.14117647 0.2487395 ]
val_loss=21.0533
accuracy
[0.04369748 0.05714286 0.15294118 0.24033613]
val_loss=21.4020
accuracy
[0.04369748 0.05714286 0.14957983 0.21512605]
val_loss=21.5703
accuracy
[0.04369748 0.05714286 0.15294118 0.24033613]
val_loss=21.1030
accuracy
[0.04369748 0.05714286 0.16302521 0.21344538]
val_loss=21.3995
accuracy
[0.04369748 0.05714286 0.16134454 0.21512605]
val_loss=21.3286
accuracy
[0.04369748 0.05714286 0.16470588 0.21512605]
val_loss=21.7773
accuracy
[0.04369748 0.05714286 0.14117647 0.21512605]
val_loss=21.6031
accuracy
[0.04369748 0.05714286 0.1512605  0.21176471]
val_loss=21.8843
accuracy
[0.04369748 0.05714286 0.14957983 0.21176471]
val_loss=21.6617
accuracy
[0.04369748 0.05714286 0.15462185 0.21176471]
val_loss=21.8228
accuracy
[0.04369748 0.05714286 0.16134454 0.21176471]
val_loss=21.9419
accuracy
[0.04369748 0.05714286 0.15966387 0.21176471]
val_loss=21.8753
accuracy
[0.04369748 0.05714286 0.16302521 0.21176471]
val_loss=21.9750
accuracy
[0.04369748 0.05714286 0.15966387 0.21176471]
val_loss=22.2055
accuracy
[0.04369748 0.05714286 0.15294118 0.21176471]
val_loss=22.2547
accuracy
[0.04369748 0.05714286 0.15798319 0.21176471]
val_loss=22.1769
accuracy
[0.04369748 0.05714286 0.15630252 0.21176471]
val_loss=22.1721
accuracy
[0.04369748 0.05714286 0.16302521 0.21176471]
val_loss=22.2820
accuracy
[0.04369748 0.05714286 0.16134454 0.21176471]
val_loss=22.4120
accuracy
[0.04369748 0.05714286 0.15462185 0.21176471]
val_loss=22.5339
accuracy
[0.04369748 0.05714286 0.15798319 0.21176471]
val_loss=22.4242
accuracy
[0.04369748 0.05714286 0.16134454 0.21176471]
val_loss=22.4225
accuracy
[0.04369748 0.05714286 0.16470588 0.21176471]
val_loss=22.3882
accuracy
[0.04369748 0.05714286 0.16638655 0.21176471]
val_loss=22.5786
accuracy
[0.04369748 0.05714286 0.16302521 0.21176471]
val_loss=22.4533
accuracy
[0.04369748 0.05714286 0.16470588 0.21176471]
val_loss=22.7136
accuracy
[0.04369748 0.05714286 0.15462185 0.21176471]
val_loss=22.6979
accuracy
[0.04369748 0.05714286 0.16134454 0.21176471]
val_loss=22.6618
accuracy
[0.04369748 0.05714286 0.16134454 0.21176471]
val_loss=22.6977
accuracy
[0.04369748 0.05714286 0.16134454 0.21176471]
val_loss=22.7123
accuracy
[0.04369748 0.05714286 0.16134454 0.21176471]
val_loss=22.7139
accuracy
[0.04369748 0.05714286 0.16134454 0.21176471]
val_loss=22.7457
accuracy
[0.04369748 0.05714286 0.16134454 0.21176471]
val_loss=22.7649
accuracy
[0.04369748 0.05714286 0.16134454 0.21176471]
val_loss=22.7603
accuracy
[0.04369748 0.05714286 0.16134454 0.21176471]
val_loss=22.7993
accuracy
[0.04369748 0.05714286 0.16134454 0.21176471]
val_loss=22.8447
accuracy
[0.04369748 0.05714286 0.16134454 0.21176471]
val_loss=22.8239
accuracy
[0.04369748 0.05714286 0.16134454 0.21176471]
val_loss=22.8147
accuracy
[0.04369748 0.05714286 0.16134454 0.21176471]
val_loss=22.8377
accuracy
[0.04369748 0.05714286 0.16134454 0.21176471]
val_loss=22.8252
accuracy
[0.04369748 0.05714286 0.16134454 0.21176471]
val_loss=22.8647
accuracy
[0.04369748 0.05714286 0.16302521 0.21176471]
val_loss=22.9144
accuracy
[0.04369748 0.05714286 0.16134454 0.21176471]
val_loss=22.8990
accuracy
[0.04369748 0.05714286 0.16134454 0.21176471]
val_loss=22.8663
accuracy
[0.04369748 0.05714286 0.16134454 0.21176471]
val_loss=22.8712
accuracy
[0.04369748 0.05714286 0.16134454 0.21176471]
val_loss=22.9026
accuracy
[0.04369748 0.05714286 0.16134454 0.21176471]
val_loss=22.9097
accuracy
[0.04369748 0.05714286 0.16302521 0.21176471]
val_loss=22.8896
accuracy
[0.04369748 0.05714286 0.16134454 0.21176471]
val_loss=22.9157
accuracy
[0.04369748 0.05714286 0.16134454 0.21176471]
Finished Training
    rehearsal replay buffer: 500 of 2059 source samples
cpu
Finished Training
cpu
Finished Training
cpu
Finished Training
cpu
Finished Training
cpu
Finished Training
cpu
Finished Training
cpu
Finished Training
cpu
Finished Training
cpu
Finished Training
cpu
Finished Training
cpu
Finished Training
cpu
Finished Training
cpu
Finished Training
cpu
Finished Training
cpu
Finished Training
cpu
Finished Training
cpu
Finished Training
cpu
Finished Training
cpu
Finished Training
cpu
Finished Training
cpu
Finished Training
cpu
Finished Training
  seed 4: pretrain on scenario33straight (2059 samples), zero-shot eval on scenario2 (595 held-out test samples)
cpu
-----------------------------------------------------------------------
      Layer (type)        Output Shape         Param #     Tr. Param #
=======================================================================
          Linear-1           [32, 256]           1,280           1,280
            ReLU-2           [32, 256]               0               0
          Linear-3           [32, 256]          65,792          65,792
          Linear-4           [32, 256]          65,792          65,792
          Linear-5            [32, 16]           4,112           4,112
=======================================================================
Total params: 136,976
Trainable params: 136,976
Non-trainable params: 0
-----------------------------------------------------------------------
val_loss=6.3282
accuracy
[0.07563025 0.12941176 0.18319328 0.28571429]
val_loss=14.3529
accuracy
[0.07563025 0.13277311 0.18655462 0.2487395 ]
val_loss=13.6180
accuracy
[0.05714286 0.13277311 0.18655462 0.2487395 ]
val_loss=15.1501
accuracy
[0.07563025 0.12941176 0.18655462 0.25042017]
val_loss=18.0354
accuracy
[0.07563025 0.13277311 0.14117647 0.25042017]
val_loss=17.5003
accuracy
[0.07563025 0.13277311 0.18655462 0.23361345]
val_loss=18.9481
accuracy
[0.07563025 0.13277311 0.14117647 0.22521008]
val_loss=20.1905
accuracy
[0.07563025 0.13277311 0.14621849 0.32436975]
val_loss=20.4010
accuracy
[0.05714286 0.13277311 0.18655462 0.20504202]
val_loss=19.2174
accuracy
[0.07563025 0.13277311 0.14117647 0.28403361]
val_loss=19.3197
accuracy
[0.07563025 0.08403361 0.14117647 0.32605042]
val_loss=19.1526
accuracy
[0.07563025 0.13277311 0.14285714 0.32773109]
val_loss=20.4595
accuracy
[0.07563025 0.13277311 0.14117647 0.29243697]
val_loss=21.0128
accuracy
[0.07563025 0.13277311 0.14117647 0.31260504]
val_loss=21.6891
accuracy
[0.07563025 0.08403361 0.14117647 0.26386555]
val_loss=19.1274
accuracy
[0.07563025 0.13277311 0.14117647 0.31596639]
val_loss=20.4532
accuracy
[0.07563025 0.13277311 0.14117647 0.32268908]
val_loss=20.5876
accuracy
[0.07563025 0.13277311 0.14117647 0.2605042 ]
val_loss=20.9410
accuracy
[0.07563025 0.13277311 0.14285714 0.29411765]
val_loss=21.3050
accuracy
[0.07563025 0.08403361 0.16638655 0.32436975]
val_loss=21.7329
accuracy
[0.07563025 0.08403361 0.14957983 0.32436975]
val_loss=22.6335
accuracy
[0.07563025 0.08403361 0.16134454 0.32436975]
val_loss=23.4188
accuracy
[0.07563025 0.08403361 0.17647059 0.32436975]
val_loss=23.6215
accuracy
[0.07563025 0.08403361 0.16470588 0.32436975]
val_loss=24.4535
accuracy
[0.07563025 0.08403361 0.18655462 0.32436975]
val_loss=24.6265
accuracy
[0.07563025 0.08403361 0.17310924 0.32436975]
val_loss=25.1540
accuracy
[0.07563025 0.08403361 0.19831933 0.32436975]
val_loss=24.9768
accuracy
[0.07563025 0.08403361 0.2        0.32605042]
val_loss=25.4642
accuracy
[0.07563025 0.08403361 0.19327731 0.32436975]
val_loss=25.9186
accuracy
[0.07563025 0.08403361 0.19327731 0.32436975]
val_loss=25.8460
accuracy
[0.07563025 0.08403361 0.2        0.32605042]
val_loss=26.2083
accuracy
[0.07563025 0.08403361 0.18319328 0.32436975]
val_loss=26.6144
accuracy
[0.07563025 0.08403361 0.21176471 0.32436975]
val_loss=27.5339
accuracy
[0.07563025 0.08403361 0.18823529 0.32436975]
val_loss=27.3939
accuracy
[0.07563025 0.08403361 0.20840336 0.32436975]
val_loss=27.0718
accuracy
[0.07563025 0.08403361 0.19159664 0.32605042]
val_loss=27.5304
accuracy
[0.07563025 0.08403361 0.21176471 0.32436975]
val_loss=27.6175
accuracy
[0.07563025 0.08403361 0.21176471 0.32605042]
val_loss=28.2224
accuracy
[0.07563025 0.08403361 0.20672269 0.32436975]
val_loss=27.8954
accuracy
[0.07563025 0.08403361 0.20840336 0.32436975]
val_loss=28.0980
accuracy
[0.07563025 0.08403361 0.21176471 0.32436975]
val_loss=28.1201
accuracy
[0.07563025 0.08403361 0.20840336 0.32436975]
val_loss=28.3482
accuracy
[0.07563025 0.08403361 0.21344538 0.32436975]
val_loss=28.4340
accuracy
[0.07563025 0.08403361 0.21008403 0.32436975]
val_loss=28.4721
accuracy
[0.07563025 0.08403361 0.21176471 0.32436975]
val_loss=28.5590
accuracy
[0.07563025 0.08403361 0.21512605 0.32436975]
val_loss=28.5844
accuracy
[0.07563025 0.08403361 0.21176471 0.32436975]
val_loss=28.7239
accuracy
[0.07563025 0.08403361 0.21512605 0.32436975]
val_loss=28.8021
accuracy
[0.07563025 0.08403361 0.21512605 0.32436975]
val_loss=28.9148
accuracy
[0.07563025 0.08403361 0.22016807 0.32436975]
val_loss=28.9095
accuracy
[0.07563025 0.08403361 0.21680672 0.32436975]
val_loss=28.9807
accuracy
[0.07563025 0.08403361 0.21680672 0.32436975]
val_loss=29.0631
accuracy
[0.07563025 0.08403361 0.21512605 0.32436975]
val_loss=29.0986
accuracy
[0.07563025 0.08403361 0.22016807 0.32436975]
val_loss=29.3467
accuracy
[0.07563025 0.08403361 0.21344538 0.32436975]
val_loss=29.2208
accuracy
[0.07563025 0.08403361 0.22521008 0.32436975]
val_loss=29.2362
accuracy
[0.07563025 0.08403361 0.22016807 0.32436975]
val_loss=29.3798
accuracy
[0.07563025 0.08403361 0.22521008 0.32436975]
val_loss=29.4442
accuracy
[0.07563025 0.08403361 0.22352941 0.32436975]
val_loss=29.4507
accuracy
[0.07563025 0.08403361 0.21512605 0.32436975]
val_loss=29.4899
accuracy
[0.07563025 0.08403361 0.22521008 0.32436975]
val_loss=29.4897
accuracy
[0.07563025 0.08403361 0.22521008 0.32436975]
val_loss=29.5377
accuracy
[0.07563025 0.08403361 0.22521008 0.32436975]
val_loss=29.5485
accuracy
[0.07563025 0.08403361 0.22521008 0.32436975]
val_loss=29.6029
accuracy
[0.07563025 0.08403361 0.22352941 0.32436975]
val_loss=29.5994
accuracy
[0.07563025 0.08403361 0.22521008 0.32436975]
val_loss=29.5964
accuracy
[0.07563025 0.08403361 0.22352941 0.32436975]
val_loss=29.6175
accuracy
[0.07563025 0.08403361 0.22521008 0.32436975]
val_loss=29.6367
accuracy
[0.07563025 0.08403361 0.22352941 0.32436975]
val_loss=29.6307
accuracy
[0.07563025 0.08403361 0.22352941 0.32436975]
val_loss=29.6783
accuracy
[0.07563025 0.08403361 0.22352941 0.32436975]
val_loss=29.7103
accuracy
[0.07563025 0.08403361 0.22521008 0.32436975]
val_loss=29.7077
accuracy
[0.07563025 0.08403361 0.22521008 0.32436975]
val_loss=29.6948
accuracy
[0.07563025 0.08403361 0.22352941 0.32436975]
val_loss=29.7467
accuracy
[0.07563025 0.08403361 0.22352941 0.32436975]
val_loss=29.7543
accuracy
[0.07563025 0.08403361 0.22352941 0.32436975]
val_loss=29.8039
accuracy
[0.07563025 0.08403361 0.22352941 0.32436975]
val_loss=29.8051
accuracy
[0.07563025 0.08403361 0.22521008 0.32436975]
val_loss=29.8036
accuracy
[0.07563025 0.08403361 0.22352941 0.32436975]
val_loss=29.8078
accuracy
[0.07563025 0.08403361 0.22521008 0.32436975]
Finished Training
    rehearsal replay buffer: 500 of 2059 source samples
cpu
Finished Training
cpu
Finished Training
cpu
Finished Training
cpu
Finished Training
cpu
Finished Training
cpu
Finished Training
cpu
Finished Training
cpu
Finished Training
cpu
Finished Training
cpu
Finished Training
cpu
Finished Training
cpu
Finished Training
cpu
Finished Training
cpu
Finished Training
cpu
Finished Training
cpu
Finished Training
cpu
Finished Training
cpu
Finished Training
cpu
Finished Training
cpu
Finished Training
cpu
Finished Training
cpu
Finished Training
  seed 5: pretrain on scenario33straight (2059 samples), zero-shot eval on scenario2 (595 held-out test samples)
cpu
-----------------------------------------------------------------------
      Layer (type)        Output Shape         Param #     Tr. Param #
=======================================================================
          Linear-1           [32, 256]           1,280           1,280
            ReLU-2           [32, 256]               0               0
          Linear-3           [32, 256]          65,792          65,792
          Linear-4           [32, 256]          65,792          65,792
          Linear-5            [32, 16]           4,112           4,112
=======================================================================
Total params: 136,976
Trainable params: 136,976
Non-trainable params: 0
-----------------------------------------------------------------------
val_loss=7.7160
accuracy
[0.04033613 0.07058824 0.11260504 0.20672269]
val_loss=11.1384
accuracy
[0.0302521  0.07226891 0.11260504 0.20840336]
val_loss=13.0233
accuracy
[0.04201681 0.08235294 0.11260504 0.17478992]
val_loss=13.7253
accuracy
[0.04201681 0.08235294 0.11260504 0.22857143]
val_loss=16.9372
accuracy
[0.04201681 0.08235294 0.11260504 0.13445378]
val_loss=15.4106
accuracy
[0.04201681 0.08235294 0.11260504 0.13277311]
val_loss=15.3583
accuracy
[0.04201681 0.08235294 0.09915966 0.14789916]
val_loss=15.5676
accuracy
[0.04201681 0.08235294 0.09915966 0.14957983]
val_loss=17.1485
accuracy
[0.04201681 0.08235294 0.09915966 0.21344538]
val_loss=16.5239
accuracy
[0.04201681 0.08235294 0.09915966 0.25042017]
val_loss=18.0433
accuracy
[0.04201681 0.08235294 0.10084034 0.25210084]
val_loss=19.9206
accuracy
[0.04201681 0.05882353 0.09915966 0.2487395 ]
val_loss=19.9182
accuracy
[0.04201681 0.08235294 0.09915966 0.25210084]
val_loss=19.8199
accuracy
[0.04201681 0.08235294 0.09915966 0.25210084]
val_loss=19.3496
accuracy
[0.04201681 0.08235294 0.09915966 0.24705882]
val_loss=19.6639
accuracy
[0.04201681 0.09411765 0.10084034 0.25210084]
val_loss=22.5583
accuracy
[0.04201681 0.05882353 0.09915966 0.25210084]
val_loss=21.3712
accuracy
[0.04201681 0.05882353 0.17478992 0.25210084]
val_loss=20.8365
accuracy
[0.04201681 0.05882353 0.13277311 0.25210084]
val_loss=20.8864
accuracy
[0.04201681 0.05882353 0.10084034 0.25378151]
val_loss=21.7182
accuracy
[0.04201681 0.05882353 0.11092437 0.25210084]
val_loss=22.9568
accuracy
[0.04201681 0.05882353 0.1210084  0.25210084]
val_loss=24.0859
accuracy
[0.04201681 0.05882353 0.12268908 0.25210084]
val_loss=24.3937
accuracy
[0.04201681 0.05882353 0.13613445 0.25210084]
val_loss=25.1341
accuracy
[0.04201681 0.05882353 0.1210084  0.25210084]
val_loss=25.4160
accuracy
[0.04201681 0.05882353 0.14621849 0.25210084]
val_loss=25.7802
accuracy
[0.04201681 0.05882353 0.14957983 0.25210084]
val_loss=25.8651
accuracy
[0.04201681 0.05882353 0.1512605  0.25210084]
val_loss=26.6678
accuracy
[0.04201681 0.05882353 0.15966387 0.25210084]
val_loss=25.7771
accuracy
[0.04201681 0.05882353 0.18319328 0.25210084]
val_loss=27.2753
accuracy
[0.04201681 0.05882353 0.15294118 0.25210084]
val_loss=27.5843
accuracy
[0.04201681 0.05882353 0.15462185 0.25210084]
val_loss=26.7886
accuracy
[0.04201681 0.05882353 0.17142857 0.25210084]
val_loss=27.6357
accuracy
[0.04201681 0.05882353 0.17478992 0.25210084]
val_loss=27.6871
accuracy
[0.04201681 0.05882353 0.16470588 0.25210084]
val_loss=28.1917
accuracy
[0.04201681 0.05882353 0.16134454 0.25210084]
val_loss=28.0727
accuracy
[0.04201681 0.05882353 0.1697479  0.25210084]
val_loss=28.7916
accuracy
[0.04201681 0.05882353 0.16302521 0.25210084]
val_loss=28.4648
accuracy
[0.04201681 0.05882353 0.16134454 0.25210084]
val_loss=28.8884
accuracy
[0.04201681 0.05882353 0.1697479  0.25210084]
val_loss=28.8583
accuracy
[0.04201681 0.05882353 0.17142857 0.25210084]
val_loss=28.7849
accuracy
[0.04201681 0.05882353 0.17478992 0.25210084]
val_loss=29.0635
accuracy
[0.04201681 0.05882353 0.16806723 0.25210084]
val_loss=28.9848
accuracy
[0.04201681 0.05882353 0.17478992 0.25210084]
val_loss=29.0272
accuracy
[0.04201681 0.05882353 0.17310924 0.25210084]
val_loss=29.1447
accuracy
[0.04201681 0.05882353 0.17310924 0.25210084]
val_loss=29.3964
accuracy
[0.04201681 0.05882353 0.17142857 0.25210084]
val_loss=29.4402
accuracy
[0.04201681 0.05882353 0.17815126 0.25210084]
val_loss=29.2402
accuracy
[0.04201681 0.05882353 0.18487395 0.25210084]
val_loss=29.3676
accuracy
[0.04201681 0.05882353 0.17815126 0.25210084]
val_loss=29.6111
accuracy
[0.04201681 0.05882353 0.17815126 0.25210084]
val_loss=29.5728
accuracy
[0.04201681 0.05882353 0.18319328 0.25210084]
val_loss=29.6477
accuracy
[0.04201681 0.05882353 0.17983193 0.25210084]
val_loss=29.7182
accuracy
[0.04201681 0.05882353 0.17983193 0.25210084]
val_loss=29.6266
accuracy
[0.04201681 0.05882353 0.18319328 0.25210084]
val_loss=29.6858
accuracy
[0.04201681 0.05882353 0.17983193 0.25210084]
val_loss=29.9220
accuracy
[0.04201681 0.05882353 0.17815126 0.25210084]
val_loss=30.1322
accuracy
[0.04201681 0.05882353 0.17815126 0.25210084]
val_loss=30.2013
accuracy
[0.04201681 0.05882353 0.18151261 0.25210084]
val_loss=29.9506
accuracy
[0.04201681 0.05882353 0.18487395 0.25210084]
val_loss=30.1544
accuracy
[0.04201681 0.05882353 0.17815126 0.25210084]
val_loss=30.1612
accuracy
[0.04201681 0.05882353 0.17815126 0.25210084]
val_loss=30.1520
accuracy
[0.04201681 0.05882353 0.17815126 0.25210084]
val_loss=30.1597
accuracy
[0.04201681 0.05882353 0.17815126 0.25210084]
val_loss=30.2223
accuracy
[0.04201681 0.05882353 0.17983193 0.25210084]
val_loss=30.1852
accuracy
[0.04201681 0.05882353 0.17815126 0.25210084]
val_loss=30.2290
accuracy
[0.04201681 0.05882353 0.17983193 0.25210084]
val_loss=30.2228
accuracy
[0.04201681 0.05882353 0.17983193 0.25210084]
val_loss=30.2206
accuracy
[0.04201681 0.05882353 0.17983193 0.25210084]
val_loss=30.2808
accuracy
[0.04201681 0.05882353 0.17815126 0.25210084]
val_loss=30.2927
accuracy
[0.04201681 0.05882353 0.17983193 0.25210084]
val_loss=30.2899
accuracy
[0.04201681 0.05882353 0.17983193 0.25210084]
val_loss=30.3344
accuracy
[0.04201681 0.05882353 0.17815126 0.25210084]
val_loss=30.3030
accuracy
[0.04201681 0.05882353 0.17983193 0.25210084]
val_loss=30.3309
accuracy
[0.04201681 0.05882353 0.17815126 0.25210084]
val_loss=30.4271
accuracy
[0.04201681 0.05882353 0.18151261 0.25210084]
val_loss=30.3360
accuracy
[0.04201681 0.05882353 0.17983193 0.25210084]
val_loss=30.3613
accuracy
[0.04201681 0.05882353 0.17983193 0.25210084]
val_loss=30.4576
accuracy
[0.04201681 0.05882353 0.18319328 0.25210084]
val_loss=30.4156
accuracy
[0.04201681 0.05882353 0.18319328 0.25210084]
Finished Training
    rehearsal replay buffer: 500 of 2059 source samples
cpu
Finished Training
cpu
Finished Training
cpu
Finished Training
cpu
Finished Training
cpu
Finished Training
cpu
Finished Training
cpu
Finished Training
cpu
Finished Training
cpu
Finished Training
cpu
Finished Training
cpu
Finished Training
cpu
Finished Training
cpu
Finished Training
cpu
Finished Training
cpu
Finished Training
cpu
Finished Training
cpu
Finished Training
cpu
Finished Training
cpu
Finished Training
cpu
Finished Training
cpu
Finished Training
cpu
Finished Training
  seed 6: pretrain on scenario33straight (2059 samples), zero-shot eval on scenario2 (595 held-out test samples)
cpu
-----------------------------------------------------------------------
      Layer (type)        Output Shape         Param #     Tr. Param #
=======================================================================
          Linear-1           [32, 256]           1,280           1,280
            ReLU-2           [32, 256]               0               0
          Linear-3           [32, 256]          65,792          65,792
          Linear-4           [32, 256]          65,792          65,792
          Linear-5            [32, 16]           4,112           4,112
=======================================================================
Total params: 136,976
Trainable params: 136,976
Non-trainable params: 0
-----------------------------------------------------------------------
val_loss=7.8372
accuracy
[0.04537815 0.1092437  0.15798319 0.27731092]
val_loss=12.5494
accuracy
[0.0605042  0.12436975 0.17310924 0.24369748]
val_loss=12.8974
accuracy
[0.06386555 0.12436975 0.17310924 0.24369748]
val_loss=14.2271
accuracy
[0.06386555 0.12436975 0.13613445 0.19831933]
val_loss=13.9786
accuracy
[0.06386555 0.12436975 0.13613445 0.2       ]
val_loss=15.6600
accuracy
[0.06386555 0.12436975 0.17310924 0.19495798]
val_loss=15.5116
accuracy
[0.06386555 0.12436975 0.13613445 0.23193277]
val_loss=18.5110
accuracy
[0.06386555 0.12436975 0.13613445 0.21680672]
val_loss=17.2688
accuracy
[0.06386555 0.12436975 0.13613445 0.24537815]
val_loss=16.9334
accuracy
[0.06386555 0.12436975 0.1394958  0.27731092]
val_loss=18.9260
accuracy
[0.06386555 0.12436975 0.13613445 0.27731092]
val_loss=18.6898
accuracy
[0.01176471 0.10252101 0.13613445 0.27731092]
val_loss=16.8485
accuracy
[0.06386555 0.07563025 0.13613445 0.21848739]
val_loss=20.2531
accuracy
[0.06386555 0.12436975 0.13613445 0.27731092]
val_loss=18.1072
accuracy
[0.06386555 0.07563025 0.14957983 0.27226891]
val_loss=20.6349
accuracy
[0.06386555 0.12941176 0.13613445 0.27226891]
val_loss=20.5767
accuracy
[0.06386555 0.07563025 0.15966387 0.27731092]
val_loss=21.3638
accuracy
[0.06386555 0.12436975 0.16302521 0.27731092]
val_loss=21.9213
accuracy
[0.06386555 0.07563025 0.15630252 0.27731092]
val_loss=21.7356
accuracy
[0.06386555 0.07563025 0.13613445 0.27563025]
val_loss=21.5693
accuracy
[0.06386555 0.07563025 0.14789916 0.27563025]
val_loss=22.2861
accuracy
[0.06386555 0.07563025 0.16806723 0.27731092]
val_loss=23.4944
accuracy
[0.06386555 0.07563025 0.15462185 0.27731092]
val_loss=23.5020
accuracy
[0.06386555 0.07563025 0.17310924 0.27731092]
val_loss=24.4092
accuracy
[0.06386555 0.07563025 0.17142857 0.27731092]
val_loss=24.6278
accuracy
[0.06386555 0.07563025 0.1697479  0.27731092]
val_loss=24.6449
accuracy
[0.06386555 0.07563025 0.18151261 0.27731092]
val_loss=25.2177
accuracy
[0.06386555 0.07563025 0.16302521 0.27731092]
val_loss=25.0145
accuracy
[0.06386555 0.07563025 0.17310924 0.27731092]
val_loss=25.1892
accuracy
[0.06386555 0.07563025 0.18655462 0.27731092]
val_loss=25.6514
accuracy
[0.06386555 0.07563025 0.18823529 0.27731092]
val_loss=25.1920
accuracy
[0.06386555 0.07563025 0.18823529 0.27731092]
val_loss=25.4353
accuracy
[0.06386555 0.07563025 0.18991597 0.27731092]
val_loss=25.7922
accuracy
[0.06386555 0.07563025 0.18151261 0.27731092]
val_loss=25.8383
accuracy
[0.06386555 0.07563025 0.19663866 0.27731092]
val_loss=26.1251
accuracy
[0.06386555 0.07563025 0.19327731 0.27731092]
val_loss=26.1991
accuracy
[0.06386555 0.07563025 0.19663866 0.27731092]
val_loss=26.0842
accuracy
[0.06386555 0.07563025 0.19327731 0.27731092]
val_loss=26.3630
accuracy
[0.06386555 0.07563025 0.19159664 0.27731092]
val_loss=25.8407
accuracy
[0.06386555 0.07563025 0.20168067 0.27731092]
val_loss=26.3466
accuracy
[0.06386555 0.07563025 0.19831933 0.27731092]
val_loss=26.4007
accuracy
[0.06386555 0.07563025 0.19327731 0.27731092]
val_loss=26.5254
accuracy
[0.06386555 0.07563025 0.19663866 0.27731092]
val_loss=26.5997
accuracy
[0.06386555 0.07563025 0.19327731 0.27731092]
val_loss=26.7761
accuracy
[0.06386555 0.07563025 0.19663866 0.27731092]
val_loss=26.7611
accuracy
[0.06386555 0.07563025 0.19495798 0.27731092]
val_loss=27.0127
accuracy
[0.06386555 0.07563025 0.19159664 0.27731092]
val_loss=27.0643
accuracy
[0.06386555 0.07563025 0.18991597 0.27731092]
val_loss=27.1118
accuracy
[0.06386555 0.07563025 0.19663866 0.27731092]
val_loss=26.9658
accuracy
[0.06386555 0.07563025 0.19495798 0.27731092]
val_loss=27.2270
accuracy
[0.06386555 0.07563025 0.19159664 0.27731092]
val_loss=27.2337
accuracy
[0.06386555 0.07563025 0.19159664 0.27731092]
val_loss=27.3551
accuracy
[0.06386555 0.07563025 0.19663866 0.27731092]
val_loss=27.3921
accuracy
[0.06386555 0.07563025 0.18991597 0.27731092]
val_loss=27.3755
accuracy
[0.06386555 0.07563025 0.18991597 0.27731092]
val_loss=27.5549
accuracy
[0.06386555 0.07563025 0.19663866 0.27731092]
val_loss=27.5954
accuracy
[0.06386555 0.07563025 0.19663866 0.27731092]
val_loss=27.5891
accuracy
[0.06386555 0.07563025 0.19495798 0.27731092]
val_loss=27.6282
accuracy
[0.06386555 0.07563025 0.19495798 0.27731092]
val_loss=27.6150
accuracy
[0.06386555 0.07563025 0.19663866 0.27731092]
val_loss=27.6804
accuracy
[0.06386555 0.07563025 0.19663866 0.27731092]
val_loss=27.7145
accuracy
[0.06386555 0.07563025 0.19495798 0.27731092]
val_loss=27.7293
accuracy
[0.06386555 0.07563025 0.19327731 0.27731092]
val_loss=27.7557
accuracy
[0.06386555 0.07563025 0.19495798 0.27731092]
val_loss=27.7653
accuracy
[0.06386555 0.07563025 0.19495798 0.27731092]
val_loss=27.7675
accuracy
[0.06386555 0.07563025 0.19495798 0.27731092]
val_loss=27.8230
accuracy
[0.06386555 0.07563025 0.19327731 0.27731092]
val_loss=27.8122
accuracy
[0.06386555 0.07563025 0.19495798 0.27731092]
val_loss=27.8448
accuracy
[0.06386555 0.07563025 0.19327731 0.27731092]
val_loss=27.8697
accuracy
[0.06386555 0.07563025 0.19495798 0.27731092]
val_loss=27.8559
accuracy
[0.06386555 0.07563025 0.19495798 0.27731092]
val_loss=27.8885
accuracy
[0.06386555 0.07563025 0.19327731 0.27731092]
val_loss=27.8815
accuracy
[0.06386555 0.07563025 0.19495798 0.27731092]
val_loss=27.8970
accuracy
[0.06386555 0.07563025 0.19327731 0.27731092]
val_loss=27.8897
accuracy
[0.06386555 0.07563025 0.19327731 0.27731092]
val_loss=27.9359
accuracy
[0.06386555 0.07563025 0.19495798 0.27731092]
val_loss=27.9371
accuracy
[0.06386555 0.07563025 0.19495798 0.27731092]
val_loss=27.9328
accuracy
[0.06386555 0.07563025 0.19495798 0.27731092]
val_loss=27.9606
accuracy
[0.06386555 0.07563025 0.19327731 0.27731092]
val_loss=28.0007
accuracy
[0.06386555 0.07563025 0.19495798 0.27731092]
Finished Training
    rehearsal replay buffer: 500 of 2059 source samples
cpu
Finished Training
cpu
Finished Training
cpu
Finished Training
cpu
Finished Training
cpu
Finished Training
cpu
Finished Training
cpu
Finished Training
cpu
Finished Training
cpu
Finished Training
cpu
Finished Training
cpu
Finished Training
cpu
Finished Training
cpu
Finished Training
cpu
Finished Training
cpu
Finished Training
cpu
Finished Training
cpu
Finished Training
cpu
Finished Training
cpu
Finished Training
cpu
Finished Training
cpu
Finished Training
cpu
Finished Training
  seed 7: pretrain on scenario33straight (2059 samples), zero-shot eval on scenario2 (595 held-out test samples)
cpu
-----------------------------------------------------------------------
      Layer (type)        Output Shape         Param #     Tr. Param #
=======================================================================
          Linear-1           [32, 256]           1,280           1,280
            ReLU-2           [32, 256]               0               0
          Linear-3           [32, 256]          65,792          65,792
          Linear-4           [32, 256]          65,792          65,792
          Linear-5            [32, 16]           4,112           4,112
=======================================================================
Total params: 136,976
Trainable params: 136,976
Non-trainable params: 0
-----------------------------------------------------------------------
val_loss=10.5092
accuracy
[0.04033613 0.07563025 0.12436975 0.24033613]
val_loss=14.0372
accuracy
[0.04033613 0.10252101 0.13445378 0.20336134]
val_loss=14.2795
accuracy
[0.06218487 0.10252101 0.13445378 0.20336134]
val_loss=15.6482
accuracy
[0.03529412 0.10252101 0.13445378 0.20336134]
val_loss=17.5778
accuracy
[0.06218487 0.10252101 0.13445378 0.26554622]
val_loss=17.4509
accuracy
[0.06218487 0.10252101 0.1394958  0.19495798]
val_loss=19.5238
accuracy
[0.06218487 0.07731092 0.11428571 0.15966387]
val_loss=20.0745
accuracy
[0.06218487 0.10252101 0.11932773 0.26722689]
val_loss=18.3357
accuracy
[0.06218487 0.10252101 0.11764706 0.25378151]
val_loss=17.4420
accuracy
[0.06218487 0.07731092 0.11764706 0.26890756]
val_loss=19.1955
accuracy
[0.06218487 0.07731092 0.11764706 0.26722689]
val_loss=20.9373
accuracy
[0.06218487 0.10420168 0.11932773 0.26722689]
val_loss=21.1949
accuracy
[0.06218487 0.10588235 0.11764706 0.17310924]
val_loss=19.5298
accuracy
[0.06218487 0.07731092 0.12268908 0.26218487]
val_loss=22.0474
accuracy
[0.06218487 0.07731092 0.11764706 0.26722689]
val_loss=20.8312
accuracy
[0.06218487 0.07731092 0.11764706 0.26722689]
val_loss=19.6886
accuracy
[0.06218487 0.07731092 0.1394958  0.26890756]
val_loss=22.8236
accuracy
[0.06218487 0.07731092 0.11764706 0.25378151]
val_loss=20.5912
accuracy
[0.06218487 0.07731092 0.11764706 0.25714286]
val_loss=22.6422
accuracy
[0.06218487 0.07731092 0.12773109 0.26722689]
val_loss=22.4859
accuracy
[0.06218487 0.07731092 0.1394958  0.26722689]
val_loss=22.8940
accuracy
[0.06218487 0.07731092 0.14453782 0.26722689]
val_loss=23.6667
accuracy
[0.06218487 0.07731092 0.13613445 0.26722689]
val_loss=24.7604
accuracy
[0.06218487 0.07731092 0.14285714 0.26554622]
val_loss=25.1618
accuracy
[0.06218487 0.07731092 0.14789916 0.26722689]
val_loss=25.2806
accuracy
[0.06218487 0.07731092 0.15966387 0.26722689]
val_loss=26.3637
accuracy
[0.06218487 0.07731092 0.14621849 0.26722689]
val_loss=25.3908
accuracy
[0.06218487 0.07731092 0.1697479  0.26722689]
val_loss=25.9253
accuracy
[0.06218487 0.07731092 0.17815126 0.26722689]
val_loss=26.3329
accuracy
[0.06218487 0.07731092 0.17142857 0.26722689]
val_loss=26.8983
accuracy
[0.06218487 0.07731092 0.16302521 0.26722689]
val_loss=26.7189
accuracy
[0.06218487 0.07731092 0.16806723 0.26722689]
val_loss=27.0605
accuracy
[0.06218487 0.07731092 0.15798319 0.26722689]
val_loss=26.8669
accuracy
[0.06218487 0.07731092 0.17478992 0.26722689]
val_loss=27.4679
accuracy
[0.06218487 0.07731092 0.16134454 0.26722689]
val_loss=27.3359
accuracy
[0.06218487 0.07731092 0.17142857 0.26722689]
val_loss=27.0966
accuracy
[0.06218487 0.07731092 0.16470588 0.26722689]
val_loss=28.2253
accuracy
[0.06218487 0.07731092 0.16470588 0.26722689]
val_loss=28.3118
accuracy
[0.06218487 0.07731092 0.17142857 0.26722689]
val_loss=27.9295
accuracy
[0.06218487 0.07731092 0.16638655 0.26722689]
val_loss=28.3280
accuracy
[0.06218487 0.07731092 0.17142857 0.26722689]
val_loss=28.6421
accuracy
[0.06218487 0.07731092 0.17310924 0.26722689]
val_loss=28.7132
accuracy
[0.06218487 0.07731092 0.17815126 0.26722689]
val_loss=28.7344
accuracy
[0.06218487 0.07731092 0.17815126 0.26722689]
val_loss=28.8141
accuracy
[0.06218487 0.07731092 0.17478992 0.26722689]
val_loss=28.9172
accuracy
[0.06218487 0.07731092 0.17478992 0.26722689]
val_loss=28.9511
accuracy
[0.06218487 0.07731092 0.17310924 0.26722689]
val_loss=29.0627
accuracy
[0.06218487 0.07731092 0.17815126 0.26722689]
val_loss=29.1908
accuracy
[0.06218487 0.07731092 0.17310924 0.26722689]
val_loss=29.3638
accuracy
[0.06218487 0.07731092 0.17142857 0.26722689]
val_loss=29.3265
accuracy
[0.06218487 0.07731092 0.17142857 0.26722689]
val_loss=29.4636
accuracy
[0.06218487 0.07731092 0.17310924 0.26722689]
val_loss=29.7506
accuracy
[0.06218487 0.07731092 0.17310924 0.26722689]
val_loss=29.6386
accuracy
[0.06218487 0.07731092 0.17142857 0.26722689]
val_loss=29.9558
accuracy
[0.06218487 0.07731092 0.17478992 0.26722689]
val_loss=29.9080
accuracy
[0.06218487 0.07731092 0.17310924 0.26722689]
val_loss=29.9640
accuracy
[0.06218487 0.07731092 0.17478992 0.26722689]
val_loss=30.0863
accuracy
[0.06218487 0.07731092 0.17310924 0.26722689]
val_loss=30.0818
accuracy
[0.06218487 0.07731092 0.17647059 0.26722689]
val_loss=30.1791
accuracy
[0.06218487 0.07731092 0.18151261 0.26722689]
val_loss=30.2016
accuracy
[0.06218487 0.07731092 0.17647059 0.26722689]
val_loss=30.1838
accuracy
[0.06218487 0.07731092 0.17647059 0.26722689]
val_loss=30.2067
accuracy
[0.06218487 0.07731092 0.17647059 0.26722689]
val_loss=30.2386
accuracy
[0.06218487 0.07731092 0.17647059 0.26722689]
val_loss=30.2586
accuracy
[0.06218487 0.07731092 0.17478992 0.26722689]
val_loss=30.3363
accuracy
[0.06218487 0.07731092 0.17647059 0.26722689]
val_loss=30.3278
accuracy
[0.06218487 0.07731092 0.17647059 0.26722689]
val_loss=30.2979
accuracy
[0.06218487 0.07731092 0.17647059 0.26722689]
val_loss=30.3597
accuracy
[0.06218487 0.07731092 0.17647059 0.26722689]
val_loss=30.3114
accuracy
[0.06218487 0.07731092 0.17647059 0.26722689]
val_loss=30.3467
accuracy
[0.06218487 0.07731092 0.17647059 0.26722689]
val_loss=30.3916
accuracy
[0.06218487 0.07731092 0.17647059 0.26722689]
val_loss=30.4026
accuracy
[0.06218487 0.07731092 0.17310924 0.26722689]
val_loss=30.4357
accuracy
[0.06218487 0.07731092 0.17647059 0.26722689]
val_loss=30.4426
accuracy
[0.06218487 0.07731092 0.17647059 0.26722689]
val_loss=30.4852
accuracy
[0.06218487 0.07731092 0.17647059 0.26722689]
val_loss=30.5396
accuracy
[0.06218487 0.07731092 0.17647059 0.26722689]
val_loss=30.4951
accuracy
[0.06218487 0.07731092 0.17815126 0.26722689]
val_loss=30.5377
accuracy
[0.06218487 0.07731092 0.17647059 0.26722689]
val_loss=30.4517
accuracy
[0.06218487 0.07731092 0.17647059 0.26722689]
Finished Training
    rehearsal replay buffer: 500 of 2059 source samples
cpu
Finished Training
cpu
Finished Training
cpu
Finished Training
cpu
Finished Training
cpu
Finished Training
cpu
Finished Training
cpu
Finished Training
cpu
Finished Training
cpu
Finished Training
cpu
Finished Training
cpu
Finished Training
cpu
Finished Training
cpu
Finished Training
cpu
Finished Training
cpu
Finished Training
cpu
Finished Training
cpu
Finished Training
cpu
Finished Training
cpu
Finished Training
cpu
Finished Training
cpu
Finished Training
cpu
Finished Training
  seed 8: pretrain on scenario33straight (2059 samples), zero-shot eval on scenario2 (595 held-out test samples)
cpu
-----------------------------------------------------------------------
      Layer (type)        Output Shape         Param #     Tr. Param #
=======================================================================
          Linear-1           [32, 256]           1,280           1,280
            ReLU-2           [32, 256]               0               0
          Linear-3           [32, 256]          65,792          65,792
          Linear-4           [32, 256]          65,792          65,792
          Linear-5            [32, 16]           4,112           4,112
=======================================================================
Total params: 136,976
Trainable params: 136,976
Non-trainable params: 0
-----------------------------------------------------------------------
val_loss=11.1036
accuracy
[0.05546218 0.12436975 0.15462185 0.25714286]
val_loss=13.3071
accuracy
[0.06890756 0.12436975 0.15462185 0.22352941]
val_loss=15.9108
accuracy
[0.06890756 0.12436975 0.15462185 0.20336134]
val_loss=13.9238
accuracy
[0.06890756 0.12436975 0.15630252 0.21680672]
val_loss=15.1484
accuracy
[0.06890756 0.12436975 0.13613445 0.17310924]
val_loss=15.2591
accuracy
[0.06890756 0.08067227 0.13613445 0.26386555]
val_loss=15.5149
accuracy
[0.06890756 0.12436975 0.13613445 0.18991597]
val_loss=16.1027
accuracy
[0.06890756 0.12436975 0.13613445 0.20504202]
val_loss=15.6176
accuracy
[0.06890756 0.10588235 0.1394958  0.24201681]
val_loss=16.4323
accuracy
[0.06890756 0.12436975 0.14957983 0.26890756]
val_loss=13.0858
accuracy
[0.06890756 0.12436975 0.14453782 0.26890756]
val_loss=16.2731
accuracy
[0.06890756 0.12436975 0.13613445 0.26218487]
val_loss=15.2506
accuracy
[0.06890756 0.10420168 0.13613445 0.26386555]
val_loss=16.5397
accuracy
[0.06890756 0.12436975 0.14789916 0.26890756]
val_loss=16.9037
accuracy
[0.06890756 0.12436975 0.14789916 0.26890756]
val_loss=16.0144
accuracy
[0.06890756 0.12436975 0.16302521 0.26890756]
val_loss=17.0808
accuracy
[0.06890756 0.12436975 0.13613445 0.24705882]
val_loss=18.2214
accuracy
[0.06890756 0.12436975 0.15462185 0.26890756]
val_loss=17.1555
accuracy
[0.06890756 0.12436975 0.14957983 0.26890756]
val_loss=17.6184
accuracy
[0.06890756 0.12436975 0.18319328 0.26890756]
val_loss=18.1704
accuracy
[0.06890756 0.12436975 0.19327731 0.26890756]
val_loss=18.9914
accuracy
[0.06890756 0.12436975 0.18319328 0.26890756]
val_loss=19.3968
accuracy
[0.06890756 0.08067227 0.18151261 0.26890756]
val_loss=19.6638
accuracy
[0.06890756 0.08067227 0.19495798 0.26890756]
val_loss=20.0352
accuracy
[0.06890756 0.08067227 0.2        0.26890756]
val_loss=21.0607
accuracy
[0.06890756 0.08067227 0.1697479  0.26890756]
val_loss=20.8010
accuracy
[0.06890756 0.08067227 0.20168067 0.26890756]
val_loss=20.9124
accuracy
[0.06890756 0.08067227 0.17478992 0.26890756]
val_loss=21.0793
accuracy
[0.06890756 0.08403361 0.20336134 0.26890756]
val_loss=21.6689
accuracy
[0.06890756 0.08067227 0.17983193 0.26890756]
val_loss=21.5176
accuracy
[0.06890756 0.08067227 0.17142857 0.26890756]
val_loss=21.6590
accuracy
[0.06890756 0.08403361 0.20168067 0.26890756]
val_loss=21.5891
accuracy
[0.06890756 0.08403361 0.20504202 0.26890756]
val_loss=21.8201
accuracy
[0.06890756 0.08235294 0.20336134 0.26890756]
val_loss=21.0096
accuracy
[0.06890756 0.08403361 0.19663866 0.26890756]
val_loss=21.5380
accuracy
[0.06890756 0.08067227 0.19831933 0.26890756]
val_loss=21.8017
accuracy
[0.06890756 0.08067227 0.20672269 0.26890756]
val_loss=21.7965
accuracy
[0.06890756 0.08403361 0.19663866 0.26890756]
val_loss=21.7227
accuracy
[0.06890756 0.08403361 0.20168067 0.26890756]
val_loss=21.7779
accuracy
[0.06890756 0.08235294 0.20672269 0.26890756]
val_loss=22.1161
accuracy
[0.06890756 0.08403361 0.19663866 0.26890756]
val_loss=22.1134
accuracy
[0.06890756 0.08235294 0.20336134 0.26890756]
val_loss=22.2255
accuracy
[0.06890756 0.08067227 0.20504202 0.26890756]
val_loss=22.2290
accuracy
[0.06890756 0.08235294 0.2        0.26890756]
val_loss=22.2988
accuracy
[0.06890756 0.08235294 0.20168067 0.26890756]
val_loss=22.3855
accuracy
[0.06890756 0.08403361 0.19663866 0.26890756]
val_loss=22.5061
accuracy
[0.06890756 0.08067227 0.20672269 0.26890756]
val_loss=22.5742
accuracy
[0.06890756 0.08067227 0.20168067 0.26890756]
val_loss=22.5843
accuracy
[0.06890756 0.08067227 0.20672269 0.26890756]
val_loss=22.5807
accuracy
[0.06890756 0.08067227 0.20336134 0.26890756]
val_loss=22.5947
accuracy
[0.06890756 0.08067227 0.20672269 0.26890756]
val_loss=22.8379
accuracy
[0.06890756 0.08067227 0.20672269 0.26890756]
val_loss=22.8215
accuracy
[0.06890756 0.08067227 0.20336134 0.26890756]
val_loss=22.7718
accuracy
[0.06890756 0.08067227 0.20840336 0.26890756]
val_loss=22.8619
accuracy
[0.06890756 0.08067227 0.20840336 0.26890756]
val_loss=22.9987
accuracy
[0.06890756 0.08403361 0.19663866 0.26890756]
val_loss=22.9599
accuracy
[0.06890756 0.08403361 0.20168067 0.26890756]
val_loss=23.0404
accuracy
[0.06890756 0.08403361 0.20336134 0.26890756]
val_loss=23.1052
accuracy
[0.06890756 0.08403361 0.20168067 0.26890756]
val_loss=23.1443
accuracy
[0.06890756 0.08235294 0.20504202 0.26890756]
val_loss=23.1700
accuracy
[0.06890756 0.08235294 0.20504202 0.26890756]
val_loss=23.1752
accuracy
[0.06890756 0.08235294 0.20504202 0.26890756]
val_loss=23.1943
accuracy
[0.06890756 0.08403361 0.20504202 0.26890756]
val_loss=23.2026
accuracy
[0.06890756 0.08235294 0.20672269 0.26890756]
val_loss=23.2041
accuracy
[0.06890756 0.08067227 0.20672269 0.26890756]
val_loss=23.2229
accuracy
[0.06890756 0.08067227 0.20840336 0.26890756]
val_loss=23.2202
accuracy
[0.06890756 0.08235294 0.20672269 0.26890756]
val_loss=23.2358
accuracy
[0.06890756 0.08235294 0.20504202 0.26890756]
val_loss=23.2451
accuracy
[0.06890756 0.08235294 0.20672269 0.26890756]
val_loss=23.2734
accuracy
[0.06890756 0.08235294 0.20504202 0.26890756]
val_loss=23.2773
accuracy
[0.06890756 0.08235294 0.20672269 0.26890756]
val_loss=23.2696
accuracy
[0.06890756 0.08235294 0.20672269 0.26890756]
val_loss=23.3196
accuracy
[0.06890756 0.08067227 0.20840336 0.26890756]
val_loss=23.3428
accuracy
[0.06890756 0.08235294 0.20672269 0.26890756]
val_loss=23.3304
accuracy
[0.06890756 0.08235294 0.20672269 0.26890756]
val_loss=23.3366
accuracy
[0.06890756 0.08067227 0.20840336 0.26890756]
val_loss=23.3396
accuracy
[0.06890756 0.08235294 0.20672269 0.26890756]
val_loss=23.3447
accuracy
[0.06890756 0.08067227 0.20840336 0.26890756]
val_loss=23.3695
accuracy
[0.06890756 0.08067227 0.20840336 0.26890756]
val_loss=23.3617
accuracy
[0.06890756 0.08235294 0.20504202 0.26890756]
Finished Training
    rehearsal replay buffer: 500 of 2059 source samples
cpu
Finished Training
cpu
Finished Training
cpu
Finished Training
cpu
Finished Training
cpu
Finished Training
cpu
Finished Training
cpu
Finished Training
cpu
Finished Training
cpu
Finished Training
cpu
Finished Training
cpu
Finished Training
cpu
Finished Training
cpu
Finished Training
cpu
Finished Training
cpu
Finished Training
cpu
Finished Training
cpu
Finished Training
cpu
Finished Training
cpu
Finished Training
cpu
Finished Training
cpu
Finished Training
cpu
Finished Training
  seed 9: pretrain on scenario33straight (2059 samples), zero-shot eval on scenario2 (595 held-out test samples)
cpu
-----------------------------------------------------------------------
      Layer (type)        Output Shape         Param #     Tr. Param #
=======================================================================
          Linear-1           [32, 256]           1,280           1,280
            ReLU-2           [32, 256]               0               0
          Linear-3           [32, 256]          65,792          65,792
          Linear-4           [32, 256]          65,792          65,792
          Linear-5            [32, 16]           4,112           4,112
=======================================================================
Total params: 136,976
Trainable params: 136,976
Non-trainable params: 0
-----------------------------------------------------------------------
val_loss=9.7003
accuracy
[0.05042017 0.09915966 0.15294118 0.25378151]
val_loss=12.9597
accuracy
[0.05714286 0.10588235 0.15630252 0.25378151]
val_loss=15.9394
accuracy
[0.0487395  0.09915966 0.15630252 0.22521008]
val_loss=18.0947
accuracy
[0.0487395  0.09915966 0.15630252 0.22521008]
val_loss=18.2588
accuracy
[0.05042017 0.09915966 0.15630252 0.2789916 ]
val_loss=17.9315
accuracy
[0.0487395  0.09915966 0.15630252 0.27394958]
val_loss=15.6027
accuracy
[0.0487395  0.09915966 0.15630252 0.24033613]
val_loss=16.4353
accuracy
[0.0487395  0.09915966 0.15294118 0.20336134]
val_loss=16.6553
accuracy
[0.0487395  0.09915966 0.15630252 0.27563025]
val_loss=17.7556
accuracy
[0.0487395  0.09915966 0.15798319 0.18991597]
val_loss=18.3873
accuracy
[0.0487395  0.09915966 0.11428571 0.19495798]
val_loss=18.7777
accuracy
[0.0487395  0.09915966 0.11428571 0.26890756]
val_loss=18.0133
accuracy
[0.0487395  0.09915966 0.14117647 0.2789916 ]
val_loss=19.3993
accuracy
[0.0487395  0.09915966 0.11428571 0.22352941]
val_loss=18.4042
accuracy
[0.0487395  0.09915966 0.11428571 0.26218487]
val_loss=18.9824
accuracy
[0.0487395  0.09915966 0.12268908 0.27563025]
val_loss=19.6685
accuracy
[0.0487395  0.06386555 0.11428571 0.27394958]
val_loss=19.8143
accuracy
[0.0487395  0.09915966 0.11428571 0.27394958]
val_loss=19.4840
accuracy
[0.0487395  0.09915966 0.13109244 0.27394958]
val_loss=20.4844
accuracy
[0.0487395  0.09915966 0.11428571 0.27226891]
val_loss=21.7010
accuracy
[0.0487395  0.09915966 0.11764706 0.27731092]
val_loss=21.7976
accuracy
[0.0487395  0.10252101 0.12605042 0.27731092]
val_loss=22.1380
accuracy
[0.0487395  0.06386555 0.1394958  0.27731092]
val_loss=22.6503
accuracy
[0.0487395  0.06386555 0.13109244 0.27731092]
val_loss=23.0566
accuracy
[0.0487395  0.06386555 0.1394958  0.27563025]
val_loss=23.4008
accuracy
[0.0487395  0.06386555 0.14285714 0.27731092]
val_loss=23.6963
accuracy
[0.0487395  0.06386555 0.1512605  0.27731092]
val_loss=24.1205
accuracy
[0.0487395  0.06386555 0.13781513 0.27731092]
val_loss=24.2861
accuracy
[0.0487395  0.06386555 0.15966387 0.27731092]
val_loss=24.5851
accuracy
[0.0487395  0.06386555 0.14453782 0.27731092]
val_loss=24.7504
accuracy
[0.0487395  0.06386555 0.14789916 0.27731092]
val_loss=25.0929
accuracy
[0.0487395  0.06386555 0.15294118 0.27731092]
val_loss=25.0771
accuracy
[0.0487395  0.06386555 0.15630252 0.27731092]
val_loss=25.3779
accuracy
[0.0487395  0.06386555 0.15294118 0.27731092]
val_loss=25.4763
accuracy
[0.0487395  0.06386555 0.14789916 0.27731092]
val_loss=25.1853
accuracy
[0.0487395  0.06386555 0.14789916 0.27731092]
val_loss=25.7301
accuracy
[0.0487395  0.06386555 0.15462185 0.27731092]
val_loss=25.4118
accuracy
[0.0487395  0.06386555 0.15462185 0.27731092]
val_loss=25.9529
accuracy
[0.0487395  0.06386555 0.14957983 0.27731092]
val_loss=25.8726
accuracy
[0.0487395  0.06386555 0.15462185 0.27731092]
val_loss=25.8175
accuracy
[0.0487395  0.06386555 0.14957983 0.27731092]
val_loss=25.9258
accuracy
[0.0487395  0.06386555 0.14957983 0.27731092]
val_loss=26.0932
accuracy
[0.0487395  0.06386555 0.14957983 0.27731092]
val_loss=26.2563
accuracy
[0.0487395  0.06386555 0.14621849 0.27731092]
val_loss=26.2480
accuracy
[0.0487395  0.06386555 0.14789916 0.27731092]
val_loss=26.1957
accuracy
[0.0487395  0.06386555 0.15294118 0.27731092]
val_loss=26.3825
accuracy
[0.0487395  0.06386555 0.1512605  0.27731092]
val_loss=26.4329
accuracy
[0.0487395  0.06386555 0.1512605  0.27731092]
val_loss=26.5048
accuracy
[0.0487395  0.06386555 0.1512605  0.27731092]
val_loss=26.7073
accuracy
[0.0487395  0.06386555 0.14957983 0.27731092]
val_loss=26.7277
accuracy
[0.0487395  0.06386555 0.14957983 0.27731092]
val_loss=26.7321
accuracy
[0.0487395  0.06386555 0.15462185 0.27731092]
val_loss=26.9978
accuracy
[0.0487395  0.06386555 0.14957983 0.27731092]
val_loss=26.8053
accuracy
[0.0487395  0.06386555 0.15294118 0.27731092]
val_loss=27.0216
accuracy
[0.0487395  0.06386555 0.15462185 0.27731092]
val_loss=27.0222
accuracy
[0.0487395  0.06386555 0.15630252 0.27731092]
val_loss=27.1807
accuracy
[0.0487395  0.06386555 0.15462185 0.27731092]
val_loss=27.2649
accuracy
[0.0487395  0.06386555 0.15630252 0.27731092]
val_loss=27.1855
accuracy
[0.0487395  0.06386555 0.15294118 0.27731092]
val_loss=27.3002
accuracy
[0.0487395  0.06386555 0.15630252 0.27731092]
val_loss=27.3053
accuracy
[0.0487395  0.06386555 0.15462185 0.27731092]
val_loss=27.3162
accuracy
[0.0487395  0.06386555 0.15798319 0.27731092]
val_loss=27.3633
accuracy
[0.0487395  0.06386555 0.15462185 0.27731092]
val_loss=27.3669
accuracy
[0.0487395  0.06386555 0.15798319 0.27731092]
val_loss=27.3701
accuracy
[0.0487395  0.06386555 0.15798319 0.27731092]
val_loss=27.4363
accuracy
[0.0487395  0.06386555 0.15294118 0.27731092]
val_loss=27.4452
accuracy
[0.0487395  0.06386555 0.15630252 0.27731092]
val_loss=27.4736
accuracy
[0.0487395  0.06386555 0.15462185 0.27731092]
val_loss=27.4462
accuracy
[0.0487395  0.06386555 0.15294118 0.27731092]
val_loss=27.4511
accuracy
[0.0487395  0.06386555 0.15462185 0.27731092]
val_loss=27.4828
accuracy
[0.0487395  0.06386555 0.15294118 0.27731092]
val_loss=27.5039
accuracy
[0.0487395  0.06386555 0.15798319 0.27731092]
val_loss=27.5198
accuracy
[0.0487395  0.06386555 0.15798319 0.27731092]
val_loss=27.5548
accuracy
[0.0487395  0.06386555 0.15462185 0.27731092]
val_loss=27.5383
accuracy
[0.0487395  0.06386555 0.15462185 0.27731092]
val_loss=27.5958
accuracy
[0.0487395  0.06386555 0.15798319 0.27731092]
val_loss=27.6008
accuracy
[0.0487395  0.06386555 0.15294118 0.27731092]
val_loss=27.6124
accuracy
[0.0487395  0.06386555 0.15294118 0.27731092]
val_loss=27.6188
accuracy
[0.0487395  0.06386555 0.15798319 0.27731092]
val_loss=27.6445
accuracy
[0.0487395  0.06386555 0.15798319 0.27731092]
Finished Training
    rehearsal replay buffer: 500 of 2059 source samples
cpu
Finished Training
cpu
Finished Training
cpu
Finished Training
cpu
Finished Training
cpu
Finished Training
cpu
Finished Training
cpu
Finished Training
cpu
Finished Training
cpu
Finished Training
cpu
Finished Training
cpu
Finished Training
cpu
Finished Training
cpu
Finished Training
cpu
Finished Training
cpu
Finished Training
cpu
Finished Training
cpu
Finished Training
cpu
Finished Training
cpu
Finished Training
cpu
Finished Training
cpu
Finished Training
cpu
Finished Training
Saved result\stage1_s33straight_to_s2_rehearsal_acc.mat and result\stage1_s33straight_to_s2_rehearsal_pwr.mat (10/10 seeds completed)

======================================================================
Rehearsal comparison: scenario33straight -> scenario4  (s33straight_to_s4)
======================================================================
  seed 0: pretrain on scenario33straight (2059 samples), zero-shot eval on scenario4 (374 held-out test samples)
cpu
-----------------------------------------------------------------------
      Layer (type)        Output Shape         Param #     Tr. Param #
=======================================================================
          Linear-1           [32, 256]           1,280           1,280
            ReLU-2           [32, 256]               0               0
          Linear-3           [32, 256]          65,792          65,792
          Linear-4           [32, 256]          65,792          65,792
          Linear-5            [32, 16]           4,112           4,112
=======================================================================
Total params: 136,976
Trainable params: 136,976
Non-trainable params: 0
-----------------------------------------------------------------------
val_loss=17.7784
accuracy
[0.00802139 0.02406417 0.04010695 0.11764706]
val_loss=22.9092
accuracy
[0.         0.01069519 0.01871658 0.02139037]
val_loss=24.4538
accuracy
[0.00534759 0.01604278 0.01871658 0.02139037]
val_loss=26.5235
accuracy
[0.00534759 0.01604278 0.01871658 0.1684492 ]
val_loss=28.9626
accuracy
[0.00534759 0.01604278 0.01871658 0.22459893]
val_loss=28.2782
accuracy
[0.00534759 0.01604278 0.01871658 0.12299465]
val_loss=30.2777
accuracy
[0.00534759 0.01336898 0.01871658 0.12299465]
val_loss=27.4118
accuracy
[0.00534759 0.01604278 0.01871658 0.1631016 ]
val_loss=29.4862
accuracy
[0.00534759 0.01336898 0.01871658 0.15240642]
val_loss=27.0586
accuracy
[0.00534759 0.01336898 0.01871658 0.20588235]
val_loss=25.5110
accuracy
[0.00534759 0.01336898 0.01871658 0.1684492 ]
val_loss=30.2132
accuracy
[0.00534759 0.01336898 0.01871658 0.1684492 ]
val_loss=30.4321
accuracy
[0.00534759 0.01604278 0.01871658 0.18181818]
val_loss=40.9236
accuracy
[0.00534759 0.00802139 0.01871658 0.16042781]
val_loss=38.3276
accuracy
[0.00534759 0.01336898 0.01871658 0.13903743]
val_loss=41.1038
accuracy
[0.00534759 0.01604278 0.01871658 0.17112299]
val_loss=36.9302
accuracy
[0.00534759 0.01604278 0.01871658 0.14705882]
val_loss=44.0020
accuracy
[0.00534759 0.00802139 0.01871658 0.16042781]
val_loss=42.5865
accuracy
[0.00534759 0.00802139 0.01871658 0.13636364]
val_loss=42.2629
accuracy
[0.00534759 0.01069519 0.01871658 0.13903743]
val_loss=42.7484
accuracy
[0.00534759 0.00802139 0.01871658 0.13903743]
val_loss=43.2921
accuracy
[0.00534759 0.00802139 0.01871658 0.13903743]
val_loss=44.0155
accuracy
[0.00534759 0.00802139 0.01871658 0.13903743]
val_loss=43.9251
accuracy
[0.00534759 0.00802139 0.01871658 0.13903743]
val_loss=44.2749
accuracy
[0.00534759 0.00802139 0.03208556 0.13636364]
val_loss=45.4795
accuracy
[0.00534759 0.00802139 0.02406417 0.13903743]
val_loss=44.4470
accuracy
[0.00534759 0.00802139 0.02673797 0.13636364]
val_loss=44.2490
accuracy
[0.00534759 0.00802139 0.03475936 0.13636364]
val_loss=44.9557
accuracy
[0.00534759 0.00534759 0.03475936 0.13636364]
val_loss=45.9278
accuracy
[0.00534759 0.00802139 0.03475936 0.13636364]
val_loss=46.3658
accuracy
[0.00534759 0.00802139 0.03475936 0.13636364]
val_loss=46.2707
accuracy
[0.00534759 0.00802139 0.03475936 0.13636364]
val_loss=45.4982
accuracy
[0.00534759 0.00802139 0.03475936 0.13636364]
val_loss=47.3282
accuracy
[0.00534759 0.00802139 0.02406417 0.13903743]
val_loss=46.8930
accuracy
[0.00534759 0.00802139 0.03743316 0.13636364]
val_loss=46.4481
accuracy
[0.00534759 0.00802139 0.03475936 0.13636364]
val_loss=47.3419
accuracy
[0.00534759 0.00802139 0.03743316 0.13636364]
val_loss=47.5773
accuracy
[0.00534759 0.00802139 0.02941176 0.13903743]
val_loss=47.5382
accuracy
[0.00534759 0.00802139 0.03743316 0.13636364]
val_loss=47.9873
accuracy
[0.00534759 0.00802139 0.03743316 0.13636364]
val_loss=47.5664
accuracy
[0.00534759 0.00802139 0.03475936 0.13636364]
val_loss=47.4994
accuracy
[0.00534759 0.00802139 0.03475936 0.13636364]
val_loss=47.7557
accuracy
[0.00534759 0.00802139 0.03475936 0.13636364]
val_loss=47.9057
accuracy
[0.00534759 0.00802139 0.03475936 0.13636364]
val_loss=47.9126
accuracy
[0.00534759 0.00802139 0.03475936 0.13636364]
val_loss=47.6075
accuracy
[0.00534759 0.00802139 0.03475936 0.13636364]
val_loss=48.0305
accuracy
[0.00534759 0.00802139 0.03475936 0.13636364]
val_loss=47.8572
accuracy
[0.00534759 0.00802139 0.03475936 0.13636364]
val_loss=48.1670
accuracy
[0.00534759 0.00802139 0.03475936 0.13636364]
val_loss=48.0810
accuracy
[0.00534759 0.00802139 0.03743316 0.13636364]
val_loss=48.3150
accuracy
[0.00534759 0.00802139 0.03743316 0.13636364]
val_loss=48.1953
accuracy
[0.00534759 0.00802139 0.03743316 0.13636364]
val_loss=48.3439
accuracy
[0.00534759 0.00802139 0.03475936 0.13636364]
val_loss=48.6720
accuracy
[0.00534759 0.00802139 0.03743316 0.13636364]
val_loss=48.5389
accuracy
[0.00534759 0.00802139 0.04010695 0.13636364]
val_loss=48.7507
accuracy
[0.00534759 0.00802139 0.03743316 0.13636364]
val_loss=48.7536
accuracy
[0.00534759 0.00802139 0.04010695 0.13636364]
val_loss=48.8254
accuracy
[0.00534759 0.00802139 0.04010695 0.13636364]
val_loss=49.0077
accuracy
[0.00534759 0.00802139 0.04278075 0.13636364]
val_loss=48.7661
accuracy
[0.00534759 0.00802139 0.04010695 0.13636364]
val_loss=48.8845
accuracy
[0.00534759 0.00802139 0.04278075 0.13636364]
val_loss=48.9304
accuracy
[0.00534759 0.00802139 0.04010695 0.13636364]
val_loss=48.8889
accuracy
[0.00534759 0.00802139 0.04010695 0.13636364]
val_loss=48.8776
accuracy
[0.00534759 0.00802139 0.04010695 0.13636364]
val_loss=48.8910
accuracy
[0.00534759 0.00802139 0.04010695 0.13636364]
val_loss=48.9058
accuracy
[0.00534759 0.00802139 0.04010695 0.13636364]
val_loss=48.9664
accuracy
[0.00534759 0.00802139 0.04010695 0.13636364]
val_loss=48.9537
accuracy
[0.00534759 0.00802139 0.04010695 0.13636364]
val_loss=49.0150
accuracy
[0.00534759 0.00802139 0.04010695 0.13636364]
val_loss=49.0358
accuracy
[0.00534759 0.00802139 0.04010695 0.13636364]
val_loss=49.0916
accuracy
[0.00534759 0.00802139 0.04278075 0.13636364]
val_loss=49.0481
accuracy
[0.00534759 0.00802139 0.04010695 0.13636364]
val_loss=49.0777
accuracy
[0.00534759 0.00802139 0.04010695 0.13636364]
val_loss=49.0892
accuracy
[0.00534759 0.00802139 0.04010695 0.13636364]
val_loss=49.0629
accuracy
[0.00534759 0.00802139 0.04010695 0.13636364]
val_loss=49.0676
accuracy
[0.00534759 0.00802139 0.04010695 0.13636364]
val_loss=49.1181
accuracy
[0.00534759 0.00802139 0.04010695 0.13636364]
val_loss=49.1848
accuracy
[0.00534759 0.00802139 0.04010695 0.13636364]
val_loss=49.1785
accuracy
[0.00534759 0.00802139 0.04010695 0.13636364]
val_loss=49.2495
accuracy
[0.00534759 0.00802139 0.04010695 0.13636364]
Finished Training
    rehearsal replay buffer: 500 of 2059 source samples
cpu
Finished Training
cpu
Finished Training
cpu
Finished Training
cpu
Finished Training
cpu
Finished Training
cpu
Finished Training
cpu
Finished Training
cpu
Finished Training
cpu
Finished Training
cpu
Finished Training
cpu
Finished Training
cpu
Finished Training
cpu
Finished Training
cpu
Finished Training
cpu
Finished Training
cpu
Finished Training
cpu
Finished Training
cpu
Finished Training
cpu
Finished Training
cpu
Finished Training
cpu
Finished Training
cpu
Finished Training
  seed 1: pretrain on scenario33straight (2059 samples), zero-shot eval on scenario4 (374 held-out test samples)
cpu
-----------------------------------------------------------------------
      Layer (type)        Output Shape         Param #     Tr. Param #
=======================================================================
          Linear-1           [32, 256]           1,280           1,280
            ReLU-2           [32, 256]               0               0
          Linear-3           [32, 256]          65,792          65,792
          Linear-4           [32, 256]          65,792          65,792
          Linear-5            [32, 16]           4,112           4,112
=======================================================================
Total params: 136,976
Trainable params: 136,976
Non-trainable params: 0
-----------------------------------------------------------------------
val_loss=17.2675
accuracy
[0.00534759 0.00534759 0.02406417 0.05080214]
val_loss=24.6602
accuracy
[0.0026738  0.00534759 0.00534759 0.13101604]
val_loss=24.5347
accuracy
[0.0026738  0.00534759 0.00534759 0.08823529]
val_loss=26.7235
accuracy
[0.0026738  0.0026738  0.00534759 0.12566845]
val_loss=24.9494
accuracy
[0.0026738  0.00534759 0.00534759 0.14705882]
val_loss=27.3934
accuracy
[0.0026738  0.00534759 0.00534759 0.13101604]
val_loss=33.2560
accuracy
[0.0026738  0.00534759 0.00534759 0.09090909]
val_loss=32.5165
accuracy
[0.0026738  0.00534759 0.00534759 0.12834225]
val_loss=30.5929
accuracy
[0.0026738  0.0026738  0.00534759 0.13636364]
val_loss=33.2559
accuracy
[0.0026738  0.00534759 0.00534759 0.14171123]
val_loss=35.6419
accuracy
[0.0026738  0.00534759 0.00534759 0.15775401]
val_loss=39.0313
accuracy
[0.0026738  0.0026738  0.00534759 0.14171123]
val_loss=39.4445
accuracy
[0.0026738  0.0026738  0.01604278 0.14171123]
val_loss=45.9930
accuracy
[0.0026738  0.0026738  0.00534759 0.14438503]
val_loss=44.2321
accuracy
[0.0026738  0.0026738  0.01871658 0.14171123]
val_loss=47.8359
accuracy
[0.0026738  0.01604278 0.01871658 0.08823529]
val_loss=47.1050
accuracy
[0.0026738  0.00534759 0.01871658 0.10160428]
val_loss=51.3123
accuracy
[0.0026738  0.01871658 0.01871658 0.10160428]
val_loss=52.8093
accuracy
[0.0026738  0.0026738  0.01871658 0.10160428]
val_loss=55.4787
accuracy
[0.0026738  0.0026738  0.01871658 0.10160428]
val_loss=55.5589
accuracy
[0.0026738  0.0026738  0.01871658 0.09893048]
val_loss=57.9691
accuracy
[0.0026738  0.0026738  0.01871658 0.09893048]
val_loss=57.7500
accuracy
[0.0026738  0.0026738  0.01871658 0.09893048]
val_loss=57.8197
accuracy
[0.0026738  0.0026738  0.01871658 0.09893048]
val_loss=58.0610
accuracy
[0.0026738  0.0026738  0.01871658 0.09893048]
val_loss=58.8509
accuracy
[0.0026738  0.01069519 0.01871658 0.09893048]
val_loss=59.7345
accuracy
[0.0026738  0.01604278 0.01871658 0.09893048]
val_loss=60.0938
accuracy
[0.0026738  0.01604278 0.01871658 0.09893048]
val_loss=61.4355
accuracy
[0.0026738  0.01604278 0.01871658 0.09893048]
val_loss=61.3338
accuracy
[0.0026738  0.01871658 0.01871658 0.09893048]
val_loss=60.8934
accuracy
[0.0026738  0.01871658 0.01871658 0.09893048]
val_loss=63.0065
accuracy
[0.0026738  0.01871658 0.01871658 0.09893048]
val_loss=64.1243
accuracy
[0.0026738  0.01871658 0.01871658 0.09893048]
val_loss=63.4974
accuracy
[0.0026738  0.01871658 0.01871658 0.09893048]
val_loss=64.4783
accuracy
[0.0026738  0.01604278 0.01871658 0.09893048]
val_loss=64.9290
accuracy
[0.0026738  0.01604278 0.01871658 0.09893048]
val_loss=64.8783
accuracy
[0.0026738  0.01871658 0.01871658 0.09893048]
val_loss=64.1641
accuracy
[0.0026738  0.01871658 0.01871658 0.09893048]
val_loss=65.1386
accuracy
[0.0026738  0.01871658 0.01871658 0.09893048]
val_loss=65.7659
accuracy
[0.0026738  0.01871658 0.01871658 0.09893048]
val_loss=65.8896
accuracy
[0.0026738  0.01871658 0.01871658 0.09893048]
val_loss=65.9261
accuracy
[0.0026738  0.01871658 0.01871658 0.09893048]
val_loss=66.1533
accuracy
[0.0026738  0.01871658 0.01871658 0.09893048]
val_loss=66.4153
accuracy
[0.0026738  0.01871658 0.01871658 0.09893048]
val_loss=66.5878
accuracy
[0.0026738  0.01871658 0.01871658 0.09893048]
val_loss=66.7357
accuracy
[0.0026738  0.01871658 0.01871658 0.09893048]
val_loss=67.1020
accuracy
[0.0026738  0.01871658 0.01871658 0.09893048]
val_loss=67.0800
accuracy
[0.0026738  0.01871658 0.01871658 0.09893048]
val_loss=67.1864
accuracy
[0.0026738  0.01871658 0.01871658 0.09893048]
val_loss=67.1448
accuracy
[0.0026738  0.01871658 0.01871658 0.09893048]
val_loss=67.4314
accuracy
[0.0026738  0.01871658 0.01871658 0.09893048]
val_loss=67.5007
accuracy
[0.0026738  0.01871658 0.01871658 0.09893048]
val_loss=67.6969
accuracy
[0.         0.01871658 0.01871658 0.09893048]
val_loss=67.9474
accuracy
[0.0026738  0.01604278 0.01871658 0.09893048]
val_loss=67.9523
accuracy
[0.         0.01871658 0.01871658 0.09893048]
val_loss=68.2369
accuracy
[0.0026738  0.01871658 0.01871658 0.09893048]
val_loss=68.3012
accuracy
[0.         0.01604278 0.01871658 0.09893048]
val_loss=68.3556
accuracy
[0.00534759 0.01871658 0.01871658 0.09893048]
val_loss=68.5608
accuracy
[0.         0.01871658 0.01871658 0.09893048]
val_loss=68.8583
accuracy
[0.         0.01871658 0.01871658 0.09893048]
val_loss=68.9263
accuracy
[0.         0.01871658 0.01871658 0.09893048]
val_loss=68.9248
accuracy
[0.         0.01871658 0.01871658 0.09893048]
val_loss=68.9610
accuracy
[0.         0.01871658 0.01871658 0.09893048]
val_loss=68.9406
accuracy
[0.         0.01871658 0.01871658 0.09893048]
val_loss=69.0220
accuracy
[0.         0.01871658 0.01871658 0.09893048]
val_loss=69.0399
accuracy
[0.         0.01871658 0.01871658 0.09893048]
val_loss=69.0224
accuracy
[0.         0.01871658 0.01871658 0.09893048]
val_loss=69.1178
accuracy
[0.         0.01871658 0.01871658 0.09893048]
val_loss=69.0966
accuracy
[0.         0.01871658 0.01871658 0.09893048]
val_loss=69.2481
accuracy
[0.         0.01871658 0.01871658 0.09893048]
val_loss=69.2227
accuracy
[0.         0.01871658 0.01871658 0.09893048]
val_loss=69.2483
accuracy
[0.         0.01871658 0.01871658 0.09893048]
val_loss=69.3209
accuracy
[0.         0.01871658 0.01871658 0.09893048]
val_loss=69.3740
accuracy
[0.         0.01871658 0.01871658 0.09893048]
val_loss=69.3887
accuracy
[0.         0.01871658 0.01871658 0.09893048]
val_loss=69.4758
accuracy
[0.         0.01871658 0.01871658 0.09893048]
val_loss=69.5080
accuracy
[0.         0.01871658 0.01871658 0.09893048]
val_loss=69.4557
accuracy
[0.         0.01871658 0.01871658 0.09893048]
val_loss=69.5511
accuracy
[0.         0.01871658 0.01871658 0.09893048]
val_loss=69.5194
accuracy
[0.         0.01871658 0.01871658 0.09893048]
Finished Training
    rehearsal replay buffer: 500 of 2059 source samples
cpu
Finished Training
cpu
Finished Training
cpu
Finished Training
cpu
Finished Training
cpu
Finished Training
cpu
Finished Training
cpu
Finished Training
cpu
Finished Training
cpu
Finished Training
cpu
Finished Training
cpu
Finished Training
cpu
Finished Training
cpu
Finished Training
cpu
Finished Training
cpu
Finished Training
cpu
Finished Training
cpu
Finished Training
cpu
Finished Training
cpu
Finished Training
cpu
Finished Training
cpu
Finished Training
cpu
Finished Training
  seed 2: pretrain on scenario33straight (2059 samples), zero-shot eval on scenario4 (374 held-out test samples)
cpu
-----------------------------------------------------------------------
      Layer (type)        Output Shape         Param #     Tr. Param #
=======================================================================
          Linear-1           [32, 256]           1,280           1,280
            ReLU-2           [32, 256]               0               0
          Linear-3           [32, 256]          65,792          65,792
          Linear-4           [32, 256]          65,792          65,792
          Linear-5            [32, 16]           4,112           4,112
=======================================================================
Total params: 136,976
Trainable params: 136,976
Non-trainable params: 0
-----------------------------------------------------------------------
val_loss=19.0965
accuracy
[0.0026738  0.01069519 0.01069519 0.02673797]
val_loss=25.4274
accuracy
[0.0026738  0.01069519 0.01069519 0.10160428]
val_loss=29.3478
accuracy
[0.0026738  0.01069519 0.01069519 0.07219251]
val_loss=26.1581
accuracy
[0.0026738  0.01069519 0.01069519 0.12032086]
val_loss=21.7482
accuracy
[0.0026738  0.00802139 0.01871658 0.15775401]
val_loss=27.4503
accuracy
[0.0026738  0.01069519 0.01069519 0.18716578]
val_loss=30.2567
accuracy
[0.0026738  0.01069519 0.06417112 0.14973262]
val_loss=29.1728
accuracy
[0.0026738  0.00802139 0.01069519 0.17647059]
val_loss=29.0703
accuracy
[0.0026738  0.0026738  0.01069519 0.12032086]
val_loss=31.7572
accuracy
[0.0026738  0.00802139 0.01069519 0.13636364]
val_loss=32.1614
accuracy
[0.0026738  0.0026738  0.01069519 0.12032086]
val_loss=35.1975
accuracy
[0.0026738  0.00534759 0.01069519 0.12032086]
val_loss=31.1837
accuracy
[0.0026738  0.0026738  0.01336898 0.12032086]
val_loss=35.7018
accuracy
[0.0026738  0.0026738  0.01069519 0.12032086]
val_loss=35.9070
accuracy
[0.0026738  0.0026738  0.01069519 0.12566845]
val_loss=37.1681
accuracy
[0.0026738  0.00802139 0.01069519 0.11764706]
val_loss=36.0908
accuracy
[0.0026738  0.00802139 0.01069519 0.11764706]
val_loss=40.7881
accuracy
[0.0026738  0.00534759 0.00802139 0.11764706]
val_loss=43.6814
accuracy
[0.0026738  0.0026738  0.01069519 0.12032086]
val_loss=40.7738
accuracy
[0.0026738  0.0026738  0.01336898 0.12032086]
val_loss=41.9485
accuracy
[0.0026738  0.0026738  0.01336898 0.13101604]
val_loss=42.4524
accuracy
[0.0026738  0.0026738  0.01336898 0.12032086]
val_loss=43.2751
accuracy
[0.0026738  0.0026738  0.01336898 0.12566845]
val_loss=44.5494
accuracy
[0.0026738  0.0026738  0.01336898 0.12032086]
val_loss=44.3112
accuracy
[0.0026738  0.0026738  0.01336898 0.12032086]
val_loss=45.6641
accuracy
[0.0026738  0.0026738  0.01336898 0.13101604]
val_loss=44.9580
accuracy
[0.0026738  0.0026738  0.01336898 0.13903743]
val_loss=45.0323
accuracy
[0.0026738  0.0026738  0.01336898 0.12834225]
val_loss=46.0751
accuracy
[0.0026738  0.0026738  0.01336898 0.14171123]
val_loss=46.0758
accuracy
[0.0026738  0.0026738  0.01336898 0.14171123]
val_loss=47.7548
accuracy
[0.0026738  0.01069519 0.01336898 0.14171123]
val_loss=48.5929
accuracy
[0.0026738  0.0026738  0.01336898 0.14171123]
val_loss=48.8966
accuracy
[0.0026738  0.0026738  0.01336898 0.14705882]
val_loss=47.1703
accuracy
[0.0026738  0.01069519 0.01336898 0.14171123]
val_loss=48.6781
accuracy
[0.0026738  0.01069519 0.01336898 0.14171123]
val_loss=49.8548
accuracy
[0.0026738  0.01069519 0.01336898 0.14973262]
val_loss=50.5792
accuracy
[0.0026738  0.01069519 0.01336898 0.14438503]
val_loss=50.1658
accuracy
[0.0026738  0.01069519 0.01336898 0.14973262]
val_loss=51.1202
accuracy
[0.0026738  0.01069519 0.01336898 0.14171123]
val_loss=50.5940
accuracy
[0.0026738  0.01069519 0.01336898 0.14973262]
val_loss=50.9570
accuracy
[0.0026738  0.01069519 0.01336898 0.14973262]
val_loss=51.1094
accuracy
[0.0026738  0.01069519 0.01336898 0.14973262]
val_loss=51.1115
accuracy
[0.0026738  0.01069519 0.01336898 0.15240642]
val_loss=51.2741
accuracy
[0.0026738  0.01069519 0.01336898 0.14973262]
val_loss=51.1260
accuracy
[0.0026738  0.01069519 0.01336898 0.14973262]
val_loss=51.3665
accuracy
[0.0026738  0.01069519 0.01336898 0.15240642]
val_loss=51.7631
accuracy
[0.0026738  0.01069519 0.01336898 0.15240642]
val_loss=51.7081
accuracy
[0.0026738  0.01069519 0.01336898 0.15240642]
val_loss=51.6243
accuracy
[0.0026738  0.01069519 0.01336898 0.15240642]
val_loss=52.3369
accuracy
[0.0026738  0.01069519 0.01336898 0.15240642]
val_loss=51.5318
accuracy
[0.0026738  0.01069519 0.01336898 0.15240642]
val_loss=51.5508
accuracy
[0.0026738  0.01069519 0.01336898 0.15240642]
val_loss=52.1839
accuracy
[0.0026738  0.01069519 0.01336898 0.15240642]
val_loss=52.2078
accuracy
[0.0026738  0.01069519 0.01336898 0.15240642]
val_loss=52.4595
accuracy
[0.0026738  0.01069519 0.01336898 0.15240642]
val_loss=52.3517
accuracy
[0.0026738  0.01069519 0.01336898 0.15240642]
val_loss=52.3420
accuracy
[0.         0.01069519 0.01336898 0.15240642]
val_loss=52.3312
accuracy
[0.0026738  0.01069519 0.01336898 0.15240642]
val_loss=52.7614
accuracy
[0.         0.01069519 0.01336898 0.15240642]
val_loss=52.7838
accuracy
[0.0026738  0.01069519 0.01336898 0.15240642]
val_loss=52.7391
accuracy
[0.0026738  0.01069519 0.01336898 0.15240642]
val_loss=52.7409
accuracy
[0.0026738  0.01069519 0.01336898 0.15240642]
val_loss=52.8423
accuracy
[0.0026738  0.01069519 0.01336898 0.15240642]
val_loss=52.8912
accuracy
[0.         0.01069519 0.01336898 0.15240642]
val_loss=52.8653
accuracy
[0.0026738  0.01069519 0.01336898 0.15240642]
val_loss=52.8400
accuracy
[0.0026738  0.01069519 0.01336898 0.15240642]
val_loss=52.9458
accuracy
[0.         0.01069519 0.01336898 0.15240642]
val_loss=53.0567
accuracy
[0.0026738  0.01069519 0.01336898 0.15240642]
val_loss=52.9980
accuracy
[0.0026738  0.01069519 0.01336898 0.15240642]
val_loss=53.0473
accuracy
[0.         0.01069519 0.01336898 0.15240642]
val_loss=53.1093
accuracy
[0.         0.01069519 0.01336898 0.15240642]
val_loss=53.1518
accuracy
[0.         0.01069519 0.01336898 0.15240642]
val_loss=53.1424
accuracy
[0.         0.01069519 0.01336898 0.15240642]
val_loss=53.0575
accuracy
[0.         0.01069519 0.01336898 0.15240642]
val_loss=53.2080
accuracy
[0.         0.01069519 0.01336898 0.15240642]
val_loss=53.2168
accuracy
[0.         0.01069519 0.01336898 0.15240642]
val_loss=53.2675
accuracy
[0.         0.01069519 0.01336898 0.15240642]
val_loss=53.2834
accuracy
[0.         0.01069519 0.01336898 0.15240642]
val_loss=53.2895
accuracy
[0.         0.01069519 0.01336898 0.15240642]
val_loss=53.3411
accuracy
[0.         0.01069519 0.01336898 0.15240642]
Finished Training
    rehearsal replay buffer: 500 of 2059 source samples
cpu
Finished Training
cpu
Finished Training
cpu
Finished Training
cpu
Finished Training
cpu
Finished Training
cpu
Finished Training
cpu
Finished Training
cpu
Finished Training
cpu
Finished Training
cpu
Finished Training
cpu
Finished Training
cpu
Finished Training
cpu
Finished Training
cpu
Finished Training
cpu
Finished Training
cpu
Finished Training
cpu
Finished Training
cpu
Finished Training
cpu
Finished Training
cpu
Finished Training
cpu
Finished Training
cpu
Finished Training
  seed 3: pretrain on scenario33straight (2059 samples), zero-shot eval on scenario4 (374 held-out test samples)
cpu
-----------------------------------------------------------------------
      Layer (type)        Output Shape         Param #     Tr. Param #
=======================================================================
          Linear-1           [32, 256]           1,280           1,280
            ReLU-2           [32, 256]               0               0
          Linear-3           [32, 256]          65,792          65,792
          Linear-4           [32, 256]          65,792          65,792
          Linear-5            [32, 16]           4,112           4,112
=======================================================================
Total params: 136,976
Trainable params: 136,976
Non-trainable params: 0
-----------------------------------------------------------------------
val_loss=11.7704
accuracy
[0.00534759 0.00802139 0.01336898 0.03475936]
val_loss=16.7919
accuracy
[0.0026738  0.01069519 0.01336898 0.01336898]
val_loss=16.4735
accuracy
[0.0026738  0.01069519 0.01336898 0.14171123]
val_loss=20.8324
accuracy
[0.0026738  0.00802139 0.01336898 0.04812834]
val_loss=22.9738
accuracy
[0.0026738  0.00802139 0.01336898 0.12834225]
val_loss=29.0989
accuracy
[0.0026738  0.01336898 0.01336898 0.11497326]
val_loss=31.6043
accuracy
[0.0026738  0.01336898 0.01336898 0.13903743]
val_loss=32.1210
accuracy
[0.0026738  0.00802139 0.01336898 0.14171123]
val_loss=37.4801
accuracy
[0.0026738  0.00534759 0.01336898 0.13636364]
val_loss=39.0314
accuracy
[0.0026738  0.01336898 0.01336898 0.16042781]
val_loss=38.2543
accuracy
[0.0026738  0.01069519 0.01336898 0.11497326]
val_loss=34.2097
accuracy
[0.0026738  0.01336898 0.01336898 0.11764706]
val_loss=36.1117
accuracy
[0.0026738  0.00802139 0.01336898 0.10695187]
val_loss=36.9223
accuracy
[0.0026738  0.00802139 0.01336898 0.09893048]
val_loss=38.0556
accuracy
[0.0026738  0.00802139 0.01336898 0.06417112]
val_loss=34.2986
accuracy
[0.0026738  0.01069519 0.01336898 0.11764706]
val_loss=37.0663
accuracy
[0.0026738  0.00534759 0.01336898 0.06684492]
val_loss=40.6037
accuracy
[0.0026738  0.00534759 0.01336898 0.06417112]
val_loss=38.2650
accuracy
[0.0026738  0.00534759 0.01336898 0.06417112]
val_loss=48.8097
accuracy
[0.0026738  0.00802139 0.01336898 0.06417112]
val_loss=41.2422
accuracy
[0.0026738  0.00534759 0.01336898 0.06951872]
val_loss=40.2321
accuracy
[0.0026738  0.00534759 0.01336898 0.07754011]
val_loss=42.5559
accuracy
[0.0026738  0.00534759 0.01336898 0.07754011]
val_loss=42.6582
accuracy
[0.0026738  0.00534759 0.01336898 0.06951872]
val_loss=43.2033
accuracy
[0.0026738  0.00534759 0.01336898 0.0855615 ]
val_loss=43.4854
accuracy
[0.         0.00534759 0.01336898 0.06951872]
val_loss=43.1104
accuracy
[0.00534759 0.00534759 0.01336898 0.0828877 ]
val_loss=45.2438
accuracy
[0.0026738  0.00534759 0.01336898 0.0828877 ]
val_loss=43.7826
accuracy
[0.00534759 0.00534759 0.01336898 0.06951872]
val_loss=44.9463
accuracy
[0.0026738  0.00534759 0.01336898 0.06951872]
val_loss=45.1168
accuracy
[0.00534759 0.00534759 0.01604278 0.07754011]
val_loss=45.8184
accuracy
[0.00534759 0.00534759 0.01604278 0.06951872]
val_loss=46.3557
accuracy
[0.00534759 0.00534759 0.01336898 0.09625668]
val_loss=46.4488
accuracy
[0.00534759 0.00534759 0.01604278 0.0855615 ]
val_loss=47.1780
accuracy
[0.00534759 0.00534759 0.01336898 0.09090909]
val_loss=46.9055
accuracy
[0.0026738  0.00534759 0.01336898 0.0855615 ]
val_loss=47.4737
accuracy
[0.00534759 0.00534759 0.01604278 0.0855615 ]
val_loss=48.1392
accuracy
[0.00534759 0.00534759 0.01336898 0.09625668]
val_loss=48.0142
accuracy
[0.0026738  0.00534759 0.01604278 0.10695187]
val_loss=47.6548
accuracy
[0.0026738  0.00534759 0.01604278 0.10695187]
val_loss=48.4836
accuracy
[0.0026738  0.00802139 0.01604278 0.10695187]
val_loss=48.7582
accuracy
[0.00534759 0.00534759 0.01604278 0.10695187]
val_loss=49.1267
accuracy
[0.0026738  0.00534759 0.01604278 0.10695187]
val_loss=49.5575
accuracy
[0.00534759 0.00802139 0.01604278 0.10695187]
val_loss=49.4141
accuracy
[0.00534759 0.00534759 0.01871658 0.10695187]
val_loss=49.5261
accuracy
[0.00534759 0.00534759 0.01871658 0.10695187]
val_loss=49.6483
accuracy
[0.00534759 0.00534759 0.01871658 0.10695187]
val_loss=49.8590
accuracy
[0.00534759 0.00534759 0.01871658 0.10695187]
val_loss=49.8516
accuracy
[0.00534759 0.00534759 0.01871658 0.10695187]
val_loss=50.0709
accuracy
[0.00534759 0.00534759 0.01871658 0.10695187]
val_loss=50.3327
accuracy
[0.00534759 0.00802139 0.01604278 0.10695187]
val_loss=50.4311
accuracy
[0.00534759 0.00534759 0.01871658 0.10695187]
val_loss=50.2463
accuracy
[0.00534759 0.00534759 0.01871658 0.10695187]
val_loss=50.9205
accuracy
[0.00534759 0.00802139 0.01871658 0.10695187]
val_loss=50.9468
accuracy
[0.00534759 0.00534759 0.01871658 0.10695187]
val_loss=50.8790
accuracy
[0.00534759 0.00802139 0.01871658 0.10695187]
val_loss=51.0744
accuracy
[0.00534759 0.00534759 0.01871658 0.10695187]
val_loss=51.0987
accuracy
[0.00534759 0.00534759 0.01871658 0.10695187]
val_loss=51.3231
accuracy
[0.00534759 0.00802139 0.01871658 0.10160428]
val_loss=51.3176
accuracy
[0.00534759 0.00802139 0.01871658 0.10695187]
val_loss=51.4573
accuracy
[0.00534759 0.00802139 0.01871658 0.10695187]
val_loss=51.3623
accuracy
[0.00534759 0.00802139 0.01871658 0.10695187]
val_loss=51.3903
accuracy
[0.00534759 0.00802139 0.01871658 0.10695187]
val_loss=51.4652
accuracy
[0.00534759 0.00802139 0.01871658 0.10427807]
val_loss=51.5530
accuracy
[0.00534759 0.00802139 0.01871658 0.10695187]
val_loss=51.4951
accuracy
[0.00534759 0.00802139 0.01871658 0.10427807]
val_loss=51.5412
accuracy
[0.00534759 0.00802139 0.01871658 0.10695187]
val_loss=51.6546
accuracy
[0.00534759 0.00802139 0.01871658 0.10695187]
val_loss=51.5935
accuracy
[0.00534759 0.00802139 0.01871658 0.10427807]
val_loss=51.6450
accuracy
[0.00534759 0.00802139 0.01871658 0.10427807]
val_loss=51.6616
accuracy
[0.00534759 0.00802139 0.01871658 0.10427807]
val_loss=51.7109
accuracy
[0.00534759 0.00802139 0.01871658 0.10427807]
val_loss=51.6895
accuracy
[0.00534759 0.00802139 0.01871658 0.10427807]
val_loss=51.7253
accuracy
[0.00534759 0.00802139 0.01871658 0.10427807]
val_loss=51.8048
accuracy
[0.00534759 0.00802139 0.01871658 0.10427807]
val_loss=51.8087
accuracy
[0.00534759 0.00802139 0.01871658 0.10427807]
val_loss=51.8690
accuracy
[0.00534759 0.00802139 0.01871658 0.10427807]
val_loss=51.9536
accuracy
[0.00534759 0.00802139 0.01871658 0.10695187]
val_loss=51.9409
accuracy
[0.00534759 0.00802139 0.01871658 0.10160428]
val_loss=51.9708
accuracy
[0.00534759 0.00802139 0.01871658 0.10160428]
Finished Training
    rehearsal replay buffer: 500 of 2059 source samples
cpu
Finished Training
cpu
Finished Training
cpu
Finished Training
cpu
Finished Training
cpu
Finished Training
cpu
Finished Training
cpu
Finished Training
cpu
Finished Training
cpu
Finished Training
cpu
Finished Training
cpu
Finished Training
cpu
Finished Training
cpu
Finished Training
cpu
Finished Training
cpu
Finished Training
cpu
Finished Training
cpu
Finished Training
cpu
Finished Training
cpu
Finished Training
cpu
Finished Training
cpu
Finished Training
cpu
Finished Training
  seed 4: pretrain on scenario33straight (2059 samples), zero-shot eval on scenario4 (374 held-out test samples)
cpu
-----------------------------------------------------------------------
      Layer (type)        Output Shape         Param #     Tr. Param #
=======================================================================
          Linear-1           [32, 256]           1,280           1,280
            ReLU-2           [32, 256]               0               0
          Linear-3           [32, 256]          65,792          65,792
          Linear-4           [32, 256]          65,792          65,792
          Linear-5            [32, 16]           4,112           4,112
=======================================================================
Total params: 136,976
Trainable params: 136,976
Non-trainable params: 0
-----------------------------------------------------------------------
val_loss=15.1433
accuracy
[0.01069519 0.02139037 0.02673797 0.0855615 ]
val_loss=22.2541
accuracy
[0.         0.01336898 0.01336898 0.0855615 ]
val_loss=25.8104
accuracy
[0.         0.01336898 0.01336898 0.12032086]
val_loss=29.4042
accuracy
[0.         0.01336898 0.01336898 0.19251337]
val_loss=28.3895
accuracy
[0.         0.01336898 0.01336898 0.12834225]
val_loss=30.9737
accuracy
[0.         0.01336898 0.01336898 0.08823529]
val_loss=31.7729
accuracy
[0.         0.01336898 0.01336898 0.07754011]
val_loss=30.4426
accuracy
[0.         0.01336898 0.01336898 0.09625668]
val_loss=34.4637
accuracy
[0.         0.01336898 0.01336898 0.13101604]
val_loss=27.3192
accuracy
[0.         0.01336898 0.01336898 0.07754011]
val_loss=31.2240
accuracy
[0.         0.01336898 0.01336898 0.10962567]
val_loss=32.5922
accuracy
[0.         0.0026738  0.01336898 0.12834225]
val_loss=38.6825
accuracy
[0.         0.0026738  0.01336898 0.1631016 ]
val_loss=41.3341
accuracy
[0.         0.01069519 0.01336898 0.08823529]
val_loss=34.4565
accuracy
[0.         0.0026738  0.01336898 0.1657754 ]
val_loss=36.6676
accuracy
[0.         0.01336898 0.01336898 0.09625668]
val_loss=37.9874
accuracy
[0.         0.0026738  0.01336898 0.12299465]
val_loss=40.3758
accuracy
[0.         0.         0.01336898 0.10962567]
val_loss=38.1395
accuracy
[0.         0.00534759 0.01336898 0.12566845]
val_loss=43.8503
accuracy
[0.         0.01069519 0.01604278 0.12834225]
val_loss=44.5532
accuracy
[0.         0.00534759 0.01336898 0.13101604]
val_loss=44.6901
accuracy
[0.         0.00534759 0.01336898 0.12834225]
val_loss=47.8398
accuracy
[0.         0.00534759 0.01336898 0.12834225]
val_loss=47.9905
accuracy
[0.         0.         0.01336898 0.12834225]
val_loss=48.3069
accuracy
[0.         0.00534759 0.01336898 0.12834225]
val_loss=49.4629
accuracy
[0.         0.00534759 0.01336898 0.12834225]
val_loss=51.4504
accuracy
[0.         0.00534759 0.01336898 0.12834225]
val_loss=51.1292
accuracy
[0.         0.00534759 0.01336898 0.12834225]
val_loss=51.4882
accuracy
[0.         0.00534759 0.01336898 0.12834225]
val_loss=52.1367
accuracy
[0.         0.00534759 0.01336898 0.12834225]
val_loss=52.2672
accuracy
[0.         0.00534759 0.01069519 0.12834225]
val_loss=52.8398
accuracy
[0.         0.00534759 0.01336898 0.12834225]
val_loss=53.7910
accuracy
[0.         0.00534759 0.01336898 0.12834225]
val_loss=53.2179
accuracy
[0.         0.00534759 0.00802139 0.12834225]
val_loss=55.3269
accuracy
[0.         0.00534759 0.01336898 0.12834225]
val_loss=54.4356
accuracy
[0.         0.00534759 0.01336898 0.12834225]
val_loss=54.4102
accuracy
[0.         0.00534759 0.01336898 0.12834225]
val_loss=56.4090
accuracy
[0.         0.00534759 0.01336898 0.12834225]
val_loss=55.8280
accuracy
[0.         0.01069519 0.01336898 0.12834225]
val_loss=56.2286
accuracy
[0.         0.01069519 0.01604278 0.12834225]
val_loss=55.8606
accuracy
[0.         0.00802139 0.01604278 0.12834225]
val_loss=55.9883
accuracy
[0.         0.00802139 0.01604278 0.12834225]
val_loss=56.8660
accuracy
[0.         0.00802139 0.01336898 0.12834225]
val_loss=56.8735
accuracy
[0.         0.00802139 0.01604278 0.12834225]
val_loss=56.8819
accuracy
[0.         0.00802139 0.01604278 0.12834225]
val_loss=57.1503
accuracy
[0.         0.00534759 0.01336898 0.12834225]
val_loss=57.0180
accuracy
[0.         0.00534759 0.01604278 0.12834225]
val_loss=57.6767
accuracy
[0.         0.00534759 0.01604278 0.12834225]
val_loss=58.0409
accuracy
[0.         0.00802139 0.01604278 0.12834225]
val_loss=57.4486
accuracy
[0.         0.00802139 0.01604278 0.12834225]
val_loss=57.6074
accuracy
[0.         0.00802139 0.01604278 0.12834225]
val_loss=58.3810
accuracy
[0.         0.01069519 0.01604278 0.12834225]
val_loss=58.0997
accuracy
[0.         0.01069519 0.01871658 0.12834225]
val_loss=58.3384
accuracy
[0.         0.01069519 0.01604278 0.12834225]
val_loss=58.6867
accuracy
[0.         0.01069519 0.01604278 0.12834225]
val_loss=58.8586
accuracy
[0.         0.01069519 0.01604278 0.12834225]
val_loss=58.8878
accuracy
[0.         0.01069519 0.01604278 0.12834225]
val_loss=58.4636
accuracy
[0.         0.01069519 0.01871658 0.12834225]
val_loss=58.9001
accuracy
[0.         0.01069519 0.01871658 0.12834225]
val_loss=59.5053
accuracy
[0.         0.01069519 0.01871658 0.12834225]
val_loss=59.4956
accuracy
[0.         0.01069519 0.01871658 0.12834225]
val_loss=59.3786
accuracy
[0.         0.01069519 0.01871658 0.12834225]
val_loss=59.4771
accuracy
[0.         0.01069519 0.01871658 0.12834225]
val_loss=59.5465
accuracy
[0.         0.01069519 0.01871658 0.12834225]
val_loss=59.4857
accuracy
[0.         0.01069519 0.01871658 0.12834225]
val_loss=59.6612
accuracy
[0.         0.01069519 0.01871658 0.12834225]
val_loss=59.5519
accuracy
[0.         0.01069519 0.01871658 0.12834225]
val_loss=59.6079
accuracy
[0.         0.01069519 0.01871658 0.12834225]
val_loss=59.6366
accuracy
[0.         0.01069519 0.01871658 0.12834225]
val_loss=59.7760
accuracy
[0.         0.01069519 0.01871658 0.12834225]
val_loss=59.7256
accuracy
[0.         0.01069519 0.01871658 0.12834225]
val_loss=59.6856
accuracy
[0.         0.01069519 0.01871658 0.12834225]
val_loss=59.7966
accuracy
[0.         0.01069519 0.01871658 0.12834225]
val_loss=59.9352
accuracy
[0.         0.01069519 0.01871658 0.12834225]
val_loss=59.9497
accuracy
[0.         0.01069519 0.01871658 0.12834225]
val_loss=60.0173
accuracy
[0.         0.01069519 0.01871658 0.12834225]
val_loss=60.0244
accuracy
[0.         0.01069519 0.01871658 0.12834225]
val_loss=59.9808
accuracy
[0.         0.01069519 0.01871658 0.12834225]
val_loss=60.1518
accuracy
[0.         0.01069519 0.01871658 0.12834225]
val_loss=60.1106
accuracy
[0.         0.01069519 0.01871658 0.12834225]
Finished Training
    rehearsal replay buffer: 500 of 2059 source samples
cpu
Finished Training
cpu
Finished Training
cpu
Finished Training
cpu
Finished Training
cpu
Finished Training
cpu
Finished Training
cpu
Finished Training
cpu
Finished Training
cpu
Finished Training
cpu
Finished Training
cpu
Finished Training
cpu
Finished Training
cpu
Finished Training
cpu
Finished Training
cpu
Finished Training
cpu
Finished Training
cpu
Finished Training
cpu
Finished Training
cpu
Finished Training
cpu
Finished Training
cpu
Finished Training
cpu
Finished Training
  seed 5: pretrain on scenario33straight (2059 samples), zero-shot eval on scenario4 (374 held-out test samples)
cpu
-----------------------------------------------------------------------
      Layer (type)        Output Shape         Param #     Tr. Param #
=======================================================================
          Linear-1           [32, 256]           1,280           1,280
            ReLU-2           [32, 256]               0               0
          Linear-3           [32, 256]          65,792          65,792
          Linear-4           [32, 256]          65,792          65,792
          Linear-5            [32, 16]           4,112           4,112
=======================================================================
Total params: 136,976
Trainable params: 136,976
Non-trainable params: 0
-----------------------------------------------------------------------
val_loss=16.0994
accuracy
[0.00534759 0.00802139 0.03208556 0.05614973]
val_loss=14.7162
accuracy
[0.00534759 0.00534759 0.01069519 0.02941176]
val_loss=22.5110
accuracy
[0.0026738  0.00534759 0.00802139 0.04545455]
val_loss=23.4411
accuracy
[0.0026738  0.00534759 0.00802139 0.09625668]
val_loss=23.5786
accuracy
[0.0026738  0.00534759 0.00802139 0.17112299]
val_loss=21.2461
accuracy
[0.0026738  0.00534759 0.00802139 0.09625668]
val_loss=23.1057
accuracy
[0.0026738  0.00534759 0.00802139 0.12834225]
val_loss=27.6868
accuracy
[0.0026738  0.00534759 0.00802139 0.04545455]
val_loss=27.4752
accuracy
[0.0026738  0.00534759 0.00802139 0.10962567]
val_loss=31.8840
accuracy
[0.         0.00802139 0.00802139 0.05614973]
val_loss=35.4855
accuracy
[0.0026738  0.00534759 0.00802139 0.05882353]
val_loss=30.8742
accuracy
[0.0026738  0.00534759 0.00802139 0.10695187]
val_loss=31.3743
accuracy
[0.0026738  0.00534759 0.00802139 0.10695187]
val_loss=32.7985
accuracy
[0.0026738  0.00534759 0.00802139 0.09090909]
val_loss=38.3040
accuracy
[0.0026738  0.00534759 0.00802139 0.0828877 ]
val_loss=36.7892
accuracy
[0.0026738  0.00534759 0.00802139 0.15508021]
val_loss=39.2192
accuracy
[0.0026738  0.00534759 0.00802139 0.15508021]
val_loss=38.5427
accuracy
[0.0026738  0.00534759 0.00802139 0.15508021]
val_loss=40.6000
accuracy
[0.0026738  0.00534759 0.00802139 0.15508021]
val_loss=42.1106
accuracy
[0.0026738  0.00534759 0.00802139 0.15508021]
val_loss=43.2236
accuracy
[0.0026738  0.00534759 0.00802139 0.15508021]
val_loss=43.8722
accuracy
[0.0026738  0.00534759 0.00802139 0.15508021]
val_loss=44.8586
accuracy
[0.0026738  0.00534759 0.00802139 0.15508021]
val_loss=45.0287
accuracy
[0.0026738  0.00534759 0.00802139 0.15508021]
val_loss=45.9270
accuracy
[0.0026738  0.00534759 0.00802139 0.15508021]
val_loss=46.6431
accuracy
[0.0026738  0.00534759 0.00802139 0.15508021]
val_loss=47.2272
accuracy
[0.0026738  0.00534759 0.00802139 0.15508021]
val_loss=48.0611
accuracy
[0.0026738  0.00534759 0.00802139 0.15508021]
val_loss=47.8797
accuracy
[0.0026738  0.00534759 0.00802139 0.15508021]
val_loss=47.6882
accuracy
[0.0026738  0.00534759 0.00802139 0.15508021]
val_loss=47.4656
accuracy
[0.0026738  0.00534759 0.00802139 0.15508021]
val_loss=49.5221
accuracy
[0.0026738  0.00534759 0.00802139 0.15508021]
val_loss=49.0668
accuracy
[0.0026738  0.00534759 0.00802139 0.15508021]
val_loss=48.6994
accuracy
[0.0026738  0.00534759 0.00802139 0.15508021]
val_loss=49.2023
accuracy
[0.0026738  0.00534759 0.00802139 0.15508021]
val_loss=50.5420
accuracy
[0.0026738  0.00534759 0.00802139 0.15775401]
val_loss=50.6350
accuracy
[0.0026738  0.00534759 0.00802139 0.13636364]
val_loss=50.5012
accuracy
[0.0026738  0.00534759 0.00802139 0.13636364]
val_loss=50.9354
accuracy
[0.0026738  0.00534759 0.00802139 0.13636364]
val_loss=51.2806
accuracy
[0.0026738  0.00534759 0.00802139 0.13636364]
val_loss=51.7699
accuracy
[0.0026738  0.00534759 0.00802139 0.13636364]
val_loss=52.0322
accuracy
[0.0026738  0.00534759 0.00802139 0.13636364]
val_loss=51.9697
accuracy
[0.0026738  0.00534759 0.00802139 0.13636364]
val_loss=51.9930
accuracy
[0.0026738  0.00534759 0.00802139 0.13636364]
val_loss=52.0507
accuracy
[0.0026738  0.00534759 0.00802139 0.13636364]
val_loss=52.1723
accuracy
[0.0026738  0.00534759 0.00802139 0.13636364]
val_loss=52.1738
accuracy
[0.0026738  0.00534759 0.00802139 0.13636364]
val_loss=52.2651
accuracy
[0.0026738  0.00534759 0.00802139 0.13636364]
val_loss=52.3774
accuracy
[0.0026738  0.00534759 0.00802139 0.13636364]
val_loss=52.4834
accuracy
[0.0026738  0.00534759 0.00802139 0.13636364]
val_loss=52.4476
accuracy
[0.0026738  0.00534759 0.00802139 0.13636364]
val_loss=52.6379
accuracy
[0.0026738  0.00534759 0.01069519 0.13636364]
val_loss=52.9719
accuracy
[0.0026738  0.00534759 0.01069519 0.13636364]
val_loss=52.9583
accuracy
[0.0026738  0.00534759 0.02139037 0.13636364]
val_loss=52.9718
accuracy
[0.0026738  0.00534759 0.01871658 0.13636364]
val_loss=53.0085
accuracy
[0.0026738  0.00534759 0.02139037 0.13636364]
val_loss=53.1507
accuracy
[0.0026738  0.00534759 0.02406417 0.13636364]
val_loss=53.0743
accuracy
[0.0026738  0.00534759 0.02406417 0.13636364]
val_loss=52.9701
accuracy
[0.0026738  0.00534759 0.02406417 0.13636364]
val_loss=53.2778
accuracy
[0.0026738  0.00534759 0.02406417 0.13636364]
val_loss=53.2942
accuracy
[0.0026738  0.00534759 0.02406417 0.13636364]
val_loss=53.3220
accuracy
[0.0026738  0.00534759 0.02406417 0.13636364]
val_loss=53.3691
accuracy
[0.0026738  0.00534759 0.02406417 0.13636364]
val_loss=53.3975
accuracy
[0.0026738  0.00534759 0.02406417 0.13636364]
val_loss=53.4253
accuracy
[0.0026738  0.00534759 0.02406417 0.13636364]
val_loss=53.4383
accuracy
[0.0026738  0.00534759 0.02406417 0.13636364]
val_loss=53.5074
accuracy
[0.0026738  0.00534759 0.02406417 0.13636364]
val_loss=53.5002
accuracy
[0.0026738  0.00534759 0.02406417 0.13636364]
val_loss=53.4979
accuracy
[0.0026738  0.00534759 0.02406417 0.13636364]
val_loss=53.5091
accuracy
[0.0026738  0.00534759 0.02406417 0.13636364]
val_loss=53.5703
accuracy
[0.0026738  0.00534759 0.02406417 0.13636364]
val_loss=53.5629
accuracy
[0.0026738  0.00534759 0.02406417 0.13636364]
val_loss=53.5823
accuracy
[0.0026738  0.00534759 0.02406417 0.13636364]
val_loss=53.6361
accuracy
[0.0026738  0.00534759 0.02406417 0.13636364]
val_loss=53.6326
accuracy
[0.0026738  0.00534759 0.02406417 0.13636364]
val_loss=53.6696
accuracy
[0.0026738  0.00534759 0.02406417 0.13636364]
val_loss=53.6602
accuracy
[0.0026738  0.00534759 0.02406417 0.13636364]
val_loss=53.6860
accuracy
[0.0026738  0.00534759 0.02406417 0.13636364]
val_loss=53.7555
accuracy
[0.0026738  0.00534759 0.02406417 0.13636364]
val_loss=53.7447
accuracy
[0.0026738  0.00534759 0.02406417 0.13636364]
Finished Training
    rehearsal replay buffer: 500 of 2059 source samples
cpu
Finished Training
cpu
Finished Training
cpu
Finished Training
cpu
Finished Training
cpu
Finished Training
cpu
Finished Training
cpu
Finished Training
cpu
Finished Training
cpu
Finished Training
cpu
Finished Training
cpu
Finished Training
cpu
Finished Training
cpu
Finished Training
cpu
Finished Training
cpu
Finished Training
cpu
Finished Training
cpu
Finished Training
cpu
Finished Training
cpu
Finished Training
cpu
Finished Training
cpu
Finished Training
cpu
Finished Training
  seed 6: pretrain on scenario33straight (2059 samples), zero-shot eval on scenario4 (374 held-out test samples)
cpu
-----------------------------------------------------------------------
      Layer (type)        Output Shape         Param #     Tr. Param #
=======================================================================
          Linear-1           [32, 256]           1,280           1,280
            ReLU-2           [32, 256]               0               0
          Linear-3           [32, 256]          65,792          65,792
          Linear-4           [32, 256]          65,792          65,792
          Linear-5            [32, 16]           4,112           4,112
=======================================================================
Total params: 136,976
Trainable params: 136,976
Non-trainable params: 0
-----------------------------------------------------------------------
val_loss=11.0906
accuracy
[0.01069519 0.01336898 0.02406417 0.04812834]
val_loss=13.6769
accuracy
[0.0026738  0.01604278 0.01604278 0.07219251]
val_loss=23.1392
accuracy
[0.0026738  0.01604278 0.01604278 0.07219251]
val_loss=21.0693
accuracy
[0.0026738  0.01604278 0.01604278 0.17379679]
val_loss=21.1770
accuracy
[0.0026738  0.01604278 0.01604278 0.21925134]
val_loss=23.8097
accuracy
[0.0026738  0.01604278 0.01604278 0.1657754 ]
val_loss=24.1478
accuracy
[0.0026738  0.01604278 0.01604278 0.14973262]
val_loss=31.0166
accuracy
[0.0026738  0.01069519 0.01604278 0.21657754]
val_loss=36.0279
accuracy
[0.0026738  0.01336898 0.01604278 0.11497326]
val_loss=30.4433
accuracy
[0.0026738  0.01336898 0.01604278 0.11497326]
val_loss=30.1092
accuracy
[0.0026738  0.00534759 0.01604278 0.13903743]
val_loss=35.0215
accuracy
[0.0026738  0.00534759 0.01604278 0.13636364]
val_loss=39.5474
accuracy
[0.0026738  0.0026738  0.01604278 0.13903743]
val_loss=44.2172
accuracy
[0.0026738  0.01336898 0.01604278 0.13903743]
val_loss=34.6026
accuracy
[0.0026738  0.01604278 0.01604278 0.13368984]
val_loss=45.2150
accuracy
[0.0026738  0.00534759 0.01604278 0.13903743]
val_loss=46.9770
accuracy
[0.0026738  0.0026738  0.01604278 0.13903743]
val_loss=48.4676
accuracy
[0.0026738  0.0026738  0.01604278 0.11497326]
val_loss=50.8397
accuracy
[0.0026738  0.0026738  0.01604278 0.11497326]
val_loss=52.8114
accuracy
[0.0026738  0.0026738  0.01604278 0.11497326]
val_loss=50.3446
accuracy
[0.0026738  0.0026738  0.01604278 0.11497326]
val_loss=52.8929
accuracy
[0.0026738  0.0026738  0.01604278 0.11497326]
val_loss=54.3844
accuracy
[0.0026738  0.0026738  0.01604278 0.11497326]
val_loss=54.2298
accuracy
[0.0026738  0.0026738  0.01604278 0.11497326]
val_loss=55.3757
accuracy
[0.0026738  0.0026738  0.01604278 0.11497326]
val_loss=55.9884
accuracy
[0.0026738  0.0026738  0.01604278 0.11497326]
val_loss=56.3954
accuracy
[0.0026738  0.0026738  0.01604278 0.11497326]
val_loss=57.3302
accuracy
[0.0026738  0.0026738  0.01604278 0.11497326]
val_loss=58.0269
accuracy
[0.0026738  0.0026738  0.01604278 0.11497326]
val_loss=57.6016
accuracy
[0.0026738  0.0026738  0.01604278 0.11497326]
val_loss=58.4079
accuracy
[0.0026738  0.0026738  0.01604278 0.11497326]
val_loss=58.6553
accuracy
[0.0026738  0.0026738  0.01604278 0.11497326]
val_loss=60.2911
accuracy
[0.0026738  0.0026738  0.01604278 0.11497326]
val_loss=59.3361
accuracy
[0.0026738  0.0026738  0.01604278 0.11497326]
val_loss=61.2849
accuracy
[0.0026738  0.0026738  0.01604278 0.11497326]
val_loss=60.2163
accuracy
[0.0026738  0.0026738  0.01604278 0.11497326]
val_loss=61.9253
accuracy
[0.0026738  0.0026738  0.02406417 0.11497326]
val_loss=61.0730
accuracy
[0.0026738  0.0026738  0.02406417 0.11497326]
val_loss=62.7772
accuracy
[0.0026738  0.0026738  0.02406417 0.11497326]
val_loss=62.4234
accuracy
[0.0026738  0.0026738  0.02406417 0.11497326]
val_loss=62.5860
accuracy
[0.0026738  0.0026738  0.02406417 0.11497326]
val_loss=62.7698
accuracy
[0.0026738  0.0026738  0.02406417 0.11497326]
val_loss=62.8681
accuracy
[0.0026738  0.0026738  0.02406417 0.11497326]
val_loss=62.9336
accuracy
[0.0026738  0.0026738  0.02406417 0.11497326]
val_loss=63.0443
accuracy
[0.0026738  0.0026738  0.02406417 0.11497326]
val_loss=63.2767
accuracy
[0.0026738  0.0026738  0.02406417 0.11497326]
val_loss=63.3229
accuracy
[0.0026738  0.0026738  0.02406417 0.11497326]
val_loss=63.7584
accuracy
[0.0026738  0.0026738  0.02406417 0.11497326]
val_loss=63.7437
accuracy
[0.0026738  0.0026738  0.02406417 0.11497326]
val_loss=63.8505
accuracy
[0.0026738  0.0026738  0.02406417 0.11497326]
val_loss=64.0686
accuracy
[0.0026738  0.0026738  0.02406417 0.11497326]
val_loss=64.6173
accuracy
[0.0026738  0.0026738  0.02406417 0.11497326]
val_loss=64.9787
accuracy
[0.0026738  0.0026738  0.02406417 0.11497326]
val_loss=64.7637
accuracy
[0.0026738  0.0026738  0.02406417 0.11497326]
val_loss=64.8379
accuracy
[0.0026738  0.0026738  0.02406417 0.11497326]
val_loss=65.0339
accuracy
[0.0026738  0.0026738  0.02406417 0.11497326]
val_loss=65.2519
accuracy
[0.0026738  0.0026738  0.02406417 0.11497326]
val_loss=64.8744
accuracy
[0.0026738  0.0026738  0.02406417 0.11497326]
val_loss=65.3873
accuracy
[0.0026738  0.0026738  0.02406417 0.11497326]
val_loss=65.7216
accuracy
[0.0026738  0.0026738  0.02406417 0.11497326]
val_loss=65.6809
accuracy
[0.0026738  0.0026738  0.02406417 0.11497326]
val_loss=65.6019
accuracy
[0.0026738  0.0026738  0.02406417 0.11497326]
val_loss=65.6228
accuracy
[0.0026738  0.0026738  0.02406417 0.11497326]
val_loss=65.6263
accuracy
[0.0026738  0.0026738  0.02406417 0.11497326]
val_loss=65.6362
accuracy
[0.0026738  0.0026738  0.02406417 0.11497326]
val_loss=65.6757
accuracy
[0.0026738  0.0026738  0.02406417 0.11497326]
val_loss=65.6640
accuracy
[0.0026738  0.0026738  0.02406417 0.11497326]
val_loss=65.7721
accuracy
[0.0026738  0.0026738  0.02406417 0.11497326]
val_loss=65.7095
accuracy
[0.0026738  0.0026738  0.02406417 0.11497326]
val_loss=65.7760
accuracy
[0.0026738  0.0026738  0.02406417 0.11497326]
val_loss=65.8079
accuracy
[0.0026738  0.0026738  0.02406417 0.11497326]
val_loss=65.8096
accuracy
[0.0026738  0.0026738  0.02406417 0.11497326]
val_loss=65.9223
accuracy
[0.0026738  0.0026738  0.02406417 0.11497326]
val_loss=65.9052
accuracy
[0.0026738  0.0026738  0.02406417 0.11497326]
val_loss=65.9812
accuracy
[0.0026738  0.0026738  0.02406417 0.11497326]
val_loss=65.9498
accuracy
[0.0026738  0.0026738  0.02406417 0.11497326]
val_loss=66.0036
accuracy
[0.0026738  0.0026738  0.02406417 0.11497326]
val_loss=66.0696
accuracy
[0.0026738  0.0026738  0.02406417 0.11497326]
val_loss=66.0769
accuracy
[0.0026738  0.0026738  0.02406417 0.11497326]
val_loss=66.1511
accuracy
[0.0026738  0.0026738  0.02406417 0.11497326]
Finished Training
    rehearsal replay buffer: 500 of 2059 source samples
cpu
Finished Training
cpu
Finished Training
cpu
Finished Training
cpu
Finished Training
cpu
Finished Training
cpu
Finished Training
cpu
Finished Training
cpu
Finished Training
cpu
Finished Training
cpu
Finished Training
cpu
Finished Training
cpu
Finished Training
cpu
Finished Training
cpu
Finished Training
cpu
Finished Training
cpu
Finished Training
cpu
Finished Training
cpu
Finished Training
cpu
Finished Training
cpu
Finished Training
cpu
Finished Training
cpu
Finished Training
  seed 7: pretrain on scenario33straight (2059 samples), zero-shot eval on scenario4 (374 held-out test samples)
cpu
-----------------------------------------------------------------------
      Layer (type)        Output Shape         Param #     Tr. Param #
=======================================================================
          Linear-1           [32, 256]           1,280           1,280
            ReLU-2           [32, 256]               0               0
          Linear-3           [32, 256]          65,792          65,792
          Linear-4           [32, 256]          65,792          65,792
          Linear-5            [32, 16]           4,112           4,112
=======================================================================
Total params: 136,976
Trainable params: 136,976
Non-trainable params: 0
-----------------------------------------------------------------------
val_loss=12.2492
accuracy
[0.01069519 0.02139037 0.02406417 0.09358289]
val_loss=21.5517
accuracy
[0.00534759 0.02139037 0.02139037 0.02673797]
val_loss=21.4588
accuracy
[0.00534759 0.00802139 0.02139037 0.10427807]
val_loss=23.7822
accuracy
[0.00534759 0.00802139 0.02139037 0.20855615]
val_loss=29.8727
accuracy
[0.00534759 0.01871658 0.02139037 0.19786096]
val_loss=30.1000
accuracy
[0.00534759 0.00802139 0.06149733 0.19518717]
val_loss=38.8249
accuracy
[0.00534759 0.06684492 0.06951872 0.19518717]
val_loss=56.4938
accuracy
[0.00534759 0.00802139 0.05882353 0.18449198]
val_loss=57.7893
accuracy
[0.00534759 0.0828877  0.11497326 0.17379679]
val_loss=54.6501
accuracy
[0.00534759 0.06684492 0.07754011 0.17379679]
val_loss=64.5961
accuracy
[0.00534759 0.01604278 0.02139037 0.12566845]
val_loss=68.8901
accuracy
[0.00534759 0.00534759 0.01336898 0.12566845]
val_loss=73.8893
accuracy
[0.00534759 0.00534759 0.02941176 0.12566845]
val_loss=71.3274
accuracy
[0.00534759 0.00534759 0.03208556 0.13101604]
val_loss=71.1605
accuracy
[0.00534759 0.00534759 0.03208556 0.12566845]
val_loss=73.9715
accuracy
[0.00534759 0.00534759 0.06149733 0.12032086]
val_loss=76.0011
accuracy
[0.00534759 0.03743316 0.04545455 0.12299465]
val_loss=83.7537
accuracy
[0.         0.01069519 0.01336898 0.12566845]
val_loss=80.8613
accuracy
[0.         0.01069519 0.01336898 0.12566845]
val_loss=88.8104
accuracy
[0.         0.01069519 0.01336898 0.12566845]
val_loss=87.3337
accuracy
[0.00534759 0.01069519 0.01336898 0.12566845]
val_loss=89.0236
accuracy
[0.00534759 0.01069519 0.01336898 0.12566845]
val_loss=89.9274
accuracy
[0.         0.01069519 0.01336898 0.12566845]
val_loss=92.0125
accuracy
[0.         0.01069519 0.01336898 0.12566845]
val_loss=92.8651
accuracy
[0.         0.01069519 0.01336898 0.12566845]
val_loss=91.9679
accuracy
[0.         0.01069519 0.01336898 0.12566845]
val_loss=92.7823
accuracy
[0.         0.01069519 0.01336898 0.12566845]
val_loss=94.3203
accuracy
[0.00534759 0.01069519 0.01336898 0.12566845]
val_loss=95.7852
accuracy
[0.         0.01069519 0.01336898 0.12834225]
val_loss=96.7583
accuracy
[0.         0.01069519 0.01336898 0.13368984]
val_loss=96.4067
accuracy
[0.         0.01069519 0.01336898 0.12566845]
val_loss=97.4826
accuracy
[0.         0.01069519 0.01336898 0.12566845]
val_loss=99.8248
accuracy
[0.         0.01069519 0.01336898 0.14171123]
val_loss=97.8593
accuracy
[0.         0.01069519 0.01336898 0.12566845]
val_loss=101.2900
accuracy
[0.         0.01069519 0.01336898 0.14438503]
val_loss=99.5990
accuracy
[0.         0.01069519 0.01336898 0.14438503]
val_loss=100.7194
accuracy
[0.         0.01069519 0.01336898 0.13368984]
val_loss=103.9467
accuracy
[0.         0.01069519 0.01336898 0.14705882]
val_loss=102.2409
accuracy
[0.         0.01069519 0.01336898 0.14705882]
val_loss=103.0768
accuracy
[0.         0.01069519 0.01336898 0.14705882]
val_loss=103.7562
accuracy
[0.         0.01069519 0.01336898 0.14705882]
val_loss=104.3550
accuracy
[0.         0.01069519 0.01336898 0.14705882]
val_loss=105.0031
accuracy
[0.         0.01069519 0.01336898 0.14705882]
val_loss=104.9024
accuracy
[0.         0.01069519 0.01336898 0.14705882]
val_loss=105.6891
accuracy
[0.         0.01069519 0.01336898 0.14705882]
val_loss=105.5942
accuracy
[0.         0.01069519 0.01336898 0.14705882]
val_loss=105.6869
accuracy
[0.         0.01069519 0.01336898 0.14705882]
val_loss=105.6462
accuracy
[0.         0.01069519 0.01336898 0.14705882]
val_loss=106.7005
accuracy
[0.         0.01069519 0.01336898 0.14705882]
val_loss=105.6923
accuracy
[0.         0.01069519 0.01336898 0.14705882]
val_loss=106.4605
accuracy
[0.         0.01069519 0.01336898 0.14705882]
val_loss=106.0956
accuracy
[0.         0.01069519 0.01336898 0.14705882]
val_loss=107.5107
accuracy
[0.         0.01069519 0.01336898 0.14705882]
val_loss=107.1609
accuracy
[0.         0.01069519 0.01336898 0.14705882]
val_loss=107.8094
accuracy
[0.         0.01069519 0.01336898 0.14705882]
val_loss=107.2614
accuracy
[0.         0.01069519 0.01336898 0.14705882]
val_loss=107.4854
accuracy
[0.         0.01069519 0.01336898 0.14705882]
val_loss=108.1527
accuracy
[0.         0.01069519 0.01336898 0.14705882]
val_loss=108.8014
accuracy
[0.         0.01069519 0.01336898 0.14705882]
val_loss=108.3753
accuracy
[0.         0.01069519 0.01336898 0.14705882]
val_loss=108.3180
accuracy
[0.         0.01069519 0.01336898 0.14705882]
val_loss=108.4790
accuracy
[0.         0.01069519 0.01336898 0.14705882]
val_loss=108.4605
accuracy
[0.         0.01069519 0.01336898 0.14705882]
val_loss=108.6825
accuracy
[0.         0.01069519 0.01336898 0.14705882]
val_loss=108.7041
accuracy
[0.         0.01069519 0.01336898 0.14705882]
val_loss=108.7803
accuracy
[0.         0.01069519 0.01336898 0.14705882]
val_loss=108.7778
accuracy
[0.         0.01069519 0.01336898 0.14705882]
val_loss=108.7788
accuracy
[0.         0.01069519 0.01336898 0.14705882]
val_loss=108.8683
accuracy
[0.         0.01069519 0.01336898 0.14705882]
val_loss=109.0314
accuracy
[0.         0.01069519 0.01336898 0.14705882]
val_loss=108.9462
accuracy
[0.         0.01069519 0.01336898 0.14705882]
val_loss=109.0487
accuracy
[0.         0.01069519 0.01336898 0.14705882]
val_loss=109.1447
accuracy
[0.         0.01069519 0.01336898 0.14705882]
val_loss=109.1017
accuracy
[0.         0.01069519 0.01336898 0.14705882]
val_loss=109.2178
accuracy
[0.         0.01069519 0.01336898 0.14705882]
val_loss=109.2083
accuracy
[0.         0.01069519 0.01336898 0.14705882]
val_loss=109.2715
accuracy
[0.         0.01069519 0.01336898 0.14705882]
val_loss=109.4312
accuracy
[0.         0.01069519 0.01336898 0.14705882]
val_loss=109.4835
accuracy
[0.         0.01069519 0.01336898 0.14705882]
val_loss=109.4536
accuracy
[0.         0.01069519 0.01336898 0.14705882]
Finished Training
    rehearsal replay buffer: 500 of 2059 source samples
cpu
Finished Training
cpu
Finished Training
cpu
Finished Training
cpu
Finished Training
cpu
Finished Training
cpu
Finished Training
cpu
Finished Training
cpu
Finished Training
cpu
Finished Training
cpu
Finished Training
cpu
Finished Training
cpu
Finished Training
cpu
Finished Training
cpu
Finished Training
cpu
Finished Training
cpu
Finished Training
cpu
Finished Training
cpu
Finished Training
cpu
Finished Training
cpu
Finished Training
cpu
Finished Training
cpu
Finished Training
  seed 8: pretrain on scenario33straight (2059 samples), zero-shot eval on scenario4 (374 held-out test samples)
cpu
-----------------------------------------------------------------------
      Layer (type)        Output Shape         Param #     Tr. Param #
=======================================================================
          Linear-1           [32, 256]           1,280           1,280
            ReLU-2           [32, 256]               0               0
          Linear-3           [32, 256]          65,792          65,792
          Linear-4           [32, 256]          65,792          65,792
          Linear-5            [32, 16]           4,112           4,112
=======================================================================
Total params: 136,976
Trainable params: 136,976
Non-trainable params: 0
-----------------------------------------------------------------------
val_loss=19.2889
accuracy
[0.         0.00802139 0.02941176 0.03208556]
val_loss=22.6909
accuracy
[0.00802139 0.00802139 0.01069519 0.1657754 ]
val_loss=23.5730
accuracy
[0.         0.01069519 0.01069519 0.05614973]
val_loss=20.7794
accuracy
[0.00802139 0.00802139 0.01069519 0.14705882]
val_loss=27.8258
accuracy
[0.         0.00802139 0.01069519 0.13636364]
val_loss=27.9028
accuracy
[0.00802139 0.01069519 0.01069519 0.19786096]
val_loss=32.0428
accuracy
[0.         0.00802139 0.01069519 0.18716578]
val_loss=29.5700
accuracy
[0.         0.00802139 0.01069519 0.11497326]
val_loss=27.6248
accuracy
[0.         0.01069519 0.01069519 0.14973262]
val_loss=31.1826
accuracy
[0.         0.01069519 0.01069519 0.15508021]
val_loss=31.1023
accuracy
[0.         0.0026738  0.01069519 0.13636364]
val_loss=32.0388
accuracy
[0.         0.00802139 0.01069519 0.11497326]
val_loss=35.0081
accuracy
[0.         0.01069519 0.01069519 0.12299465]
val_loss=35.2620
accuracy
[0.         0.01069519 0.01069519 0.12299465]
val_loss=35.1818
accuracy
[0.         0.01069519 0.01069519 0.14438503]
val_loss=35.8517
accuracy
[0.         0.0026738  0.01069519 0.14438503]
val_loss=33.8942
accuracy
[0.         0.01069519 0.01069519 0.14438503]
val_loss=32.5837
accuracy
[0.         0.01069519 0.01069519 0.13903743]
val_loss=38.5831
accuracy
[0.         0.0026738  0.01069519 0.14438503]
val_loss=36.5648
accuracy
[0.         0.0026738  0.01069519 0.14438503]
val_loss=40.5978
accuracy
[0.         0.0026738  0.01069519 0.14438503]
val_loss=42.4519
accuracy
[0.         0.0026738  0.01069519 0.14438503]
val_loss=42.7028
accuracy
[0.         0.0026738  0.01069519 0.14438503]
val_loss=43.8093
accuracy
[0.         0.0026738  0.01069519 0.14438503]
val_loss=43.6895
accuracy
[0.         0.0026738  0.01069519 0.14438503]
val_loss=43.4866
accuracy
[0.         0.0026738  0.02139037 0.14438503]
val_loss=44.7804
accuracy
[0.         0.0026738  0.01871658 0.14438503]
val_loss=45.3018
accuracy
[0.         0.0026738  0.02673797 0.14438503]
val_loss=46.0733
accuracy
[0.         0.0026738  0.01871658 0.14438503]
val_loss=46.5541
accuracy
[0.         0.0026738  0.03208556 0.14438503]
val_loss=47.1324
accuracy
[0.         0.0026738  0.01069519 0.14438503]
val_loss=47.5559
accuracy
[0.         0.0026738  0.03208556 0.14438503]
val_loss=48.0292
accuracy
[0.         0.0026738  0.02673797 0.14438503]
val_loss=47.8729
accuracy
[0.         0.0026738  0.01336898 0.14438503]
val_loss=48.4429
accuracy
[0.         0.0026738  0.01871658 0.14438503]
val_loss=48.5144
accuracy
[0.         0.0026738  0.02673797 0.14438503]
val_loss=50.5104
accuracy
[0.         0.0026738  0.02139037 0.14438503]
val_loss=50.9198
accuracy
[0.         0.0026738  0.01069519 0.14438503]
val_loss=48.9709
accuracy
[0.         0.0026738  0.03208556 0.14438503]
val_loss=53.2697
accuracy
[0.         0.0026738  0.01069519 0.14438503]
val_loss=51.3186
accuracy
[0.         0.0026738  0.01336898 0.14438503]
val_loss=50.7488
accuracy
[0.         0.0026738  0.01871658 0.14438503]
val_loss=50.6355
accuracy
[0.         0.0026738  0.02673797 0.14438503]
val_loss=51.0385
accuracy
[0.         0.0026738  0.03208556 0.14438503]
val_loss=51.2711
accuracy
[0.         0.0026738  0.03208556 0.14438503]
val_loss=51.5995
accuracy
[0.         0.0026738  0.02406417 0.14438503]
val_loss=51.1967
accuracy
[0.         0.0026738  0.03208556 0.14438503]
val_loss=51.5968
accuracy
[0.         0.0026738  0.02673797 0.14438503]
val_loss=51.5719
accuracy
[0.         0.0026738  0.03208556 0.14438503]
val_loss=51.7805
accuracy
[0.         0.0026738  0.03208556 0.14438503]
val_loss=51.8372
accuracy
[0.         0.0026738  0.02941176 0.14438503]
val_loss=52.0195
accuracy
[0.         0.0026738  0.02673797 0.14438503]
val_loss=52.4468
accuracy
[0.         0.0026738  0.02673797 0.14438503]
val_loss=52.3515
accuracy
[0.         0.0026738  0.03208556 0.14438503]
val_loss=52.3196
accuracy
[0.         0.0026738  0.03208556 0.14438503]
val_loss=52.7648
accuracy
[0.         0.0026738  0.02406417 0.14438503]
val_loss=52.7555
accuracy
[0.         0.0026738  0.03208556 0.14438503]
val_loss=52.9675
accuracy
[0.         0.0026738  0.02406417 0.14438503]
val_loss=52.8294
accuracy
[0.         0.0026738  0.03208556 0.14438503]
val_loss=53.4648
accuracy
[0.         0.0026738  0.02673797 0.14438503]
val_loss=53.2434
accuracy
[0.         0.0026738  0.02673797 0.14438503]
val_loss=53.3123
accuracy
[0.         0.0026738  0.02673797 0.14438503]
val_loss=53.3017
accuracy
[0.         0.0026738  0.02673797 0.14438503]
val_loss=53.1867
accuracy
[0.         0.0026738  0.02673797 0.14438503]
val_loss=53.2562
accuracy
[0.         0.0026738  0.02673797 0.14438503]
val_loss=53.2932
accuracy
[0.         0.0026738  0.02941176 0.14438503]
val_loss=53.3848
accuracy
[0.         0.0026738  0.02673797 0.14438503]
val_loss=53.4286
accuracy
[0.         0.0026738  0.02941176 0.14438503]
val_loss=53.3972
accuracy
[0.         0.0026738  0.02941176 0.14438503]
val_loss=53.4718
accuracy
[0.         0.0026738  0.02673797 0.14438503]
val_loss=53.5578
accuracy
[0.         0.0026738  0.02941176 0.14438503]
val_loss=53.5307
accuracy
[0.         0.0026738  0.02673797 0.14438503]
val_loss=53.6316
accuracy
[0.         0.0026738  0.02673797 0.14438503]
val_loss=53.6495
accuracy
[0.         0.0026738  0.02673797 0.14438503]
val_loss=53.6483
accuracy
[0.         0.0026738  0.02673797 0.14438503]
val_loss=53.7500
accuracy
[0.         0.0026738  0.02673797 0.14438503]
val_loss=53.6505
accuracy
[0.         0.0026738  0.02941176 0.14438503]
val_loss=53.7989
accuracy
[0.         0.0026738  0.02673797 0.14438503]
val_loss=53.8277
accuracy
[0.         0.0026738  0.02673797 0.14438503]
val_loss=53.7881
accuracy
[0.         0.0026738  0.02673797 0.14438503]
Finished Training
    rehearsal replay buffer: 500 of 2059 source samples
cpu
Finished Training
cpu
Finished Training
cpu
Finished Training
cpu
Finished Training
cpu
Finished Training
cpu
Finished Training
cpu
Finished Training
cpu
Finished Training
cpu
Finished Training
cpu
Finished Training
cpu
Finished Training
cpu
Finished Training
cpu
Finished Training
cpu
Finished Training
cpu
Finished Training
cpu
Finished Training
cpu
Finished Training
cpu
Finished Training
cpu
Finished Training
cpu
Finished Training
cpu
Finished Training
cpu
Finished Training
  seed 9: pretrain on scenario33straight (2059 samples), zero-shot eval on scenario4 (374 held-out test samples)
cpu
-----------------------------------------------------------------------
      Layer (type)        Output Shape         Param #     Tr. Param #
=======================================================================
          Linear-1           [32, 256]           1,280           1,280
            ReLU-2           [32, 256]               0               0
          Linear-3           [32, 256]          65,792          65,792
          Linear-4           [32, 256]          65,792          65,792
          Linear-5            [32, 16]           4,112           4,112
=======================================================================
Total params: 136,976
Trainable params: 136,976
Non-trainable params: 0
-----------------------------------------------------------------------
val_loss=14.4618
accuracy
[0.01069519 0.01336898 0.02673797 0.05614973]
val_loss=18.9225
accuracy
[0.         0.01069519 0.01604278 0.04278075]
val_loss=20.9830
accuracy
[0.         0.01069519 0.01336898 0.13101604]
val_loss=20.5968
accuracy
[0.         0.01069519 0.01336898 0.2513369 ]
val_loss=20.8089
accuracy
[0.         0.01069519 0.01336898 0.20855615]
val_loss=23.3344
accuracy
[0.         0.01069519 0.01336898 0.30748663]
val_loss=24.1553
accuracy
[0.         0.00802139 0.01336898 0.29411765]
val_loss=21.9083
accuracy
[0.         0.00802139 0.01336898 0.2540107 ]
val_loss=21.0399
accuracy
[0.         0.00802139 0.01336898 0.24064171]
val_loss=21.5188
accuracy
[0.         0.00802139 0.01336898 0.24064171]
val_loss=24.1739
accuracy
[0.         0.00534759 0.01336898 0.2513369 ]
val_loss=25.3879
accuracy
[0.         0.00802139 0.01336898 0.16042781]
val_loss=24.5807
accuracy
[0.         0.00802139 0.01336898 0.1631016 ]
val_loss=27.9084
accuracy
[0.         0.00534759 0.01336898 0.12299465]
val_loss=26.4888
accuracy
[0.         0.00802139 0.01336898 0.16042781]
val_loss=26.4147
accuracy
[0.         0.00802139 0.01336898 0.16042781]
val_loss=32.0869
accuracy
[0.         0.0026738  0.01336898 0.17914439]
val_loss=30.3563
accuracy
[0.         0.00802139 0.01336898 0.12032086]
val_loss=31.5264
accuracy
[0.         0.0026738  0.01336898 0.12299465]
val_loss=33.5909
accuracy
[0.         0.0026738  0.01336898 0.13903743]
val_loss=34.1419
accuracy
[0.         0.0026738  0.01336898 0.13903743]
val_loss=36.3664
accuracy
[0.         0.0026738  0.01336898 0.13903743]
val_loss=36.6262
accuracy
[0.         0.0026738  0.01336898 0.13903743]
val_loss=36.6502
accuracy
[0.         0.0026738  0.01336898 0.17647059]
val_loss=36.4969
accuracy
[0.         0.0026738  0.01336898 0.1631016 ]
val_loss=38.1978
accuracy
[0.         0.0026738  0.01336898 0.17379679]
val_loss=37.8823
accuracy
[0.         0.0026738  0.01336898 0.19518717]
val_loss=39.2064
accuracy
[0.         0.0026738  0.01336898 0.20053476]
val_loss=38.1527
accuracy
[0.         0.0026738  0.01336898 0.19251337]
val_loss=38.0213
accuracy
[0.         0.0026738  0.01336898 0.13903743]
val_loss=38.5882
accuracy
[0.         0.0026738  0.01336898 0.19518717]
val_loss=39.6771
accuracy
[0.         0.0026738  0.01336898 0.18716578]
val_loss=39.8009
accuracy
[0.         0.0026738  0.01336898 0.17914439]
val_loss=39.9186
accuracy
[0.         0.0026738  0.01336898 0.18983957]
val_loss=39.8749
accuracy
[0.         0.0026738  0.01336898 0.18983957]
val_loss=41.0473
accuracy
[0.         0.0026738  0.01336898 0.17112299]
val_loss=40.2975
accuracy
[0.         0.0026738  0.01336898 0.1657754 ]
val_loss=40.6436
accuracy
[0.         0.0026738  0.01336898 0.17112299]
val_loss=40.5375
accuracy
[0.         0.0026738  0.01336898 0.1684492 ]
val_loss=41.3793
accuracy
[0.         0.0026738  0.01336898 0.16042781]
val_loss=40.9196
accuracy
[0.         0.0026738  0.01336898 0.15775401]
val_loss=40.8874
accuracy
[0.         0.0026738  0.01336898 0.15775401]
val_loss=40.8687
accuracy
[0.         0.0026738  0.01336898 0.15508021]
val_loss=41.2374
accuracy
[0.         0.0026738  0.02673797 0.14973262]
val_loss=41.5094
accuracy
[0.         0.0026738  0.02139037 0.15240642]
val_loss=41.2128
accuracy
[0.         0.0026738  0.02406417 0.15240642]
val_loss=41.4925
accuracy
[0.         0.0026738  0.02406417 0.14973262]
val_loss=41.4581
accuracy
[0.         0.0026738  0.02406417 0.14973262]
val_loss=41.3770
accuracy
[0.         0.0026738  0.02406417 0.14973262]
val_loss=41.6519
accuracy
[0.         0.0026738  0.02673797 0.14705882]
val_loss=41.4078
accuracy
[0.         0.0026738  0.02941176 0.14705882]
val_loss=41.9376
accuracy
[0.         0.0026738  0.03208556 0.14705882]
val_loss=41.7605
accuracy
[0.         0.0026738  0.03208556 0.14705882]
val_loss=41.6044
accuracy
[0.         0.0026738  0.03208556 0.14705882]
val_loss=41.8895
accuracy
[0.         0.0026738  0.02673797 0.14705882]
val_loss=41.9363
accuracy
[0.         0.0026738  0.03208556 0.14705882]
val_loss=42.0292
accuracy
[0.         0.0026738  0.03208556 0.14171123]
val_loss=42.2755
accuracy
[0.         0.0026738  0.03208556 0.12566845]
val_loss=42.2680
accuracy
[0.         0.0026738  0.03208556 0.12566845]
val_loss=42.4374
accuracy
[0.         0.0026738  0.03208556 0.09893048]
val_loss=42.3697
accuracy
[0.         0.0026738  0.03208556 0.09893048]
val_loss=42.3107
accuracy
[0.         0.0026738  0.03208556 0.10160428]
val_loss=42.3456
accuracy
[0.         0.0026738  0.03208556 0.11229947]
val_loss=42.2865
accuracy
[0.         0.0026738  0.03208556 0.11229947]
val_loss=42.3263
accuracy
[0.         0.0026738  0.03208556 0.11229947]
val_loss=42.2943
accuracy
[0.         0.0026738  0.03208556 0.10962567]
val_loss=42.3414
accuracy
[0.         0.0026738  0.03208556 0.09893048]
val_loss=42.3422
accuracy
[0.         0.0026738  0.03208556 0.12032086]
val_loss=42.3916
accuracy
[0.         0.0026738  0.03208556 0.10962567]
val_loss=42.3434
accuracy
[0.         0.0026738  0.03208556 0.09893048]
val_loss=42.3752
accuracy
[0.         0.0026738  0.03208556 0.09893048]
val_loss=42.4007
accuracy
[0.         0.0026738  0.03208556 0.09893048]
val_loss=42.4098
accuracy
[0.         0.0026738  0.03208556 0.09893048]
val_loss=42.4250
accuracy
[0.         0.0026738  0.03208556 0.09893048]
val_loss=42.4889
accuracy
[0.         0.0026738  0.03208556 0.09893048]
val_loss=42.5137
accuracy
[0.         0.0026738  0.03208556 0.09893048]
val_loss=42.4205
accuracy
[0.         0.0026738  0.03208556 0.09893048]
val_loss=42.5001
accuracy
[0.         0.0026738  0.03208556 0.09893048]
val_loss=42.5292
accuracy
[0.         0.0026738  0.03208556 0.09893048]
val_loss=42.5577
accuracy
[0.         0.0026738  0.03208556 0.09893048]
Finished Training
    rehearsal replay buffer: 500 of 2059 source samples
cpu
Finished Training
cpu
Finished Training
cpu
Finished Training
cpu
Finished Training
cpu
Finished Training
cpu
Finished Training
cpu
Finished Training
cpu
Finished Training
cpu
Finished Training
cpu
Finished Training
cpu
Finished Training
cpu
Finished Training
cpu
Finished Training
cpu
Finished Training
cpu
Finished Training
cpu
Finished Training
cpu
Finished Training
cpu
Finished Training
cpu
Finished Training
cpu
Finished Training
cpu
Finished Training
cpu
Finished Training
Saved result\stage1_s33straight_to_s4_rehearsal_acc.mat and result\stage1_s33straight_to_s4_rehearsal_pwr.mat (10/10 seeds completed)

======================================================================
Rehearsal comparison: scenario33straight -> scenario32straight  (s33straight_to_s32straight)
======================================================================
  seed 0: pretrain on scenario33straight (2059 samples), zero-shot eval on scenario32straight (475 held-out test samples)
cpu
-----------------------------------------------------------------------
      Layer (type)        Output Shape         Param #     Tr. Param #
=======================================================================
          Linear-1           [32, 256]           1,280           1,280
            ReLU-2           [32, 256]               0               0
          Linear-3           [32, 256]          65,792          65,792
          Linear-4           [32, 256]          65,792          65,792
          Linear-5            [32, 16]           4,112           4,112
=======================================================================
Total params: 136,976
Trainable params: 136,976
Non-trainable params: 0
-----------------------------------------------------------------------
val_loss=2.0900
accuracy
[0.24631579 0.6        0.80631579 0.95789474]
val_loss=6.8126
accuracy
[0.03157895 0.11789474 0.24631579 0.49473684]
val_loss=6.3430
accuracy
[0.04421053 0.09894737 0.33473684 0.59368421]
val_loss=5.9365
accuracy
[0.02526316 0.15157895 0.33473684 0.47789474]
val_loss=7.0165
accuracy
[0.03578947 0.09473684 0.21052632 0.38736842]
val_loss=5.6218
accuracy
[0.04631579 0.20421053 0.40631579 0.52631579]
val_loss=6.6391
accuracy
[0.05473684 0.16210526 0.40421053 0.53473684]
val_loss=6.9335
accuracy
[0.04842105 0.13263158 0.24631579 0.44210526]
val_loss=9.1145
accuracy
[0.05052632 0.09894737 0.20631579 0.33894737]
val_loss=7.4182
accuracy
[0.05684211 0.12210526 0.25052632 0.43789474]
val_loss=6.3797
accuracy
[0.06736842 0.17894737 0.31368421 0.50947368]
val_loss=5.1668
accuracy
[0.05894737 0.24631579 0.47578947 0.59157895]
val_loss=7.3247
accuracy
[0.04210526 0.08842105 0.17473684 0.40421053]
val_loss=6.9933
accuracy
[0.04421053 0.11368421 0.24421053 0.45263158]
val_loss=9.0519
accuracy
[0.02526316 0.08       0.21684211 0.35368421]
val_loss=6.1422
accuracy
[0.04210526 0.10315789 0.26526316 0.51578947]
val_loss=6.7733
accuracy
[0.04421053 0.12631579 0.26105263 0.48421053]
val_loss=7.5227
accuracy
[0.04631579 0.11368421 0.18947368 0.44631579]
val_loss=6.6258
accuracy
[0.02736842 0.11157895 0.29894737 0.52421053]
val_loss=5.9277
accuracy
[0.03578947 0.09684211 0.25052632 0.53894737]
val_loss=6.2423
accuracy
[0.04       0.13473684 0.28421053 0.53684211]
val_loss=7.0364
accuracy
[0.04       0.11157895 0.23157895 0.47578947]
val_loss=6.9248
accuracy
[0.03578947 0.08842105 0.21894737 0.45894737]
val_loss=7.4077
accuracy
[0.04210526 0.09473684 0.19368421 0.43789474]
val_loss=7.4321
accuracy
[0.04421053 0.10105263 0.19789474 0.41263158]
val_loss=7.2041
accuracy
[0.03789474 0.10315789 0.22315789 0.46526316]
val_loss=7.4235
accuracy
[0.03157895 0.08210526 0.16631579 0.42105263]
val_loss=7.0774
accuracy
[0.03789474 0.09473684 0.19157895 0.46736842]
val_loss=6.5783
accuracy
[0.04       0.10947368 0.22736842 0.48421053]
val_loss=7.1240
accuracy
[0.04       0.10105263 0.2        0.47578947]
val_loss=7.8999
accuracy
[0.04210526 0.09263158 0.17894737 0.40421053]
val_loss=7.3829
accuracy
[0.03578947 0.08421053 0.18526316 0.44      ]
val_loss=7.7902
accuracy
[0.04       0.09263158 0.19578947 0.42947368]
val_loss=7.5309
accuracy
[0.04210526 0.10315789 0.17894737 0.44210526]
val_loss=7.1184
accuracy
[0.04421053 0.11368421 0.21473684 0.46947368]
val_loss=8.0576
accuracy
[0.04       0.09473684 0.19368421 0.39157895]
val_loss=7.8489
accuracy
[0.04210526 0.09052632 0.19578947 0.4       ]
val_loss=7.4519
accuracy
[0.04       0.11789474 0.22736842 0.46105263]
val_loss=7.1726
accuracy
[0.04210526 0.11157895 0.20210526 0.47368421]
val_loss=7.5635
accuracy
[0.03368421 0.10947368 0.20210526 0.46526316]
val_loss=7.5220
accuracy
[0.03789474 0.09894737 0.18947368 0.52842105]
val_loss=7.7426
accuracy
[0.03789474 0.09894737 0.18315789 0.50947368]
val_loss=7.7016
accuracy
[0.04       0.09473684 0.17894737 0.50736842]
val_loss=7.4718
accuracy
[0.04       0.09473684 0.19157895 0.46315789]
val_loss=7.6701
accuracy
[0.03789474 0.09684211 0.18105263 0.47789474]
val_loss=7.9497
accuracy
[0.04       0.09052632 0.18947368 0.44210526]
val_loss=7.7843
accuracy
[0.04       0.10105263 0.19157895 0.54105263]
val_loss=7.7293
accuracy
[0.04       0.09684211 0.19157895 0.56210526]
val_loss=7.6616
accuracy
[0.04       0.09684211 0.19368421 0.56      ]
val_loss=7.9411
accuracy
[0.04       0.10105263 0.19157895 0.48421053]
val_loss=8.1379
accuracy
[0.04       0.09684211 0.18526316 0.44210526]
val_loss=8.0399
accuracy
[0.03789474 0.09052632 0.18736842 0.46315789]
val_loss=7.5338
accuracy
[0.04       0.09894737 0.19368421 0.61263158]
val_loss=7.9430
accuracy
[0.04210526 0.10105263 0.19578947 0.52631579]
val_loss=8.2114
accuracy
[0.04       0.08842105 0.17684211 0.42736842]
val_loss=7.7521
accuracy
[0.03789474 0.09894737 0.18947368 0.55368421]
val_loss=7.8442
accuracy
[0.04210526 0.10105263 0.19789474 0.54947368]
val_loss=7.5378
accuracy
[0.03789474 0.09894737 0.19368421 0.60210526]
val_loss=7.9999
accuracy
[0.04       0.09473684 0.18947368 0.53894737]
val_loss=7.9050
accuracy
[0.03789474 0.09263158 0.18315789 0.54947368]
val_loss=7.9463
accuracy
[0.04       0.09263158 0.18736842 0.53894737]
val_loss=7.9697
accuracy
[0.04       0.09263158 0.18947368 0.53894737]
val_loss=7.9749
accuracy
[0.04       0.09684211 0.18736842 0.54105263]
val_loss=7.9159
accuracy
[0.04       0.09684211 0.18947368 0.54736842]
val_loss=8.0233
accuracy
[0.04       0.09473684 0.18736842 0.52631579]
val_loss=8.0118
accuracy
[0.04       0.09473684 0.18736842 0.53473684]
val_loss=7.8983
accuracy
[0.04       0.09473684 0.18947368 0.55368421]
val_loss=7.9364
accuracy
[0.04       0.09263158 0.18947368 0.54736842]
val_loss=8.0040
accuracy
[0.04       0.09684211 0.18947368 0.54105263]
val_loss=8.0762
accuracy
[0.04       0.09684211 0.18736842 0.50105263]
val_loss=7.9871
accuracy
[0.04       0.09473684 0.18947368 0.54315789]
val_loss=7.9556
accuracy
[0.04       0.09684211 0.18947368 0.54947368]
val_loss=8.0171
accuracy
[0.04       0.09473684 0.18947368 0.54315789]
val_loss=7.9697
accuracy
[0.04       0.09894737 0.18947368 0.55157895]
val_loss=7.9560
accuracy
[0.04       0.09684211 0.18947368 0.54947368]
val_loss=7.9582
accuracy
[0.04       0.09684211 0.19157895 0.55157895]
val_loss=8.0495
accuracy
[0.04       0.09684211 0.18736842 0.53473684]
val_loss=8.0608
accuracy
[0.04       0.09473684 0.18736842 0.53684211]
val_loss=7.9958
accuracy
[0.04       0.09684211 0.18947368 0.54526316]
val_loss=8.0439
accuracy
[0.04       0.09473684 0.18947368 0.53684211]
Finished Training
    rehearsal replay buffer: 500 of 2059 source samples
cpu
Finished Training
cpu
Finished Training
cpu
Finished Training
cpu
Finished Training
cpu
Finished Training
cpu
Finished Training
cpu
Finished Training
cpu
Finished Training
cpu
Finished Training
cpu
Finished Training
cpu
Finished Training
cpu
Finished Training
cpu
Finished Training
cpu
Finished Training
cpu
Finished Training
cpu
Finished Training
cpu
Finished Training
cpu
Finished Training
cpu
Finished Training
cpu
Finished Training
cpu
Finished Training
cpu
Finished Training
  seed 1: pretrain on scenario33straight (2059 samples), zero-shot eval on scenario32straight (475 held-out test samples)
cpu
-----------------------------------------------------------------------
      Layer (type)        Output Shape         Param #     Tr. Param #
=======================================================================
          Linear-1           [32, 256]           1,280           1,280
            ReLU-2           [32, 256]               0               0
          Linear-3           [32, 256]          65,792          65,792
          Linear-4           [32, 256]          65,792          65,792
          Linear-5            [32, 16]           4,112           4,112
=======================================================================
Total params: 136,976
Trainable params: 136,976
Non-trainable params: 0
-----------------------------------------------------------------------
val_loss=1.9009
accuracy
[0.27578947 0.77684211 0.86947368 0.97473684]
val_loss=4.9743
accuracy
[0.07368421 0.22315789 0.43368421 0.69052632]
val_loss=5.1645
accuracy
[0.06315789 0.19368421 0.42105263 0.58105263]
val_loss=8.9267
accuracy
[0.07157895 0.14105263 0.29473684 0.44842105]
val_loss=8.9680
accuracy
[0.06947368 0.12210526 0.26947368 0.55578947]
val_loss=7.7377
accuracy
[0.05684211 0.14315789 0.29263158 0.48421053]
val_loss=6.5800
accuracy
[0.04631579 0.12842105 0.27368421 0.41684211]
val_loss=8.5458
accuracy
[0.06526316 0.15789474 0.32842105 0.47368421]
val_loss=6.7726
accuracy
[0.08842105 0.21263158 0.43157895 0.55157895]
val_loss=7.4761
accuracy
[0.04631579 0.12210526 0.27157895 0.43578947]
val_loss=4.7521
accuracy
[0.06736842 0.17263158 0.33894737 0.53684211]
val_loss=6.9167
accuracy
[0.08421053 0.17263158 0.24421053 0.44631579]
val_loss=4.9389
accuracy
[0.08       0.21684211 0.40631579 0.60631579]
val_loss=5.8372
accuracy
[0.10947368 0.24631579 0.35157895 0.46947368]
val_loss=6.4204
accuracy
[0.03578947 0.10315789 0.22315789 0.38526316]
val_loss=5.7306
accuracy
[0.03789474 0.15368421 0.37263158 0.47368421]
val_loss=6.6204
accuracy
[0.06736842 0.13894737 0.27157895 0.41263158]
val_loss=5.4077
accuracy
[0.06736842 0.2        0.32842105 0.52631579]
val_loss=7.1690
accuracy
[0.05894737 0.12       0.23157895 0.42105263]
val_loss=5.9775
accuracy
[0.03578947 0.11368421 0.27157895 0.42736842]
val_loss=6.3715
accuracy
[0.05473684 0.11578947 0.25263158 0.40421053]
val_loss=6.6558
accuracy
[0.05894737 0.14526316 0.26315789 0.41052632]
val_loss=6.6529
accuracy
[0.05684211 0.13684211 0.25473684 0.41894737]
val_loss=7.1299
accuracy
[0.05894737 0.12       0.22526316 0.36631579]
val_loss=6.9311
accuracy
[0.05684211 0.12421053 0.22736842 0.38526316]
val_loss=6.4375
accuracy
[0.06105263 0.15157895 0.25052632 0.43578947]
val_loss=6.8912
accuracy
[0.05894737 0.12421053 0.22736842 0.39578947]
val_loss=7.0372
accuracy
[0.05052632 0.11578947 0.21263158 0.37684211]
val_loss=6.9831
accuracy
[0.05684211 0.13263158 0.24842105 0.41052632]
val_loss=6.6595
accuracy
[0.05473684 0.13263158 0.24421053 0.42736842]
val_loss=6.9585
accuracy
[0.05263158 0.12       0.22105263 0.4       ]
val_loss=7.0775
accuracy
[0.04421053 0.12       0.21052632 0.38526316]
val_loss=7.0759
accuracy
[0.05263158 0.11789474 0.21473684 0.39368421]
val_loss=7.1269
accuracy
[0.05263158 0.12631579 0.22526316 0.39368421]
val_loss=7.3043
accuracy
[0.04210526 0.10526316 0.19157895 0.37473684]
val_loss=7.2602
accuracy
[0.05684211 0.12631579 0.21684211 0.40210526]
val_loss=7.3820
accuracy
[0.04421053 0.11157895 0.19789474 0.35368421]
val_loss=6.9994
accuracy
[0.04631579 0.12421053 0.21473684 0.40631579]
val_loss=7.4072
accuracy
[0.04421053 0.11789474 0.21052632 0.38947368]
val_loss=7.3438
accuracy
[0.05684211 0.14315789 0.24       0.38315789]
val_loss=7.2761
accuracy
[0.05684211 0.12210526 0.21684211 0.38736842]
val_loss=7.5217
accuracy
[0.05473684 0.11368421 0.20421053 0.37473684]
val_loss=7.3477
accuracy
[0.05052632 0.12210526 0.20631579 0.38105263]
val_loss=7.4148
accuracy
[0.05684211 0.11789474 0.20421053 0.37684211]
val_loss=7.1492
accuracy
[0.04842105 0.13263158 0.21684211 0.4       ]
val_loss=7.5550
accuracy
[0.05684211 0.11578947 0.20842105 0.37684211]
val_loss=7.2364
accuracy
[0.05052632 0.13052632 0.21473684 0.40631579]
val_loss=7.2060
accuracy
[0.05684211 0.12631579 0.21473684 0.39578947]
val_loss=7.6508
accuracy
[0.05052632 0.12       0.2        0.36210526]
val_loss=7.4140
accuracy
[0.05473684 0.12210526 0.20421053 0.38105263]
val_loss=7.3127
accuracy
[0.05263158 0.12842105 0.21052632 0.39578947]
val_loss=7.6697
accuracy
[0.05052632 0.11578947 0.2        0.37052632]
val_loss=7.4874
accuracy
[0.05263158 0.11578947 0.20421053 0.37684211]
val_loss=7.5256
accuracy
[0.04631579 0.11578947 0.20210526 0.37473684]
val_loss=7.4807
accuracy
[0.04631579 0.12       0.20842105 0.38105263]
val_loss=7.5414
accuracy
[0.05684211 0.11789474 0.20631579 0.37473684]
val_loss=7.4867
accuracy
[0.04631579 0.12       0.2        0.37684211]
val_loss=7.4189
accuracy
[0.05894737 0.12842105 0.21894737 0.39578947]
val_loss=7.2286
accuracy
[0.05473684 0.13263158 0.21894737 0.41263158]
val_loss=7.5217
accuracy
[0.05473684 0.12421053 0.20631579 0.38105263]
val_loss=7.5786
accuracy
[0.05263158 0.12210526 0.2        0.37263158]
val_loss=7.5624
accuracy
[0.04842105 0.12210526 0.2        0.37684211]
val_loss=7.5880
accuracy
[0.04842105 0.12       0.2        0.37263158]
val_loss=7.5293
accuracy
[0.04842105 0.12210526 0.2        0.37894737]
val_loss=7.6204
accuracy
[0.04842105 0.12       0.2        0.37473684]
val_loss=7.5644
accuracy
[0.04842105 0.12210526 0.2        0.37684211]
val_loss=7.5683
accuracy
[0.04842105 0.12210526 0.2        0.37263158]
val_loss=7.5392
accuracy
[0.04842105 0.12210526 0.2        0.37894737]
val_loss=7.5775
accuracy
[0.04842105 0.12210526 0.2        0.37473684]
val_loss=7.5365
accuracy
[0.04842105 0.12210526 0.2        0.38315789]
val_loss=7.5709
accuracy
[0.04842105 0.12210526 0.2        0.37473684]
val_loss=7.5400
accuracy
[0.04842105 0.12210526 0.2        0.38105263]
val_loss=7.5884
accuracy
[0.04842105 0.12210526 0.2        0.37684211]
val_loss=7.5877
accuracy
[0.04842105 0.12210526 0.2        0.37473684]
val_loss=7.6284
accuracy
[0.04842105 0.12       0.2        0.37473684]
val_loss=7.6313
accuracy
[0.04842105 0.12       0.2        0.37052632]
val_loss=7.6000
accuracy
[0.04842105 0.12210526 0.2        0.37473684]
val_loss=7.5542
accuracy
[0.04842105 0.12210526 0.2        0.37894737]
val_loss=7.6153
accuracy
[0.04842105 0.12       0.2        0.37684211]
val_loss=7.5681
accuracy
[0.04842105 0.12210526 0.2        0.38105263]
Finished Training
    rehearsal replay buffer: 500 of 2059 source samples
cpu
Finished Training
cpu
Finished Training
cpu
Finished Training
cpu
Finished Training
cpu
Finished Training
cpu
Finished Training
cpu
Finished Training
cpu
Finished Training
cpu
Finished Training
cpu
Finished Training
cpu
Finished Training
cpu
Finished Training
cpu
Finished Training
cpu
Finished Training
cpu
Finished Training
cpu
Finished Training
cpu
Finished Training
cpu
Finished Training
cpu
Finished Training
cpu
Finished Training
cpu
Finished Training
cpu
Finished Training
  seed 2: pretrain on scenario33straight (2059 samples), zero-shot eval on scenario32straight (475 held-out test samples)
cpu
-----------------------------------------------------------------------
      Layer (type)        Output Shape         Param #     Tr. Param #
=======================================================================
          Linear-1           [32, 256]           1,280           1,280
            ReLU-2           [32, 256]               0               0
          Linear-3           [32, 256]          65,792          65,792
          Linear-4           [32, 256]          65,792          65,792
          Linear-5            [32, 16]           4,112           4,112
=======================================================================
Total params: 136,976
Trainable params: 136,976
Non-trainable params: 0
-----------------------------------------------------------------------
val_loss=1.9734
accuracy
[0.21052632 0.69894737 0.84842105 0.94526316]
val_loss=7.0605
accuracy
[0.05684211 0.11368421 0.22315789 0.49473684]
val_loss=6.3495
accuracy
[0.03157895 0.11157895 0.26736842 0.53263158]
val_loss=5.6252
accuracy
[0.07578947 0.19368421 0.40842105 0.55157895]
val_loss=6.5958
accuracy
[0.06736842 0.15157895 0.30947368 0.44421053]
val_loss=6.1308
accuracy
[0.10526316 0.19578947 0.40421053 0.48631579]
val_loss=7.4831
accuracy
[0.05684211 0.11368421 0.21473684 0.38315789]
val_loss=8.0434
accuracy
[0.05894737 0.16842105 0.30315789 0.42526316]
val_loss=5.4893
accuracy
[0.03578947 0.17263158 0.38947368 0.53473684]
val_loss=7.2432
accuracy
[0.03789474 0.15368421 0.32631579 0.46526316]
val_loss=6.2759
accuracy
[0.03578947 0.14736842 0.31157895 0.48      ]
val_loss=7.2587
accuracy
[0.03157895 0.09684211 0.17894737 0.36421053]
val_loss=7.1815
accuracy
[0.05684211 0.15368421 0.22315789 0.42315789]
val_loss=6.5428
accuracy
[0.03157895 0.13894737 0.32842105 0.48842105]
val_loss=6.8598
accuracy
[0.02736842 0.09052632 0.2        0.43789474]
val_loss=6.7402
accuracy
[0.05684211 0.16842105 0.32631579 0.48842105]
val_loss=6.4776
accuracy
[0.01894737 0.04421053 0.17263158 0.32421053]
val_loss=5.6023
accuracy
[0.02947368 0.17684211 0.39157895 0.54105263]
val_loss=7.6939
accuracy
[0.08421053 0.20842105 0.30105263 0.46736842]
val_loss=5.2226
accuracy
[0.02526316 0.15789474 0.38315789 0.53263158]
val_loss=6.3112
accuracy
[0.04421053 0.16210526 0.29894737 0.47157895]
val_loss=6.8239
accuracy
[0.03368421 0.14315789 0.28       0.46315789]
val_loss=7.0202
accuracy
[0.04631579 0.16210526 0.28842105 0.46315789]
val_loss=7.0222
accuracy
[0.03578947 0.16       0.28421053 0.46105263]
val_loss=7.3256
accuracy
[0.03789474 0.14526316 0.28631579 0.45473684]
val_loss=6.9743
accuracy
[0.03578947 0.14526316 0.28421053 0.46736842]
val_loss=7.3823
accuracy
[0.02526316 0.12842105 0.25894737 0.44      ]
val_loss=7.2273
accuracy
[0.02947368 0.12421053 0.25473684 0.45473684]
val_loss=7.0906
accuracy
[0.02315789 0.13263158 0.26526316 0.45473684]
val_loss=7.2712
accuracy
[0.04631579 0.16       0.28       0.45473684]
val_loss=7.3154
accuracy
[0.03789474 0.15157895 0.26947368 0.45473684]
val_loss=7.5296
accuracy
[0.03789474 0.12842105 0.26105263 0.44210526]
val_loss=7.0033
accuracy
[0.03578947 0.13684211 0.26736842 0.46105263]
val_loss=7.4515
accuracy
[0.02315789 0.10526316 0.24842105 0.45263158]
val_loss=7.7577
accuracy
[0.03578947 0.13684211 0.26315789 0.43789474]
val_loss=7.6957
accuracy
[0.04842105 0.15157895 0.27157895 0.43789474]
val_loss=7.5210
accuracy
[0.03157895 0.13894737 0.26315789 0.45684211]
val_loss=7.2781
accuracy
[0.04       0.12421053 0.23578947 0.44631579]
val_loss=7.6178
accuracy
[0.02526316 0.12210526 0.24842105 0.44421053]
val_loss=7.1692
accuracy
[0.02736842 0.12       0.32       0.67157895]
val_loss=7.5623
accuracy
[0.02947368 0.13052632 0.25684211 0.61263158]
val_loss=7.5675
accuracy
[0.02947368 0.13473684 0.25684211 0.57894737]
val_loss=7.6692
accuracy
[0.03157895 0.12842105 0.25052632 0.58315789]
val_loss=7.5516
accuracy
[0.02736842 0.12842105 0.25684211 0.58105263]
val_loss=7.7990
accuracy
[0.02947368 0.12210526 0.24842105 0.51368421]
val_loss=7.5915
accuracy
[0.03368421 0.13894737 0.25894737 0.58947368]
val_loss=7.8336
accuracy
[0.02947368 0.12631579 0.25052632 0.55157895]
val_loss=7.7175
accuracy
[0.02736842 0.12842105 0.25052632 0.52      ]
val_loss=7.8071
accuracy
[0.02736842 0.12842105 0.24842105 0.54736842]
val_loss=7.6212
accuracy
[0.03789474 0.14736842 0.26526316 0.56      ]
val_loss=7.6355
accuracy
[0.02736842 0.13052632 0.25684211 0.57473684]
val_loss=7.5758
accuracy
[0.02947368 0.14105263 0.26105263 0.60210526]
val_loss=7.5730
accuracy
[0.03578947 0.14315789 0.26105263 0.51789474]
val_loss=7.8820
accuracy
[0.03789474 0.14315789 0.25894737 0.56421053]
val_loss=7.8317
accuracy
[0.03578947 0.13894737 0.25894737 0.57894737]
val_loss=7.9141
accuracy
[0.02736842 0.12631579 0.25684211 0.53684211]
val_loss=7.8917
accuracy
[0.02947368 0.13473684 0.25894737 0.56      ]
val_loss=7.5552
accuracy
[0.02736842 0.12842105 0.25684211 0.52842105]
val_loss=7.8185
accuracy
[0.03578947 0.13684211 0.26105263 0.55157895]
val_loss=7.9008
accuracy
[0.03578947 0.13684211 0.25894737 0.56631579]
val_loss=7.8610
accuracy
[0.03157895 0.13684211 0.26105263 0.57263158]
val_loss=7.8523
accuracy
[0.02947368 0.13263158 0.26105263 0.59368421]
val_loss=7.9513
accuracy
[0.02947368 0.13473684 0.25473684 0.58315789]
val_loss=7.8962
accuracy
[0.02947368 0.13473684 0.25684211 0.59157895]
val_loss=7.9057
accuracy
[0.03157895 0.13473684 0.25684211 0.58526316]
val_loss=7.9639
accuracy
[0.02947368 0.13894737 0.25894737 0.57684211]
val_loss=7.9368
accuracy
[0.02947368 0.13473684 0.25473684 0.58947368]
val_loss=7.9235
accuracy
[0.02947368 0.13473684 0.25684211 0.58526316]
val_loss=7.9456
accuracy
[0.02947368 0.13473684 0.25473684 0.58736842]
val_loss=7.9330
accuracy
[0.02947368 0.13473684 0.25894737 0.58526316]
val_loss=7.9514
accuracy
[0.02947368 0.13263158 0.25684211 0.58947368]
val_loss=8.0472
accuracy
[0.02947368 0.13473684 0.25473684 0.56631579]
val_loss=7.9184
accuracy
[0.02947368 0.13263158 0.25894737 0.57473684]
val_loss=8.0009
accuracy
[0.02947368 0.13473684 0.25684211 0.56842105]
val_loss=7.9101
accuracy
[0.02947368 0.13473684 0.25894737 0.56631579]
val_loss=7.8588
accuracy
[0.02947368 0.13263158 0.26105263 0.57684211]
val_loss=7.9503
accuracy
[0.02947368 0.13263158 0.25894737 0.58736842]
val_loss=7.9301
accuracy
[0.02947368 0.13263158 0.25473684 0.58947368]
val_loss=7.9189
accuracy
[0.02947368 0.13263158 0.25894737 0.57684211]
val_loss=7.9693
accuracy
[0.02947368 0.13473684 0.25473684 0.58947368]
Finished Training
    rehearsal replay buffer: 500 of 2059 source samples
cpu
Finished Training
cpu
Finished Training
cpu
Finished Training
cpu
Finished Training
cpu
Finished Training
cpu
Finished Training
cpu
Finished Training
cpu
Finished Training
cpu
Finished Training
cpu
Finished Training
cpu
Finished Training
cpu
Finished Training
cpu
Finished Training
cpu
Finished Training
cpu
Finished Training
cpu
Finished Training
cpu
Finished Training
cpu
Finished Training
cpu
Finished Training
cpu
Finished Training
cpu
Finished Training
cpu
Finished Training
  seed 3: pretrain on scenario33straight (2059 samples), zero-shot eval on scenario32straight (475 held-out test samples)
cpu
-----------------------------------------------------------------------
      Layer (type)        Output Shape         Param #     Tr. Param #
=======================================================================
          Linear-1           [32, 256]           1,280           1,280
            ReLU-2           [32, 256]               0               0
          Linear-3           [32, 256]          65,792          65,792
          Linear-4           [32, 256]          65,792          65,792
          Linear-5            [32, 16]           4,112           4,112
=======================================================================
Total params: 136,976
Trainable params: 136,976
Non-trainable params: 0
-----------------------------------------------------------------------
val_loss=1.8680
accuracy
[0.06947368 0.51368421 0.77473684 0.93684211]
val_loss=4.8135
accuracy
[0.02315789 0.07578947 0.27157895 0.79789474]
val_loss=6.7091
accuracy
[0.04421053 0.11789474 0.18315789 0.52210526]
val_loss=7.9404
accuracy
[0.08631579 0.12210526 0.22526316 0.50526316]
val_loss=8.5478
accuracy
[0.02947368 0.05894737 0.20210526 0.50736842]
val_loss=7.8343
accuracy
[0.05894737 0.12421053 0.24842105 0.42736842]
val_loss=8.4309
accuracy
[0.02105263 0.06105263 0.15578947 0.44421053]
val_loss=7.4791
accuracy
[0.05263158 0.13684211 0.28842105 0.47789474]
val_loss=7.2314
accuracy
[0.04       0.12631579 0.25684211 0.40421053]
val_loss=9.7124
accuracy
[0.04210526 0.11368421 0.21894737 0.33684211]
val_loss=7.8223
accuracy
[0.02947368 0.09473684 0.24421053 0.41052632]
val_loss=7.8697
accuracy
[0.04       0.11368421 0.23578947 0.35578947]
val_loss=8.9224
accuracy
[0.02736842 0.06315789 0.14947368 0.30736842]
val_loss=6.7151
accuracy
[0.05894737 0.16631579 0.35578947 0.53052632]
val_loss=7.0931
accuracy
[0.06315789 0.14947368 0.26315789 0.41263158]
val_loss=7.4368
accuracy
[0.04421053 0.13473684 0.26947368 0.41052632]
val_loss=7.5537
accuracy
[0.04842105 0.14526316 0.28210526 0.47157895]
val_loss=7.6501
accuracy
[0.04       0.08       0.19578947 0.35157895]
val_loss=7.4657
accuracy
[0.05052632 0.14315789 0.29894737 0.50105263]
val_loss=7.3272
accuracy
[0.03157895 0.11368421 0.22947368 0.40631579]
val_loss=7.2762
accuracy
[0.04       0.13263158 0.26526316 0.41894737]
val_loss=7.7093
accuracy
[0.03578947 0.12210526 0.25894737 0.41473684]
val_loss=7.6479
accuracy
[0.04       0.12       0.25052632 0.41263158]
val_loss=8.0196
accuracy
[0.04631579 0.13894737 0.24631579 0.41263158]
val_loss=7.4886
accuracy
[0.03157895 0.11368421 0.24421053 0.41894737]
val_loss=8.1184
accuracy
[0.04       0.12210526 0.25052632 0.40631579]
val_loss=8.7154
accuracy
[0.03789474 0.11157895 0.22526316 0.38736842]
val_loss=8.1283
accuracy
[0.04       0.11368421 0.22947368 0.41052632]
val_loss=9.0506
accuracy
[0.04210526 0.11789474 0.22105263 0.35789474]
val_loss=8.9612
accuracy
[0.02947368 0.09894737 0.21263158 0.36631579]
val_loss=8.6611
accuracy
[0.03368421 0.10947368 0.22947368 0.37473684]
val_loss=9.2602
accuracy
[0.03578947 0.09473684 0.19578947 0.35368421]
val_loss=8.4349
accuracy
[0.03789474 0.12       0.24210526 0.40631579]
val_loss=8.2121
accuracy
[0.03157895 0.09894737 0.22947368 0.38947368]
val_loss=9.1837
accuracy
[0.03789474 0.11157895 0.21052632 0.37684211]
val_loss=8.4673
accuracy
[0.04631579 0.12210526 0.24421053 0.39157895]
val_loss=8.2536
accuracy
[0.03789474 0.12842105 0.25473684 0.42526316]
val_loss=8.6565
accuracy
[0.04       0.12631579 0.24       0.38526316]
val_loss=8.7746
accuracy
[0.03789474 0.12631579 0.23789474 0.37684211]
val_loss=8.9473
accuracy
[0.04421053 0.12842105 0.23368421 0.38947368]
val_loss=8.9658
accuracy
[0.03789474 0.11789474 0.23578947 0.39578947]
val_loss=8.9560
accuracy
[0.03789474 0.11157895 0.23578947 0.38315789]
val_loss=8.8858
accuracy
[0.03789474 0.10526316 0.22105263 0.38105263]
val_loss=9.0361
accuracy
[0.03789474 0.12       0.22947368 0.39157895]
val_loss=8.8353
accuracy
[0.04       0.11789474 0.23789474 0.39789474]
val_loss=8.9946
accuracy
[0.03789474 0.10736842 0.22105263 0.38315789]
val_loss=8.8490
accuracy
[0.03789474 0.11789474 0.24210526 0.38947368]
val_loss=8.9294
accuracy
[0.03578947 0.10736842 0.22315789 0.38736842]
val_loss=8.9348
accuracy
[0.03789474 0.11578947 0.23578947 0.38526316]
val_loss=9.2337
accuracy
[0.03789474 0.11157895 0.23157895 0.37684211]
val_loss=8.9564
accuracy
[0.03789474 0.10736842 0.22105263 0.38526316]
val_loss=9.0229
accuracy
[0.03789474 0.11368421 0.23578947 0.38315789]
val_loss=9.0484
accuracy
[0.03789474 0.11368421 0.22526316 0.38947368]
val_loss=9.3500
accuracy
[0.03789474 0.11368421 0.23578947 0.37684211]
val_loss=9.0661
accuracy
[0.03789474 0.11789474 0.22736842 0.39368421]
val_loss=9.0561
accuracy
[0.03789474 0.11789474 0.23789474 0.39578947]
val_loss=9.6613
accuracy
[0.03789474 0.10947368 0.22526316 0.37052632]
val_loss=9.1271
accuracy
[0.04       0.11789474 0.23578947 0.38947368]
val_loss=9.1859
accuracy
[0.03789474 0.10947368 0.22947368 0.38736842]
val_loss=9.2498
accuracy
[0.03789474 0.11368421 0.22315789 0.37684211]
val_loss=9.3725
accuracy
[0.03789474 0.11578947 0.22526316 0.37473684]
val_loss=9.2468
accuracy
[0.03789474 0.11578947 0.23368421 0.38736842]
val_loss=9.2433
accuracy
[0.03789474 0.11157895 0.23368421 0.38315789]
val_loss=9.3162
accuracy
[0.03789474 0.11368421 0.22947368 0.38315789]
val_loss=9.2629
accuracy
[0.03789474 0.11157895 0.23157895 0.38105263]
val_loss=9.3729
accuracy
[0.03789474 0.11368421 0.22947368 0.37894737]
val_loss=9.4649
accuracy
[0.03789474 0.11578947 0.22736842 0.37473684]
val_loss=9.2723
accuracy
[0.03789474 0.11368421 0.23157895 0.38526316]
val_loss=9.2067
accuracy
[0.03789474 0.11368421 0.23157895 0.38736842]
val_loss=9.2187
accuracy
[0.03789474 0.11578947 0.23368421 0.38736842]
val_loss=9.4319
accuracy
[0.03789474 0.11368421 0.22947368 0.37684211]
val_loss=9.2733
accuracy
[0.03789474 0.11368421 0.23157895 0.38526316]
val_loss=9.3660
accuracy
[0.03789474 0.11368421 0.23368421 0.37894737]
val_loss=9.3925
accuracy
[0.03789474 0.10947368 0.22947368 0.37684211]
val_loss=9.3351
accuracy
[0.03789474 0.11157895 0.23368421 0.38105263]
val_loss=9.2599
accuracy
[0.03789474 0.11368421 0.23157895 0.38526316]
val_loss=9.3621
accuracy
[0.03789474 0.11157895 0.22947368 0.38105263]
val_loss=9.4285
accuracy
[0.03789474 0.11157895 0.22526316 0.37684211]
val_loss=9.3279
accuracy
[0.03789474 0.11157895 0.23368421 0.38105263]
val_loss=9.3367
accuracy
[0.03789474 0.11368421 0.23157895 0.38526316]
Finished Training
    rehearsal replay buffer: 500 of 2059 source samples
cpu
Finished Training
cpu
Finished Training
cpu
Finished Training
cpu
Finished Training
cpu
Finished Training
cpu
Finished Training
cpu
Finished Training
cpu
Finished Training
cpu
Finished Training
cpu
Finished Training
cpu
Finished Training
cpu
Finished Training
cpu
Finished Training
cpu
Finished Training
cpu
Finished Training
cpu
Finished Training
cpu
Finished Training
cpu
Finished Training
cpu
Finished Training
cpu
Finished Training
cpu
Finished Training
cpu
Finished Training
  seed 4: pretrain on scenario33straight (2059 samples), zero-shot eval on scenario32straight (475 held-out test samples)
cpu
-----------------------------------------------------------------------
      Layer (type)        Output Shape         Param #     Tr. Param #
=======================================================================
          Linear-1           [32, 256]           1,280           1,280
            ReLU-2           [32, 256]               0               0
          Linear-3           [32, 256]          65,792          65,792
          Linear-4           [32, 256]          65,792          65,792
          Linear-5            [32, 16]           4,112           4,112
=======================================================================
Total params: 136,976
Trainable params: 136,976
Non-trainable params: 0
-----------------------------------------------------------------------
val_loss=2.2515
accuracy
[0.24631579 0.69894737 0.82526316 0.96210526]
val_loss=6.5443
accuracy
[0.07578947 0.18315789 0.27368421 0.52842105]
val_loss=6.2212
accuracy
[0.04631579 0.13894737 0.39368421 0.56      ]
val_loss=6.5852
accuracy
[0.07368421 0.16210526 0.33894737 0.58736842]
val_loss=7.1901
accuracy
[0.06105263 0.13263158 0.28631579 0.50526316]
val_loss=7.4097
accuracy
[0.05263158 0.07157895 0.16       0.32210526]
val_loss=6.2699
accuracy
[0.02947368 0.09052632 0.22315789 0.41684211]
val_loss=8.2712
accuracy
[0.06105263 0.11368421 0.30947368 0.44842105]
val_loss=7.2534
accuracy
[0.06947368 0.14315789 0.31578947 0.46526316]
val_loss=6.9428
accuracy
[0.06947368 0.12       0.25263158 0.38736842]
val_loss=7.0008
accuracy
[0.08421053 0.16       0.31157895 0.45052632]
val_loss=7.8488
accuracy
[0.07368421 0.14947368 0.28842105 0.46947368]
val_loss=6.3432
accuracy
[0.04842105 0.14105263 0.30105263 0.52421053]
val_loss=4.7159
accuracy
[0.06947368 0.26105263 0.44631579 0.65052632]
val_loss=6.9354
accuracy
[0.05684211 0.12210526 0.27368421 0.43368421]
val_loss=5.8558
accuracy
[0.06105263 0.10526316 0.32631579 0.52210526]
val_loss=6.5370
accuracy
[0.04210526 0.07578947 0.22105263 0.38526316]
val_loss=6.4000
accuracy
[0.05473684 0.10526316 0.31789474 0.50105263]
val_loss=5.7765
accuracy
[0.05894737 0.14947368 0.36       0.53263158]
val_loss=6.5149
accuracy
[0.09684211 0.20210526 0.37684211 0.47578947]
val_loss=6.8897
accuracy
[0.06105263 0.12631579 0.29052632 0.42526316]
val_loss=7.4368
accuracy
[0.05894737 0.12842105 0.27789474 0.40842105]
val_loss=7.2106
accuracy
[0.04842105 0.11368421 0.23578947 0.39157895]
val_loss=7.4303
accuracy
[0.05052632 0.13263158 0.24842105 0.38736842]
val_loss=7.4096
accuracy
[0.04210526 0.12210526 0.24210526 0.39157895]
val_loss=7.2105
accuracy
[0.04210526 0.11789474 0.25894737 0.42105263]
val_loss=7.4563
accuracy
[0.05894737 0.14105263 0.26526316 0.41052632]
val_loss=7.6899
accuracy
[0.04631579 0.12       0.21684211 0.38315789]
val_loss=7.4975
accuracy
[0.06526316 0.14947368 0.25052632 0.41894737]
val_loss=7.3478
accuracy
[0.05473684 0.11578947 0.22526316 0.40421053]
val_loss=8.1305
accuracy
[0.06526316 0.14526316 0.24210526 0.36842105]
val_loss=7.4110
accuracy
[0.05263158 0.13684211 0.24       0.40631579]
val_loss=7.1840
accuracy
[0.03789474 0.11157895 0.23157895 0.41473684]
val_loss=7.6027
accuracy
[0.05894737 0.14105263 0.23789474 0.39578947]
val_loss=7.5089
accuracy
[0.05894737 0.14315789 0.25263158 0.42947368]
val_loss=7.4642
accuracy
[0.04421053 0.12210526 0.24210526 0.41894737]
val_loss=7.3111
accuracy
[0.04421053 0.12842105 0.25473684 0.42947368]
val_loss=7.7280
accuracy
[0.05052632 0.13263158 0.25684211 0.40421053]
val_loss=7.8631
accuracy
[0.05684211 0.13894737 0.22736842 0.38526316]
val_loss=7.9191
accuracy
[0.06105263 0.13052632 0.22736842 0.37473684]
val_loss=7.6056
accuracy
[0.05263158 0.13473684 0.25052632 0.41263158]
val_loss=7.8945
accuracy
[0.05263158 0.13052632 0.22526316 0.38105263]
val_loss=7.8089
accuracy
[0.05473684 0.13894737 0.24210526 0.39789474]
val_loss=7.9741
accuracy
[0.05473684 0.13894737 0.23368421 0.39368421]
val_loss=7.7656
accuracy
[0.05263158 0.13052632 0.24       0.4       ]
val_loss=7.6721
accuracy
[0.04842105 0.13473684 0.24421053 0.41684211]
val_loss=7.9448
accuracy
[0.05473684 0.13263158 0.22736842 0.39157895]
val_loss=7.6281
accuracy
[0.05473684 0.13684211 0.24631579 0.41894737]
val_loss=7.9728
accuracy
[0.05473684 0.13473684 0.23789474 0.39789474]
val_loss=7.8370
accuracy
[0.05473684 0.13894737 0.24421053 0.4       ]
val_loss=7.8924
accuracy
[0.05473684 0.13684211 0.23368421 0.39789474]
val_loss=8.0120
accuracy
[0.05473684 0.13052632 0.22947368 0.39368421]
val_loss=7.9520
accuracy
[0.04842105 0.12631579 0.23368421 0.39789474]
val_loss=8.0443
accuracy
[0.04842105 0.12421053 0.22526316 0.38526316]
val_loss=7.8754
accuracy
[0.04842105 0.12842105 0.23578947 0.40210526]
val_loss=8.0429
accuracy
[0.05473684 0.13894737 0.23789474 0.39157895]
val_loss=7.9288
accuracy
[0.04842105 0.12421053 0.23789474 0.40631579]
val_loss=7.9522
accuracy
[0.04842105 0.12842105 0.23578947 0.40210526]
val_loss=7.9622
accuracy
[0.05052632 0.13473684 0.23789474 0.40421053]
val_loss=7.9731
accuracy
[0.05473684 0.13473684 0.23578947 0.40421053]
val_loss=7.9986
accuracy
[0.05473684 0.13473684 0.23578947 0.40421053]
val_loss=7.9808
accuracy
[0.05263158 0.13473684 0.23578947 0.40421053]
val_loss=7.9556
accuracy
[0.05263158 0.13473684 0.23578947 0.40631579]
val_loss=7.9715
accuracy
[0.05052632 0.13473684 0.23578947 0.40631579]
val_loss=8.0070
accuracy
[0.05052632 0.13473684 0.23368421 0.40210526]
val_loss=8.0461
accuracy
[0.05263158 0.13473684 0.23368421 0.40210526]
val_loss=7.9994
accuracy
[0.05473684 0.13473684 0.23578947 0.40631579]
val_loss=8.0411
accuracy
[0.05263158 0.13473684 0.23368421 0.40210526]
val_loss=8.0831
accuracy
[0.05263158 0.13473684 0.23368421 0.4       ]
val_loss=7.9925
accuracy
[0.05473684 0.13473684 0.24       0.40631579]
val_loss=7.9886
accuracy
[0.05263158 0.13473684 0.24       0.40631579]
val_loss=8.0238
accuracy
[0.05263158 0.13473684 0.23789474 0.40210526]
val_loss=8.0360
accuracy
[0.05052632 0.13473684 0.23789474 0.40210526]
val_loss=8.0085
accuracy
[0.05263158 0.13473684 0.23789474 0.40421053]
val_loss=8.0397
accuracy
[0.05263158 0.13473684 0.23789474 0.40210526]
val_loss=8.0433
accuracy
[0.05263158 0.13473684 0.23789474 0.40210526]
val_loss=8.0863
accuracy
[0.05052632 0.13263158 0.23578947 0.40210526]
val_loss=8.0548
accuracy
[0.05263158 0.13473684 0.23789474 0.40210526]
val_loss=8.0625
accuracy
[0.05263158 0.13473684 0.23789474 0.40210526]
val_loss=8.1007
accuracy
[0.05263158 0.13473684 0.23578947 0.39789474]
Finished Training
    rehearsal replay buffer: 500 of 2059 source samples
cpu
Finished Training
cpu
Finished Training
cpu
Finished Training
cpu
Finished Training
cpu
Finished Training
cpu
Finished Training
cpu
Finished Training
cpu
Finished Training
cpu
Finished Training
cpu
Finished Training
cpu
Finished Training
cpu
Finished Training
cpu
Finished Training
cpu
Finished Training
cpu
Finished Training
cpu
Finished Training
cpu
Finished Training
cpu
Finished Training
cpu
Finished Training
cpu
Finished Training
cpu
Finished Training
cpu
Finished Training
  seed 5: pretrain on scenario33straight (2059 samples), zero-shot eval on scenario32straight (475 held-out test samples)
cpu
-----------------------------------------------------------------------
      Layer (type)        Output Shape         Param #     Tr. Param #
=======================================================================
          Linear-1           [32, 256]           1,280           1,280
            ReLU-2           [32, 256]               0               0
          Linear-3           [32, 256]          65,792          65,792
          Linear-4           [32, 256]          65,792          65,792
          Linear-5            [32, 16]           4,112           4,112
=======================================================================
Total params: 136,976
Trainable params: 136,976
Non-trainable params: 0
-----------------------------------------------------------------------
val_loss=1.8048
accuracy
[0.17052632 0.65052632 0.81894737 0.96842105]
val_loss=6.3499
accuracy
[0.14526316 0.22315789 0.30105263 0.56      ]
val_loss=5.0658
accuracy
[0.08631579 0.22315789 0.47578947 0.61052632]
val_loss=4.9741
accuracy
[0.09894737 0.26736842 0.48842105 0.59368421]
val_loss=8.7156
accuracy
[0.06315789 0.12210526 0.18947368 0.36210526]
val_loss=7.1198
accuracy
[0.06736842 0.13894737 0.33473684 0.46736842]
val_loss=7.5375
accuracy
[0.02315789 0.05473684 0.10526316 0.34105263]
val_loss=5.5740
accuracy
[0.06736842 0.17052632 0.32421053 0.54947368]
val_loss=4.8362
accuracy
[0.06105263 0.18315789 0.4        0.6       ]
val_loss=6.0020
accuracy
[0.03789474 0.10315789 0.26105263 0.45473684]
val_loss=7.9251
accuracy
[0.06526316 0.12842105 0.24842105 0.4       ]
val_loss=5.6184
accuracy
[0.02315789 0.10526316 0.26947368 0.58736842]
val_loss=5.4642
accuracy
[0.01894737 0.12421053 0.34526316 0.52842105]
val_loss=6.1211
accuracy
[0.04210526 0.11368421 0.28631579 0.48      ]
val_loss=5.6263
accuracy
[0.04842105 0.15789474 0.33684211 0.53684211]
val_loss=6.5036
accuracy
[0.05473684 0.11578947 0.23157895 0.44421053]
val_loss=6.7325
accuracy
[0.05263158 0.12       0.29684211 0.56421053]
val_loss=6.8537
accuracy
[0.02105263 0.09263158 0.20421053 0.49052632]
val_loss=5.7503
accuracy
[0.03157895 0.08842105 0.21684211 0.63578947]
val_loss=4.2463
accuracy
[0.06736842 0.22315789 0.81894737 0.93263158]
val_loss=5.5862
accuracy
[0.05473684 0.13052632 0.37894737 0.73894737]
val_loss=5.7357
accuracy
[0.05473684 0.13894737 0.35157895 0.73052632]
val_loss=5.9342
accuracy
[0.04421053 0.12       0.26947368 0.71368421]
val_loss=6.1471
accuracy
[0.03578947 0.09473684 0.24631579 0.72631579]
val_loss=5.9546
accuracy
[0.05684211 0.13052632 0.27789474 0.73052632]
val_loss=6.1272
accuracy
[0.04421053 0.11157895 0.24421053 0.71578947]
val_loss=6.0886
accuracy
[0.05263158 0.13052632 0.33894737 0.74105263]
val_loss=6.6291
accuracy
[0.04421053 0.11368421 0.21684211 0.67157895]
val_loss=6.7272
accuracy
[0.04842105 0.12       0.25263158 0.67157895]
val_loss=6.3749
accuracy
[0.04210526 0.10947368 0.27157895 0.73684211]
val_loss=6.5420
accuracy
[0.05052632 0.12421053 0.25263158 0.59578947]
val_loss=6.9449
accuracy
[0.05263158 0.14105263 0.25263158 0.52210526]
val_loss=6.7183
accuracy
[0.05263158 0.12631579 0.22947368 0.69052632]
val_loss=7.0926
accuracy
[0.04210526 0.12       0.21684211 0.53263158]
val_loss=7.2839
accuracy
[0.05473684 0.10526316 0.2        0.51789474]
val_loss=6.6524
accuracy
[0.04210526 0.12421053 0.21684211 0.70947368]
val_loss=6.8339
accuracy
[0.05052632 0.12842105 0.25052632 0.65263158]
val_loss=6.5558
accuracy
[0.04210526 0.11368421 0.23157895 0.71157895]
val_loss=7.4415
accuracy
[0.04210526 0.10315789 0.18947368 0.50315789]
val_loss=7.5017
accuracy
[0.04       0.10105263 0.17894737 0.49052632]
val_loss=6.8211
accuracy
[0.04421053 0.11578947 0.22526316 0.67157895]
val_loss=6.7990
accuracy
[0.04421053 0.11578947 0.21473684 0.67789474]
val_loss=6.9364
accuracy
[0.04631579 0.12       0.21473684 0.64      ]
val_loss=6.8368
accuracy
[0.04631579 0.12421053 0.21473684 0.67578947]
val_loss=7.0257
accuracy
[0.04421053 0.11368421 0.20842105 0.64421053]
val_loss=6.9071
accuracy
[0.04210526 0.11789474 0.21684211 0.66947368]
val_loss=6.7678
accuracy
[0.05052632 0.12842105 0.22315789 0.69052632]
val_loss=6.8827
accuracy
[0.04631579 0.12210526 0.21473684 0.67789474]
val_loss=6.7215
accuracy
[0.04631579 0.11157895 0.28       0.70736842]
val_loss=7.0086
accuracy
[0.04       0.11578947 0.20842105 0.66105263]
val_loss=6.9756
accuracy
[0.04631579 0.11368421 0.21263158 0.65894737]
val_loss=6.9546
accuracy
[0.04631579 0.12       0.21473684 0.66526316]
val_loss=7.0813
accuracy
[0.04631579 0.11368421 0.22105263 0.68210526]
val_loss=6.7507
accuracy
[0.04421053 0.11578947 0.28421053 0.74315789]
val_loss=7.0594
accuracy
[0.04631579 0.11578947 0.20842105 0.68      ]
val_loss=7.0484
accuracy
[0.04421053 0.11368421 0.21684211 0.68631579]
val_loss=7.1095
accuracy
[0.04       0.10947368 0.2        0.66947368]
val_loss=7.1080
accuracy
[0.04210526 0.11368421 0.20842105 0.68      ]
val_loss=6.9530
accuracy
[0.04421053 0.11789474 0.21894737 0.70526316]
val_loss=6.9339
accuracy
[0.04631579 0.11578947 0.22105263 0.70947368]
val_loss=7.0382
accuracy
[0.04631579 0.11368421 0.21894737 0.69473684]
val_loss=7.0940
accuracy
[0.04210526 0.11368421 0.21052632 0.68421053]
val_loss=7.1601
accuracy
[0.04631579 0.11368421 0.21263158 0.68      ]
val_loss=7.1783
accuracy
[0.04421053 0.11368421 0.21052632 0.68      ]
val_loss=7.1424
accuracy
[0.04631579 0.11578947 0.21473684 0.68      ]
val_loss=7.1195
accuracy
[0.04631579 0.11578947 0.21473684 0.68210526]
val_loss=7.1157
accuracy
[0.04421053 0.11368421 0.21263158 0.68210526]
val_loss=7.1633
accuracy
[0.04421053 0.11368421 0.21052632 0.68      ]
val_loss=7.0719
accuracy
[0.04631579 0.11578947 0.22105263 0.69473684]
val_loss=7.1390
accuracy
[0.04210526 0.11578947 0.21052632 0.68      ]
val_loss=7.0979
accuracy
[0.04421053 0.11578947 0.21473684 0.69473684]
val_loss=7.0837
accuracy
[0.04421053 0.11368421 0.21473684 0.69473684]
val_loss=7.1663
accuracy
[0.04210526 0.11157895 0.21052632 0.68      ]
val_loss=7.1769
accuracy
[0.04210526 0.11157895 0.21052632 0.68      ]
val_loss=7.0551
accuracy
[0.04421053 0.11578947 0.22105263 0.69684211]
val_loss=7.1655
accuracy
[0.04421053 0.11368421 0.21052632 0.68      ]
val_loss=7.2435
accuracy
[0.04210526 0.11578947 0.21052632 0.67789474]
val_loss=7.1326
accuracy
[0.04421053 0.11368421 0.21052632 0.68421053]
val_loss=7.1150
accuracy
[0.04421053 0.11789474 0.21052632 0.69473684]
val_loss=7.2004
accuracy
[0.04421053 0.11368421 0.21052632 0.67789474]
Finished Training
    rehearsal replay buffer: 500 of 2059 source samples
cpu
Finished Training
cpu
Finished Training
cpu
Finished Training
cpu
Finished Training
cpu
Finished Training
cpu
Finished Training
cpu
Finished Training
cpu
Finished Training
cpu
Finished Training
cpu
Finished Training
cpu
Finished Training
cpu
Finished Training
cpu
Finished Training
cpu
Finished Training
cpu
Finished Training
cpu
Finished Training
cpu
Finished Training
cpu
Finished Training
cpu
Finished Training
cpu
Finished Training
cpu
Finished Training
cpu
Finished Training
  seed 6: pretrain on scenario33straight (2059 samples), zero-shot eval on scenario32straight (475 held-out test samples)
cpu
-----------------------------------------------------------------------
      Layer (type)        Output Shape         Param #     Tr. Param #
=======================================================================
          Linear-1           [32, 256]           1,280           1,280
            ReLU-2           [32, 256]               0               0
          Linear-3           [32, 256]          65,792          65,792
          Linear-4           [32, 256]          65,792          65,792
          Linear-5            [32, 16]           4,112           4,112
=======================================================================
Total params: 136,976
Trainable params: 136,976
Non-trainable params: 0
-----------------------------------------------------------------------
val_loss=2.2512
accuracy
[0.25473684 0.64842105 0.88       0.96842105]
val_loss=8.1390
accuracy
[0.05052632 0.08       0.15578947 0.49052632]
val_loss=9.7570
accuracy
[0.01473684 0.04421053 0.14736842 0.44210526]
val_loss=8.6835
accuracy
[0.01263158 0.05263158 0.22736842 0.48210526]
val_loss=7.2718
accuracy
[0.06315789 0.14105263 0.29052632 0.52842105]
val_loss=6.8961
accuracy
[0.05894737 0.17263158 0.34736842 0.52842105]
val_loss=8.7135
accuracy
[0.04421053 0.12842105 0.36210526 0.50947368]
val_loss=8.1443
accuracy
[0.03368421 0.08842105 0.22315789 0.39157895]
val_loss=7.5945
accuracy
[0.02736842 0.06105263 0.16421053 0.36210526]
val_loss=7.5032
accuracy
[0.01052632 0.04421053 0.12631579 0.36842105]
val_loss=5.9368
accuracy
[0.07578947 0.21052632 0.34315789 0.57052632]
val_loss=6.7128
accuracy
[0.06947368 0.19368421 0.36       0.55157895]
val_loss=6.4982
accuracy
[0.09684211 0.18315789 0.39157895 0.53684211]
val_loss=6.4256
accuracy
[0.05263158 0.13684211 0.21473684 0.47789474]
val_loss=6.5140
accuracy
[0.02947368 0.12210526 0.28631579 0.44842105]
val_loss=4.6806
accuracy
[0.04421053 0.30947368 0.49684211 0.60842105]
val_loss=5.9066
accuracy
[0.03368421 0.11368421 0.21894737 0.38315789]
val_loss=6.4376
accuracy
[0.02526316 0.09894737 0.23789474 0.46315789]
val_loss=6.1585
accuracy
[0.04631579 0.13684211 0.31157895 0.40631579]
val_loss=6.7399
accuracy
[0.01684211 0.09263158 0.30526316 0.46947368]
val_loss=6.6545
accuracy
[0.02315789 0.11157895 0.26736842 0.48      ]
val_loss=6.1520
accuracy
[0.02947368 0.13894737 0.28631579 0.47368421]
val_loss=6.9421
accuracy
[0.02315789 0.11157895 0.19789474 0.44210526]
val_loss=7.1798
accuracy
[0.01894737 0.10526316 0.16842105 0.41263158]
val_loss=7.4122
accuracy
[0.01263158 0.05684211 0.13894737 0.4       ]
val_loss=7.2028
accuracy
[0.01894737 0.07578947 0.15368421 0.41894737]
val_loss=7.5293
accuracy
[0.02315789 0.10736842 0.17263158 0.4       ]
val_loss=7.2767
accuracy
[0.02105263 0.09052632 0.14526316 0.39368421]
val_loss=7.1919
accuracy
[0.02526316 0.11368421 0.17894737 0.40210526]
val_loss=7.3641
accuracy
[0.02315789 0.10315789 0.17052632 0.41263158]
val_loss=7.4772
accuracy
[0.02105263 0.09894737 0.15578947 0.36210526]
val_loss=7.2365
accuracy
[0.02315789 0.09894737 0.16210526 0.40842105]
val_loss=7.8629
accuracy
[0.02105263 0.10315789 0.15578947 0.35578947]
val_loss=7.5668
accuracy
[0.02315789 0.09684211 0.16210526 0.38947368]
val_loss=7.2502
accuracy
[0.01894737 0.10526316 0.16210526 0.35578947]
val_loss=7.6170
accuracy
[0.02526316 0.10315789 0.15789474 0.36      ]
val_loss=7.0098
accuracy
[0.03578947 0.12631579 0.20210526 0.45052632]
val_loss=7.2856
accuracy
[0.02105263 0.11368421 0.17473684 0.45052632]
val_loss=7.4294
accuracy
[0.02315789 0.10526316 0.16631579 0.40631579]
val_loss=8.0658
accuracy
[0.02105263 0.10526316 0.15789474 0.38315789]
val_loss=7.5240
accuracy
[0.02105263 0.10315789 0.16631579 0.39578947]
val_loss=7.4827
accuracy
[0.02526316 0.10526316 0.17894737 0.41052632]
val_loss=7.4702
accuracy
[0.02947368 0.10526316 0.18315789 0.41684211]
val_loss=7.9510
accuracy
[0.02315789 0.10315789 0.16210526 0.35368421]
val_loss=7.7788
accuracy
[0.02315789 0.10315789 0.16       0.38315789]
val_loss=7.5342
accuracy
[0.02526316 0.10315789 0.17894737 0.39789474]
val_loss=7.6712
accuracy
[0.02315789 0.10315789 0.17263158 0.39789474]
val_loss=7.8427
accuracy
[0.02315789 0.10315789 0.16210526 0.38105263]
val_loss=7.7728
accuracy
[0.02315789 0.09894737 0.16       0.38947368]
val_loss=7.7098
accuracy
[0.02526316 0.10315789 0.17684211 0.38315789]
val_loss=7.7472
accuracy
[0.02315789 0.09684211 0.16631579 0.38947368]
val_loss=7.8037
accuracy
[0.02526316 0.10947368 0.16631579 0.41263158]
val_loss=8.0115
accuracy
[0.02315789 0.09684211 0.15789474 0.37263158]
val_loss=7.9580
accuracy
[0.01894737 0.09473684 0.15368421 0.37894737]
val_loss=7.9020
accuracy
[0.02105263 0.10315789 0.15578947 0.37473684]
val_loss=8.0030
accuracy
[0.02315789 0.10315789 0.15578947 0.38315789]
val_loss=7.9767
accuracy
[0.02315789 0.10315789 0.16210526 0.37263158]
val_loss=7.8818
accuracy
[0.02526316 0.10526316 0.16421053 0.39578947]
val_loss=7.8573
accuracy
[0.02736842 0.11157895 0.16631579 0.38736842]
val_loss=7.9585
accuracy
[0.02315789 0.09894737 0.16       0.38315789]
val_loss=7.9185
accuracy
[0.02526316 0.10526316 0.16421053 0.38736842]
val_loss=7.9042
accuracy
[0.02315789 0.10315789 0.16631579 0.38736842]
val_loss=7.9110
accuracy
[0.02315789 0.10526316 0.16631579 0.38736842]
val_loss=7.9232
accuracy
[0.02526316 0.10315789 0.16210526 0.38526316]
val_loss=7.8692
accuracy
[0.02526316 0.10526316 0.16210526 0.38947368]
val_loss=7.9771
accuracy
[0.02315789 0.10315789 0.16       0.38315789]
val_loss=7.9471
accuracy
[0.02526316 0.10526316 0.16       0.38526316]
val_loss=7.9100
accuracy
[0.02526316 0.10315789 0.16210526 0.38736842]
val_loss=7.9457
accuracy
[0.02315789 0.10526316 0.16210526 0.38736842]
val_loss=7.9410
accuracy
[0.02526316 0.10315789 0.16210526 0.38736842]
val_loss=7.9263
accuracy
[0.02526316 0.10526316 0.16421053 0.38947368]
val_loss=7.9684
accuracy
[0.02526316 0.10526316 0.16421053 0.38736842]
val_loss=7.9568
accuracy
[0.02526316 0.10526316 0.16210526 0.38526316]
val_loss=8.0274
accuracy
[0.02315789 0.10105263 0.16       0.38315789]
val_loss=8.0066
accuracy
[0.02315789 0.10315789 0.16       0.38315789]
val_loss=8.0064
accuracy
[0.02315789 0.10315789 0.16421053 0.38526316]
val_loss=7.9937
accuracy
[0.02315789 0.10526316 0.16       0.38736842]
val_loss=7.9503
accuracy
[0.02526316 0.10526316 0.16210526 0.38526316]
val_loss=8.0569
accuracy
[0.02315789 0.10315789 0.15789474 0.38315789]
val_loss=7.9580
accuracy
[0.02526316 0.10526316 0.16210526 0.38736842]
Finished Training
    rehearsal replay buffer: 500 of 2059 source samples
cpu
Finished Training
cpu
Finished Training
cpu
Finished Training
cpu
Finished Training
cpu
Finished Training
cpu
Finished Training
cpu
Finished Training
cpu
Finished Training
cpu
Finished Training
cpu
Finished Training
cpu
Finished Training
cpu
Finished Training
cpu
Finished Training
cpu
Finished Training
cpu
Finished Training
cpu
Finished Training
cpu
Finished Training
cpu
Finished Training
cpu
Finished Training
cpu
Finished Training
cpu
Finished Training
cpu
Finished Training
  seed 7: pretrain on scenario33straight (2059 samples), zero-shot eval on scenario32straight (475 held-out test samples)
cpu
-----------------------------------------------------------------------
      Layer (type)        Output Shape         Param #     Tr. Param #
=======================================================================
          Linear-1           [32, 256]           1,280           1,280
            ReLU-2           [32, 256]               0               0
          Linear-3           [32, 256]          65,792          65,792
          Linear-4           [32, 256]          65,792          65,792
          Linear-5            [32, 16]           4,112           4,112
=======================================================================
Total params: 136,976
Trainable params: 136,976
Non-trainable params: 0
-----------------------------------------------------------------------
val_loss=2.1521
accuracy
[0.19578947 0.67789474 0.80631579 0.95157895]
val_loss=5.1136
accuracy
[0.05894737 0.13263158 0.24421053 0.58526316]
val_loss=7.0686
accuracy
[0.05894737 0.14947368 0.36631579 0.62526316]
val_loss=6.7315
accuracy
[0.06315789 0.13052632 0.31789474 0.53684211]
val_loss=5.6986
accuracy
[0.05473684 0.10105263 0.17894737 0.34526316]
val_loss=4.6798
accuracy
[0.03157895 0.12842105 0.35157895 0.56210526]
val_loss=5.9082
accuracy
[0.03789474 0.10736842 0.24       0.51578947]
val_loss=5.5076
accuracy
[0.04842105 0.18947368 0.40421053 0.55578947]
val_loss=6.9807
accuracy
[0.11157895 0.17263158 0.32       0.47368421]
val_loss=5.5259
accuracy
[0.06105263 0.17894737 0.40842105 0.56210526]
val_loss=7.3936
accuracy
[0.05052632 0.10736842 0.18315789 0.37473684]
val_loss=7.4460
accuracy
[0.07578947 0.16421053 0.27157895 0.43578947]
val_loss=6.4744
accuracy
[0.04421053 0.10736842 0.31157895 0.57052632]
val_loss=7.2459
accuracy
[0.05684211 0.13263158 0.27368421 0.37894737]
val_loss=5.9531
accuracy
[0.03789474 0.13473684 0.25052632 0.51578947]
val_loss=5.4230
accuracy
[0.09684211 0.22315789 0.36       0.51368421]
val_loss=5.7464
accuracy
[0.08842105 0.19157895 0.35789474 0.49052632]
val_loss=6.9417
accuracy
[0.05052632 0.15157895 0.30526316 0.44631579]
val_loss=5.8513
accuracy
[0.04210526 0.15789474 0.30736842 0.68210526]
val_loss=5.8634
accuracy
[0.08       0.18526316 0.31789474 0.48      ]
val_loss=6.3569
accuracy
[0.07368421 0.15368421 0.30947368 0.47789474]
val_loss=6.8337
accuracy
[0.05052632 0.13052632 0.28       0.44210526]
val_loss=6.9329
accuracy
[0.06736842 0.14526316 0.28631579 0.45263158]
val_loss=6.7931
accuracy
[0.05473684 0.13684211 0.28842105 0.45052632]
val_loss=6.9359
accuracy
[0.05263158 0.14105263 0.27789474 0.45052632]
val_loss=7.1074
accuracy
[0.05263158 0.14736842 0.27578947 0.44631579]
val_loss=7.0478
accuracy
[0.05684211 0.13263158 0.26736842 0.42947368]
val_loss=7.1895
accuracy
[0.05052632 0.12421053 0.26947368 0.43157895]
val_loss=7.7025
accuracy
[0.04842105 0.12421053 0.26105263 0.40631579]
val_loss=6.9212
accuracy
[0.05684211 0.14105263 0.28421053 0.45473684]
val_loss=7.5214
accuracy
[0.05894737 0.13052632 0.25684211 0.42105263]
val_loss=7.3916
accuracy
[0.05473684 0.13052632 0.26736842 0.42736842]
val_loss=7.4952
accuracy
[0.06105263 0.13473684 0.26947368 0.42105263]
val_loss=7.9621
accuracy
[0.05684211 0.12       0.25263158 0.40421053]
val_loss=7.0373
accuracy
[0.05263158 0.12842105 0.27578947 0.44421053]
val_loss=7.0085
accuracy
[0.05052632 0.12842105 0.28210526 0.45263158]
val_loss=8.3125
accuracy
[0.05684211 0.12       0.25684211 0.39157895]
val_loss=7.6807
accuracy
[0.05894737 0.13052632 0.26315789 0.41684211]
val_loss=7.8692
accuracy
[0.05894737 0.12842105 0.26105263 0.41052632]
val_loss=7.5562
accuracy
[0.06105263 0.12631579 0.27157895 0.43789474]
val_loss=7.7243
accuracy
[0.05473684 0.12421053 0.25894737 0.40842105]
val_loss=7.8840
accuracy
[0.04       0.11789474 0.24631579 0.39578947]
val_loss=7.8255
accuracy
[0.05894737 0.12210526 0.26105263 0.39789474]
val_loss=7.5496
accuracy
[0.05263158 0.12210526 0.25684211 0.42105263]
val_loss=7.5332
accuracy
[0.05052632 0.12631579 0.26526316 0.42315789]
val_loss=7.8437
accuracy
[0.04631579 0.11789474 0.25263158 0.39789474]
val_loss=7.6809
accuracy
[0.05473684 0.12210526 0.26105263 0.41052632]
val_loss=7.7666
accuracy
[0.04842105 0.12421053 0.26105263 0.41052632]
val_loss=7.8163
accuracy
[0.05263158 0.12210526 0.25473684 0.40631579]
val_loss=7.7981
accuracy
[0.05263158 0.13052632 0.26315789 0.41473684]
val_loss=7.9973
accuracy
[0.05684211 0.12421053 0.25473684 0.40210526]
val_loss=7.8832
accuracy
[0.05263158 0.12631579 0.25473684 0.40842105]
val_loss=7.7361
accuracy
[0.04842105 0.12       0.25684211 0.41473684]
val_loss=8.0793
accuracy
[0.05052632 0.12210526 0.25473684 0.4       ]
val_loss=7.7233
accuracy
[0.05052632 0.12421053 0.26105263 0.41263158]
val_loss=7.7828
accuracy
[0.04842105 0.12421053 0.26105263 0.41684211]
val_loss=7.9885
accuracy
[0.04842105 0.12210526 0.24631579 0.39789474]
val_loss=7.7615
accuracy
[0.04421053 0.12       0.25263158 0.40842105]
val_loss=7.7200
accuracy
[0.04842105 0.12210526 0.25684211 0.40842105]
val_loss=8.0354
accuracy
[0.05052632 0.12210526 0.24631579 0.4       ]
val_loss=7.8804
accuracy
[0.05263158 0.12210526 0.25473684 0.41052632]
val_loss=7.9278
accuracy
[0.05263158 0.12210526 0.25263158 0.40631579]
val_loss=7.9428
accuracy
[0.05052632 0.12210526 0.25263158 0.40631579]
val_loss=7.9532
accuracy
[0.05052632 0.12210526 0.25263158 0.40631579]
val_loss=7.9670
accuracy
[0.05263158 0.12210526 0.25263158 0.40631579]
val_loss=7.9346
accuracy
[0.05052632 0.12210526 0.25263158 0.40842105]
val_loss=7.9104
accuracy
[0.05263158 0.12210526 0.25473684 0.41052632]
val_loss=7.9245
accuracy
[0.05263158 0.12210526 0.25473684 0.41052632]
val_loss=7.9323
accuracy
[0.05052632 0.12210526 0.25473684 0.41052632]
val_loss=7.9613
accuracy
[0.05052632 0.12210526 0.25473684 0.40631579]
val_loss=8.0100
accuracy
[0.05263158 0.12210526 0.25263158 0.40210526]
val_loss=7.9410
accuracy
[0.05263158 0.12210526 0.25263158 0.40842105]
val_loss=7.9738
accuracy
[0.04842105 0.12210526 0.25473684 0.40842105]
val_loss=8.0121
accuracy
[0.04842105 0.12210526 0.25473684 0.40631579]
val_loss=8.0386
accuracy
[0.05263158 0.12210526 0.25263158 0.40631579]
val_loss=7.9359
accuracy
[0.05052632 0.12210526 0.25894737 0.41052632]
val_loss=7.9954
accuracy
[0.04842105 0.12210526 0.25263158 0.40631579]
val_loss=8.0056
accuracy
[0.04842105 0.12210526 0.25263158 0.40631579]
val_loss=8.0129
accuracy
[0.05263158 0.12210526 0.25263158 0.40631579]
val_loss=7.9955
accuracy
[0.05263158 0.12210526 0.25684211 0.40842105]
Finished Training
    rehearsal replay buffer: 500 of 2059 source samples
cpu
Finished Training
cpu
Finished Training
cpu
Finished Training
cpu
Finished Training
cpu
Finished Training
cpu
Finished Training
cpu
Finished Training
cpu
Finished Training
cpu
Finished Training
cpu
Finished Training
cpu
Finished Training
cpu
Finished Training
cpu
Finished Training
cpu
Finished Training
cpu
Finished Training
cpu
Finished Training
cpu
Finished Training
cpu
Finished Training
cpu
Finished Training
cpu
Finished Training
cpu
Finished Training
cpu
Finished Training
  seed 8: pretrain on scenario33straight (2059 samples), zero-shot eval on scenario32straight (475 held-out test samples)
cpu
-----------------------------------------------------------------------
      Layer (type)        Output Shape         Param #     Tr. Param #
=======================================================================
          Linear-1           [32, 256]           1,280           1,280
            ReLU-2           [32, 256]               0               0
          Linear-3           [32, 256]          65,792          65,792
          Linear-4           [32, 256]          65,792          65,792
          Linear-5            [32, 16]           4,112           4,112
=======================================================================
Total params: 136,976
Trainable params: 136,976
Non-trainable params: 0
-----------------------------------------------------------------------
val_loss=1.4966
accuracy
[0.33473684 0.77052632 0.93052632 0.97473684]
val_loss=8.0246
accuracy
[0.02736842 0.08842105 0.17263158 0.42947368]
val_loss=8.1688
accuracy
[0.07157895 0.18736842 0.38736842 0.59789474]
val_loss=6.3730
accuracy
[0.02947368 0.08       0.16842105 0.49684211]
val_loss=7.5253
accuracy
[0.04       0.09894737 0.21684211 0.41684211]
val_loss=9.1131
accuracy
[0.03157895 0.08       0.21473684 0.39368421]
val_loss=7.2032
accuracy
[0.03368421 0.08842105 0.20631579 0.35368421]
val_loss=6.0309
accuracy
[0.07157895 0.17052632 0.38526316 0.56631579]
val_loss=5.7502
accuracy
[0.04842105 0.17894737 0.35578947 0.47368421]
val_loss=6.0564
accuracy
[0.02736842 0.09473684 0.28631579 0.52631579]
val_loss=6.0681
accuracy
[0.06947368 0.16210526 0.28210526 0.42526316]
val_loss=5.3094
accuracy
[0.04631579 0.21263158 0.44210526 0.79368421]
val_loss=6.4990
accuracy
[0.04421053 0.12       0.26736842 0.42105263]
val_loss=5.6593
accuracy
[0.04       0.12842105 0.36421053 0.56421053]
val_loss=6.8104
accuracy
[0.02105263 0.07157895 0.20631579 0.38947368]
val_loss=6.9275
accuracy
[0.02526316 0.11789474 0.26736842 0.41473684]
val_loss=6.1070
accuracy
[0.05263158 0.12421053 0.29052632 0.52210526]
val_loss=5.4665
accuracy
[0.03789474 0.12421053 0.37263158 0.69263158]
val_loss=6.1051
accuracy
[0.07789474 0.15789474 0.26736842 0.42526316]
val_loss=7.6054
accuracy
[0.02736842 0.07578947 0.16631579 0.30736842]
val_loss=6.4979
accuracy
[0.03578947 0.10947368 0.24631579 0.44      ]
val_loss=6.3700
accuracy
[0.04631579 0.13894737 0.25263158 0.43789474]
val_loss=6.6413
accuracy
[0.04421053 0.11578947 0.21684211 0.41684211]
val_loss=6.9384
accuracy
[0.04421053 0.12631579 0.20631579 0.39789474]
val_loss=7.0965
accuracy
[0.04421053 0.11578947 0.17263158 0.38947368]
val_loss=7.0421
accuracy
[0.04       0.09052632 0.15157895 0.50105263]
val_loss=7.5453
accuracy
[0.04       0.10947368 0.18315789 0.41473684]
val_loss=6.9926
accuracy
[0.04       0.09473684 0.15578947 0.53894737]
val_loss=6.9292
accuracy
[0.04842105 0.11157895 0.17263158 0.56      ]
val_loss=6.8213
accuracy
[0.03578947 0.09894737 0.16       0.58315789]
val_loss=6.8832
accuracy
[0.04210526 0.11157895 0.20631579 0.63368421]
val_loss=7.0904
accuracy
[0.03368421 0.07789474 0.14947368 0.57473684]
val_loss=7.2209
accuracy
[0.04210526 0.10105263 0.15789474 0.55578947]
val_loss=6.8062
accuracy
[0.03157895 0.08210526 0.17684211 0.61894737]
val_loss=6.9591
accuracy
[0.04631579 0.11789474 0.19578947 0.62105263]
val_loss=6.9234
accuracy
[0.04631579 0.11368421 0.17263158 0.6       ]
val_loss=7.1656
accuracy
[0.04421053 0.11789474 0.19368421 0.59368421]
val_loss=6.9458
accuracy
[0.04       0.10736842 0.16210526 0.60842105]
val_loss=6.8354
accuracy
[0.04210526 0.10105263 0.17894737 0.62947368]
val_loss=7.2822
accuracy
[0.02526316 0.07368421 0.13473684 0.56842105]
val_loss=7.1535
accuracy
[0.04       0.08631579 0.15157895 0.59157895]
val_loss=7.1065
accuracy
[0.04       0.10105263 0.15578947 0.60421053]
val_loss=7.0455
accuracy
[0.04421053 0.10736842 0.17473684 0.61473684]
val_loss=7.4564
accuracy
[0.04       0.08421053 0.15157895 0.58947368]
val_loss=7.0973
accuracy
[0.04       0.09894737 0.16421053 0.61052632]
val_loss=7.1933
accuracy
[0.04210526 0.09684211 0.16210526 0.60421053]
val_loss=7.1579
accuracy
[0.04       0.10105263 0.16       0.60210526]
val_loss=7.1246
accuracy
[0.04       0.10315789 0.16       0.61684211]
val_loss=7.1398
accuracy
[0.04210526 0.10105263 0.16421053 0.61473684]
val_loss=7.2108
accuracy
[0.04421053 0.10736842 0.17684211 0.61473684]
val_loss=7.1841
accuracy
[0.04210526 0.10315789 0.16631579 0.61684211]
val_loss=7.1976
accuracy
[0.04       0.09263158 0.15789474 0.61263158]
val_loss=7.3796
accuracy
[0.04210526 0.10526316 0.16210526 0.60842105]
val_loss=7.3113
accuracy
[0.04210526 0.09894737 0.15789474 0.61473684]
val_loss=6.9950
accuracy
[0.04421053 0.11157895 0.17894737 0.64842105]
val_loss=7.0700
accuracy
[0.04       0.10105263 0.17894737 0.63789474]
val_loss=7.2544
accuracy
[0.04       0.09684211 0.14947368 0.61263158]
val_loss=7.2576
accuracy
[0.04210526 0.09894737 0.15789474 0.61684211]
val_loss=7.2405
accuracy
[0.04210526 0.09473684 0.15157895 0.61263158]
val_loss=7.1333
accuracy
[0.04210526 0.09263158 0.15789474 0.64      ]
val_loss=7.3146
accuracy
[0.04210526 0.09684211 0.16210526 0.61684211]
val_loss=7.3900
accuracy
[0.04210526 0.09473684 0.16       0.60631579]
val_loss=7.3136
accuracy
[0.04210526 0.10105263 0.16       0.61684211]
val_loss=7.3754
accuracy
[0.04210526 0.09684211 0.15578947 0.60842105]
val_loss=7.3465
accuracy
[0.04210526 0.09684211 0.15368421 0.61263158]
val_loss=7.2883
accuracy
[0.04210526 0.10105263 0.15789474 0.61894737]
val_loss=7.4154
accuracy
[0.04210526 0.09473684 0.15368421 0.60421053]
val_loss=7.3478
accuracy
[0.04       0.09684211 0.15368421 0.61473684]
val_loss=7.3605
accuracy
[0.04210526 0.09052632 0.15368421 0.61263158]
val_loss=7.3349
accuracy
[0.04210526 0.09894737 0.16       0.61894737]
val_loss=7.3418
accuracy
[0.04210526 0.09684211 0.15789474 0.61894737]
val_loss=7.3266
accuracy
[0.04210526 0.09684211 0.16       0.61894737]
val_loss=7.3590
accuracy
[0.04210526 0.10105263 0.16       0.61473684]
val_loss=7.3492
accuracy
[0.04210526 0.09894737 0.16       0.61894737]
val_loss=7.4351
accuracy
[0.04210526 0.09894737 0.16       0.61052632]
val_loss=7.3836
accuracy
[0.04210526 0.09684211 0.15368421 0.61894737]
val_loss=7.3544
accuracy
[0.04210526 0.09894737 0.15578947 0.61894737]
val_loss=7.4046
accuracy
[0.04210526 0.09684211 0.15368421 0.61473684]
val_loss=7.3219
accuracy
[0.04210526 0.10105263 0.15578947 0.62105263]
val_loss=7.3414
accuracy
[0.04210526 0.09894737 0.15578947 0.62105263]
Finished Training
    rehearsal replay buffer: 500 of 2059 source samples
cpu
Finished Training
cpu
Finished Training
cpu
Finished Training
cpu
Finished Training
cpu
Finished Training
cpu
Finished Training
cpu
Finished Training
cpu
Finished Training
cpu
Finished Training
cpu
Finished Training
cpu
Finished Training
cpu
Finished Training
cpu
Finished Training
cpu
Finished Training
cpu
Finished Training
cpu
Finished Training
cpu
Finished Training
cpu
Finished Training
cpu
Finished Training
cpu
Finished Training
cpu
Finished Training
cpu
Finished Training
  seed 9: pretrain on scenario33straight (2059 samples), zero-shot eval on scenario32straight (475 held-out test samples)
cpu
-----------------------------------------------------------------------
      Layer (type)        Output Shape         Param #     Tr. Param #
=======================================================================
          Linear-1           [32, 256]           1,280           1,280
            ReLU-2           [32, 256]               0               0
          Linear-3           [32, 256]          65,792          65,792
          Linear-4           [32, 256]          65,792          65,792
          Linear-5            [32, 16]           4,112           4,112
=======================================================================
Total params: 136,976
Trainable params: 136,976
Non-trainable params: 0
-----------------------------------------------------------------------
val_loss=3.0406
accuracy
[0.04210526 0.21473684 0.49473684 0.77052632]
val_loss=5.4530
accuracy
[0.08421053 0.19789474 0.26947368 0.53684211]
val_loss=6.2536
accuracy
[0.06947368 0.17052632 0.38736842 0.51368421]
val_loss=6.9725
accuracy
[0.03578947 0.10526316 0.36421053 0.54526316]
val_loss=6.0914
accuracy
[0.05263158 0.14315789 0.33894737 0.56842105]
val_loss=8.2888
accuracy
[0.05473684 0.11157895 0.21263158 0.32631579]
val_loss=8.2692
accuracy
[0.08421053 0.16421053 0.24842105 0.35789474]
val_loss=7.9471
accuracy
[0.07789474 0.17052632 0.30105263 0.41473684]
val_loss=7.1475
accuracy
[0.05263158 0.17894737 0.30315789 0.44421053]
val_loss=8.0248
accuracy
[0.04       0.08421053 0.16421053 0.33894737]
val_loss=7.6571
accuracy
[0.06947368 0.26736842 0.41052632 0.50105263]
val_loss=7.9070
accuracy
[0.04631579 0.07789474 0.16842105 0.35578947]
val_loss=6.4463
accuracy
[0.07789474 0.17263158 0.28842105 0.49894737]
val_loss=7.9604
accuracy
[0.02736842 0.05263158 0.11789474 0.27157895]
val_loss=6.7122
accuracy
[0.05894737 0.16421053 0.28       0.45052632]
val_loss=6.0757
accuracy
[0.03368421 0.2        0.36       0.50947368]
val_loss=7.6291
accuracy
[0.06736842 0.12       0.18947368 0.36210526]
val_loss=6.5942
accuracy
[0.04       0.12421053 0.30947368 0.43157895]
val_loss=8.3766
accuracy
[0.05894737 0.10105263 0.20421053 0.41052632]
val_loss=6.8092
accuracy
[0.04       0.11578947 0.21473684 0.40842105]
val_loss=7.1258
accuracy
[0.06315789 0.14105263 0.24631579 0.41894737]
val_loss=7.1158
accuracy
[0.03789474 0.11368421 0.20421053 0.42947368]
val_loss=7.3224
accuracy
[0.05473684 0.12210526 0.21473684 0.42315789]
val_loss=7.7632
accuracy
[0.05263158 0.10736842 0.18105263 0.41473684]
val_loss=7.7104
accuracy
[0.05894737 0.12631579 0.18947368 0.41052632]
val_loss=7.3686
accuracy
[0.05894737 0.13052632 0.20210526 0.42736842]
val_loss=7.7096
accuracy
[0.04842105 0.12210526 0.19157895 0.41263158]
val_loss=7.9368
accuracy
[0.04       0.10736842 0.17684211 0.41263158]
val_loss=7.3798
accuracy
[0.04631579 0.10736842 0.19789474 0.42105263]
val_loss=8.0175
accuracy
[0.06526316 0.13263158 0.17684211 0.41473684]
val_loss=8.5503
accuracy
[0.03368421 0.09684211 0.15368421 0.38315789]
val_loss=8.1295
accuracy
[0.04421053 0.10105263 0.14105263 0.39578947]
val_loss=8.2466
accuracy
[0.04       0.10736842 0.17263158 0.39789474]
val_loss=8.3607
accuracy
[0.06736842 0.14315789 0.21052632 0.42315789]
val_loss=8.2551
accuracy
[0.06105263 0.12842105 0.17052632 0.40631579]
val_loss=7.9589
accuracy
[0.02947368 0.09473684 0.15789474 0.40631579]
val_loss=8.1006
accuracy
[0.05894737 0.11789474 0.17473684 0.40421053]
val_loss=8.1293
accuracy
[0.05684211 0.13052632 0.20631579 0.41473684]
val_loss=8.1514
accuracy
[0.04210526 0.10526316 0.16631579 0.4       ]
val_loss=8.0195
accuracy
[0.05263158 0.10736842 0.17052632 0.40210526]
val_loss=8.2504
accuracy
[0.04631579 0.10947368 0.17263158 0.4       ]
val_loss=8.4352
accuracy
[0.03578947 0.10105263 0.15368421 0.39578947]
val_loss=8.2525
accuracy
[0.03789474 0.10105263 0.16       0.39789474]
val_loss=8.1812
accuracy
[0.03789474 0.10315789 0.16421053 0.40210526]
val_loss=8.2796
accuracy
[0.05052632 0.11157895 0.17473684 0.40631579]
val_loss=8.4749
accuracy
[0.04       0.10105263 0.16210526 0.39578947]
val_loss=8.5355
accuracy
[0.05052632 0.11157895 0.16421053 0.4       ]
val_loss=8.3033
accuracy
[0.04       0.10526316 0.16631579 0.40210526]
val_loss=8.3790
accuracy
[0.05052632 0.10736842 0.16421053 0.4       ]
val_loss=8.3885
accuracy
[0.04       0.09684211 0.16210526 0.39789474]
val_loss=8.4672
accuracy
[0.04631579 0.10315789 0.16210526 0.39789474]
val_loss=8.3705
accuracy
[0.04210526 0.10105263 0.16210526 0.4       ]
val_loss=8.4562
accuracy
[0.03789474 0.10315789 0.15368421 0.39789474]
val_loss=8.7214
accuracy
[0.04421053 0.10105263 0.15368421 0.39578947]
val_loss=8.5244
accuracy
[0.03578947 0.09684211 0.15157895 0.39578947]
val_loss=8.6312
accuracy
[0.04631579 0.10315789 0.15578947 0.39578947]
val_loss=8.5353
accuracy
[0.04       0.09894737 0.16210526 0.39789474]
val_loss=8.4522
accuracy
[0.03789474 0.09684211 0.15578947 0.39789474]
val_loss=8.5171
accuracy
[0.04       0.09684211 0.15789474 0.39789474]
val_loss=8.6138
accuracy
[0.04421053 0.10105263 0.15368421 0.4       ]
val_loss=8.5257
accuracy
[0.04421053 0.10526316 0.16421053 0.40210526]
val_loss=8.5824
accuracy
[0.04631579 0.10315789 0.16421053 0.4       ]
val_loss=8.4980
accuracy
[0.04210526 0.10315789 0.16210526 0.40210526]
val_loss=8.5492
accuracy
[0.04421053 0.10526316 0.16421053 0.40210526]
val_loss=8.5894
accuracy
[0.04631579 0.10105263 0.16421053 0.4       ]
val_loss=8.4703
accuracy
[0.04421053 0.10315789 0.16631579 0.40210526]
val_loss=8.5944
accuracy
[0.04421053 0.10105263 0.16421053 0.39789474]
val_loss=8.5764
accuracy
[0.04421053 0.10315789 0.16631579 0.4       ]
val_loss=8.6584
accuracy
[0.04631579 0.10105263 0.16       0.39578947]
val_loss=8.6342
accuracy
[0.04421053 0.10105263 0.16421053 0.39578947]
val_loss=8.6459
accuracy
[0.04421053 0.10105263 0.16       0.39578947]
val_loss=8.5179
accuracy
[0.04631579 0.10315789 0.16631579 0.40210526]
val_loss=8.6581
accuracy
[0.04631579 0.10105263 0.16421053 0.39578947]
val_loss=8.6111
accuracy
[0.04       0.09894737 0.16       0.39789474]
val_loss=8.5432
accuracy
[0.04421053 0.10105263 0.16631579 0.40210526]
val_loss=8.7447
accuracy
[0.04631579 0.09894737 0.15368421 0.39578947]
val_loss=8.6100
accuracy
[0.04421053 0.10105263 0.16210526 0.4       ]
val_loss=8.5923
accuracy
[0.04631579 0.10315789 0.16210526 0.40210526]
val_loss=8.6833
accuracy
[0.04631579 0.10105263 0.16210526 0.39578947]
val_loss=8.5670
accuracy
[0.04       0.10315789 0.15789474 0.40210526]
Finished Training
    rehearsal replay buffer: 500 of 2059 source samples
cpu
Finished Training
cpu
Finished Training
cpu
Finished Training
cpu
Finished Training
cpu
Finished Training
cpu
Finished Training
cpu
Finished Training
cpu
Finished Training
cpu
Finished Training
cpu
Finished Training
cpu
Finished Training
cpu
Finished Training
cpu
Finished Training
cpu
Finished Training
cpu
Finished Training
cpu
Finished Training
cpu
Finished Training
cpu
Finished Training
cpu
Finished Training
cpu
Finished Training
cpu
Finished Training
cpu
Finished Training
Saved result\stage1_s33straight_to_s32straight_rehearsal_acc.mat and result\stage1_s33straight_to_s32straight_rehearsal_pwr.mat (10/10 seeds completed)

=== Rehearsal-extended batch-3 summary: mean top-2 accuracy per comparison ===
s7_to_s3         0= 14.16%  100= 14.93%  200= 20.47%
s7_to_s4         0= 20.08%  100= 22.01%  200= 27.67%
s7_to_s32straight 0=  0.74%  100= 65.22%  200= 71.31%
s32straight_to_s2 0=  8.20%  100= 11.92%  200= 26.77%
s32straight_to_s3 0=  3.36%  100= 17.92%  200= 25.13%
s32straight_to_s7 0=  2.22%  100= 22.51%  200= 27.66%
s32straight_to_s33straight 0= 16.41%  100= 42.78%  200= 76.16%
s33straight_to_s2 0=  7.51%  100= 21.85%  200= 25.76%
s33straight_to_s4 0=  0.80%  100= 22.86%  200= 27.25%
s33straight_to_s32straight 0= 11.43%  100= 57.14%  200= 78.00%

Completed 10/10 comparisons successfully.
Rehearsal-extended batch-3 complete.
