Using global (7-scenario) normalization: max_xy=52.5987, max_dist=53.2021
Running 6 rehearsal comparisons, 10 seeds each.

======================================================================
Rehearsal comparison: scenario1 -> scenario7  (s1_to_s7)
======================================================================
  seed 0: pretrain on scenario1 (1928 samples), zero-shot eval on scenario7 (171 held-out test samples)
cpu
-----------------------------------------------------------------------
      Layer (type)        Output Shape         Param #     Tr. Param #
=======================================================================
          Linear-1           [32, 256]           1,280           1,280
            ReLU-2           [32, 256]               0               0
          Linear-3           [32, 256]          65,792          65,792
          Linear-4           [32, 256]          65,792          65,792
          Linear-5            [32, 16]           4,112           4,112
=======================================================================
Total params: 136,976
Trainable params: 136,976
Non-trainable params: 0
-----------------------------------------------------------------------
val_loss=47.3522
accuracy
[0.02923977 0.05847953 0.06432749 0.12865497]
val_loss=66.0710
accuracy
[0.02923977 0.03508772 0.06432749 0.14619883]
val_loss=47.3321
accuracy
[0.02923977 0.03508772 0.06432749 0.1754386 ]
val_loss=47.1766
accuracy
[0.00584795 0.03508772 0.06432749 0.1754386 ]
val_loss=45.9777
accuracy
[0.00584795 0.03508772 0.06432749 0.15789474]
val_loss=47.0806
accuracy
[0.00584795 0.03508772 0.06432749 0.19883041]
val_loss=57.7928
accuracy
[0.00584795 0.03508772 0.06432749 0.1871345 ]
val_loss=65.7182
accuracy
[0.00584795 0.03508772 0.06432749 0.1871345 ]
val_loss=56.9555
accuracy
[0.00584795 0.03508772 0.06432749 0.1871345 ]
val_loss=63.4510
accuracy
[0.00584795 0.03508772 0.06432749 0.20467836]
val_loss=63.0709
accuracy
[0.00584795 0.03508772 0.06432749 0.30409357]
val_loss=52.9653
accuracy
[0.00584795 0.03508772 0.06432749 0.1871345 ]
val_loss=57.6728
accuracy
[0.00584795 0.03508772 0.06432749 0.1871345 ]
val_loss=50.5761
accuracy
[0.00584795 0.03508772 0.06432749 0.16959064]
val_loss=51.6760
accuracy
[0.00584795 0.03508772 0.06432749 0.29824561]
val_loss=56.2638
accuracy
[0.00584795 0.03508772 0.06432749 0.32163743]
val_loss=56.0537
accuracy
[0.00584795 0.03508772 0.06432749 0.32163743]
val_loss=51.3242
accuracy
[0.00584795 0.03508772 0.06432749 0.21052632]
val_loss=56.0916
accuracy
[0.00584795 0.03508772 0.06432749 0.16959064]
val_loss=58.4454
accuracy
[0.00584795 0.03508772 0.06432749 0.16959064]
val_loss=60.1502
accuracy
[0.00584795 0.03508772 0.06432749 0.16959064]
val_loss=61.8756
accuracy
[0.00584795 0.03508772 0.06432749 0.16959064]
val_loss=60.8899
accuracy
[0.00584795 0.03508772 0.06432749 0.16959064]
val_loss=61.5857
accuracy
[0.00584795 0.03508772 0.06432749 0.16959064]
val_loss=62.7229
accuracy
[0.00584795 0.03508772 0.06432749 0.16959064]
val_loss=62.4882
accuracy
[0.00584795 0.03508772 0.06432749 0.16959064]
val_loss=63.7938
accuracy
[0.00584795 0.03508772 0.06432749 0.16959064]
val_loss=64.2104
accuracy
[0.00584795 0.03508772 0.06432749 0.16959064]
val_loss=66.8060
accuracy
[0.00584795 0.03508772 0.06432749 0.16959064]
val_loss=65.1265
accuracy
[0.00584795 0.03508772 0.06432749 0.16959064]
val_loss=65.3563
accuracy
[0.00584795 0.03508772 0.06432749 0.16959064]
val_loss=66.4546
accuracy
[0.00584795 0.03508772 0.06432749 0.16959064]
val_loss=66.2830
accuracy
[0.00584795 0.03508772 0.06432749 0.16959064]
val_loss=66.6134
accuracy
[0.00584795 0.03508772 0.06432749 0.16959064]
val_loss=68.3590
accuracy
[0.00584795 0.03508772 0.06432749 0.16959064]
val_loss=67.9512
accuracy
[0.00584795 0.03508772 0.06432749 0.16959064]
val_loss=68.5767
accuracy
[0.00584795 0.03508772 0.06432749 0.16959064]
val_loss=67.2129
accuracy
[0.00584795 0.03508772 0.06432749 0.16959064]
val_loss=67.8999
accuracy
[0.00584795 0.03508772 0.06432749 0.16959064]
val_loss=68.2619
accuracy
[0.00584795 0.03508772 0.06432749 0.16959064]
val_loss=69.0352
accuracy
[0.00584795 0.03508772 0.06432749 0.16959064]
val_loss=68.9703
accuracy
[0.00584795 0.03508772 0.06432749 0.16959064]
val_loss=69.0766
accuracy
[0.00584795 0.03508772 0.06432749 0.16959064]
val_loss=69.3508
accuracy
[0.00584795 0.03508772 0.06432749 0.16959064]
val_loss=69.3003
accuracy
[0.00584795 0.03508772 0.06432749 0.16959064]
val_loss=69.6351
accuracy
[0.00584795 0.03508772 0.06432749 0.16959064]
val_loss=70.3466
accuracy
[0.00584795 0.03508772 0.06432749 0.16959064]
val_loss=70.2710
accuracy
[0.00584795 0.03508772 0.06432749 0.16959064]
val_loss=70.5078
accuracy
[0.00584795 0.03508772 0.06432749 0.16959064]
val_loss=70.7020
accuracy
[0.00584795 0.03508772 0.06432749 0.16959064]
val_loss=70.8599
accuracy
[0.00584795 0.03508772 0.06432749 0.16959064]
val_loss=70.4663
accuracy
[0.00584795 0.03508772 0.06432749 0.16959064]
val_loss=71.0902
accuracy
[0.00584795 0.03508772 0.06432749 0.16959064]
val_loss=70.5843
accuracy
[0.00584795 0.03508772 0.06432749 0.16959064]
val_loss=71.3381
accuracy
[0.00584795 0.03508772 0.06432749 0.16959064]
val_loss=70.9232
accuracy
[0.00584795 0.03508772 0.06432749 0.16959064]
val_loss=71.8033
accuracy
[0.00584795 0.03508772 0.06432749 0.16959064]
val_loss=71.3432
accuracy
[0.00584795 0.03508772 0.06432749 0.16959064]
val_loss=71.2968
accuracy
[0.00584795 0.03508772 0.06432749 0.16959064]
val_loss=71.8562
accuracy
[0.00584795 0.03508772 0.06432749 0.16959064]
val_loss=71.4529
accuracy
[0.00584795 0.03508772 0.06432749 0.16959064]
val_loss=71.4307
accuracy
[0.00584795 0.03508772 0.06432749 0.16959064]
val_loss=71.4022
accuracy
[0.00584795 0.03508772 0.06432749 0.16959064]
val_loss=71.5989
accuracy
[0.00584795 0.03508772 0.06432749 0.16959064]
val_loss=71.5491
accuracy
[0.00584795 0.03508772 0.06432749 0.16959064]
val_loss=71.5749
accuracy
[0.00584795 0.03508772 0.06432749 0.16959064]
val_loss=71.5866
accuracy
[0.00584795 0.03508772 0.06432749 0.16959064]
val_loss=71.7790
accuracy
[0.00584795 0.03508772 0.06432749 0.16959064]
val_loss=71.7414
accuracy
[0.00584795 0.03508772 0.06432749 0.16959064]
val_loss=71.8052
accuracy
[0.00584795 0.03508772 0.06432749 0.16959064]
val_loss=71.8724
accuracy
[0.00584795 0.03508772 0.06432749 0.16959064]
val_loss=71.8000
accuracy
[0.00584795 0.03508772 0.06432749 0.16959064]
val_loss=71.9340
accuracy
[0.00584795 0.03508772 0.06432749 0.16959064]
val_loss=71.8846
accuracy
[0.00584795 0.03508772 0.06432749 0.16959064]
val_loss=71.8815
accuracy
[0.00584795 0.03508772 0.06432749 0.16959064]
val_loss=71.8504
accuracy
[0.00584795 0.03508772 0.06432749 0.16959064]
val_loss=72.0927
accuracy
[0.00584795 0.03508772 0.06432749 0.16959064]
val_loss=72.0918
accuracy
[0.00584795 0.03508772 0.06432749 0.16959064]
val_loss=72.1637
accuracy
[0.00584795 0.03508772 0.06432749 0.16959064]
val_loss=71.9496
accuracy
[0.00584795 0.03508772 0.06432749 0.16959064]
Finished Training
    rehearsal replay buffer: 500 of 1928 source samples
cpu
Finished Training
cpu
Finished Training
cpu
Finished Training
cpu
Finished Training
cpu
Finished Training
cpu
Finished Training
cpu
Finished Training
cpu
Finished Training
cpu
Finished Training
cpu
Finished Training
cpu
Finished Training
cpu
Finished Training
cpu
Finished Training
cpu
Finished Training
cpu
Finished Training
cpu
Finished Training
cpu
Finished Training
cpu
Finished Training
cpu
Finished Training
cpu
Finished Training
cpu
Finished Training
cpu
Finished Training
  seed 1: pretrain on scenario1 (1928 samples), zero-shot eval on scenario7 (171 held-out test samples)
cpu
-----------------------------------------------------------------------
      Layer (type)        Output Shape         Param #     Tr. Param #
=======================================================================
          Linear-1           [32, 256]           1,280           1,280
            ReLU-2           [32, 256]               0               0
          Linear-3           [32, 256]          65,792          65,792
          Linear-4           [32, 256]          65,792          65,792
          Linear-5            [32, 16]           4,112           4,112
=======================================================================
Total params: 136,976
Trainable params: 136,976
Non-trainable params: 0
-----------------------------------------------------------------------
val_loss=31.1599
accuracy
[0.00584795 0.05263158 0.07017544 0.14619883]
val_loss=25.2980
accuracy
[0.00584795 0.04678363 0.07017544 0.15204678]
val_loss=38.2318
accuracy
[0.00584795 0.04678363 0.07017544 0.1754386 ]
val_loss=33.6557
accuracy
[0.00584795 0.04678363 0.07017544 0.1754386 ]
val_loss=45.2515
accuracy
[0.00584795 0.04678363 0.07017544 0.1754386 ]
val_loss=43.7691
accuracy
[0.00584795 0.04678363 0.07017544 0.1754386 ]
val_loss=43.3632
accuracy
[0.00584795 0.04678363 0.07017544 0.1754386 ]
val_loss=44.9404
accuracy
[0.00584795 0.04678363 0.07017544 0.31578947]
val_loss=45.2502
accuracy
[0.04093567 0.04678363 0.07017544 0.31578947]
val_loss=46.1236
accuracy
[0.00584795 0.04678363 0.07017544 0.28070175]
val_loss=43.9909
accuracy
[0.00584795 0.04678363 0.07017544 0.1754386 ]
val_loss=53.0393
accuracy
[0.00584795 0.04678363 0.07017544 0.20467836]
val_loss=55.7578
accuracy
[0.00584795 0.04678363 0.07017544 0.20467836]
val_loss=63.6104
accuracy
[0.00584795 0.04678363 0.07017544 0.20467836]
val_loss=58.6612
accuracy
[0.00584795 0.04678363 0.07017544 0.20467836]
val_loss=63.8208
accuracy
[0.00584795 0.04678363 0.07017544 0.20467836]
val_loss=59.0927
accuracy
[0.00584795 0.04678363 0.07017544 0.29239766]
val_loss=64.2935
accuracy
[0.00584795 0.04678363 0.07017544 0.20467836]
val_loss=48.9355
accuracy
[0.00584795 0.04678363 0.07017544 0.15789474]
val_loss=60.8599
accuracy
[0.00584795 0.04678363 0.07017544 0.15789474]
val_loss=62.9655
accuracy
[0.00584795 0.04678363 0.07017544 0.15789474]
val_loss=66.0036
accuracy
[0.00584795 0.04678363 0.07017544 0.15789474]
val_loss=67.6593
accuracy
[0.00584795 0.04678363 0.07017544 0.15789474]
val_loss=69.6273
accuracy
[0.00584795 0.04678363 0.07017544 0.15789474]
val_loss=70.0737
accuracy
[0.00584795 0.04678363 0.07017544 0.15789474]
val_loss=70.5039
accuracy
[0.00584795 0.04678363 0.07017544 0.15789474]
val_loss=72.1100
accuracy
[0.00584795 0.04678363 0.07017544 0.15789474]
val_loss=72.7088
accuracy
[0.00584795 0.04678363 0.07017544 0.15789474]
val_loss=74.5728
accuracy
[0.00584795 0.04678363 0.07017544 0.15789474]
val_loss=74.2148
accuracy
[0.00584795 0.04678363 0.07017544 0.15789474]
val_loss=74.4617
accuracy
[0.00584795 0.04678363 0.07017544 0.15789474]
val_loss=75.0769
accuracy
[0.00584795 0.04678363 0.07017544 0.15789474]
val_loss=74.8919
accuracy
[0.00584795 0.04678363 0.07017544 0.15789474]
val_loss=74.8333
accuracy
[0.00584795 0.04678363 0.07017544 0.15789474]
val_loss=76.3629
accuracy
[0.00584795 0.04678363 0.07017544 0.15789474]
val_loss=75.5683
accuracy
[0.00584795 0.04678363 0.07017544 0.15789474]
val_loss=75.4790
accuracy
[0.00584795 0.04678363 0.07017544 0.15789474]
val_loss=75.2754
accuracy
[0.00584795 0.04678363 0.07017544 0.15789474]
val_loss=75.9438
accuracy
[0.00584795 0.04678363 0.07017544 0.15789474]
val_loss=75.3322
accuracy
[0.00584795 0.04678363 0.07017544 0.15789474]
val_loss=75.8968
accuracy
[0.00584795 0.04678363 0.07017544 0.15789474]
val_loss=75.9404
accuracy
[0.00584795 0.04678363 0.07017544 0.15789474]
val_loss=76.5149
accuracy
[0.00584795 0.04678363 0.07017544 0.15789474]
val_loss=76.3168
accuracy
[0.00584795 0.04678363 0.07017544 0.15789474]
val_loss=76.3100
accuracy
[0.00584795 0.04678363 0.07017544 0.15789474]
val_loss=76.8999
accuracy
[0.00584795 0.04678363 0.07017544 0.15789474]
val_loss=76.7903
accuracy
[0.00584795 0.04678363 0.07017544 0.15789474]
val_loss=77.0800
accuracy
[0.00584795 0.04678363 0.07017544 0.15789474]
val_loss=77.2255
accuracy
[0.00584795 0.04678363 0.07017544 0.15789474]
val_loss=77.5898
accuracy
[0.00584795 0.04678363 0.07017544 0.15789474]
val_loss=77.3966
accuracy
[0.00584795 0.04678363 0.07017544 0.15789474]
val_loss=77.7839
accuracy
[0.00584795 0.04678363 0.07017544 0.15789474]
val_loss=77.9128
accuracy
[0.00584795 0.04678363 0.07017544 0.15789474]
val_loss=78.1309
accuracy
[0.00584795 0.04678363 0.07017544 0.15789474]
val_loss=77.7939
accuracy
[0.00584795 0.04678363 0.07017544 0.15789474]
val_loss=78.6087
accuracy
[0.00584795 0.04678363 0.07017544 0.15789474]
val_loss=78.6067
accuracy
[0.00584795 0.04678363 0.07017544 0.15789474]
val_loss=78.5325
accuracy
[0.00584795 0.04678363 0.07017544 0.15789474]
val_loss=79.4292
accuracy
[0.00584795 0.04678363 0.07017544 0.15789474]
val_loss=78.3269
accuracy
[0.00584795 0.04678363 0.07017544 0.15789474]
val_loss=79.0003
accuracy
[0.00584795 0.04678363 0.07017544 0.15789474]
val_loss=79.0726
accuracy
[0.00584795 0.04678363 0.07017544 0.15789474]
val_loss=78.9740
accuracy
[0.00584795 0.04678363 0.07017544 0.15789474]
val_loss=79.1338
accuracy
[0.00584795 0.04678363 0.07017544 0.15789474]
val_loss=79.1698
accuracy
[0.00584795 0.04678363 0.07017544 0.15789474]
val_loss=79.0766
accuracy
[0.00584795 0.04678363 0.07017544 0.15789474]
val_loss=79.2462
accuracy
[0.00584795 0.04678363 0.07017544 0.15789474]
val_loss=79.0745
accuracy
[0.00584795 0.04678363 0.07017544 0.15789474]
val_loss=79.3282
accuracy
[0.00584795 0.04678363 0.07017544 0.15789474]
val_loss=79.2982
accuracy
[0.00584795 0.04678363 0.07017544 0.15789474]
val_loss=79.2624
accuracy
[0.00584795 0.04678363 0.07017544 0.15789474]
val_loss=79.3267
accuracy
[0.00584795 0.04678363 0.07017544 0.15789474]
val_loss=79.4496
accuracy
[0.00584795 0.04678363 0.07017544 0.15789474]
val_loss=79.3909
accuracy
[0.00584795 0.04678363 0.07017544 0.15789474]
val_loss=79.4585
accuracy
[0.00584795 0.04678363 0.07017544 0.15789474]
val_loss=79.5400
accuracy
[0.00584795 0.04678363 0.07017544 0.15789474]
val_loss=79.5553
accuracy
[0.00584795 0.04678363 0.07017544 0.15789474]
val_loss=79.5684
accuracy
[0.00584795 0.04678363 0.07017544 0.15789474]
val_loss=79.5102
accuracy
[0.00584795 0.04678363 0.07017544 0.15789474]
val_loss=79.6507
accuracy
[0.00584795 0.04678363 0.07017544 0.15789474]
Finished Training
    rehearsal replay buffer: 500 of 1928 source samples
cpu
Finished Training
cpu
Finished Training
cpu
Finished Training
cpu
Finished Training
cpu
Finished Training
cpu
Finished Training
cpu
Finished Training
cpu
Finished Training
cpu
Finished Training
cpu
Finished Training
cpu
Finished Training
cpu
Finished Training
cpu
Finished Training
cpu
Finished Training
cpu
Finished Training
cpu
Finished Training
cpu
Finished Training
cpu
Finished Training
cpu
Finished Training
cpu
Finished Training
cpu
Finished Training
cpu
Finished Training
  seed 2: pretrain on scenario1 (1928 samples), zero-shot eval on scenario7 (171 held-out test samples)
cpu
-----------------------------------------------------------------------
      Layer (type)        Output Shape         Param #     Tr. Param #
=======================================================================
          Linear-1           [32, 256]           1,280           1,280
            ReLU-2           [32, 256]               0               0
          Linear-3           [32, 256]          65,792          65,792
          Linear-4           [32, 256]          65,792          65,792
          Linear-5            [32, 16]           4,112           4,112
=======================================================================
Total params: 136,976
Trainable params: 136,976
Non-trainable params: 0
-----------------------------------------------------------------------
val_loss=39.3661
accuracy
[0.01754386 0.03508772 0.04093567 0.07017544]
val_loss=52.7534
accuracy
[0.01754386 0.02339181 0.04093567 0.07602339]
val_loss=52.7508
accuracy
[0.00584795 0.02339181 0.04093567 0.07602339]
val_loss=61.8883
accuracy
[0.00584795 0.02339181 0.04093567 0.18128655]
val_loss=60.5330
accuracy
[0.00584795 0.02339181 0.04093567 0.1871345 ]
val_loss=58.1265
accuracy
[0.00584795 0.02339181 0.04093567 0.18128655]
val_loss=49.8950
accuracy
[0.00584795 0.02339181 0.04093567 0.29824561]
val_loss=41.6712
accuracy
[0.00584795 0.02339181 0.04093567 0.35672515]
val_loss=48.4906
accuracy
[0.00584795 0.02339181 0.04093567 0.2748538 ]
val_loss=48.1985
accuracy
[0.00584795 0.02339181 0.04093567 0.2748538 ]
val_loss=50.0087
accuracy
[0.00584795 0.02339181 0.04093567 0.2748538 ]
val_loss=42.1932
accuracy
[0.00584795 0.02339181 0.04093567 0.2748538 ]
val_loss=49.9754
accuracy
[0.00584795 0.02339181 0.04093567 0.2748538 ]
val_loss=51.0267
accuracy
[0.00584795 0.02339181 0.04093567 0.2748538 ]
val_loss=44.3494
accuracy
[0.00584795 0.02339181 0.04093567 0.12865497]
val_loss=40.3931
accuracy
[0.00584795 0.02339181 0.04093567 0.12865497]
val_loss=40.0247
accuracy
[0.00584795 0.02339181 0.07017544 0.12865497]
val_loss=40.5659
accuracy
[0.00584795 0.02339181 0.07017544 0.11111111]
val_loss=40.5430
accuracy
[0.00584795 0.02339181 0.07017544 0.23391813]
val_loss=42.8158
accuracy
[0.00584795 0.02339181 0.07017544 0.20467836]
val_loss=44.8896
accuracy
[0.00584795 0.02339181 0.07017544 0.23391813]
val_loss=47.6095
accuracy
[0.00584795 0.02339181 0.07017544 0.23391813]
val_loss=48.7072
accuracy
[0.00584795 0.02339181 0.07017544 0.23391813]
val_loss=48.0216
accuracy
[0.00584795 0.02339181 0.07017544 0.23391813]
val_loss=49.7771
accuracy
[0.00584795 0.02339181 0.07017544 0.23391813]
val_loss=50.5187
accuracy
[0.00584795 0.02339181 0.07017544 0.23391813]
val_loss=50.2105
accuracy
[0.00584795 0.02339181 0.07017544 0.23391813]
val_loss=50.3188
accuracy
[0.00584795 0.02339181 0.07017544 0.23391813]
val_loss=50.8365
accuracy
[0.00584795 0.02339181 0.07017544 0.23391813]
val_loss=52.6160
accuracy
[0.00584795 0.02339181 0.07017544 0.23391813]
val_loss=52.6864
accuracy
[0.00584795 0.02339181 0.07017544 0.23391813]
val_loss=52.8552
accuracy
[0.00584795 0.02339181 0.07017544 0.23391813]
val_loss=51.9833
accuracy
[0.00584795 0.02339181 0.07017544 0.23391813]
val_loss=52.9607
accuracy
[0.00584795 0.02339181 0.07017544 0.23391813]
val_loss=52.7107
accuracy
[0.00584795 0.02339181 0.07017544 0.23391813]
val_loss=53.6891
accuracy
[0.00584795 0.02339181 0.07017544 0.23391813]
val_loss=54.4684
accuracy
[0.00584795 0.02339181 0.07017544 0.23391813]
val_loss=52.6028
accuracy
[0.00584795 0.02339181 0.07017544 0.23391813]
val_loss=54.0041
accuracy
[0.00584795 0.02339181 0.07017544 0.23391813]
val_loss=52.6643
accuracy
[0.00584795 0.02339181 0.07017544 0.23391813]
val_loss=53.2309
accuracy
[0.00584795 0.02339181 0.07017544 0.23391813]
val_loss=53.6514
accuracy
[0.00584795 0.02339181 0.07017544 0.23391813]
val_loss=53.7170
accuracy
[0.00584795 0.02339181 0.07017544 0.23391813]
val_loss=53.8592
accuracy
[0.00584795 0.02339181 0.07017544 0.23391813]
val_loss=53.9363
accuracy
[0.00584795 0.02339181 0.07017544 0.23391813]
val_loss=54.6727
accuracy
[0.00584795 0.02339181 0.07017544 0.23391813]
val_loss=54.4718
accuracy
[0.00584795 0.02339181 0.07017544 0.23391813]
val_loss=54.5832
accuracy
[0.00584795 0.02339181 0.07017544 0.23391813]
val_loss=54.9552
accuracy
[0.00584795 0.02339181 0.07017544 0.23391813]
val_loss=54.5794
accuracy
[0.00584795 0.02339181 0.07017544 0.23391813]
val_loss=55.2451
accuracy
[0.00584795 0.02339181 0.07017544 0.23391813]
val_loss=55.5004
accuracy
[0.00584795 0.02339181 0.07017544 0.23391813]
val_loss=55.2075
accuracy
[0.00584795 0.02339181 0.07017544 0.23391813]
val_loss=55.5470
accuracy
[0.00584795 0.02339181 0.07017544 0.23391813]
val_loss=55.5297
accuracy
[0.00584795 0.02339181 0.07017544 0.23391813]
val_loss=55.6842
accuracy
[0.00584795 0.02339181 0.07017544 0.23391813]
val_loss=56.1359
accuracy
[0.00584795 0.02339181 0.07017544 0.23391813]
val_loss=56.3426
accuracy
[0.00584795 0.02339181 0.07017544 0.23391813]
val_loss=56.0415
accuracy
[0.00584795 0.02339181 0.07017544 0.23391813]
val_loss=56.5525
accuracy
[0.00584795 0.02339181 0.07017544 0.23391813]
val_loss=56.2827
accuracy
[0.00584795 0.02339181 0.07017544 0.23391813]
val_loss=56.4421
accuracy
[0.00584795 0.02339181 0.07017544 0.23391813]
val_loss=56.5638
accuracy
[0.00584795 0.02339181 0.07017544 0.23391813]
val_loss=56.6336
accuracy
[0.00584795 0.02339181 0.07017544 0.23391813]
val_loss=56.6642
accuracy
[0.00584795 0.02339181 0.07017544 0.23391813]
val_loss=56.5749
accuracy
[0.00584795 0.02339181 0.07017544 0.23391813]
val_loss=56.7639
accuracy
[0.00584795 0.02339181 0.07017544 0.23391813]
val_loss=56.7334
accuracy
[0.00584795 0.02339181 0.07017544 0.23391813]
val_loss=56.6471
accuracy
[0.00584795 0.02339181 0.07017544 0.23391813]
val_loss=56.7277
accuracy
[0.00584795 0.02339181 0.07017544 0.23391813]
val_loss=56.7032
accuracy
[0.00584795 0.02339181 0.07017544 0.23391813]
val_loss=56.7388
accuracy
[0.00584795 0.02339181 0.07017544 0.23391813]
val_loss=56.7212
accuracy
[0.00584795 0.02339181 0.07017544 0.23391813]
val_loss=56.9874
accuracy
[0.00584795 0.02339181 0.07017544 0.23391813]
val_loss=56.9170
accuracy
[0.00584795 0.02339181 0.07017544 0.23391813]
val_loss=56.8846
accuracy
[0.00584795 0.02339181 0.07017544 0.23391813]
val_loss=56.9099
accuracy
[0.00584795 0.02339181 0.07017544 0.23391813]
val_loss=57.0604
accuracy
[0.00584795 0.02339181 0.07017544 0.23391813]
val_loss=56.9924
accuracy
[0.00584795 0.02339181 0.07017544 0.23391813]
val_loss=57.0517
accuracy
[0.00584795 0.02339181 0.07017544 0.23391813]
Finished Training
    rehearsal replay buffer: 500 of 1928 source samples
cpu
Finished Training
cpu
Finished Training
cpu
Finished Training
cpu
Finished Training
cpu
Finished Training
cpu
Finished Training
cpu
Finished Training
cpu
Finished Training
cpu
Finished Training
cpu
Finished Training
cpu
Finished Training
cpu
Finished Training
cpu
Finished Training
cpu
Finished Training
cpu
Finished Training
cpu
Finished Training
cpu
Finished Training
cpu
Finished Training
cpu
Finished Training
cpu
Finished Training
cpu
Finished Training
cpu
Finished Training
  seed 3: pretrain on scenario1 (1928 samples), zero-shot eval on scenario7 (171 held-out test samples)
cpu
-----------------------------------------------------------------------
      Layer (type)        Output Shape         Param #     Tr. Param #
=======================================================================
          Linear-1           [32, 256]           1,280           1,280
            ReLU-2           [32, 256]               0               0
          Linear-3           [32, 256]          65,792          65,792
          Linear-4           [32, 256]          65,792          65,792
          Linear-5            [32, 16]           4,112           4,112
=======================================================================
Total params: 136,976
Trainable params: 136,976
Non-trainable params: 0
-----------------------------------------------------------------------
val_loss=35.4248
accuracy
[0.01754386 0.03508772 0.04093567 0.12865497]
val_loss=39.0995
accuracy
[0.01754386 0.02339181 0.04093567 0.14619883]
val_loss=34.5190
accuracy
[0.00584795 0.02339181 0.04093567 0.19298246]
val_loss=33.3795
accuracy
[0.01754386 0.02339181 0.04093567 0.1754386 ]
val_loss=42.9073
accuracy
[0.00584795 0.02339181 0.04093567 0.14619883]
val_loss=44.0001
accuracy
[0.00584795 0.02339181 0.04093567 0.1754386 ]
val_loss=34.3494
accuracy
[0.00584795 0.02339181 0.04678363 0.14619883]
val_loss=41.7167
accuracy
[0.00584795 0.02339181 0.04093567 0.14619883]
val_loss=48.9914
accuracy
[0.00584795 0.02339181 0.04678363 0.1754386 ]
val_loss=58.7766
accuracy
[0.00584795 0.02339181 0.04678363 0.1754386 ]
val_loss=64.5507
accuracy
[0.00584795 0.02339181 0.04093567 0.1754386 ]
val_loss=59.2570
accuracy
[0.00584795 0.02339181 0.04093567 0.1754386 ]
val_loss=64.9785
accuracy
[0.00584795 0.02339181 0.04678363 0.1754386 ]
val_loss=63.1845
accuracy
[0.00584795 0.02339181 0.04093567 0.1754386 ]
val_loss=69.9959
accuracy
[0.00584795 0.02339181 0.04093567 0.1754386 ]
val_loss=68.0554
accuracy
[0.00584795 0.02339181 0.04093567 0.1754386 ]
val_loss=64.0660
accuracy
[0.00584795 0.02339181 0.04093567 0.1754386 ]
val_loss=64.4684
accuracy
[0.00584795 0.02339181 0.04678363 0.11695906]
val_loss=58.6173
accuracy
[0.00584795 0.02339181 0.04093567 0.11695906]
val_loss=63.7564
accuracy
[0.00584795 0.02339181 0.04093567 0.1754386 ]
val_loss=67.1752
accuracy
[0.00584795 0.02339181 0.04093567 0.1754386 ]
val_loss=70.4485
accuracy
[0.00584795 0.02339181 0.04093567 0.1754386 ]
val_loss=72.4301
accuracy
[0.00584795 0.02339181 0.04093567 0.1754386 ]
val_loss=73.8558
accuracy
[0.00584795 0.02339181 0.04093567 0.1754386 ]
val_loss=77.1333
accuracy
[0.00584795 0.02339181 0.04093567 0.1754386 ]
val_loss=77.7156
accuracy
[0.00584795 0.02339181 0.04093567 0.1754386 ]
val_loss=79.2565
accuracy
[0.00584795 0.02339181 0.04093567 0.1754386 ]
val_loss=79.7536
accuracy
[0.00584795 0.02339181 0.04093567 0.1754386 ]
val_loss=80.4967
accuracy
[0.00584795 0.02339181 0.04093567 0.1754386 ]
val_loss=82.2695
accuracy
[0.00584795 0.02339181 0.04093567 0.1754386 ]
val_loss=82.1315
accuracy
[0.00584795 0.02339181 0.04093567 0.1754386 ]
val_loss=82.7448
accuracy
[0.00584795 0.02339181 0.04093567 0.1754386 ]
val_loss=83.0760
accuracy
[0.00584795 0.02339181 0.04093567 0.1754386 ]
val_loss=84.5060
accuracy
[0.00584795 0.02339181 0.04093567 0.1754386 ]
val_loss=83.5940
accuracy
[0.00584795 0.02339181 0.04093567 0.1754386 ]
val_loss=84.3232
accuracy
[0.00584795 0.02339181 0.04093567 0.1754386 ]
val_loss=85.1122
accuracy
[0.00584795 0.02339181 0.04093567 0.1754386 ]
val_loss=83.4754
accuracy
[0.00584795 0.02339181 0.04093567 0.1754386 ]
val_loss=85.2101
accuracy
[0.00584795 0.02339181 0.04093567 0.1754386 ]
val_loss=85.1690
accuracy
[0.00584795 0.02339181 0.04093567 0.1754386 ]
val_loss=85.4094
accuracy
[0.00584795 0.02339181 0.04093567 0.1754386 ]
val_loss=85.7475
accuracy
[0.00584795 0.02339181 0.04093567 0.1754386 ]
val_loss=86.2867
accuracy
[0.00584795 0.02339181 0.04093567 0.1754386 ]
val_loss=86.1911
accuracy
[0.00584795 0.02339181 0.04093567 0.1754386 ]
val_loss=86.3998
accuracy
[0.00584795 0.02339181 0.04093567 0.1754386 ]
val_loss=86.6282
accuracy
[0.00584795 0.02339181 0.04093567 0.1754386 ]
val_loss=87.0876
accuracy
[0.00584795 0.02339181 0.04093567 0.1754386 ]
val_loss=87.1091
accuracy
[0.00584795 0.02339181 0.04093567 0.1754386 ]
val_loss=87.4336
accuracy
[0.00584795 0.02339181 0.04093567 0.1754386 ]
val_loss=87.4272
accuracy
[0.00584795 0.02339181 0.04093567 0.1754386 ]
val_loss=87.2648
accuracy
[0.00584795 0.02339181 0.04093567 0.1754386 ]
val_loss=88.0089
accuracy
[0.00584795 0.02339181 0.04093567 0.1754386 ]
val_loss=87.6045
accuracy
[0.00584795 0.02339181 0.04093567 0.1754386 ]
val_loss=88.4589
accuracy
[0.00584795 0.02339181 0.04093567 0.1754386 ]
val_loss=88.6815
accuracy
[0.00584795 0.02339181 0.04093567 0.1754386 ]
val_loss=88.3901
accuracy
[0.00584795 0.02339181 0.04093567 0.1754386 ]
val_loss=88.7304
accuracy
[0.00584795 0.02339181 0.04093567 0.1754386 ]
val_loss=89.2004
accuracy
[0.00584795 0.02339181 0.04093567 0.1754386 ]
val_loss=89.4387
accuracy
[0.00584795 0.02339181 0.04093567 0.1754386 ]
val_loss=89.2017
accuracy
[0.00584795 0.02339181 0.04093567 0.1754386 ]
val_loss=89.2615
accuracy
[0.00584795 0.02339181 0.04093567 0.1754386 ]
val_loss=89.2691
accuracy
[0.00584795 0.02339181 0.04093567 0.1754386 ]
val_loss=89.3124
accuracy
[0.00584795 0.02339181 0.04093567 0.1754386 ]
val_loss=89.4942
accuracy
[0.00584795 0.02339181 0.04093567 0.1754386 ]
val_loss=89.5620
accuracy
[0.00584795 0.02339181 0.04093567 0.1754386 ]
val_loss=89.5037
accuracy
[0.00584795 0.02339181 0.04093567 0.1754386 ]
val_loss=89.5927
accuracy
[0.00584795 0.02339181 0.04093567 0.1754386 ]
val_loss=89.5791
accuracy
[0.00584795 0.02339181 0.04093567 0.1754386 ]
val_loss=89.7084
accuracy
[0.00584795 0.02339181 0.04093567 0.1754386 ]
val_loss=89.6952
accuracy
[0.00584795 0.02339181 0.04093567 0.1754386 ]
val_loss=89.7671
accuracy
[0.00584795 0.02339181 0.04093567 0.1754386 ]
val_loss=89.7582
accuracy
[0.00584795 0.02339181 0.04093567 0.1754386 ]
val_loss=89.8814
accuracy
[0.00584795 0.02339181 0.04093567 0.1754386 ]
val_loss=89.8868
accuracy
[0.00584795 0.02339181 0.04093567 0.1754386 ]
val_loss=90.0713
accuracy
[0.00584795 0.02339181 0.04093567 0.1754386 ]
val_loss=89.9559
accuracy
[0.00584795 0.02339181 0.04093567 0.1754386 ]
val_loss=90.0803
accuracy
[0.00584795 0.02339181 0.04093567 0.1754386 ]
val_loss=90.0387
accuracy
[0.00584795 0.02339181 0.04093567 0.1754386 ]
val_loss=90.3042
accuracy
[0.00584795 0.02339181 0.04093567 0.1754386 ]
val_loss=90.2547
accuracy
[0.00584795 0.02339181 0.04093567 0.1754386 ]
Finished Training
    rehearsal replay buffer: 500 of 1928 source samples
cpu
Finished Training
cpu
Finished Training
cpu
Finished Training
cpu
Finished Training
cpu
Finished Training
cpu
Finished Training
cpu
Finished Training
cpu
Finished Training
cpu
Finished Training
cpu
Finished Training
cpu
Finished Training
cpu
Finished Training
cpu
Finished Training
cpu
Finished Training
cpu
Finished Training
cpu
Finished Training
cpu
Finished Training
cpu
Finished Training
cpu
Finished Training
cpu
Finished Training
cpu
Finished Training
cpu
Finished Training
  seed 4: pretrain on scenario1 (1928 samples), zero-shot eval on scenario7 (171 held-out test samples)
cpu
-----------------------------------------------------------------------
      Layer (type)        Output Shape         Param #     Tr. Param #
=======================================================================
          Linear-1           [32, 256]           1,280           1,280
            ReLU-2           [32, 256]               0               0
          Linear-3           [32, 256]          65,792          65,792
          Linear-4           [32, 256]          65,792          65,792
          Linear-5            [32, 16]           4,112           4,112
=======================================================================
Total params: 136,976
Trainable params: 136,976
Non-trainable params: 0
-----------------------------------------------------------------------
val_loss=42.8573
accuracy
[0.01754386 0.04093567 0.04678363 0.10526316]
val_loss=24.8253
accuracy
[0.01754386 0.02339181 0.04678363 0.26900585]
val_loss=37.2295
accuracy
[0.00584795 0.02339181 0.04678363 0.26900585]
val_loss=45.0711
accuracy
[0.01754386 0.02339181 0.04678363 0.26900585]
val_loss=47.8024
accuracy
[0.00584795 0.02339181 0.04678363 0.25730994]
val_loss=50.2646
accuracy
[0.00584795 0.02339181 0.04678363 0.3625731 ]
val_loss=53.3562
accuracy
[0.00584795 0.02339181 0.04678363 0.28654971]
val_loss=50.7856
accuracy
[0.01754386 0.02339181 0.04678363 0.15204678]
val_loss=50.2698
accuracy
[0.00584795 0.02339181 0.04678363 0.13450292]
val_loss=47.1734
accuracy
[0.00584795 0.02339181 0.04678363 0.13450292]
val_loss=50.9571
accuracy
[0.00584795 0.02339181 0.04678363 0.14619883]
val_loss=58.0311
accuracy
[0.00584795 0.02339181 0.04678363 0.14619883]
val_loss=52.3177
accuracy
[0.00584795 0.02339181 0.04678363 0.14619883]
val_loss=71.4815
accuracy
[0.00584795 0.02339181 0.04678363 0.14619883]
val_loss=56.5724
accuracy
[0.00584795 0.02339181 0.04678363 0.14619883]
val_loss=56.7512
accuracy
[0.00584795 0.02339181 0.04678363 0.14619883]
val_loss=55.4061
accuracy
[0.00584795 0.02339181 0.04678363 0.14619883]
val_loss=56.9091
accuracy
[0.00584795 0.02339181 0.04678363 0.14619883]
val_loss=40.4821
accuracy
[0.00584795 0.02339181 0.04678363 0.15204678]
val_loss=48.1994
accuracy
[0.00584795 0.02339181 0.04678363 0.15204678]
val_loss=50.6306
accuracy
[0.00584795 0.02339181 0.04678363 0.15204678]
val_loss=52.7060
accuracy
[0.00584795 0.02339181 0.04678363 0.15204678]
val_loss=54.2614
accuracy
[0.00584795 0.02339181 0.04678363 0.15204678]
val_loss=56.0020
accuracy
[0.00584795 0.02339181 0.04678363 0.15204678]
val_loss=56.3934
accuracy
[0.00584795 0.02339181 0.04678363 0.15204678]
val_loss=57.2060
accuracy
[0.00584795 0.02339181 0.04678363 0.15204678]
val_loss=57.8589
accuracy
[0.00584795 0.02339181 0.04678363 0.15204678]
val_loss=58.6689
accuracy
[0.00584795 0.02339181 0.04678363 0.15204678]
val_loss=58.6341
accuracy
[0.00584795 0.02339181 0.04678363 0.15204678]
val_loss=57.8088
accuracy
[0.00584795 0.02339181 0.04678363 0.15204678]
val_loss=58.1315
accuracy
[0.00584795 0.02339181 0.04678363 0.15204678]
val_loss=58.1758
accuracy
[0.00584795 0.02339181 0.04678363 0.15204678]
val_loss=59.0015
accuracy
[0.00584795 0.02339181 0.04678363 0.15204678]
val_loss=58.9565
accuracy
[0.00584795 0.02339181 0.04678363 0.15204678]
val_loss=59.0437
accuracy
[0.00584795 0.02339181 0.04678363 0.15204678]
val_loss=59.3829
accuracy
[0.00584795 0.02339181 0.04678363 0.15204678]
val_loss=58.7130
accuracy
[0.00584795 0.02339181 0.04678363 0.15204678]
val_loss=59.5003
accuracy
[0.00584795 0.02339181 0.04678363 0.15204678]
val_loss=59.7548
accuracy
[0.00584795 0.02339181 0.04678363 0.15204678]
val_loss=57.4723
accuracy
[0.00584795 0.02339181 0.04678363 0.15204678]
val_loss=58.0874
accuracy
[0.00584795 0.02339181 0.04678363 0.15204678]
val_loss=58.2609
accuracy
[0.00584795 0.02339181 0.04678363 0.15204678]
val_loss=58.2117
accuracy
[0.00584795 0.02339181 0.04678363 0.15204678]
val_loss=58.7280
accuracy
[0.00584795 0.02339181 0.04678363 0.15204678]
val_loss=58.5269
accuracy
[0.00584795 0.02339181 0.04678363 0.15204678]
val_loss=58.6687
accuracy
[0.00584795 0.02339181 0.04678363 0.15204678]
val_loss=58.6158
accuracy
[0.00584795 0.02339181 0.04678363 0.15204678]
val_loss=59.0416
accuracy
[0.00584795 0.02339181 0.04678363 0.15204678]
val_loss=59.0131
accuracy
[0.00584795 0.02339181 0.04678363 0.15204678]
val_loss=59.0045
accuracy
[0.00584795 0.02339181 0.04678363 0.15204678]
val_loss=59.3398
accuracy
[0.00584795 0.02339181 0.04678363 0.15204678]
val_loss=59.3141
accuracy
[0.00584795 0.02339181 0.04678363 0.15204678]
val_loss=59.8840
accuracy
[0.00584795 0.02339181 0.04678363 0.15204678]
val_loss=59.6317
accuracy
[0.00584795 0.02339181 0.04678363 0.15204678]
val_loss=59.6707
accuracy
[0.00584795 0.02339181 0.04678363 0.15204678]
val_loss=59.6364
accuracy
[0.00584795 0.02339181 0.04678363 0.15204678]
val_loss=59.5576
accuracy
[0.00584795 0.02339181 0.04678363 0.15204678]
val_loss=59.4401
accuracy
[0.00584795 0.02339181 0.04678363 0.15204678]
val_loss=59.6530
accuracy
[0.00584795 0.02339181 0.04678363 0.15204678]
val_loss=59.6476
accuracy
[0.00584795 0.02339181 0.04678363 0.15204678]
val_loss=59.7708
accuracy
[0.00584795 0.02339181 0.04678363 0.15204678]
val_loss=59.7014
accuracy
[0.00584795 0.02339181 0.04678363 0.15204678]
val_loss=59.9086
accuracy
[0.00584795 0.02339181 0.04678363 0.15204678]
val_loss=59.9127
accuracy
[0.00584795 0.02339181 0.04678363 0.15204678]
val_loss=59.8403
accuracy
[0.00584795 0.02339181 0.04678363 0.15204678]
val_loss=59.8839
accuracy
[0.00584795 0.02339181 0.04678363 0.15204678]
val_loss=60.0178
accuracy
[0.00584795 0.02339181 0.04678363 0.15204678]
val_loss=60.0703
accuracy
[0.00584795 0.02339181 0.04678363 0.15204678]
val_loss=59.9968
accuracy
[0.00584795 0.02339181 0.04678363 0.15204678]
val_loss=60.0349
accuracy
[0.00584795 0.02339181 0.04678363 0.15204678]
val_loss=60.0649
accuracy
[0.00584795 0.02339181 0.04678363 0.15204678]
val_loss=60.0380
accuracy
[0.00584795 0.02339181 0.04678363 0.15204678]
val_loss=60.0267
accuracy
[0.00584795 0.02339181 0.04678363 0.15204678]
val_loss=60.0785
accuracy
[0.00584795 0.02339181 0.04678363 0.15204678]
val_loss=60.1163
accuracy
[0.00584795 0.02339181 0.04678363 0.15204678]
val_loss=60.0969
accuracy
[0.00584795 0.02339181 0.04678363 0.15204678]
val_loss=60.1981
accuracy
[0.00584795 0.02339181 0.04678363 0.15204678]
val_loss=60.1422
accuracy
[0.00584795 0.02339181 0.04678363 0.15204678]
val_loss=60.1720
accuracy
[0.00584795 0.02339181 0.04678363 0.15204678]
val_loss=60.2170
accuracy
[0.00584795 0.02339181 0.04678363 0.15204678]
Finished Training
    rehearsal replay buffer: 500 of 1928 source samples
cpu
Finished Training
cpu
Finished Training
cpu
Finished Training
cpu
Finished Training
cpu
Finished Training
cpu
Finished Training
cpu
Finished Training
cpu
Finished Training
cpu
Finished Training
cpu
Finished Training
cpu
Finished Training
cpu
Finished Training
cpu
Finished Training
cpu
Finished Training
cpu
Finished Training
cpu
Finished Training
cpu
Finished Training
cpu
Finished Training
cpu
Finished Training
cpu
Finished Training
cpu
Finished Training
cpu
Finished Training
  seed 5: pretrain on scenario1 (1928 samples), zero-shot eval on scenario7 (171 held-out test samples)
cpu
-----------------------------------------------------------------------
      Layer (type)        Output Shape         Param #     Tr. Param #
=======================================================================
          Linear-1           [32, 256]           1,280           1,280
            ReLU-2           [32, 256]               0               0
          Linear-3           [32, 256]          65,792          65,792
          Linear-4           [32, 256]          65,792          65,792
          Linear-5            [32, 16]           4,112           4,112
=======================================================================
Total params: 136,976
Trainable params: 136,976
Non-trainable params: 0
-----------------------------------------------------------------------
val_loss=47.0122
accuracy
[0.01169591 0.01169591 0.03508772 0.0877193 ]
val_loss=58.3159
accuracy
[0.01169591 0.01169591 0.03508772 0.0877193 ]
val_loss=41.4192
accuracy
[0.01169591 0.01169591 0.05263158 0.10526316]
val_loss=55.1136
accuracy
[0.         0.01169591 0.05263158 0.11111111]
val_loss=49.3118
accuracy
[0.         0.01169591 0.03508772 0.26315789]
val_loss=50.1960
accuracy
[0.         0.01169591 0.03508772 0.1754386 ]
val_loss=57.0976
accuracy
[0.         0.01169591 0.03508772 0.1754386 ]
val_loss=53.5645
accuracy
[0.         0.01169591 0.03508772 0.1754386 ]
val_loss=52.3260
accuracy
[0.         0.01169591 0.03508772 0.21052632]
val_loss=52.5091
accuracy
[0.         0.01169591 0.03508772 0.22807018]
val_loss=48.0398
accuracy
[0.         0.01169591 0.03508772 0.24561404]
val_loss=53.3155
accuracy
[0.         0.01169591 0.03508772 0.25146199]
val_loss=53.0309
accuracy
[0.         0.01169591 0.03508772 0.23391813]
val_loss=49.5821
accuracy
[0.         0.01169591 0.03508772 0.23391813]
val_loss=49.7625
accuracy
[0.         0.01169591 0.03508772 0.23391813]
val_loss=57.3147
accuracy
[0.         0.01169591 0.03508772 0.23391813]
val_loss=53.2855
accuracy
[0.         0.01169591 0.03508772 0.23391813]
val_loss=58.7182
accuracy
[0.         0.01169591 0.03508772 0.23391813]
val_loss=60.8025
accuracy
[0.         0.01169591 0.03508772 0.23391813]
val_loss=61.0234
accuracy
[0.         0.01169591 0.03508772 0.23391813]
val_loss=62.5295
accuracy
[0.         0.01169591 0.03508772 0.23391813]
val_loss=64.2867
accuracy
[0.         0.01169591 0.03508772 0.23391813]
val_loss=66.3560
accuracy
[0.         0.01169591 0.03508772 0.23391813]
val_loss=67.6029
accuracy
[0.         0.01169591 0.03508772 0.23391813]
val_loss=68.3789
accuracy
[0.         0.01169591 0.03508772 0.23391813]
val_loss=68.8382
accuracy
[0.         0.01169591 0.03508772 0.23391813]
val_loss=69.0818
accuracy
[0.         0.01169591 0.03508772 0.23391813]
val_loss=69.8077
accuracy
[0.         0.01169591 0.03508772 0.23391813]
val_loss=70.2473
accuracy
[0.         0.01169591 0.03508772 0.23391813]
val_loss=70.6994
accuracy
[0.         0.01169591 0.03508772 0.23391813]
val_loss=72.4083
accuracy
[0.         0.01169591 0.03508772 0.23391813]
val_loss=72.5390
accuracy
[0.         0.01169591 0.03508772 0.23391813]
val_loss=72.4858
accuracy
[0.         0.01169591 0.03508772 0.23391813]
val_loss=72.9674
accuracy
[0.         0.01169591 0.03508772 0.23391813]
val_loss=72.9692
accuracy
[0.         0.01169591 0.03508772 0.23391813]
val_loss=73.4793
accuracy
[0.         0.01169591 0.03508772 0.23391813]
val_loss=73.7084
accuracy
[0.         0.01169591 0.03508772 0.23391813]
val_loss=72.9376
accuracy
[0.         0.01169591 0.03508772 0.23391813]
val_loss=75.0653
accuracy
[0.         0.01169591 0.03508772 0.23391813]
val_loss=74.6913
accuracy
[0.         0.01169591 0.03508772 0.23391813]
val_loss=74.4565
accuracy
[0.         0.01169591 0.03508772 0.23391813]
val_loss=74.5404
accuracy
[0.         0.01169591 0.03508772 0.23391813]
val_loss=74.9495
accuracy
[0.         0.01169591 0.03508772 0.23391813]
val_loss=74.9803
accuracy
[0.         0.01169591 0.03508772 0.23391813]
val_loss=75.2480
accuracy
[0.         0.01169591 0.03508772 0.23391813]
val_loss=75.3240
accuracy
[0.         0.01169591 0.03508772 0.23391813]
val_loss=75.3954
accuracy
[0.         0.01169591 0.03508772 0.23391813]
val_loss=75.6390
accuracy
[0.         0.01169591 0.03508772 0.23391813]
val_loss=75.8262
accuracy
[0.         0.01169591 0.03508772 0.23391813]
val_loss=76.2195
accuracy
[0.         0.01169591 0.03508772 0.23391813]
val_loss=76.5733
accuracy
[0.         0.01169591 0.03508772 0.23391813]
val_loss=76.6501
accuracy
[0.         0.01169591 0.03508772 0.23391813]
val_loss=76.4067
accuracy
[0.         0.01169591 0.03508772 0.23391813]
val_loss=76.5666
accuracy
[0.         0.01169591 0.03508772 0.23391813]
val_loss=76.7662
accuracy
[0.         0.01169591 0.03508772 0.23391813]
val_loss=76.8285
accuracy
[0.         0.01169591 0.03508772 0.23391813]
val_loss=77.1727
accuracy
[0.         0.01169591 0.03508772 0.23391813]
val_loss=77.2439
accuracy
[0.         0.01169591 0.03508772 0.23391813]
val_loss=77.1607
accuracy
[0.         0.01169591 0.03508772 0.23391813]
val_loss=77.3875
accuracy
[0.         0.01169591 0.03508772 0.23391813]
val_loss=77.4311
accuracy
[0.         0.01169591 0.03508772 0.23391813]
val_loss=77.4539
accuracy
[0.         0.01169591 0.03508772 0.23391813]
val_loss=77.5559
accuracy
[0.         0.01169591 0.03508772 0.23391813]
val_loss=77.4781
accuracy
[0.         0.01169591 0.03508772 0.23391813]
val_loss=77.5648
accuracy
[0.         0.01169591 0.03508772 0.23391813]
val_loss=77.6910
accuracy
[0.         0.01169591 0.03508772 0.23391813]
val_loss=77.6484
accuracy
[0.         0.01169591 0.03508772 0.23391813]
val_loss=77.6786
accuracy
[0.         0.01169591 0.03508772 0.23391813]
val_loss=77.7788
accuracy
[0.         0.01169591 0.03508772 0.23391813]
val_loss=77.8481
accuracy
[0.         0.01169591 0.03508772 0.23391813]
val_loss=77.8740
accuracy
[0.         0.01169591 0.03508772 0.23391813]
val_loss=77.8814
accuracy
[0.         0.01169591 0.03508772 0.23391813]
val_loss=77.8912
accuracy
[0.         0.01169591 0.03508772 0.23391813]
val_loss=77.9478
accuracy
[0.         0.01169591 0.03508772 0.23391813]
val_loss=77.9901
accuracy
[0.         0.01169591 0.03508772 0.23391813]
val_loss=77.9092
accuracy
[0.         0.01169591 0.03508772 0.23391813]
val_loss=78.0159
accuracy
[0.         0.01169591 0.03508772 0.23391813]
val_loss=78.0747
accuracy
[0.         0.01169591 0.03508772 0.23391813]
val_loss=78.0760
accuracy
[0.         0.01169591 0.03508772 0.23391813]
val_loss=78.1597
accuracy
[0.         0.01169591 0.03508772 0.23391813]
Finished Training
    rehearsal replay buffer: 500 of 1928 source samples
cpu
Finished Training
cpu
Finished Training
cpu
Finished Training
cpu
Finished Training
cpu
Finished Training
cpu
Finished Training
cpu
Finished Training
cpu
Finished Training
cpu
Finished Training
cpu
Finished Training
cpu
Finished Training
cpu
Finished Training
cpu
Finished Training
cpu
Finished Training
cpu
Finished Training
cpu
Finished Training
cpu
Finished Training
cpu
Finished Training
cpu
Finished Training
cpu
Finished Training
cpu
Finished Training
cpu
Finished Training
  seed 6: pretrain on scenario1 (1928 samples), zero-shot eval on scenario7 (171 held-out test samples)
cpu
-----------------------------------------------------------------------
      Layer (type)        Output Shape         Param #     Tr. Param #
=======================================================================
          Linear-1           [32, 256]           1,280           1,280
            ReLU-2           [32, 256]               0               0
          Linear-3           [32, 256]          65,792          65,792
          Linear-4           [32, 256]          65,792          65,792
          Linear-5            [32, 16]           4,112           4,112
=======================================================================
Total params: 136,976
Trainable params: 136,976
Non-trainable params: 0
-----------------------------------------------------------------------
val_loss=43.8558
accuracy
[0.02923977 0.03508772 0.06432749 0.11695906]
val_loss=58.3666
accuracy
[0.00584795 0.03508772 0.06432749 0.14619883]
val_loss=59.2757
accuracy
[0.00584795 0.03508772 0.06432749 0.14619883]
val_loss=56.0077
accuracy
[0.00584795 0.03508772 0.06432749 0.19883041]
val_loss=55.2141
accuracy
[0.00584795 0.03508772 0.06432749 0.16959064]
val_loss=65.0304
accuracy
[0.00584795 0.03508772 0.06432749 0.16959064]
val_loss=68.8378
accuracy
[0.00584795 0.03508772 0.06432749 0.16959064]
val_loss=63.4063
accuracy
[0.00584795 0.03508772 0.06432749 0.19298246]
val_loss=75.0945
accuracy
[0.00584795 0.03508772 0.06432749 0.16959064]
val_loss=72.2402
accuracy
[0.00584795 0.03508772 0.06432749 0.16959064]
val_loss=63.9434
accuracy
[0.         0.03508772 0.06432749 0.16959064]
val_loss=62.0337
accuracy
[0.00584795 0.03508772 0.06432749 0.19298246]
val_loss=67.1618
accuracy
[0.00584795 0.03508772 0.06432749 0.19298246]
val_loss=59.7774
accuracy
[0.00584795 0.03508772 0.06432749 0.16959064]
val_loss=73.9968
accuracy
[0.00584795 0.03508772 0.06432749 0.19298246]
val_loss=61.4359
accuracy
[0.00584795 0.03508772 0.06432749 0.22222222]
val_loss=53.0961
accuracy
[0.00584795 0.03508772 0.06432749 0.19883041]
val_loss=61.8277
accuracy
[0.00584795 0.03508772 0.06432749 0.22222222]
val_loss=58.3509
accuracy
[0.00584795 0.03508772 0.06432749 0.19883041]
val_loss=64.8871
accuracy
[0.00584795 0.03508772 0.06432749 0.19883041]
val_loss=65.8710
accuracy
[0.00584795 0.03508772 0.06432749 0.19883041]
val_loss=67.0099
accuracy
[0.00584795 0.03508772 0.06432749 0.19883041]
val_loss=69.8226
accuracy
[0.00584795 0.03508772 0.06432749 0.19883041]
val_loss=69.7910
accuracy
[0.00584795 0.03508772 0.06432749 0.19883041]
val_loss=71.9206
accuracy
[0.00584795 0.03508772 0.06432749 0.19883041]
val_loss=72.2785
accuracy
[0.00584795 0.03508772 0.06432749 0.19883041]
val_loss=72.4034
accuracy
[0.00584795 0.03508772 0.06432749 0.19883041]
val_loss=73.3467
accuracy
[0.00584795 0.03508772 0.06432749 0.19883041]
val_loss=74.0719
accuracy
[0.00584795 0.03508772 0.06432749 0.19883041]
val_loss=74.8210
accuracy
[0.00584795 0.03508772 0.06432749 0.19883041]
val_loss=75.2996
accuracy
[0.00584795 0.03508772 0.06432749 0.19883041]
val_loss=75.4598
accuracy
[0.00584795 0.03508772 0.06432749 0.19883041]
val_loss=75.5481
accuracy
[0.00584795 0.03508772 0.06432749 0.19883041]
val_loss=76.4156
accuracy
[0.00584795 0.03508772 0.06432749 0.19883041]
val_loss=76.1048
accuracy
[0.00584795 0.03508772 0.06432749 0.19883041]
val_loss=75.8979
accuracy
[0.00584795 0.03508772 0.06432749 0.19883041]
val_loss=76.0891
accuracy
[0.00584795 0.03508772 0.06432749 0.19883041]
val_loss=76.3604
accuracy
[0.00584795 0.03508772 0.06432749 0.19883041]
val_loss=77.0118
accuracy
[0.00584795 0.03508772 0.06432749 0.19883041]
val_loss=77.3266
accuracy
[0.00584795 0.03508772 0.06432749 0.19883041]
val_loss=77.2270
accuracy
[0.00584795 0.03508772 0.06432749 0.19883041]
val_loss=77.7848
accuracy
[0.00584795 0.03508772 0.06432749 0.19883041]
val_loss=77.4660
accuracy
[0.00584795 0.03508772 0.06432749 0.19883041]
val_loss=78.0050
accuracy
[0.00584795 0.03508772 0.06432749 0.19883041]
val_loss=78.3260
accuracy
[0.00584795 0.03508772 0.06432749 0.19883041]
val_loss=78.2390
accuracy
[0.00584795 0.03508772 0.06432749 0.19883041]
val_loss=78.1592
accuracy
[0.00584795 0.03508772 0.06432749 0.19883041]
val_loss=78.4226
accuracy
[0.00584795 0.03508772 0.06432749 0.19883041]
val_loss=78.7710
accuracy
[0.00584795 0.03508772 0.06432749 0.19883041]
val_loss=78.8926
accuracy
[0.00584795 0.03508772 0.06432749 0.19883041]
val_loss=79.0324
accuracy
[0.00584795 0.03508772 0.06432749 0.19883041]
val_loss=79.1323
accuracy
[0.00584795 0.03508772 0.06432749 0.19883041]
val_loss=79.2916
accuracy
[0.00584795 0.03508772 0.06432749 0.19883041]
val_loss=79.3419
accuracy
[0.00584795 0.03508772 0.06432749 0.19883041]
val_loss=79.8031
accuracy
[0.00584795 0.03508772 0.06432749 0.19883041]
val_loss=79.9652
accuracy
[0.00584795 0.03508772 0.06432749 0.19883041]
val_loss=79.5105
accuracy
[0.00584795 0.03508772 0.06432749 0.19883041]
val_loss=80.0008
accuracy
[0.00584795 0.03508772 0.06432749 0.19883041]
val_loss=80.0610
accuracy
[0.00584795 0.03508772 0.06432749 0.19883041]
val_loss=80.0808
accuracy
[0.00584795 0.03508772 0.06432749 0.19883041]
val_loss=80.1276
accuracy
[0.00584795 0.03508772 0.06432749 0.19883041]
val_loss=80.1245
accuracy
[0.00584795 0.03508772 0.06432749 0.19883041]
val_loss=80.2215
accuracy
[0.00584795 0.03508772 0.06432749 0.19883041]
val_loss=80.1456
accuracy
[0.00584795 0.03508772 0.06432749 0.19883041]
val_loss=80.3055
accuracy
[0.00584795 0.03508772 0.06432749 0.19883041]
val_loss=80.3343
accuracy
[0.00584795 0.03508772 0.06432749 0.19883041]
val_loss=80.3413
accuracy
[0.00584795 0.03508772 0.06432749 0.19883041]
val_loss=80.4244
accuracy
[0.00584795 0.03508772 0.06432749 0.19883041]
val_loss=80.4808
accuracy
[0.00584795 0.03508772 0.06432749 0.19883041]
val_loss=80.3754
accuracy
[0.00584795 0.03508772 0.06432749 0.19883041]
val_loss=80.4329
accuracy
[0.00584795 0.03508772 0.06432749 0.19883041]
val_loss=80.4721
accuracy
[0.00584795 0.03508772 0.06432749 0.19883041]
val_loss=80.6261
accuracy
[0.00584795 0.03508772 0.06432749 0.19883041]
val_loss=80.5483
accuracy
[0.00584795 0.03508772 0.06432749 0.19883041]
val_loss=80.5705
accuracy
[0.00584795 0.03508772 0.06432749 0.19883041]
val_loss=80.6533
accuracy
[0.00584795 0.03508772 0.06432749 0.19883041]
val_loss=80.6535
accuracy
[0.00584795 0.03508772 0.06432749 0.19883041]
val_loss=80.6620
accuracy
[0.00584795 0.03508772 0.06432749 0.19883041]
val_loss=80.6599
accuracy
[0.00584795 0.03508772 0.06432749 0.19883041]
val_loss=80.7648
accuracy
[0.00584795 0.03508772 0.06432749 0.19883041]
Finished Training
    rehearsal replay buffer: 500 of 1928 source samples
cpu
Finished Training
cpu
Finished Training
cpu
Finished Training
cpu
Finished Training
cpu
Finished Training
cpu
Finished Training
cpu
Finished Training
cpu
Finished Training
cpu
Finished Training
cpu
Finished Training
cpu
Finished Training
cpu
Finished Training
cpu
Finished Training
cpu
Finished Training
cpu
Finished Training
cpu
Finished Training
cpu
Finished Training
cpu
Finished Training
cpu
Finished Training
cpu
Finished Training
cpu
Finished Training
cpu
Finished Training
  seed 7: pretrain on scenario1 (1928 samples), zero-shot eval on scenario7 (171 held-out test samples)
cpu
-----------------------------------------------------------------------
      Layer (type)        Output Shape         Param #     Tr. Param #
=======================================================================
          Linear-1           [32, 256]           1,280           1,280
            ReLU-2           [32, 256]               0               0
          Linear-3           [32, 256]          65,792          65,792
          Linear-4           [32, 256]          65,792          65,792
          Linear-5            [32, 16]           4,112           4,112
=======================================================================
Total params: 136,976
Trainable params: 136,976
Non-trainable params: 0
-----------------------------------------------------------------------
val_loss=58.9970
accuracy
[0.         0.01754386 0.04678363 0.0877193 ]
val_loss=51.7565
accuracy
[0.         0.01754386 0.04678363 0.0877193 ]
val_loss=50.1009
accuracy
[0.         0.01754386 0.04678363 0.14619883]
val_loss=54.5933
accuracy
[0.         0.01754386 0.04678363 0.26315789]
val_loss=45.9687
accuracy
[0.         0.01754386 0.04678363 0.33333333]
val_loss=34.1703
accuracy
[0.01754386 0.01754386 0.04678363 0.16374269]
val_loss=43.5054
accuracy
[0.         0.01754386 0.04678363 0.2748538 ]
val_loss=48.3850
accuracy
[0.         0.01754386 0.04678363 0.30994152]
val_loss=45.3709
accuracy
[0.         0.01754386 0.04678363 0.2748538 ]
val_loss=49.7350
accuracy
[0.         0.01754386 0.04678363 0.2748538 ]
val_loss=45.1630
accuracy
[0.         0.01754386 0.04678363 0.2748538 ]
val_loss=50.6265
accuracy
[0.         0.01754386 0.04678363 0.2748538 ]
val_loss=50.8848
accuracy
[0.         0.01754386 0.04678363 0.2748538 ]
val_loss=59.1544
accuracy
[0.         0.01754386 0.04678363 0.2748538 ]
val_loss=45.1290
accuracy
[0.         0.01754386 0.04678363 0.18128655]
val_loss=48.0893
accuracy
[0.         0.01754386 0.04678363 0.28070175]
val_loss=44.2495
accuracy
[0.         0.01754386 0.04678363 0.31578947]
val_loss=48.1342
accuracy
[0.         0.01754386 0.04678363 0.34502924]
val_loss=42.4637
accuracy
[0.         0.01754386 0.04678363 0.29239766]
val_loss=51.6282
accuracy
[0.         0.01754386 0.04678363 0.29239766]
val_loss=53.0341
accuracy
[0.         0.01754386 0.04678363 0.29239766]
val_loss=55.3630
accuracy
[0.         0.01754386 0.04678363 0.29239766]
val_loss=55.2825
accuracy
[0.         0.01754386 0.04678363 0.29239766]
val_loss=56.6584
accuracy
[0.         0.01754386 0.04678363 0.29239766]
val_loss=58.5443
accuracy
[0.         0.01754386 0.04678363 0.29239766]
val_loss=57.3913
accuracy
[0.         0.01754386 0.04678363 0.29239766]
val_loss=58.4445
accuracy
[0.         0.01754386 0.04678363 0.29239766]
val_loss=59.0531
accuracy
[0.         0.01754386 0.04678363 0.29239766]
val_loss=59.2435
accuracy
[0.         0.01754386 0.04678363 0.29239766]
val_loss=59.8806
accuracy
[0.         0.01754386 0.04678363 0.29239766]
val_loss=60.0090
accuracy
[0.         0.01754386 0.04678363 0.29239766]
val_loss=59.5193
accuracy
[0.         0.01754386 0.04678363 0.29239766]
val_loss=59.7005
accuracy
[0.         0.01754386 0.04678363 0.29239766]
val_loss=60.0698
accuracy
[0.         0.01754386 0.04678363 0.29239766]
val_loss=59.8980
accuracy
[0.         0.01754386 0.04678363 0.29239766]
val_loss=59.3219
accuracy
[0.         0.01754386 0.04678363 0.29239766]
val_loss=60.0661
accuracy
[0.         0.01754386 0.04678363 0.29239766]
val_loss=60.4879
accuracy
[0.         0.01754386 0.04678363 0.29239766]
val_loss=62.6506
accuracy
[0.         0.01754386 0.04678363 0.29239766]
val_loss=60.6914
accuracy
[0.         0.01754386 0.04678363 0.29239766]
val_loss=61.8712
accuracy
[0.         0.01754386 0.04678363 0.29239766]
val_loss=62.2553
accuracy
[0.         0.01754386 0.04678363 0.29239766]
val_loss=61.9591
accuracy
[0.         0.01754386 0.04678363 0.29239766]
val_loss=61.7741
accuracy
[0.         0.01754386 0.04678363 0.29239766]
val_loss=61.9753
accuracy
[0.         0.01754386 0.04678363 0.29239766]
val_loss=62.0887
accuracy
[0.         0.01754386 0.04678363 0.29239766]
val_loss=62.4325
accuracy
[0.         0.01754386 0.04678363 0.29239766]
val_loss=62.2739
accuracy
[0.         0.01754386 0.04678363 0.29239766]
val_loss=62.5317
accuracy
[0.         0.01754386 0.04678363 0.29239766]
val_loss=62.7442
accuracy
[0.         0.01754386 0.04678363 0.29239766]
val_loss=63.0628
accuracy
[0.         0.01754386 0.04678363 0.29239766]
val_loss=62.9737
accuracy
[0.         0.01754386 0.04678363 0.29239766]
val_loss=63.1043
accuracy
[0.         0.01754386 0.04678363 0.29239766]
val_loss=63.4468
accuracy
[0.         0.01754386 0.04678363 0.29239766]
val_loss=62.9604
accuracy
[0.         0.01754386 0.04678363 0.29239766]
val_loss=63.8789
accuracy
[0.         0.01754386 0.04678363 0.29239766]
val_loss=63.5473
accuracy
[0.         0.01754386 0.04678363 0.29239766]
val_loss=64.1648
accuracy
[0.         0.01754386 0.04678363 0.29239766]
val_loss=63.9718
accuracy
[0.         0.01754386 0.04678363 0.29239766]
val_loss=63.8289
accuracy
[0.         0.01754386 0.04678363 0.29239766]
val_loss=63.8980
accuracy
[0.         0.01754386 0.04678363 0.29239766]
val_loss=63.9159
accuracy
[0.         0.01754386 0.04678363 0.29239766]
val_loss=63.9143
accuracy
[0.         0.01754386 0.04678363 0.29239766]
val_loss=64.1057
accuracy
[0.         0.01754386 0.04678363 0.29239766]
val_loss=64.0885
accuracy
[0.         0.01754386 0.04678363 0.29239766]
val_loss=63.9870
accuracy
[0.         0.01754386 0.04678363 0.29239766]
val_loss=64.0189
accuracy
[0.         0.01754386 0.04678363 0.29239766]
val_loss=64.1267
accuracy
[0.         0.01754386 0.04678363 0.29239766]
val_loss=64.0841
accuracy
[0.         0.01754386 0.04678363 0.29239766]
val_loss=64.1896
accuracy
[0.         0.01754386 0.04678363 0.29239766]
val_loss=64.1828
accuracy
[0.         0.01754386 0.04678363 0.29239766]
val_loss=64.3480
accuracy
[0.         0.01754386 0.04678363 0.29239766]
val_loss=64.2014
accuracy
[0.         0.01754386 0.04678363 0.29239766]
val_loss=64.2596
accuracy
[0.         0.01754386 0.04678363 0.29239766]
val_loss=64.3625
accuracy
[0.         0.01754386 0.04678363 0.29239766]
val_loss=64.2786
accuracy
[0.         0.01754386 0.04678363 0.29239766]
val_loss=64.3590
accuracy
[0.         0.01754386 0.04678363 0.29239766]
val_loss=64.2818
accuracy
[0.         0.01754386 0.04678363 0.29239766]
val_loss=64.4372
accuracy
[0.         0.01754386 0.04678363 0.29239766]
val_loss=64.4017
accuracy
[0.         0.01754386 0.04678363 0.29239766]
Finished Training
    rehearsal replay buffer: 500 of 1928 source samples
cpu
Finished Training
cpu
Finished Training
cpu
Finished Training
cpu
Finished Training
cpu
Finished Training
cpu
Finished Training
cpu
Finished Training
cpu
Finished Training
cpu
Finished Training
cpu
Finished Training
cpu
Finished Training
cpu
Finished Training
cpu
Finished Training
cpu
Finished Training
cpu
Finished Training
cpu
Finished Training
cpu
Finished Training
cpu
Finished Training
cpu
Finished Training
cpu
Finished Training
cpu
Finished Training
cpu
Finished Training
  seed 8: pretrain on scenario1 (1928 samples), zero-shot eval on scenario7 (171 held-out test samples)
cpu
-----------------------------------------------------------------------
      Layer (type)        Output Shape         Param #     Tr. Param #
=======================================================================
          Linear-1           [32, 256]           1,280           1,280
            ReLU-2           [32, 256]               0               0
          Linear-3           [32, 256]          65,792          65,792
          Linear-4           [32, 256]          65,792          65,792
          Linear-5            [32, 16]           4,112           4,112
=======================================================================
Total params: 136,976
Trainable params: 136,976
Non-trainable params: 0
-----------------------------------------------------------------------
val_loss=59.1624
accuracy
[0.01754386 0.04093567 0.05263158 0.12865497]
val_loss=56.8166
accuracy
[0.01169591 0.02923977 0.05263158 0.13450292]
val_loss=58.2437
accuracy
[0.01169591 0.02923977 0.05263158 0.15204678]
val_loss=46.1916
accuracy
[0.01169591 0.02923977 0.05263158 0.18128655]
val_loss=35.5103
accuracy
[0.01169591 0.02923977 0.05263158 0.18128655]
val_loss=31.4456
accuracy
[0.01169591 0.02923977 0.05263158 0.35087719]
val_loss=32.4669
accuracy
[0.01169591 0.02923977 0.05263158 0.2748538 ]
val_loss=37.2354
accuracy
[0.01169591 0.02923977 0.05263158 0.15204678]
val_loss=38.9831
accuracy
[0.01169591 0.02923977 0.05263158 0.15204678]
val_loss=41.1990
accuracy
[0.01169591 0.02923977 0.05263158 0.15789474]
val_loss=42.2407
accuracy
[0.01169591 0.02923977 0.05263158 0.15789474]
val_loss=57.9750
accuracy
[0.01169591 0.02923977 0.05263158 0.15789474]
val_loss=48.0499
accuracy
[0.01169591 0.02923977 0.05263158 0.15789474]
val_loss=52.1846
accuracy
[0.01169591 0.02923977 0.05263158 0.15789474]
val_loss=59.8847
accuracy
[0.01169591 0.02923977 0.05263158 0.15789474]
val_loss=64.1755
accuracy
[0.01169591 0.02923977 0.05263158 0.15789474]
val_loss=64.5380
accuracy
[0.01169591 0.02923977 0.05263158 0.15789474]
val_loss=61.8920
accuracy
[0.01169591 0.02923977 0.05263158 0.15789474]
val_loss=64.2165
accuracy
[0.01169591 0.02923977 0.05263158 0.15789474]
val_loss=61.6843
accuracy
[0.01169591 0.02923977 0.05263158 0.15789474]
val_loss=67.2940
accuracy
[0.01169591 0.02923977 0.05263158 0.15789474]
val_loss=70.5289
accuracy
[0.01169591 0.02923977 0.05263158 0.15789474]
val_loss=73.9606
accuracy
[0.01169591 0.02923977 0.05263158 0.15789474]
val_loss=75.6161
accuracy
[0.01169591 0.02923977 0.05263158 0.15789474]
val_loss=80.6551
accuracy
[0.01169591 0.02923977 0.05263158 0.15789474]
val_loss=78.0715
accuracy
[0.01169591 0.02923977 0.05263158 0.15789474]
val_loss=79.5033
accuracy
[0.01169591 0.02923977 0.05263158 0.15789474]
val_loss=83.2935
accuracy
[0.01169591 0.02923977 0.05263158 0.15789474]
val_loss=82.1030
accuracy
[0.01169591 0.02923977 0.05263158 0.15789474]
val_loss=83.8505
accuracy
[0.01169591 0.02923977 0.05263158 0.15789474]
val_loss=83.0444
accuracy
[0.01169591 0.02923977 0.05263158 0.15789474]
val_loss=83.9126
accuracy
[0.01169591 0.02923977 0.05263158 0.15789474]
val_loss=82.8856
accuracy
[0.01169591 0.02923977 0.05263158 0.15789474]
val_loss=83.9952
accuracy
[0.01169591 0.02923977 0.05263158 0.15789474]
val_loss=84.7910
accuracy
[0.01169591 0.02923977 0.05263158 0.15789474]
val_loss=84.8281
accuracy
[0.01169591 0.02923977 0.05263158 0.15789474]
val_loss=85.0403
accuracy
[0.01169591 0.02923977 0.05263158 0.15789474]
val_loss=86.4130
accuracy
[0.01169591 0.02923977 0.05263158 0.15789474]
val_loss=85.5196
accuracy
[0.01169591 0.02923977 0.05263158 0.15789474]
val_loss=85.1003
accuracy
[0.01169591 0.02923977 0.05263158 0.15789474]
val_loss=86.1258
accuracy
[0.01169591 0.02923977 0.05263158 0.15789474]
val_loss=86.0731
accuracy
[0.01169591 0.02923977 0.05263158 0.15789474]
val_loss=86.3246
accuracy
[0.01169591 0.02923977 0.05263158 0.15789474]
val_loss=86.8437
accuracy
[0.01169591 0.02923977 0.05263158 0.15789474]
val_loss=86.6538
accuracy
[0.01169591 0.02923977 0.05263158 0.15789474]
val_loss=87.4160
accuracy
[0.01169591 0.02923977 0.05263158 0.15789474]
val_loss=87.6837
accuracy
[0.01169591 0.02923977 0.05263158 0.15789474]
val_loss=87.7524
accuracy
[0.01169591 0.02923977 0.05263158 0.15789474]
val_loss=87.9619
accuracy
[0.01169591 0.02923977 0.05263158 0.15789474]
val_loss=87.6961
accuracy
[0.01169591 0.02923977 0.05263158 0.15789474]
val_loss=88.3881
accuracy
[0.01169591 0.02923977 0.05263158 0.15789474]
val_loss=88.5848
accuracy
[0.01169591 0.02923977 0.05263158 0.15789474]
val_loss=87.6758
accuracy
[0.01169591 0.02923977 0.05263158 0.15789474]
val_loss=89.1959
accuracy
[0.01169591 0.02923977 0.05263158 0.15789474]
val_loss=89.0125
accuracy
[0.01169591 0.02923977 0.05263158 0.15789474]
val_loss=89.2600
accuracy
[0.01169591 0.02923977 0.05263158 0.15789474]
val_loss=88.9117
accuracy
[0.01169591 0.02923977 0.05263158 0.15789474]
val_loss=89.4490
accuracy
[0.01169591 0.02923977 0.05263158 0.15789474]
val_loss=89.2337
accuracy
[0.01169591 0.02923977 0.05263158 0.15789474]
val_loss=89.5895
accuracy
[0.01169591 0.02923977 0.05263158 0.15789474]
val_loss=89.6600
accuracy
[0.01169591 0.02923977 0.05263158 0.15789474]
val_loss=89.7682
accuracy
[0.01169591 0.02923977 0.05263158 0.15789474]
val_loss=89.9322
accuracy
[0.01169591 0.02923977 0.05263158 0.15789474]
val_loss=89.8650
accuracy
[0.01169591 0.02923977 0.05263158 0.15789474]
val_loss=90.0305
accuracy
[0.01169591 0.02923977 0.05263158 0.15789474]
val_loss=90.1852
accuracy
[0.01169591 0.02923977 0.05263158 0.15789474]
val_loss=90.1583
accuracy
[0.01169591 0.02923977 0.05263158 0.15789474]
val_loss=90.0280
accuracy
[0.01169591 0.02923977 0.05263158 0.15789474]
val_loss=90.1859
accuracy
[0.01169591 0.02923977 0.05263158 0.15789474]
val_loss=90.3202
accuracy
[0.01169591 0.02923977 0.05263158 0.15789474]
val_loss=90.2439
accuracy
[0.01169591 0.02923977 0.05263158 0.15789474]
val_loss=90.2759
accuracy
[0.01169591 0.02923977 0.05263158 0.15789474]
val_loss=90.4807
accuracy
[0.01169591 0.02923977 0.05263158 0.15789474]
val_loss=90.4636
accuracy
[0.01169591 0.02923977 0.05263158 0.15789474]
val_loss=90.4246
accuracy
[0.01169591 0.02923977 0.05263158 0.15789474]
val_loss=90.5229
accuracy
[0.01169591 0.02923977 0.05263158 0.15789474]
val_loss=90.4727
accuracy
[0.01169591 0.02923977 0.05263158 0.15789474]
val_loss=90.3642
accuracy
[0.01169591 0.02923977 0.05263158 0.15789474]
val_loss=90.6160
accuracy
[0.01169591 0.02923977 0.05263158 0.15789474]
val_loss=90.6896
accuracy
[0.01169591 0.02923977 0.05263158 0.15789474]
Finished Training
    rehearsal replay buffer: 500 of 1928 source samples
cpu
Finished Training
cpu
Finished Training
cpu
Finished Training
cpu
Finished Training
cpu
Finished Training
cpu
Finished Training
cpu
Finished Training
cpu
Finished Training
cpu
Finished Training
cpu
Finished Training
cpu
Finished Training
cpu
Finished Training
cpu
Finished Training
cpu
Finished Training
cpu
Finished Training
cpu
Finished Training
cpu
Finished Training
cpu
Finished Training
cpu
Finished Training
cpu
Finished Training
cpu
Finished Training
cpu
Finished Training
  seed 9: pretrain on scenario1 (1928 samples), zero-shot eval on scenario7 (171 held-out test samples)
cpu
-----------------------------------------------------------------------
      Layer (type)        Output Shape         Param #     Tr. Param #
=======================================================================
          Linear-1           [32, 256]           1,280           1,280
            ReLU-2           [32, 256]               0               0
          Linear-3           [32, 256]          65,792          65,792
          Linear-4           [32, 256]          65,792          65,792
          Linear-5            [32, 16]           4,112           4,112
=======================================================================
Total params: 136,976
Trainable params: 136,976
Non-trainable params: 0
-----------------------------------------------------------------------
val_loss=46.8069
accuracy
[0.02923977 0.02923977 0.07602339 0.14619883]
val_loss=48.8610
accuracy
[0.02923977 0.07602339 0.07602339 0.15789474]
val_loss=36.8159
accuracy
[0.02923977 0.02923977 0.07602339 0.14619883]
val_loss=38.3372
accuracy
[0.         0.02923977 0.07602339 0.15789474]
val_loss=49.9024
accuracy
[0.         0.02923977 0.07602339 0.19883041]
val_loss=39.5089
accuracy
[0.         0.02923977 0.07602339 0.23976608]
val_loss=51.6452
accuracy
[0.         0.02923977 0.07602339 0.23976608]
val_loss=53.3709
accuracy
[0.         0.02923977 0.07602339 0.23976608]
val_loss=58.0782
accuracy
[0.         0.02923977 0.07602339 0.23976608]
val_loss=53.7066
accuracy
[0.         0.02923977 0.07602339 0.23976608]
val_loss=57.7356
accuracy
[0.         0.02923977 0.07602339 0.23976608]
val_loss=58.6050
accuracy
[0.         0.02923977 0.07602339 0.23976608]
val_loss=54.6058
accuracy
[0.         0.02923977 0.07602339 0.23976608]
val_loss=55.7548
accuracy
[0.         0.02923977 0.07602339 0.23976608]
val_loss=62.2994
accuracy
[0.         0.02923977 0.07602339 0.23976608]
val_loss=64.2353
accuracy
[0.         0.02923977 0.07602339 0.23976608]
val_loss=53.9963
accuracy
[0.         0.02923977 0.07602339 0.23976608]
val_loss=67.0332
accuracy
[0.         0.02923977 0.07602339 0.23976608]
val_loss=64.5070
accuracy
[0.         0.02923977 0.07602339 0.23976608]
val_loss=63.2580
accuracy
[0.         0.02923977 0.07602339 0.23976608]
val_loss=65.8147
accuracy
[0.         0.02923977 0.07602339 0.23976608]
val_loss=67.2980
accuracy
[0.         0.02923977 0.07602339 0.23976608]
val_loss=69.3397
accuracy
[0.         0.02923977 0.07602339 0.23976608]
val_loss=70.2232
accuracy
[0.         0.02923977 0.07602339 0.23976608]
val_loss=71.9080
accuracy
[0.         0.02923977 0.07602339 0.23976608]
val_loss=72.8203
accuracy
[0.         0.02923977 0.07602339 0.23976608]
val_loss=73.1499
accuracy
[0.         0.02923977 0.07602339 0.23976608]
val_loss=75.3775
accuracy
[0.         0.02923977 0.07602339 0.23976608]
val_loss=73.8192
accuracy
[0.         0.02923977 0.07602339 0.23976608]
val_loss=75.7976
accuracy
[0.         0.02923977 0.07602339 0.23976608]
val_loss=76.4698
accuracy
[0.         0.02923977 0.07602339 0.23976608]
val_loss=75.7574
accuracy
[0.         0.02923977 0.07602339 0.23976608]
val_loss=76.7535
accuracy
[0.         0.02923977 0.07602339 0.23976608]
val_loss=77.8646
accuracy
[0.         0.02923977 0.07602339 0.23976608]
val_loss=78.1824
accuracy
[0.         0.02923977 0.07602339 0.23976608]
val_loss=78.2313
accuracy
[0.         0.02923977 0.07602339 0.23976608]
val_loss=78.5656
accuracy
[0.         0.02923977 0.07602339 0.23976608]
val_loss=78.9698
accuracy
[0.         0.02923977 0.07602339 0.23976608]
val_loss=78.7908
accuracy
[0.         0.02923977 0.07602339 0.23976608]
val_loss=79.0253
accuracy
[0.         0.02923977 0.07602339 0.23976608]
val_loss=79.3181
accuracy
[0.         0.02923977 0.07602339 0.23976608]
val_loss=79.8828
accuracy
[0.         0.02923977 0.07602339 0.23976608]
val_loss=80.0086
accuracy
[0.         0.02923977 0.07602339 0.23976608]
val_loss=80.3919
accuracy
[0.         0.02923977 0.07602339 0.23976608]
val_loss=80.0980
accuracy
[0.         0.02923977 0.07602339 0.23976608]
val_loss=80.5747
accuracy
[0.         0.02923977 0.07602339 0.23976608]
val_loss=80.6496
accuracy
[0.         0.02923977 0.07602339 0.23976608]
val_loss=80.8999
accuracy
[0.         0.02923977 0.07602339 0.23976608]
val_loss=81.0875
accuracy
[0.         0.02923977 0.07602339 0.23976608]
val_loss=81.3920
accuracy
[0.         0.02923977 0.07602339 0.23976608]
val_loss=81.7365
accuracy
[0.         0.02923977 0.07602339 0.23976608]
val_loss=81.5656
accuracy
[0.         0.02923977 0.07602339 0.23976608]
val_loss=81.7336
accuracy
[0.         0.02923977 0.07602339 0.23976608]
val_loss=81.9642
accuracy
[0.         0.02923977 0.07602339 0.23976608]
val_loss=82.1088
accuracy
[0.         0.02923977 0.07602339 0.23976608]
val_loss=82.2145
accuracy
[0.         0.02923977 0.07602339 0.23976608]
val_loss=82.5849
accuracy
[0.         0.02923977 0.07602339 0.23976608]
val_loss=82.6685
accuracy
[0.         0.02923977 0.07602339 0.23976608]
val_loss=82.6493
accuracy
[0.         0.02923977 0.07602339 0.23976608]
val_loss=82.6070
accuracy
[0.         0.02923977 0.07602339 0.23976608]
val_loss=83.0139
accuracy
[0.         0.02923977 0.07602339 0.23976608]
val_loss=82.9870
accuracy
[0.         0.02923977 0.07602339 0.23976608]
val_loss=82.9819
accuracy
[0.         0.02923977 0.07602339 0.23976608]
val_loss=83.1251
accuracy
[0.         0.02923977 0.07602339 0.23976608]
val_loss=83.1093
accuracy
[0.         0.02923977 0.07602339 0.23976608]
val_loss=83.1271
accuracy
[0.         0.02923977 0.07602339 0.23976608]
val_loss=83.1344
accuracy
[0.         0.02923977 0.07602339 0.23976608]
val_loss=83.2417
accuracy
[0.         0.02923977 0.07602339 0.23976608]
val_loss=83.2907
accuracy
[0.         0.02923977 0.07602339 0.23976608]
val_loss=83.3043
accuracy
[0.         0.02923977 0.07602339 0.23976608]
val_loss=83.3544
accuracy
[0.         0.02923977 0.07602339 0.23976608]
val_loss=83.4973
accuracy
[0.         0.02923977 0.07602339 0.23976608]
val_loss=83.3685
accuracy
[0.         0.02923977 0.07602339 0.23976608]
val_loss=83.6249
accuracy
[0.         0.02923977 0.07602339 0.23976608]
val_loss=83.4175
accuracy
[0.         0.02923977 0.07602339 0.23976608]
val_loss=83.5724
accuracy
[0.         0.02923977 0.07602339 0.23976608]
val_loss=83.6729
accuracy
[0.         0.02923977 0.07602339 0.23976608]
val_loss=83.7122
accuracy
[0.         0.02923977 0.07602339 0.23976608]
val_loss=83.6461
accuracy
[0.         0.02923977 0.07602339 0.23976608]
val_loss=83.7540
accuracy
[0.         0.02923977 0.07602339 0.23976608]
Finished Training
    rehearsal replay buffer: 500 of 1928 source samples
cpu
Finished Training
cpu
Finished Training
cpu
Finished Training
cpu
Finished Training
cpu
Finished Training
cpu
Finished Training
cpu
Finished Training
cpu
Finished Training
cpu
Finished Training
cpu
Finished Training
cpu
Finished Training
cpu
Finished Training
cpu
Finished Training
cpu
Finished Training
cpu
Finished Training
cpu
Finished Training
cpu
Finished Training
cpu
Finished Training
cpu
Finished Training
cpu
Finished Training
cpu
Finished Training
cpu
Finished Training
Saved result\stage1_s1_to_s7_rehearsal_acc.mat and result\stage1_s1_to_s7_rehearsal_pwr.mat (10/10 seeds completed)

======================================================================
Rehearsal comparison: scenario2 -> scenario1  (s2_to_s1)
======================================================================
  seed 0: pretrain on scenario2 (2379 samples), zero-shot eval on scenario1 (483 held-out test samples)
cpu
-----------------------------------------------------------------------
      Layer (type)        Output Shape         Param #     Tr. Param #
=======================================================================
          Linear-1           [32, 256]           1,280           1,280
            ReLU-2           [32, 256]               0               0
          Linear-3           [32, 256]          65,792          65,792
          Linear-4           [32, 256]          65,792          65,792
          Linear-5            [32, 16]           4,112           4,112
=======================================================================
Total params: 136,976
Trainable params: 136,976
Non-trainable params: 0
-----------------------------------------------------------------------
val_loss=2.3462
accuracy
[0.23809524 0.45341615 0.67287785 0.86128364]
val_loss=2.4511
accuracy
[0.20082816 0.49068323 0.76811594 0.98550725]
val_loss=2.3933
accuracy
[0.30227743 0.56728778 0.79710145 0.96066253]
val_loss=3.0647
accuracy
[0.32505176 0.51966874 0.61076605 0.90062112]
val_loss=3.1018
accuracy
[0.2815735  0.53830228 0.72670807 0.88198758]
val_loss=3.5984
accuracy
[0.34782609 0.53623188 0.67287785 0.90269151]
val_loss=3.0213
accuracy
[0.3126294  0.52173913 0.68944099 0.90890269]
val_loss=2.8899
accuracy
[0.33954451 0.52173913 0.70186335 0.92132505]
val_loss=3.5761
accuracy
[0.35196687 0.54658385 0.70600414 0.8426501 ]
val_loss=2.6753
accuracy
[0.34161491 0.5300207  0.73498965 0.88405797]
val_loss=3.8232
accuracy
[0.30641822 0.51552795 0.60662526 0.88198758]
val_loss=3.1644
accuracy
[0.28778468 0.56935818 0.75983437 0.88819876]
val_loss=3.3271
accuracy
[0.27536232 0.51345756 0.70393375 0.873706  ]
val_loss=3.5369
accuracy
[0.34989648 0.5320911  0.70807453 0.83229814]
val_loss=2.7769
accuracy
[0.2505176  0.55486542 0.7805383  0.9068323 ]
val_loss=3.8897
accuracy
[0.29606625 0.51759834 0.70186335 0.84057971]
val_loss=3.6106
accuracy
[0.27950311 0.51552795 0.63146998 0.80745342]
val_loss=3.9714
accuracy
[0.33540373 0.52795031 0.70600414 0.83229814]
val_loss=3.4772
accuracy
[0.31469979 0.52795031 0.70186335 0.87784679]
val_loss=4.4244
accuracy
[0.37888199 0.51966874 0.65217391 0.79917184]
val_loss=4.1190
accuracy
[0.38509317 0.52380952 0.66873706 0.83436853]
val_loss=4.0339
accuracy
[0.34575569 0.5320911  0.69151139 0.84679089]
val_loss=4.4141
accuracy
[0.37888199 0.52587992 0.67287785 0.8136646 ]
val_loss=4.4269
accuracy
[0.37267081 0.52173913 0.64182195 0.81573499]
val_loss=4.2637
accuracy
[0.35817805 0.5300207  0.67701863 0.82401656]
val_loss=4.2066
accuracy
[0.35196687 0.52795031 0.67908903 0.83643892]
val_loss=4.5739
accuracy
[0.38716356 0.51966874 0.63975155 0.80331263]
val_loss=4.5023
accuracy
[0.35196687 0.52795031 0.66045549 0.78881988]
val_loss=4.4364
accuracy
[0.37888199 0.53416149 0.68944099 0.81573499]
val_loss=4.3423
accuracy
[0.36438923 0.5300207  0.66873706 0.81780538]
val_loss=4.3891
accuracy
[0.37060041 0.53830228 0.67287785 0.81780538]
val_loss=4.6089
accuracy
[0.37267081 0.51759834 0.63975155 0.80538302]
val_loss=4.2832
accuracy
[0.35403727 0.53623188 0.67287785 0.83643892]
val_loss=4.4164
accuracy
[0.36438923 0.53416149 0.67494824 0.82608696]
val_loss=4.3775
accuracy
[0.34989648 0.52587992 0.67080745 0.82194617]
val_loss=4.3706
accuracy
[0.37681159 0.5320911  0.66459627 0.82194617]
val_loss=4.6214
accuracy
[0.38716356 0.52795031 0.65217391 0.80538302]
val_loss=4.6783
accuracy
[0.37888199 0.5300207  0.67080745 0.80745342]
val_loss=4.5161
accuracy
[0.37267081 0.53623188 0.66045549 0.81573499]
val_loss=4.4079
accuracy
[0.35403727 0.52587992 0.66873706 0.85093168]
val_loss=4.6757
accuracy
[0.37888199 0.5300207  0.66252588 0.80745342]
val_loss=4.5299
accuracy
[0.35817805 0.53416149 0.66459627 0.82608696]
val_loss=4.5483
accuracy
[0.36438923 0.5320911  0.66252588 0.82608696]
val_loss=4.6472
accuracy
[0.37681159 0.5320911  0.66252588 0.81573499]
val_loss=4.6597
accuracy
[0.37060041 0.52795031 0.66045549 0.81780538]
val_loss=4.6871
accuracy
[0.37888199 0.5320911  0.6563147  0.80952381]
val_loss=4.7294
accuracy
[0.37681159 0.52587992 0.65010352 0.80952381]
val_loss=4.6472
accuracy
[0.37267081 0.52587992 0.64803313 0.81780538]
val_loss=4.6886
accuracy
[0.37267081 0.52587992 0.65010352 0.8136646 ]
val_loss=4.6788
accuracy
[0.37681159 0.5300207  0.65010352 0.81987578]
val_loss=4.6909
accuracy
[0.3747412  0.52587992 0.63975155 0.81780538]
val_loss=4.7314
accuracy
[0.37888199 0.52795031 0.65010352 0.81573499]
val_loss=4.6797
accuracy
[0.35817805 0.5300207  0.6563147  0.81573499]
val_loss=4.7853
accuracy
[0.38095238 0.5300207  0.65010352 0.80952381]
val_loss=4.6830
accuracy
[0.37060041 0.5320911  0.65838509 0.82194617]
val_loss=4.8311
accuracy
[0.38716356 0.52587992 0.64596273 0.80538302]
val_loss=4.7010
accuracy
[0.37681159 0.53416149 0.6563147  0.81573499]
val_loss=4.6125
accuracy
[0.37267081 0.53623188 0.66045549 0.83022774]
val_loss=4.8550
accuracy
[0.38716356 0.52795031 0.65217391 0.80331263]
val_loss=4.6707
accuracy
[0.36645963 0.5300207  0.65838509 0.82815735]
val_loss=4.7310
accuracy
[0.36853002 0.5320911  0.6563147  0.81573499]
val_loss=4.7389
accuracy
[0.37267081 0.5300207  0.65424431 0.8136646 ]
val_loss=4.7227
accuracy
[0.37060041 0.5300207  0.65424431 0.81573499]
val_loss=4.7482
accuracy
[0.37267081 0.5300207  0.65424431 0.8115942 ]
val_loss=4.7628
accuracy
[0.3747412  0.52795031 0.65424431 0.8115942 ]
val_loss=4.7675
accuracy
[0.3747412  0.52795031 0.65010352 0.8115942 ]
val_loss=4.7667
accuracy
[0.3747412  0.5300207  0.65217391 0.8136646 ]
val_loss=4.7593
accuracy
[0.37267081 0.5320911  0.65424431 0.80952381]
val_loss=4.7563
accuracy
[0.37060041 0.5300207  0.65424431 0.8115942 ]
val_loss=4.7363
accuracy
[0.37060041 0.5300207  0.65217391 0.8136646 ]
val_loss=4.7479
accuracy
[0.37060041 0.5320911  0.6563147  0.81573499]
val_loss=4.7853
accuracy
[0.3747412  0.52795031 0.65424431 0.8115942 ]
val_loss=4.7977
accuracy
[0.3747412 0.5300207 0.6563147 0.8136646]
val_loss=4.7746
accuracy
[0.37060041 0.5320911  0.65838509 0.8136646 ]
val_loss=4.7737
accuracy
[0.37267081 0.5300207  0.65424431 0.80952381]
val_loss=4.7905
accuracy
[0.3747412  0.52795031 0.65010352 0.80952381]
val_loss=4.7621
accuracy
[0.37060041 0.5320911  0.65838509 0.81573499]
val_loss=4.7764
accuracy
[0.37060041 0.5300207  0.65424431 0.8136646 ]
val_loss=4.7997
accuracy
[0.37681159 0.52795031 0.65010352 0.8136646 ]
val_loss=4.7977
accuracy
[0.38095238 0.5320911  0.65424431 0.80952381]
Finished Training
    rehearsal replay buffer: 500 of 2379 source samples
cpu
Finished Training
cpu
Finished Training
cpu
Finished Training
cpu
Finished Training
cpu
Finished Training
cpu
Finished Training
cpu
Finished Training
cpu
Finished Training
cpu
Finished Training
cpu
Finished Training
cpu
Finished Training
cpu
Finished Training
cpu
Finished Training
cpu
Finished Training
cpu
Finished Training
cpu
Finished Training
cpu
Finished Training
cpu
Finished Training
cpu
Finished Training
cpu
Finished Training
cpu
Finished Training
cpu
Finished Training
  seed 1: pretrain on scenario2 (2379 samples), zero-shot eval on scenario1 (483 held-out test samples)
cpu
-----------------------------------------------------------------------
      Layer (type)        Output Shape         Param #     Tr. Param #
=======================================================================
          Linear-1           [32, 256]           1,280           1,280
            ReLU-2           [32, 256]               0               0
          Linear-3           [32, 256]          65,792          65,792
          Linear-4           [32, 256]          65,792          65,792
          Linear-5            [32, 16]           4,112           4,112
=======================================================================
Total params: 136,976
Trainable params: 136,976
Non-trainable params: 0
-----------------------------------------------------------------------
val_loss=2.5226
accuracy
[0.27536232 0.4679089  0.64803313 0.93167702]
val_loss=3.1861
accuracy
[0.33126294 0.54244306 0.62939959 0.90890269]
val_loss=3.1235
accuracy
[0.35403727 0.52173913 0.62732919 0.93167702]
val_loss=3.1729
accuracy
[0.29192547 0.50724638 0.62732919 0.92753623]
val_loss=4.0856
accuracy
[0.34782609 0.51552795 0.63768116 0.80124224]
val_loss=3.3829
accuracy
[0.36231884 0.52173913 0.61490683 0.8757764 ]
val_loss=2.7157
accuracy
[0.22774327 0.50931677 0.75569358 0.96687371]
val_loss=4.3711
accuracy
[0.36024845 0.52173913 0.63354037 0.78467909]
val_loss=4.1453
accuracy
[0.3126294  0.49275362 0.58592133 0.7826087 ]
val_loss=4.0042
accuracy
[0.36853002 0.52173913 0.62111801 0.83643892]
val_loss=3.7503
accuracy
[0.36024845 0.51966874 0.61697723 0.8136646 ]
val_loss=2.8557
accuracy
[0.27536232 0.52795031 0.77018634 0.94616977]
val_loss=3.6833
accuracy
[0.33540373 0.51966874 0.65838509 0.8136646 ]
val_loss=3.3687
accuracy
[0.30020704 0.55279503 0.7494824  0.87991718]
val_loss=4.1681
accuracy
[0.33540373 0.51759834 0.64389234 0.83022774]
val_loss=4.4690
accuracy
[0.32919255 0.51138716 0.61283644 0.81780538]
val_loss=3.4545
accuracy
[0.30227743 0.50517598 0.64182195 0.83850932]
val_loss=3.3961
accuracy
[0.31055901 0.51138716 0.71635611 0.87991718]
val_loss=3.3525
accuracy
[0.26915114 0.53830228 0.77018634 0.92546584]
val_loss=4.1372
accuracy
[0.34575569 0.52173913 0.66045549 0.76190476]
val_loss=3.7572
accuracy
[0.34575569 0.51966874 0.66666667 0.84886128]
val_loss=4.2172
accuracy
[0.35610766 0.51966874 0.65424431 0.8136646 ]
val_loss=4.2258
accuracy
[0.36438923 0.52587992 0.6563147  0.79089027]
val_loss=4.2415
accuracy
[0.36645963 0.51345756 0.64389234 0.79296066]
val_loss=4.4760
accuracy
[0.37681159 0.51966874 0.63975155 0.78467909]
val_loss=4.1536
accuracy
[0.36024845 0.50724638 0.63975155 0.80331263]
val_loss=4.4512
accuracy
[0.39544513 0.52173913 0.63561077 0.79917184]
val_loss=4.3138
accuracy
[0.33954451 0.52173913 0.65010352 0.83022774]
val_loss=4.1299
accuracy
[0.33126294 0.51759834 0.66459627 0.82194617]
val_loss=4.3375
accuracy
[0.37888199 0.51552795 0.64389234 0.80124224]
val_loss=4.3405
accuracy
[0.37060041 0.52380952 0.66045549 0.79503106]
val_loss=4.5626
accuracy
[0.36853002 0.51759834 0.64803313 0.79089027]
val_loss=4.4058
accuracy
[0.36645963 0.49482402 0.63146998 0.78467909]
val_loss=4.4295
accuracy
[0.36438923 0.52795031 0.69151139 0.78881988]
val_loss=4.5953
accuracy
[0.35817805 0.52173913 0.64389234 0.78881988]
val_loss=4.1551
accuracy
[0.36438923 0.52795031 0.66873706 0.81780538]
val_loss=4.6220
accuracy
[0.3747412  0.51552795 0.62939959 0.79503106]
val_loss=4.3875
accuracy
[0.34989648 0.52173913 0.64596273 0.8115942 ]
val_loss=4.5667
accuracy
[0.37888199 0.50931677 0.64596273 0.77432712]
val_loss=4.6770
accuracy
[0.36438923 0.49275362 0.60455487 0.77225673]
val_loss=4.4353
accuracy
[0.36438923 0.50931677 0.64803313 0.79503106]
val_loss=4.5870
accuracy
[0.38095238 0.4989648  0.64182195 0.78881988]
val_loss=4.6166
accuracy
[0.38509317 0.49689441 0.63146998 0.78467909]
val_loss=4.6257
accuracy
[0.38095238 0.50931677 0.64389234 0.78881988]
val_loss=4.7449
accuracy
[0.38923395 0.4989648  0.62939959 0.77846791]
val_loss=4.6120
accuracy
[0.37888199 0.50931677 0.64182195 0.79089027]
val_loss=4.7036
accuracy
[0.38716356 0.51138716 0.64182195 0.79089027]
val_loss=4.7903
accuracy
[0.38509317 0.51138716 0.63768116 0.78674948]
val_loss=4.6831
accuracy
[0.38509317 0.50931677 0.63975155 0.78881988]
val_loss=4.7043
accuracy
[0.38302277 0.50931677 0.63561077 0.78881988]
val_loss=4.7138
accuracy
[0.38095238 0.4989648  0.63768116 0.78881988]
val_loss=4.7720
accuracy
[0.38509317 0.50931677 0.63975155 0.78467909]
val_loss=4.6181
accuracy
[0.36645963 0.50310559 0.64182195 0.79710145]
val_loss=4.6638
accuracy
[0.3747412  0.49689441 0.62939959 0.79296066]
val_loss=4.8269
accuracy
[0.38302277 0.49689441 0.63354037 0.7805383 ]
val_loss=4.6782
accuracy
[0.37060041 0.4989648  0.63975155 0.79710145]
val_loss=4.7873
accuracy
[0.38509317 0.49689441 0.63146998 0.78881988]
val_loss=4.8211
accuracy
[0.38509317 0.4989648  0.63561077 0.78674948]
val_loss=4.9016
accuracy
[0.38923395 0.4989648  0.6252588  0.78467909]
val_loss=4.7568
accuracy
[0.37888199 0.4989648  0.63146998 0.79089027]
val_loss=4.7261
accuracy
[0.37888199 0.4989648  0.63768116 0.79296066]
val_loss=4.7700
accuracy
[0.38095238 0.4989648  0.63768116 0.79296066]
val_loss=4.7342
accuracy
[0.37888199 0.4989648  0.63768116 0.79503106]
val_loss=4.7555
accuracy
[0.37888199 0.4989648  0.63768116 0.79296066]
val_loss=4.7742
accuracy
[0.37888199 0.4989648  0.63768116 0.79089027]
val_loss=4.7877
accuracy
[0.38095238 0.4989648  0.63768116 0.79089027]
val_loss=4.7795
accuracy
[0.38095238 0.4989648  0.63768116 0.79089027]
val_loss=4.8445
accuracy
[0.38923395 0.4989648  0.63146998 0.78881988]
val_loss=4.7207
accuracy
[0.37267081 0.4989648  0.63975155 0.79917184]
val_loss=4.7449
accuracy
[0.37888199 0.4989648  0.63768116 0.79503106]
val_loss=4.7779
accuracy
[0.38302277 0.4989648  0.63561077 0.79296066]
val_loss=4.8148
accuracy
[0.38302277 0.4989648  0.63561077 0.79089027]
val_loss=4.8274
accuracy
[0.38923395 0.4989648  0.63354037 0.79089027]
val_loss=4.7960
accuracy
[0.38095238 0.4989648  0.63768116 0.79089027]
val_loss=4.7745
accuracy
[0.37888199 0.4989648  0.63768116 0.79089027]
val_loss=4.8438
accuracy
[0.38716356 0.4989648  0.63354037 0.78881988]
val_loss=4.7909
accuracy
[0.37888199 0.4989648  0.63768116 0.79089027]
val_loss=4.7744
accuracy
[0.37681159 0.4989648  0.63768116 0.79296066]
val_loss=4.8287
accuracy
[0.38509317 0.4989648  0.63561077 0.79089027]
val_loss=4.8498
accuracy
[0.38509317 0.4989648  0.63561077 0.79089027]
Finished Training
    rehearsal replay buffer: 500 of 2379 source samples
cpu
Finished Training
cpu
Finished Training
cpu
Finished Training
cpu
Finished Training
cpu
Finished Training
cpu
Finished Training
cpu
Finished Training
cpu
Finished Training
cpu
Finished Training
cpu
Finished Training
cpu
Finished Training
cpu
Finished Training
cpu
Finished Training
cpu
Finished Training
cpu
Finished Training
cpu
Finished Training
cpu
Finished Training
cpu
Finished Training
cpu
Finished Training
cpu
Finished Training
cpu
Finished Training
cpu
Finished Training
  seed 2: pretrain on scenario2 (2379 samples), zero-shot eval on scenario1 (483 held-out test samples)
cpu
-----------------------------------------------------------------------
      Layer (type)        Output Shape         Param #     Tr. Param #
=======================================================================
          Linear-1           [32, 256]           1,280           1,280
            ReLU-2           [32, 256]               0               0
          Linear-3           [32, 256]          65,792          65,792
          Linear-4           [32, 256]          65,792          65,792
          Linear-5            [32, 16]           4,112           4,112
=======================================================================
Total params: 136,976
Trainable params: 136,976
Non-trainable params: 0
-----------------------------------------------------------------------
val_loss=1.9405
accuracy
[0.27950311 0.52587992 0.78881988 0.97515528]
val_loss=2.1764
accuracy
[0.26501035 0.53416149 0.73291925 0.95859213]
val_loss=3.0463
accuracy
[0.29192547 0.51552795 0.66045549 0.92960663]
val_loss=2.8879
accuracy
[0.3747412  0.56728778 0.72877847 0.89233954]
val_loss=3.4833
accuracy
[0.35403727 0.51345756 0.63561077 0.89233954]
val_loss=4.3048
accuracy
[0.28985507 0.48447205 0.63561077 0.85093168]
val_loss=3.3005
accuracy
[0.32505176 0.51759834 0.66459627 0.91718427]
val_loss=3.0849
accuracy
[0.34575569 0.51966874 0.66666667 0.88198758]
val_loss=3.0119
accuracy
[0.33333333 0.50931677 0.67494824 0.95031056]
val_loss=3.3869
accuracy
[0.35196687 0.50517598 0.65424431 0.9068323 ]
val_loss=3.8228
accuracy
[0.35403727 0.52795031 0.65838509 0.91511387]
val_loss=3.6892
accuracy
[0.31884058 0.50517598 0.69772257 0.90890269]
val_loss=4.3787
accuracy
[0.39130435 0.51552795 0.61076605 0.88612836]
val_loss=4.1141
accuracy
[0.39544513 0.51552795 0.60041408 0.88819876]
val_loss=3.7271
accuracy
[0.33747412 0.49689441 0.61697723 0.83022774]
val_loss=3.5650
accuracy
[0.33747412 0.55279503 0.70807453 0.85714286]
val_loss=3.8846
accuracy
[0.39337474 0.51552795 0.59006211 0.88198758]
val_loss=3.9299
accuracy
[0.37267081 0.47412008 0.563147   0.82401656]
val_loss=3.4535
accuracy
[0.34161491 0.5320911  0.70807453 0.93581781]
val_loss=3.3600
accuracy
[0.35403727 0.51552795 0.60662526 0.91304348]
val_loss=3.8205
accuracy
[0.37267081 0.52587992 0.65217391 0.91097308]
val_loss=4.1794
accuracy
[0.37888199 0.51759834 0.62732919 0.89026915]
val_loss=4.5537
accuracy
[0.39751553 0.51552795 0.61076605 0.86956522]
val_loss=4.2979
accuracy
[0.38095238 0.51759834 0.62939959 0.89026915]
val_loss=4.6951
accuracy
[0.40993789 0.51759834 0.59213251 0.83436853]
val_loss=4.4100
accuracy
[0.38302277 0.51345756 0.62732919 0.87784679]
val_loss=4.4916
accuracy
[0.38509317 0.51552795 0.61904762 0.86128364]
val_loss=4.4812
accuracy
[0.36853002 0.51138716 0.63146998 0.84886128]
val_loss=4.4862
accuracy
[0.38095238 0.51345756 0.62939959 0.85507246]
val_loss=4.3747
accuracy
[0.3747412  0.51552795 0.65424431 0.87784679]
val_loss=4.3416
accuracy
[0.3747412  0.51966874 0.64803313 0.86749482]
val_loss=4.5298
accuracy
[0.35610766 0.52795031 0.65010352 0.86128364]
val_loss=4.3339
accuracy
[0.36231884 0.51138716 0.6563147  0.88198758]
val_loss=4.3829
accuracy
[0.36438923 0.51966874 0.64182195 0.85507246]
val_loss=4.6736
accuracy
[0.39751553 0.51759834 0.62111801 0.83643892]
val_loss=4.3732
accuracy
[0.36645963 0.51345756 0.63975155 0.86542443]
val_loss=4.2883
accuracy
[0.36024845 0.51138716 0.66459627 0.88405797]
val_loss=4.6201
accuracy
[0.36438923 0.50931677 0.62732919 0.85921325]
val_loss=4.5103
accuracy
[0.38095238 0.51966874 0.64389234 0.85921325]
val_loss=4.6781
accuracy
[0.38095238 0.50310559 0.61490683 0.84057971]
val_loss=4.6104
accuracy
[0.36853002 0.51345756 0.63768116 0.85714286]
val_loss=4.6015
accuracy
[0.38095238 0.51345756 0.63146998 0.85714286]
val_loss=4.7489
accuracy
[0.3747412  0.51552795 0.62939959 0.85093168]
val_loss=4.6460
accuracy
[0.38302277 0.51552795 0.62939959 0.85300207]
val_loss=4.7177
accuracy
[0.38095238 0.51345756 0.63146998 0.84886128]
val_loss=4.6606
accuracy
[0.3747412  0.51138716 0.62939959 0.85714286]
val_loss=4.7508
accuracy
[0.38509317 0.51345756 0.6252588  0.85300207]
val_loss=4.7636
accuracy
[0.38716356 0.50517598 0.61904762 0.85093168]
val_loss=4.6207
accuracy
[0.37267081 0.51345756 0.62732919 0.86128364]
val_loss=4.6233
accuracy
[0.37060041 0.50931677 0.63768116 0.86128364]
val_loss=4.6680
accuracy
[0.37681159 0.50931677 0.6252588  0.85714286]
val_loss=4.6814
accuracy
[0.38095238 0.50724638 0.62318841 0.86128364]
val_loss=4.7300
accuracy
[0.37267081 0.51138716 0.62939959 0.85093168]
val_loss=4.8560
accuracy
[0.38302277 0.51138716 0.62318841 0.8447205 ]
val_loss=4.7485
accuracy
[0.37681159 0.51552795 0.63146998 0.85507246]
val_loss=4.8174
accuracy
[0.39130435 0.50931677 0.61904762 0.85093168]
val_loss=4.7789
accuracy
[0.37681159 0.51138716 0.62318841 0.85093168]
val_loss=4.8374
accuracy
[0.37681159 0.50931677 0.62939959 0.84886128]
val_loss=4.6520
accuracy
[0.3747412  0.51138716 0.63768116 0.86128364]
val_loss=4.7957
accuracy
[0.36853002 0.51138716 0.62318841 0.85714286]
val_loss=4.7974
accuracy
[0.38095238 0.51138716 0.62318841 0.85300207]
val_loss=4.7584
accuracy
[0.3747412  0.51138716 0.63146998 0.85300207]
val_loss=4.7733
accuracy
[0.3747412  0.50931677 0.62318841 0.85093168]
val_loss=4.7939
accuracy
[0.37681159 0.51138716 0.62318841 0.85093168]
val_loss=4.7929
accuracy
[0.37888199 0.50931677 0.62318841 0.85093168]
val_loss=4.7937
accuracy
[0.38095238 0.50931677 0.62318841 0.85507246]
val_loss=4.8090
accuracy
[0.37681159 0.50931677 0.62318841 0.84886128]
val_loss=4.8098
accuracy
[0.38302277 0.51138716 0.62318841 0.85300207]
val_loss=4.8387
accuracy
[0.38302277 0.50931677 0.61904762 0.84886128]
val_loss=4.8243
accuracy
[0.37681159 0.51138716 0.6252588  0.84886128]
val_loss=4.8014
accuracy
[0.3747412  0.50931677 0.6252588  0.85093168]
val_loss=4.8260
accuracy
[0.38095238 0.50931677 0.62111801 0.85093168]
val_loss=4.8393
accuracy
[0.38302277 0.50931677 0.61904762 0.84886128]
val_loss=4.8230
accuracy
[0.38095238 0.51138716 0.62318841 0.85093168]
val_loss=4.8464
accuracy
[0.38095238 0.50931677 0.61904762 0.84886128]
val_loss=4.8434
accuracy
[0.38095238 0.51138716 0.62111801 0.84886128]
val_loss=4.8447
accuracy
[0.38302277 0.50931677 0.61904762 0.84886128]
val_loss=4.8228
accuracy
[0.37888199 0.51138716 0.62318841 0.85093168]
val_loss=4.8031
accuracy
[0.38095238 0.51138716 0.62111801 0.85507246]
val_loss=4.8272
accuracy
[0.3747412  0.51138716 0.62111801 0.85093168]
Finished Training
    rehearsal replay buffer: 500 of 2379 source samples
cpu
Finished Training
cpu
Finished Training
cpu
Finished Training
cpu
Finished Training
cpu
Finished Training
cpu
Finished Training
cpu
Finished Training
cpu
Finished Training
cpu
Finished Training
cpu
Finished Training
cpu
Finished Training
cpu
Finished Training
cpu
Finished Training
cpu
Finished Training
cpu
Finished Training
cpu
Finished Training
cpu
Finished Training
cpu
Finished Training
cpu
Finished Training
cpu
Finished Training
cpu
Finished Training
cpu
Finished Training
  seed 3: pretrain on scenario2 (2379 samples), zero-shot eval on scenario1 (483 held-out test samples)
cpu
-----------------------------------------------------------------------
      Layer (type)        Output Shape         Param #     Tr. Param #
=======================================================================
          Linear-1           [32, 256]           1,280           1,280
            ReLU-2           [32, 256]               0               0
          Linear-3           [32, 256]          65,792          65,792
          Linear-4           [32, 256]          65,792          65,792
          Linear-5            [32, 16]           4,112           4,112
=======================================================================
Total params: 136,976
Trainable params: 136,976
Non-trainable params: 0
-----------------------------------------------------------------------
val_loss=2.3121
accuracy
[0.25258799 0.42028986 0.57763975 0.89855072]
val_loss=2.7433
accuracy
[0.29399586 0.49689441 0.62111801 0.88405797]
val_loss=2.5178
accuracy
[0.25672878 0.48240166 0.66045549 0.93167702]
val_loss=3.2465
accuracy
[0.32298137 0.5010352  0.57349896 0.9047619 ]
val_loss=3.5315
accuracy
[0.27536232 0.46583851 0.62732919 0.9068323 ]
val_loss=3.2106
accuracy
[0.29399586 0.50931677 0.70600414 0.94616977]
val_loss=3.6278
accuracy
[0.30227743 0.49068323 0.64596273 0.88405797]
val_loss=3.6901
accuracy
[0.35403727 0.49482402 0.61697723 0.85300207]
val_loss=3.6230
accuracy
[0.31884058 0.52795031 0.65217391 0.85714286]
val_loss=3.2120
accuracy
[0.32919255 0.54451346 0.70393375 0.9068323 ]
val_loss=3.6921
accuracy
[0.32919255 0.50724638 0.63354037 0.79917184]
val_loss=3.6855
accuracy
[0.34161491 0.51759834 0.66045549 0.86956522]
val_loss=3.4207
accuracy
[0.30227743 0.50310559 0.68322981 0.93581781]
val_loss=4.2370
accuracy
[0.32712215 0.48240166 0.63561077 0.83229814]
val_loss=3.7932
accuracy
[0.33747412 0.49689441 0.62732919 0.86335404]
val_loss=3.4395
accuracy
[0.28985507 0.48240166 0.66459627 0.84057971]
val_loss=4.2678
accuracy
[0.34161491 0.49482402 0.61904762 0.82401656]
val_loss=3.6641
accuracy
[0.27329193 0.48240166 0.65424431 0.87163561]
val_loss=4.6125
accuracy
[0.34161491 0.4989648  0.61490683 0.79296066]
val_loss=3.9535
accuracy
[0.29399586 0.47619048 0.56728778 0.85093168]
val_loss=4.1901
accuracy
[0.33954451 0.4989648  0.62939959 0.8426501 ]
val_loss=4.1861
accuracy
[0.34989648 0.51759834 0.64596273 0.8426501 ]
val_loss=4.2848
accuracy
[0.33747412 0.48861284 0.63146998 0.85093168]
val_loss=4.3652
accuracy
[0.33333333 0.49482402 0.63354037 0.85300207]
val_loss=4.5163
accuracy
[0.33333333 0.50310559 0.63975155 0.83850932]
val_loss=4.6053
accuracy
[0.33540373 0.4989648  0.63146998 0.83229814]
val_loss=4.6664
accuracy
[0.36024845 0.49482402 0.61904762 0.82608696]
val_loss=4.7735
accuracy
[0.35196687 0.49689441 0.62318841 0.82815735]
val_loss=4.7837
accuracy
[0.37060041 0.50310559 0.63146998 0.82401656]
val_loss=4.6245
accuracy
[0.35403727 0.50310559 0.63146998 0.84057971]
val_loss=4.3553
accuracy
[0.3436853  0.50310559 0.64803313 0.85507246]
val_loss=4.7067
accuracy
[0.32712215 0.49068323 0.62939959 0.83643892]
val_loss=4.7376
accuracy
[0.34989648 0.49482402 0.61490683 0.81987578]
val_loss=4.6360
accuracy
[0.33954451 0.49482402 0.6252588  0.83643892]
val_loss=4.6983
accuracy
[0.37267081 0.4989648  0.61904762 0.83229814]
val_loss=4.4965
accuracy
[0.35403727 0.50724638 0.6252588  0.83850932]
val_loss=4.5017
accuracy
[0.33954451 0.50310559 0.63561077 0.83436853]
val_loss=4.8389
accuracy
[0.35403727 0.5010352  0.62939959 0.82815735]
val_loss=4.5828
accuracy
[0.33126294 0.49275362 0.63768116 0.84679089]
val_loss=4.9394
accuracy
[0.36438923 0.5010352  0.6252588  0.80124224]
val_loss=4.8132
accuracy
[0.36231884 0.4989648  0.62732919 0.82194617]
val_loss=4.6536
accuracy
[0.35196687 0.50310559 0.63146998 0.83643892]
val_loss=4.6943
accuracy
[0.35403727 0.50310559 0.62732919 0.83436853]
val_loss=4.7048
accuracy
[0.35817805 0.49689441 0.6252588  0.83850932]
val_loss=4.6750
accuracy
[0.34575569 0.50310559 0.63146998 0.83022774]
val_loss=4.7109
accuracy
[0.34782609 0.4989648  0.62732919 0.83022774]
val_loss=4.7031
accuracy
[0.35403727 0.4989648  0.62732919 0.83643892]
val_loss=4.7036
accuracy
[0.34989648 0.4989648  0.63354037 0.83436853]
val_loss=4.8471
accuracy
[0.36024845 0.49689441 0.6252588  0.82608696]
val_loss=4.9369
accuracy
[0.3747412  0.4989648  0.6252588  0.82401656]
val_loss=4.7518
accuracy
[0.34989648 0.50310559 0.63146998 0.83022774]
val_loss=4.8094
accuracy
[0.35610766 0.5010352  0.62732919 0.83229814]
val_loss=4.9556
accuracy
[0.36853002 0.49482402 0.62318841 0.82401656]
val_loss=4.9077
accuracy
[0.36231884 0.49275362 0.62318841 0.81987578]
val_loss=4.8270
accuracy
[0.35403727 0.4989648  0.6252588  0.83022774]
val_loss=4.7865
accuracy
[0.34575569 0.5010352  0.63146998 0.83022774]
val_loss=4.7606
accuracy
[0.33954451 0.50310559 0.63146998 0.83436853]
val_loss=4.8809
accuracy
[0.35403727 0.4989648  0.6252588  0.82608696]
val_loss=4.8523
accuracy
[0.35403727 0.49482402 0.62318841 0.83022774]
val_loss=4.9446
accuracy
[0.36231884 0.4989648  0.62732919 0.82815735]
val_loss=4.8952
accuracy
[0.36024845 0.4989648  0.6252588  0.82608696]
val_loss=4.8670
accuracy
[0.35403727 0.49689441 0.6252588  0.83022774]
val_loss=4.8472
accuracy
[0.35610766 0.5010352  0.63146998 0.82815735]
val_loss=4.8585
accuracy
[0.35403727 0.5010352  0.62939959 0.82815735]
val_loss=4.8839
accuracy
[0.36231884 0.5010352  0.62939959 0.82401656]
val_loss=4.8929
accuracy
[0.35610766 0.49689441 0.62318841 0.83022774]
val_loss=4.9261
accuracy
[0.35610766 0.49482402 0.62318841 0.82608696]
val_loss=4.9060
accuracy
[0.35817805 0.4989648  0.62318841 0.82815735]
val_loss=4.9017
accuracy
[0.35817805 0.4989648  0.62318841 0.83022774]
val_loss=4.9142
accuracy
[0.35610766 0.4989648  0.62318841 0.82815735]
val_loss=4.8934
accuracy
[0.35610766 0.5010352  0.6252588  0.83022774]
val_loss=4.9139
accuracy
[0.35817805 0.4989648  0.62318841 0.82815735]
val_loss=4.8572
accuracy
[0.35610766 0.5010352  0.62732919 0.83022774]
val_loss=4.9358
accuracy
[0.35610766 0.4989648  0.62318841 0.82608696]
val_loss=4.9396
accuracy
[0.36231884 0.4989648  0.62318841 0.82608696]
val_loss=4.8861
accuracy
[0.35610766 0.5010352  0.6252588  0.83022774]
val_loss=4.9277
accuracy
[0.35817805 0.4989648  0.6252588  0.82815735]
val_loss=4.8862
accuracy
[0.35610766 0.5010352  0.6252588  0.83229814]
val_loss=4.8867
accuracy
[0.35403727 0.5010352  0.6252588  0.83229814]
val_loss=4.9118
accuracy
[0.35403727 0.4989648  0.6252588  0.83022774]
Finished Training
    rehearsal replay buffer: 500 of 2379 source samples
cpu
Finished Training
cpu
Finished Training
cpu
Finished Training
cpu
Finished Training
cpu
Finished Training
cpu
Finished Training
cpu
Finished Training
cpu
Finished Training
cpu
Finished Training
cpu
Finished Training
cpu
Finished Training
cpu
Finished Training
cpu
Finished Training
cpu
Finished Training
cpu
Finished Training
cpu
Finished Training
cpu
Finished Training
cpu
Finished Training
cpu
Finished Training
cpu
Finished Training
cpu
Finished Training
cpu
Finished Training
  seed 4: pretrain on scenario2 (2379 samples), zero-shot eval on scenario1 (483 held-out test samples)
cpu
-----------------------------------------------------------------------
      Layer (type)        Output Shape         Param #     Tr. Param #
=======================================================================
          Linear-1           [32, 256]           1,280           1,280
            ReLU-2           [32, 256]               0               0
          Linear-3           [32, 256]          65,792          65,792
          Linear-4           [32, 256]          65,792          65,792
          Linear-5            [32, 16]           4,112           4,112
=======================================================================
Total params: 136,976
Trainable params: 136,976
Non-trainable params: 0
-----------------------------------------------------------------------
val_loss=2.1558
accuracy
[0.2505176  0.49689441 0.70186335 0.97929607]
val_loss=2.6390
accuracy
[0.31677019 0.5300207  0.67287785 0.9689441 ]
val_loss=2.3711
accuracy
[0.26915114 0.54865424 0.77639752 0.98550725]
val_loss=3.2378
accuracy
[0.34575569 0.54244306 0.66666667 0.85507246]
val_loss=3.1566
accuracy
[0.33126294 0.54658385 0.66666667 0.89026915]
val_loss=3.7988
accuracy
[0.33540373 0.53830228 0.65217391 0.81987578]
val_loss=3.5943
accuracy
[0.34782609 0.55486542 0.69358178 0.83022774]
val_loss=3.6420
accuracy
[0.34161491 0.53830228 0.66252588 0.873706  ]
val_loss=3.8823
accuracy
[0.37681159 0.53623188 0.61076605 0.78467909]
val_loss=3.5201
accuracy
[0.33540373 0.5300207  0.61904762 0.84679089]
val_loss=4.3059
accuracy
[0.35817805 0.53416149 0.60869565 0.79710145]
val_loss=3.4903
accuracy
[0.33333333 0.53623188 0.6873706  0.89026915]
val_loss=3.4893
accuracy
[0.31677019 0.52173913 0.66045549 0.89440994]
val_loss=3.1304
accuracy
[0.28778468 0.52795031 0.68322981 0.89440994]
val_loss=3.6624
accuracy
[0.36024845 0.54244306 0.63768116 0.83643892]
val_loss=3.2887
accuracy
[0.32712215 0.53416149 0.67908903 0.88198758]
val_loss=3.8041
accuracy
[0.38095238 0.53623188 0.61283644 0.82194617]
val_loss=3.6639
accuracy
[0.34575569 0.5300207  0.62318841 0.84057971]
val_loss=3.4919
accuracy
[0.30641822 0.54451346 0.67908903 0.86128364]
val_loss=4.2939
accuracy
[0.3747412  0.54037267 0.63768116 0.79710145]
val_loss=4.0244
accuracy
[0.37681159 0.52795031 0.64182195 0.83850932]
val_loss=3.9548
accuracy
[0.31884058 0.5300207  0.66252588 0.87163561]
val_loss=4.2162
accuracy
[0.36231884 0.50931677 0.63354037 0.83850932]
val_loss=4.3923
accuracy
[0.37267081 0.53830228 0.63354037 0.82608696]
val_loss=4.1690
accuracy
[0.38095238 0.53830228 0.65838509 0.83436853]
val_loss=4.3792
accuracy
[0.37888199 0.51966874 0.6563147  0.8115942 ]
val_loss=4.3735
accuracy
[0.37060041 0.51552795 0.65010352 0.81573499]
val_loss=4.3244
accuracy
[0.38095238 0.51966874 0.63975155 0.83436853]
val_loss=4.3019
accuracy
[0.37060041 0.51552795 0.66045549 0.81987578]
val_loss=4.3098
accuracy
[0.3747412  0.52587992 0.64596273 0.83850932]
val_loss=4.3079
accuracy
[0.37267081 0.4989648  0.65010352 0.82401656]
val_loss=4.4643
accuracy
[0.3747412  0.50724638 0.63146998 0.81573499]
val_loss=4.4738
accuracy
[0.37681159 0.50724638 0.63561077 0.82401656]
val_loss=4.6026
accuracy
[0.40993789 0.51552795 0.62732919 0.81780538]
val_loss=4.3188
accuracy
[0.36853002 0.53623188 0.65217391 0.83643892]
val_loss=4.5988
accuracy
[0.38923395 0.51966874 0.63768116 0.8447205 ]
val_loss=4.7822
accuracy
[0.39130435 0.50724638 0.62939959 0.82194617]
val_loss=4.5580
accuracy
[0.38923395 0.54037267 0.64182195 0.82608696]
val_loss=4.4708
accuracy
[0.36645963 0.51138716 0.64596273 0.83229814]
val_loss=4.6834
accuracy
[0.38716356 0.51552795 0.63146998 0.82401656]
val_loss=4.4477
accuracy
[0.36231884 0.51138716 0.63561077 0.84057971]
val_loss=4.5183
accuracy
[0.38509317 0.51759834 0.64803313 0.83022774]
val_loss=4.4854
accuracy
[0.38095238 0.51759834 0.65217391 0.83643892]
val_loss=4.5514
accuracy
[0.39130435 0.51345756 0.65010352 0.83436853]
val_loss=4.4792
accuracy
[0.37060041 0.51759834 0.65217391 0.8426501 ]
val_loss=4.6009
accuracy
[0.38923395 0.50517598 0.64389234 0.83229814]
val_loss=4.6304
accuracy
[0.39130435 0.51552795 0.65010352 0.83229814]
val_loss=4.6292
accuracy
[0.37681159 0.50724638 0.64182195 0.83229814]
val_loss=4.6655
accuracy
[0.38923395 0.50931677 0.63561077 0.83436853]
val_loss=4.7012
accuracy
[0.38716356 0.50310559 0.64389234 0.83022774]
val_loss=4.6130
accuracy
[0.38923395 0.50517598 0.65010352 0.83643892]
val_loss=4.7210
accuracy
[0.38923395 0.50724638 0.64389234 0.83229814]
val_loss=4.6550
accuracy
[0.38302277 0.50724638 0.64803313 0.83643892]
val_loss=4.7629
accuracy
[0.39130435 0.51138716 0.63768116 0.83436853]
val_loss=4.7242
accuracy
[0.38716356 0.50931677 0.64803313 0.83436853]
val_loss=4.6633
accuracy
[0.38095238 0.50517598 0.65424431 0.83643892]
val_loss=4.8257
accuracy
[0.39130435 0.50931677 0.63768116 0.82608696]
val_loss=4.7370
accuracy
[0.38716356 0.51552795 0.64389234 0.83850932]
val_loss=4.7241
accuracy
[0.38302277 0.50724638 0.64596273 0.83436853]
val_loss=4.7946
accuracy
[0.38509317 0.50724638 0.64389234 0.83229814]
val_loss=4.8032
accuracy
[0.38716356 0.50517598 0.64389234 0.83022774]
val_loss=4.7525
accuracy
[0.38509317 0.50517598 0.64803313 0.83436853]
val_loss=4.7666
accuracy
[0.38302277 0.50517598 0.64389234 0.83436853]
val_loss=4.7889
accuracy
[0.38923395 0.50724638 0.65010352 0.83229814]
val_loss=4.7578
accuracy
[0.37888199 0.50517598 0.64389234 0.83436853]
val_loss=4.7777
accuracy
[0.38509317 0.50724638 0.64389234 0.83436853]
val_loss=4.7797
accuracy
[0.38509317 0.50517598 0.64803313 0.83436853]
val_loss=4.7942
accuracy
[0.38923395 0.50310559 0.64389234 0.83229814]
val_loss=4.7941
accuracy
[0.37888199 0.50724638 0.64389234 0.83229814]
val_loss=4.7973
accuracy
[0.38923395 0.50517598 0.65010352 0.83229814]
val_loss=4.7929
accuracy
[0.38923395 0.50517598 0.65010352 0.83436853]
val_loss=4.8402
accuracy
[0.38923395 0.5010352  0.64389234 0.83022774]
val_loss=4.7975
accuracy
[0.38923395 0.50517598 0.65217391 0.83229814]
val_loss=4.7909
accuracy
[0.38716356 0.50310559 0.64389234 0.83229814]
val_loss=4.8300
accuracy
[0.38716356 0.50517598 0.64389234 0.83022774]
val_loss=4.7887
accuracy
[0.37888199 0.50517598 0.64389234 0.83436853]
val_loss=4.7928
accuracy
[0.38716356 0.50517598 0.65010352 0.83436853]
val_loss=4.8290
accuracy
[0.38923395 0.50517598 0.64389234 0.83229814]
val_loss=4.8173
accuracy
[0.38923395 0.50310559 0.64596273 0.83229814]
val_loss=4.7938
accuracy
[0.38923395 0.50724638 0.65217391 0.83643892]
Finished Training
    rehearsal replay buffer: 500 of 2379 source samples
cpu
Finished Training
cpu
Finished Training
cpu
Finished Training
cpu
Finished Training
cpu
Finished Training
cpu
Finished Training
cpu
Finished Training
cpu
Finished Training
cpu
Finished Training
cpu
Finished Training
cpu
Finished Training
cpu
Finished Training
cpu
Finished Training
cpu
Finished Training
cpu
Finished Training
cpu
Finished Training
cpu
Finished Training
cpu
Finished Training
cpu
Finished Training
cpu
Finished Training
cpu
Finished Training
cpu
Finished Training
  seed 5: pretrain on scenario2 (2379 samples), zero-shot eval on scenario1 (483 held-out test samples)
cpu
-----------------------------------------------------------------------
      Layer (type)        Output Shape         Param #     Tr. Param #
=======================================================================
          Linear-1           [32, 256]           1,280           1,280
            ReLU-2           [32, 256]               0               0
          Linear-3           [32, 256]          65,792          65,792
          Linear-4           [32, 256]          65,792          65,792
          Linear-5            [32, 16]           4,112           4,112
=======================================================================
Total params: 136,976
Trainable params: 136,976
Non-trainable params: 0
-----------------------------------------------------------------------
val_loss=2.7877
accuracy
[0.19254658 0.45548654 0.60248447 0.88819876]
val_loss=2.9443
accuracy
[0.36645963 0.53830228 0.64389234 0.86128364]
val_loss=3.1376
accuracy
[0.36438923 0.563147   0.73084886 0.87991718]
val_loss=2.8978
accuracy
[0.31469979 0.5300207  0.67494824 0.93581781]
val_loss=3.7712
accuracy
[0.3747412  0.54658385 0.68115942 0.85507246]
val_loss=3.0250
accuracy
[0.3126294  0.51138716 0.68115942 0.91511387]
val_loss=3.5899
accuracy
[0.33747412 0.5010352  0.61697723 0.85921325]
val_loss=4.0735
accuracy
[0.36024845 0.51552795 0.62111801 0.85714286]
val_loss=3.6559
accuracy
[0.32712215 0.54865424 0.72463768 0.85921325]
val_loss=4.5873
accuracy
[0.31677019 0.52173913 0.68944099 0.81573499]
val_loss=3.8198
accuracy
[0.35817805 0.52795031 0.64389234 0.83229814]
val_loss=3.4191
accuracy
[0.28778468 0.52795031 0.72463768 0.88198758]
val_loss=3.6348
accuracy
[0.30434783 0.51138716 0.67908903 0.91925466]
val_loss=3.9763
accuracy
[0.32298137 0.51345756 0.68530021 0.85507246]
val_loss=3.8626
accuracy
[0.28985507 0.55486542 0.74120083 0.83436853]
val_loss=4.3441
accuracy
[0.32919255 0.51759834 0.66045549 0.82815735]
val_loss=4.2369
accuracy
[0.33954451 0.50931677 0.60041408 0.83229814]
val_loss=4.4288
accuracy
[0.37060041 0.52587992 0.64803313 0.83436853]
val_loss=3.7333
accuracy
[0.30434783 0.51966874 0.65838509 0.88405797]
val_loss=3.8334
accuracy
[0.33747412 0.52587992 0.63768116 0.85093168]
val_loss=4.0533
accuracy
[0.34989648 0.52587992 0.65217391 0.86956522]
val_loss=4.5061
accuracy
[0.38302277 0.52380952 0.63561077 0.8426501 ]
val_loss=4.4141
accuracy
[0.36645963 0.53830228 0.67494824 0.8447205 ]
val_loss=4.2527
accuracy
[0.3436853  0.52795031 0.63975155 0.87784679]
val_loss=4.2476
accuracy
[0.33126294 0.52173913 0.65010352 0.86335404]
val_loss=4.6083
accuracy
[0.39544513 0.51966874 0.62111801 0.81780538]
val_loss=4.3013
accuracy
[0.32091097 0.52173913 0.64803313 0.85093168]
val_loss=4.4091
accuracy
[0.35196687 0.52587992 0.64596273 0.85300207]
val_loss=4.5457
accuracy
[0.35403727 0.51759834 0.63768116 0.86128364]
val_loss=4.9602
accuracy
[0.38923395 0.52173913 0.61697723 0.82194617]
val_loss=4.8045
accuracy
[0.36853002 0.51552795 0.63561077 0.82815735]
val_loss=5.0093
accuracy
[0.38716356 0.51966874 0.61904762 0.81780538]
val_loss=4.8074
accuracy
[0.38509317 0.52173913 0.61283644 0.82401656]
val_loss=4.7945
accuracy
[0.38095238 0.52173913 0.61490683 0.8426501 ]
val_loss=4.7395
accuracy
[0.37267081 0.50310559 0.62732919 0.84679089]
val_loss=4.4658
accuracy
[0.34161491 0.50517598 0.65217391 0.86542443]
val_loss=4.9095
accuracy
[0.37060041 0.51759834 0.62111801 0.83436853]
val_loss=4.8161
accuracy
[0.36438923 0.51552795 0.63975155 0.8447205 ]
val_loss=4.7899
accuracy
[0.36645963 0.51552795 0.64182195 0.8426501 ]
val_loss=5.1978
accuracy
[0.40165631 0.51552795 0.5942029  0.82608696]
val_loss=4.7874
accuracy
[0.36438923 0.52173913 0.63561077 0.85300207]
val_loss=4.8163
accuracy
[0.36853002 0.51759834 0.62939959 0.84886128]
val_loss=4.8686
accuracy
[0.37267081 0.51966874 0.62318841 0.85093168]
val_loss=4.8871
accuracy
[0.37888199 0.52380952 0.6252588  0.84886128]
val_loss=4.9139
accuracy
[0.36853002 0.52380952 0.6252588  0.8426501 ]
val_loss=4.9908
accuracy
[0.38716356 0.51138716 0.6252588  0.83850932]
val_loss=4.9418
accuracy
[0.38095238 0.51966874 0.61697723 0.8447205 ]
val_loss=4.8829
accuracy
[0.37267081 0.51552795 0.61904762 0.85093168]
val_loss=4.9243
accuracy
[0.3747412  0.52380952 0.63354037 0.84679089]
val_loss=5.0430
accuracy
[0.39544513 0.51345756 0.61076605 0.83229814]
val_loss=5.0239
accuracy
[0.38095238 0.51552795 0.6252588  0.83229814]
val_loss=5.0181
accuracy
[0.38095238 0.52380952 0.62732919 0.8426501 ]
val_loss=5.1738
accuracy
[0.38923395 0.51552795 0.61904762 0.82608696]
val_loss=4.9159
accuracy
[0.35817805 0.51759834 0.62111801 0.8426501 ]
val_loss=4.9491
accuracy
[0.36231884 0.51552795 0.6252588  0.84886128]
val_loss=5.0930
accuracy
[0.38095238 0.51966874 0.60869565 0.83436853]
val_loss=5.0990
accuracy
[0.38302277 0.51345756 0.60662526 0.83022774]
val_loss=4.9871
accuracy
[0.3747412  0.52587992 0.62732919 0.85093168]
val_loss=4.9276
accuracy
[0.35817805 0.51966874 0.62939959 0.85714286]
val_loss=5.1504
accuracy
[0.38509317 0.50931677 0.61904762 0.82608696]
val_loss=5.0288
accuracy
[0.37267081 0.51345756 0.62939959 0.8447205 ]
val_loss=5.0961
accuracy
[0.38095238 0.51759834 0.62111801 0.83436853]
val_loss=5.0682
accuracy
[0.37888199 0.51552795 0.62318841 0.84057971]
val_loss=5.0696
accuracy
[0.37681159 0.51552795 0.62111801 0.84057971]
val_loss=5.0382
accuracy
[0.36853002 0.51759834 0.62732919 0.8447205 ]
val_loss=5.0569
accuracy
[0.37060041 0.51552795 0.62111801 0.8426501 ]
val_loss=5.0532
accuracy
[0.3747412  0.51552795 0.62732919 0.8426501 ]
val_loss=5.0853
accuracy
[0.37681159 0.51552795 0.6252588  0.83643892]
val_loss=5.0783
accuracy
[0.3747412  0.51552795 0.62111801 0.84057971]
val_loss=5.1004
accuracy
[0.37681159 0.51552795 0.62111801 0.83436853]
val_loss=5.1089
accuracy
[0.38095238 0.51552795 0.61904762 0.83850932]
val_loss=5.0628
accuracy
[0.36853002 0.51759834 0.62732919 0.8447205 ]
val_loss=5.1196
accuracy
[0.38095238 0.51759834 0.61904762 0.83643892]
val_loss=5.1096
accuracy
[0.37681159 0.51759834 0.62111801 0.83643892]
val_loss=5.1177
accuracy
[0.38095238 0.51552795 0.62111801 0.83850932]
val_loss=5.1121
accuracy
[0.38095238 0.51552795 0.62111801 0.83436853]
val_loss=5.1260
accuracy
[0.38302277 0.51552795 0.61904762 0.83643892]
val_loss=5.1033
accuracy
[0.38095238 0.51552795 0.62111801 0.83850932]
val_loss=5.1145
accuracy
[0.3747412  0.51552795 0.62111801 0.83436853]
val_loss=5.1280
accuracy
[0.38095238 0.51552795 0.61904762 0.83850932]
Finished Training
    rehearsal replay buffer: 500 of 2379 source samples
cpu
Finished Training
cpu
Finished Training
cpu
Finished Training
cpu
Finished Training
cpu
Finished Training
cpu
Finished Training
cpu
Finished Training
cpu
Finished Training
cpu
Finished Training
cpu
Finished Training
cpu
Finished Training
cpu
Finished Training
cpu
Finished Training
cpu
Finished Training
cpu
Finished Training
cpu
Finished Training
cpu
Finished Training
cpu
Finished Training
cpu
Finished Training
cpu
Finished Training
cpu
Finished Training
cpu
Finished Training
  seed 6: pretrain on scenario2 (2379 samples), zero-shot eval on scenario1 (483 held-out test samples)
cpu
-----------------------------------------------------------------------
      Layer (type)        Output Shape         Param #     Tr. Param #
=======================================================================
          Linear-1           [32, 256]           1,280           1,280
            ReLU-2           [32, 256]               0               0
          Linear-3           [32, 256]          65,792          65,792
          Linear-4           [32, 256]          65,792          65,792
          Linear-5            [32, 16]           4,112           4,112
=======================================================================
Total params: 136,976
Trainable params: 136,976
Non-trainable params: 0
-----------------------------------------------------------------------
val_loss=2.1814
accuracy
[0.22567288 0.45962733 0.59627329 0.89648033]
val_loss=2.4781
accuracy
[0.28778468 0.46583851 0.63975155 0.9378882 ]
val_loss=2.8658
accuracy
[0.22360248 0.436853   0.66666667 0.95445135]
val_loss=3.5714
accuracy
[0.34782609 0.51966874 0.67287785 0.90269151]
val_loss=2.9719
accuracy
[0.27329193 0.51552795 0.74120083 0.95445135]
val_loss=2.7376
accuracy
[0.29399586 0.51552795 0.74741201 0.92960663]
val_loss=3.7576
accuracy
[0.35196687 0.5320911  0.6563147  0.81780538]
val_loss=3.3789
accuracy
[0.28778468 0.49689441 0.65424431 0.8757764 ]
val_loss=4.2854
accuracy
[0.34782609 0.52380952 0.67908903 0.78881988]
val_loss=3.2286
accuracy
[0.32091097 0.49068323 0.67080745 0.91718427]
val_loss=3.7116
accuracy
[0.29192547 0.48033126 0.64182195 0.88819876]
val_loss=4.2297
accuracy
[0.3436853  0.50724638 0.65010352 0.83229814]
val_loss=4.1200
accuracy
[0.32505176 0.50517598 0.61904762 0.8115942 ]
val_loss=4.2348
accuracy
[0.34161491 0.51138716 0.65010352 0.8447205 ]
val_loss=4.3334
accuracy
[0.36438923 0.52795031 0.64389234 0.80952381]
val_loss=3.0632
accuracy
[0.25465839 0.50724638 0.72256729 0.93374741]
val_loss=4.0646
accuracy
[0.32091097 0.48447205 0.63768116 0.84679089]
val_loss=3.6178
accuracy
[0.32712215 0.50931677 0.63561077 0.85507246]
val_loss=3.7570
accuracy
[0.35403727 0.50724638 0.64182195 0.83643892]
val_loss=4.2448
accuracy
[0.36645963 0.50931677 0.63146998 0.80124224]
val_loss=3.9069
accuracy
[0.34575569 0.52795031 0.67701863 0.8447205 ]
val_loss=3.9625
accuracy
[0.33126294 0.51966874 0.65424431 0.85300207]
val_loss=4.4459
accuracy
[0.36853002 0.50931677 0.62939959 0.8136646 ]
val_loss=4.3828
accuracy
[0.35196687 0.51966874 0.6563147  0.83850932]
val_loss=4.5128
accuracy
[0.35196687 0.51345756 0.63146998 0.82815735]
val_loss=4.7024
accuracy
[0.37888199 0.50931677 0.62939959 0.80952381]
val_loss=4.3389
accuracy
[0.33954451 0.51759834 0.65217391 0.8447205 ]
val_loss=4.6178
accuracy
[0.36024845 0.51552795 0.64389234 0.81573499]
val_loss=4.5907
accuracy
[0.34161491 0.51759834 0.64389234 0.82608696]
val_loss=4.5214
accuracy
[0.34161491 0.51552795 0.64182195 0.83229814]
val_loss=4.4095
accuracy
[0.31884058 0.51345756 0.6563147  0.83436853]
val_loss=4.9072
accuracy
[0.38509317 0.50724638 0.61904762 0.80331263]
val_loss=4.6413
accuracy
[0.35610766 0.51345756 0.64389234 0.81780538]
val_loss=4.5810
accuracy
[0.34782609 0.50310559 0.62318841 0.83229814]
val_loss=4.6966
accuracy
[0.36024845 0.51345756 0.64596273 0.81780538]
val_loss=4.8341
accuracy
[0.35817805 0.50724638 0.6252588  0.80745342]
val_loss=4.9238
accuracy
[0.38095238 0.50517598 0.60455487 0.79917184]
val_loss=4.8156
accuracy
[0.36231884 0.51759834 0.63768116 0.81573499]
val_loss=5.0317
accuracy
[0.38923395 0.50517598 0.61490683 0.78467909]
val_loss=4.7388
accuracy
[0.35817805 0.51552795 0.64803313 0.82608696]
val_loss=4.8676
accuracy
[0.36645963 0.51759834 0.63768116 0.81987578]
val_loss=4.8009
accuracy
[0.36231884 0.51552795 0.63146998 0.8136646 ]
val_loss=4.9761
accuracy
[0.36853002 0.50724638 0.62318841 0.80745342]
val_loss=4.8436
accuracy
[0.36024845 0.51138716 0.62939959 0.8136646 ]
val_loss=4.9427
accuracy
[0.37888199 0.51759834 0.63768116 0.80952381]
val_loss=4.9081
accuracy
[0.37267081 0.50931677 0.62939959 0.8136646 ]
val_loss=4.8883
accuracy
[0.36853002 0.50517598 0.6252588  0.80331263]
val_loss=4.9228
accuracy
[0.36231884 0.50517598 0.62732919 0.80745342]
val_loss=4.9160
accuracy
[0.36438923 0.51552795 0.63561077 0.80952381]
val_loss=4.8239
accuracy
[0.35817805 0.51552795 0.64182195 0.81573499]
val_loss=5.1435
accuracy
[0.38716356 0.50517598 0.62318841 0.79503106]
val_loss=4.9258
accuracy
[0.36853002 0.50724638 0.63768116 0.80745342]
val_loss=4.8478
accuracy
[0.35403727 0.50724638 0.63561077 0.80745342]
val_loss=4.9315
accuracy
[0.36853002 0.50517598 0.63354037 0.80745342]
val_loss=4.9467
accuracy
[0.36024845 0.51345756 0.64182195 0.8136646 ]
val_loss=4.9904
accuracy
[0.37060041 0.51552795 0.62939959 0.80952381]
val_loss=5.0864
accuracy
[0.36645963 0.51138716 0.63146998 0.79503106]
val_loss=5.0210
accuracy
[0.36853002 0.51345756 0.64389234 0.8115942 ]
val_loss=4.9169
accuracy
[0.35610766 0.51345756 0.63975155 0.81573499]
val_loss=4.9232
accuracy
[0.36645963 0.51138716 0.63354037 0.80745342]
val_loss=4.9724
accuracy
[0.36438923 0.51345756 0.63146998 0.80745342]
val_loss=4.9823
accuracy
[0.36231884 0.50931677 0.63146998 0.80745342]
val_loss=4.9287
accuracy
[0.36231884 0.51138716 0.63768116 0.8115942 ]
val_loss=4.9742
accuracy
[0.36645963 0.51138716 0.63146998 0.80745342]
val_loss=4.9257
accuracy
[0.36231884 0.51138716 0.63768116 0.80745342]
val_loss=4.9935
accuracy
[0.36645963 0.51138716 0.63146998 0.80538302]
val_loss=4.9740
accuracy
[0.36645963 0.51138716 0.63561077 0.80745342]
val_loss=4.9608
accuracy
[0.36645963 0.51138716 0.63768116 0.80745342]
val_loss=5.0056
accuracy
[0.36645963 0.51345756 0.63561077 0.80745342]
val_loss=4.9700
accuracy
[0.36024845 0.51138716 0.63768116 0.80952381]
val_loss=5.0255
accuracy
[0.37060041 0.50931677 0.63146998 0.80331263]
val_loss=4.9895
accuracy
[0.36645963 0.51138716 0.63768116 0.80745342]
val_loss=4.9931
accuracy
[0.36438923 0.51345756 0.63768116 0.80745342]
val_loss=5.0039
accuracy
[0.36645963 0.51345756 0.63561077 0.80745342]
val_loss=5.0024
accuracy
[0.36645963 0.51345756 0.63561077 0.80331263]
val_loss=4.9981
accuracy
[0.36645963 0.51345756 0.63768116 0.80952381]
val_loss=4.9782
accuracy
[0.36231884 0.51345756 0.63768116 0.80745342]
val_loss=5.0125
accuracy
[0.36438923 0.51138716 0.63561077 0.80538302]
val_loss=4.9900
accuracy
[0.36438923 0.51345756 0.63561077 0.80538302]
val_loss=5.0242
accuracy
[0.37060041 0.51138716 0.63561077 0.80331263]
Finished Training
    rehearsal replay buffer: 500 of 2379 source samples
cpu
Finished Training
cpu
Finished Training
cpu
Finished Training
cpu
Finished Training
cpu
Finished Training
cpu
Finished Training
cpu
Finished Training
cpu
Finished Training
cpu
Finished Training
cpu
Finished Training
cpu
Finished Training
cpu
Finished Training
cpu
Finished Training
cpu
Finished Training
cpu
Finished Training
cpu
Finished Training
cpu
Finished Training
cpu
Finished Training
cpu
Finished Training
cpu
Finished Training
cpu
Finished Training
cpu
Finished Training
  seed 7: pretrain on scenario2 (2379 samples), zero-shot eval on scenario1 (483 held-out test samples)
cpu
-----------------------------------------------------------------------
      Layer (type)        Output Shape         Param #     Tr. Param #
=======================================================================
          Linear-1           [32, 256]           1,280           1,280
            ReLU-2           [32, 256]               0               0
          Linear-3           [32, 256]          65,792          65,792
          Linear-4           [32, 256]          65,792          65,792
          Linear-5            [32, 16]           4,112           4,112
=======================================================================
Total params: 136,976
Trainable params: 136,976
Non-trainable params: 0
-----------------------------------------------------------------------
val_loss=2.6924
accuracy
[0.22153209 0.46583851 0.58178054 0.81573499]
val_loss=2.4673
accuracy
[0.30020704 0.52795031 0.66252588 0.91718427]
val_loss=2.7040
accuracy
[0.31677019 0.50724638 0.66459627 0.96066253]
val_loss=3.2366
accuracy
[0.28571429 0.4989648  0.65424431 0.97308489]
val_loss=3.4584
accuracy
[0.28985507 0.49689441 0.65217391 0.88819876]
val_loss=3.6264
accuracy
[0.2815735  0.48861284 0.60041408 0.90062112]
val_loss=3.2244
accuracy
[0.34575569 0.53416149 0.66666667 0.89026915]
val_loss=3.5778
accuracy
[0.30641822 0.51552795 0.64803313 0.84886128]
val_loss=3.7973
accuracy
[0.34782609 0.52795031 0.62732919 0.85714286]
val_loss=3.5670
accuracy
[0.34989648 0.51138716 0.65010352 0.88819876]
val_loss=4.0792
accuracy
[0.31884058 0.50310559 0.56521739 0.75569358]
val_loss=3.1796
accuracy
[0.32919255 0.53623188 0.73084886 0.91511387]
val_loss=3.2173
accuracy
[0.31884058 0.53623188 0.71014493 0.94202899]
val_loss=4.3173
accuracy
[0.3436853  0.51759834 0.64389234 0.85300207]
val_loss=4.4323
accuracy
[0.30848861 0.5010352  0.63561077 0.80331263]
val_loss=4.0218
accuracy
[0.3126294  0.52173913 0.58385093 0.8426501 ]
val_loss=4.0093
accuracy
[0.34575569 0.5300207  0.67287785 0.873706  ]
val_loss=4.3537
accuracy
[0.36853002 0.54244306 0.66459627 0.82815735]
val_loss=4.8388
accuracy
[0.35817805 0.52587992 0.64803313 0.80952381]
val_loss=4.3679
accuracy
[0.35196687 0.52795031 0.62939959 0.80331263]
val_loss=4.3225
accuracy
[0.34575569 0.50310559 0.64803313 0.84057971]
val_loss=4.4203
accuracy
[0.34782609 0.52587992 0.65217391 0.85300207]
val_loss=4.5230
accuracy
[0.38095238 0.51138716 0.63975155 0.84679089]
val_loss=4.7333
accuracy
[0.37267081 0.52795031 0.64596273 0.83229814]
val_loss=4.3872
accuracy
[0.33954451 0.52380952 0.6563147  0.85714286]
val_loss=4.6515
accuracy
[0.36231884 0.52587992 0.64803313 0.8447205 ]
val_loss=4.6972
accuracy
[0.36024845 0.50310559 0.64182195 0.8447205 ]
val_loss=4.7195
accuracy
[0.35196687 0.49689441 0.60869565 0.8447205 ]
val_loss=4.8585
accuracy
[0.37681159 0.5010352  0.62939959 0.83229814]
val_loss=4.6111
accuracy
[0.37267081 0.50724638 0.64596273 0.8447205 ]
val_loss=4.6627
accuracy
[0.36231884 0.50310559 0.64596273 0.84057971]
val_loss=4.7014
accuracy
[0.34989648 0.51138716 0.63975155 0.8426501 ]
val_loss=4.7287
accuracy
[0.35196687 0.48033126 0.63975155 0.8447205 ]
val_loss=4.9413
accuracy
[0.38509317 0.51552795 0.62732919 0.82815735]
val_loss=4.5656
accuracy
[0.34782609 0.48861284 0.64803313 0.86542443]
val_loss=4.8658
accuracy
[0.37267081 0.50724638 0.62111801 0.83436853]
val_loss=4.7268
accuracy
[0.35610766 0.5010352  0.6563147  0.84679089]
val_loss=4.7514
accuracy
[0.35403727 0.49482402 0.63975155 0.84057971]
val_loss=4.7204
accuracy
[0.37267081 0.5320911  0.66045549 0.83022774]
val_loss=4.6115
accuracy
[0.35403727 0.51966874 0.63561077 0.85093168]
val_loss=4.7747
accuracy
[0.3747412  0.50724638 0.63975155 0.83229814]
val_loss=4.8248
accuracy
[0.37060041 0.50931677 0.63975155 0.83229814]
val_loss=4.8820
accuracy
[0.37267081 0.50517598 0.63975155 0.83643892]
val_loss=4.9289
accuracy
[0.37888199 0.50517598 0.64182195 0.83436853]
val_loss=4.9867
accuracy
[0.38716356 0.49689441 0.63975155 0.83436853]
val_loss=4.9752
accuracy
[0.38302277 0.4989648  0.64182195 0.83436853]
val_loss=5.0110
accuracy
[0.38302277 0.5010352  0.63975155 0.83643892]
val_loss=4.9901
accuracy
[0.37888199 0.51138716 0.64182195 0.83643892]
val_loss=4.9503
accuracy
[0.37267081 0.4989648  0.64182195 0.83643892]
val_loss=4.9678
accuracy
[0.37060041 0.50517598 0.64389234 0.83643892]
val_loss=5.0270
accuracy
[0.38302277 0.5010352  0.63354037 0.83436853]
val_loss=4.9681
accuracy
[0.38302277 0.50310559 0.64389234 0.83643892]
val_loss=5.0019
accuracy
[0.37267081 0.50517598 0.64389234 0.83643892]
val_loss=4.9299
accuracy
[0.3747412  0.50310559 0.64389234 0.83643892]
val_loss=5.1307
accuracy
[0.3747412  0.5010352  0.63561077 0.83022774]
val_loss=4.9625
accuracy
[0.37681159 0.50310559 0.64803313 0.83643892]
val_loss=5.1217
accuracy
[0.38302277 0.4989648  0.63561077 0.82608696]
val_loss=5.1565
accuracy
[0.38302277 0.5010352  0.63561077 0.83436853]
val_loss=5.0678
accuracy
[0.37681159 0.51345756 0.64803313 0.83436853]
val_loss=5.0503
accuracy
[0.36853002 0.4989648  0.64182195 0.83850932]
val_loss=5.1265
accuracy
[0.37681159 0.4989648  0.64182195 0.83229814]
val_loss=5.0396
accuracy
[0.37060041 0.4989648  0.64182195 0.83436853]
val_loss=5.0960
accuracy
[0.37681159 0.4989648  0.63975155 0.83436853]
val_loss=5.0852
accuracy
[0.37681159 0.4989648  0.63975155 0.83436853]
val_loss=5.0994
accuracy
[0.37888199 0.4989648  0.64182195 0.83436853]
val_loss=5.0721
accuracy
[0.37681159 0.4989648  0.63768116 0.83436853]
val_loss=5.0753
accuracy
[0.37888199 0.4989648  0.64182195 0.83436853]
val_loss=5.1181
accuracy
[0.37888199 0.4989648  0.63768116 0.83436853]
val_loss=5.0815
accuracy
[0.37888199 0.4989648  0.64182195 0.83643892]
val_loss=5.0977
accuracy
[0.37888199 0.50310559 0.64182195 0.83643892]
val_loss=5.1157
accuracy
[0.37681159 0.4989648  0.63768116 0.83436853]
val_loss=5.1157
accuracy
[0.37681159 0.4989648  0.64182195 0.83643892]
val_loss=5.0996
accuracy
[0.38095238 0.50517598 0.64182195 0.83643892]
val_loss=5.0662
accuracy
[0.3747412  0.4989648  0.64182195 0.83643892]
val_loss=5.1028
accuracy
[0.37681159 0.4989648  0.63768116 0.83436853]
val_loss=5.1227
accuracy
[0.37681159 0.4989648  0.63975155 0.83436853]
val_loss=5.1272
accuracy
[0.3747412  0.4989648  0.64182195 0.83436853]
val_loss=5.1321
accuracy
[0.37888199 0.4989648  0.63975155 0.83436853]
val_loss=5.0971
accuracy
[0.37888199 0.50310559 0.64182195 0.83643892]
val_loss=5.1071
accuracy
[0.37888199 0.50517598 0.64389234 0.83643892]
Finished Training
    rehearsal replay buffer: 500 of 2379 source samples
cpu
Finished Training
cpu
Finished Training
cpu
Finished Training
cpu
Finished Training
cpu
Finished Training
cpu
Finished Training
cpu
Finished Training
cpu
Finished Training
cpu
Finished Training
cpu
Finished Training
cpu
Finished Training
cpu
Finished Training
cpu
Finished Training
cpu
Finished Training
cpu
Finished Training
cpu
Finished Training
cpu
Finished Training
cpu
Finished Training
cpu
Finished Training
cpu
Finished Training
cpu
Finished Training
cpu
Finished Training
  seed 8: pretrain on scenario2 (2379 samples), zero-shot eval on scenario1 (483 held-out test samples)
cpu
-----------------------------------------------------------------------
      Layer (type)        Output Shape         Param #     Tr. Param #
=======================================================================
          Linear-1           [32, 256]           1,280           1,280
            ReLU-2           [32, 256]               0               0
          Linear-3           [32, 256]          65,792          65,792
          Linear-4           [32, 256]          65,792          65,792
          Linear-5            [32, 16]           4,112           4,112
=======================================================================
Total params: 136,976
Trainable params: 136,976
Non-trainable params: 0
-----------------------------------------------------------------------
val_loss=2.4251
accuracy
[0.25258799 0.44306418 0.59627329 0.96480331]
val_loss=3.2883
accuracy
[0.31677019 0.48240166 0.55486542 0.85093168]
val_loss=3.0187
accuracy
[0.22153209 0.49068323 0.73913043 0.93995859]
val_loss=3.6693
accuracy
[0.30227743 0.51138716 0.61283644 0.85714286]
val_loss=3.5447
accuracy
[0.33126294 0.48033126 0.61283644 0.90062112]
val_loss=3.5274
accuracy
[0.30020704 0.51552795 0.68115942 0.92132505]
val_loss=3.8106
accuracy
[0.3436853  0.4989648  0.59213251 0.92753623]
val_loss=3.3466
accuracy
[0.31055901 0.5010352  0.65010352 0.94202899]
val_loss=3.5448
accuracy
[0.35196687 0.50310559 0.64389234 0.92132505]
val_loss=3.8442
accuracy
[0.3436853  0.50724638 0.55693582 0.78674948]
val_loss=4.1701
accuracy
[0.35196687 0.50724638 0.58799172 0.83229814]
val_loss=3.7622
accuracy
[0.35403727 0.51345756 0.62111801 0.83850932]
val_loss=3.4796
accuracy
[0.25258799 0.50310559 0.69979296 0.85921325]
val_loss=4.4269
accuracy
[0.31677019 0.50931677 0.63975155 0.83850932]
val_loss=3.9543
accuracy
[0.35196687 0.52380952 0.6252588  0.83022774]
val_loss=3.8978
accuracy
[0.35610766 0.50517598 0.60662526 0.83643892]
val_loss=4.0867
accuracy
[0.36645963 0.50517598 0.5610766  0.80745342]
val_loss=3.9441
accuracy
[0.34782609 0.50517598 0.68115942 0.84886128]
val_loss=3.5047
accuracy
[0.27743271 0.49275362 0.65010352 0.92339545]
val_loss=4.1657
accuracy
[0.3436853  0.49689441 0.60455487 0.83850932]
val_loss=4.4502
accuracy
[0.37060041 0.50931677 0.62318841 0.83436853]
val_loss=4.4119
accuracy
[0.35610766 0.50517598 0.63146998 0.84886128]
val_loss=4.8965
accuracy
[0.37060041 0.50724638 0.60455487 0.8115942 ]
val_loss=4.3831
accuracy
[0.32919255 0.49482402 0.62111801 0.8447205 ]
val_loss=4.6626
accuracy
[0.3747412  0.5010352  0.61076605 0.83436853]
val_loss=4.7440
accuracy
[0.36231884 0.50310559 0.63354037 0.83229814]
val_loss=4.6229
accuracy
[0.37681159 0.50724638 0.60869565 0.83022774]
val_loss=4.5158
accuracy
[0.33747412 0.48654244 0.61490683 0.84057971]
val_loss=4.5928
accuracy
[0.34575569 0.4989648  0.62318841 0.84679089]
val_loss=4.6957
accuracy
[0.35196687 0.50517598 0.64596273 0.85921325]
val_loss=4.6800
accuracy
[0.35610766 0.50724638 0.63354037 0.83229814]
val_loss=4.5773
accuracy
[0.35196687 0.50724638 0.6563147  0.84679089]
val_loss=5.0112
accuracy
[0.37060041 0.50931677 0.63354037 0.82815735]
val_loss=4.6708
accuracy
[0.36853002 0.49482402 0.64596273 0.84679089]
val_loss=4.6980
accuracy
[0.36231884 0.5010352  0.62732919 0.82608696]
val_loss=4.7620
accuracy
[0.36853002 0.50517598 0.62732919 0.8426501 ]
val_loss=4.6031
accuracy
[0.36231884 0.50310559 0.64182195 0.85093168]
val_loss=5.0356
accuracy
[0.36231884 0.50517598 0.62939959 0.81780538]
val_loss=4.7309
accuracy
[0.37267081 0.50517598 0.61904762 0.84886128]
val_loss=4.8282
accuracy
[0.37267081 0.50517598 0.6563147  0.85093168]
val_loss=4.8920
accuracy
[0.38095238 0.50310559 0.64596273 0.83022774]
val_loss=4.9127
accuracy
[0.38095238 0.49689441 0.63354037 0.83643892]
val_loss=4.8251
accuracy
[0.34161491 0.49689441 0.64182195 0.8447205 ]
val_loss=4.8905
accuracy
[0.36853002 0.4989648  0.64389234 0.84057971]
val_loss=5.0137
accuracy
[0.36853002 0.49689441 0.62732919 0.82815735]
val_loss=5.0258
accuracy
[0.37681159 0.49275362 0.6252588  0.82401656]
val_loss=5.0710
accuracy
[0.37888199 0.49068323 0.62111801 0.82194617]
val_loss=4.9594
accuracy
[0.35610766 0.49482402 0.63146998 0.83643892]
val_loss=5.0943
accuracy
[0.36231884 0.5010352  0.63354037 0.82815735]
val_loss=5.0669
accuracy
[0.36645963 0.48654244 0.61904762 0.82401656]
val_loss=5.0462
accuracy
[0.35610766 0.49689441 0.62939959 0.83022774]
val_loss=5.1156
accuracy
[0.37681159 0.49068323 0.61904762 0.81987578]
val_loss=4.8972
accuracy
[0.34989648 0.49068323 0.61697723 0.84886128]
val_loss=4.9928
accuracy
[0.36853002 0.5010352  0.62939959 0.83229814]
val_loss=5.0795
accuracy
[0.37267081 0.49275362 0.62732919 0.82401656]
val_loss=5.0701
accuracy
[0.37888199 0.49689441 0.63146998 0.82815735]
val_loss=5.1673
accuracy
[0.37888199 0.49482402 0.61904762 0.82401656]
val_loss=5.1137
accuracy
[0.36024845 0.49275362 0.62318841 0.82401656]
val_loss=4.8867
accuracy
[0.34989648 0.4989648  0.64389234 0.86335404]
val_loss=5.1167
accuracy
[0.38095238 0.49482402 0.6252588  0.82815735]
val_loss=5.0911
accuracy
[0.37267081 0.49482402 0.62732919 0.83229814]
val_loss=5.1259
accuracy
[0.37267081 0.49689441 0.62732919 0.82815735]
val_loss=5.1220
accuracy
[0.37267081 0.49689441 0.62732919 0.83022774]
val_loss=5.1467
accuracy
[0.3747412  0.49689441 0.6252588  0.82815735]
val_loss=5.1056
accuracy
[0.3747412  0.49689441 0.6252588  0.83436853]
val_loss=5.1003
accuracy
[0.37267081 0.49689441 0.62939959 0.83229814]
val_loss=5.0787
accuracy
[0.37267081 0.49689441 0.63354037 0.83436853]
val_loss=5.1794
accuracy
[0.3747412  0.49482402 0.62732919 0.82401656]
val_loss=5.0938
accuracy
[0.37267081 0.49689441 0.63146998 0.83436853]
val_loss=5.0847
accuracy
[0.36853002 0.49482402 0.6252588  0.83643892]
val_loss=5.0549
accuracy
[0.36438923 0.49689441 0.62939959 0.84057971]
val_loss=5.1340
accuracy
[0.37060041 0.49689441 0.62732919 0.83022774]
val_loss=5.1186
accuracy
[0.36853002 0.49689441 0.63146998 0.83229814]
val_loss=5.1612
accuracy
[0.37267081 0.49689441 0.62732919 0.83022774]
val_loss=5.1163
accuracy
[0.37060041 0.49482402 0.62939959 0.83436853]
val_loss=5.1262
accuracy
[0.37267081 0.49689441 0.63146998 0.83229814]
val_loss=5.1607
accuracy
[0.37060041 0.49482402 0.6252588  0.82815735]
val_loss=5.1348
accuracy
[0.37060041 0.49689441 0.63146998 0.83229814]
val_loss=5.1752
accuracy
[0.3747412  0.49689441 0.6252588  0.82815735]
val_loss=5.2127
accuracy
[0.37888199 0.49482402 0.6252588  0.82401656]
Finished Training
    rehearsal replay buffer: 500 of 2379 source samples
cpu
Finished Training
cpu
Finished Training
cpu
Finished Training
cpu
Finished Training
cpu
Finished Training
cpu
Finished Training
cpu
Finished Training
cpu
Finished Training
cpu
Finished Training
cpu
Finished Training
cpu
Finished Training
cpu
Finished Training
cpu
Finished Training
cpu
Finished Training
cpu
Finished Training
cpu
Finished Training
cpu
Finished Training
cpu
Finished Training
cpu
Finished Training
cpu
Finished Training
cpu
Finished Training
cpu
Finished Training
  seed 9: pretrain on scenario2 (2379 samples), zero-shot eval on scenario1 (483 held-out test samples)
cpu
-----------------------------------------------------------------------
      Layer (type)        Output Shape         Param #     Tr. Param #
=======================================================================
          Linear-1           [32, 256]           1,280           1,280
            ReLU-2           [32, 256]               0               0
          Linear-3           [32, 256]          65,792          65,792
          Linear-4           [32, 256]          65,792          65,792
          Linear-5            [32, 16]           4,112           4,112
=======================================================================
Total params: 136,976
Trainable params: 136,976
Non-trainable params: 0
-----------------------------------------------------------------------
val_loss=3.0198
accuracy
[0.24430642 0.44306418 0.54244306 0.8136646 ]
val_loss=3.3906
accuracy
[0.22774327 0.49068323 0.6252588  0.91511387]
val_loss=2.4905
accuracy
[0.29399586 0.48654244 0.65838509 0.96687371]
val_loss=3.4902
accuracy
[0.30434783 0.49689441 0.60455487 0.87163561]
val_loss=3.8050
accuracy
[0.3126294  0.49482402 0.63561077 0.82815735]
val_loss=3.2248
accuracy
[0.26293996 0.50517598 0.64389234 0.85714286]
val_loss=3.1344
accuracy
[0.2173913  0.4989648  0.75776398 0.9378882 ]
val_loss=3.5401
accuracy
[0.36645963 0.49068323 0.61697723 0.80124224]
val_loss=2.5919
accuracy
[0.24223602 0.47204969 0.72670807 0.98757764]
val_loss=4.1301
accuracy
[0.32919255 0.50310559 0.62732919 0.81573499]
val_loss=3.0906
accuracy
[0.24016563 0.52380952 0.75776398 0.93374741]
val_loss=3.9329
accuracy
[0.33747412 0.49689441 0.63768116 0.79503106]
val_loss=3.3991
accuracy
[0.30434783 0.50310559 0.65838509 0.82608696]
val_loss=4.5360
accuracy
[0.33954451 0.49275362 0.60248447 0.76811594]
val_loss=3.3985
accuracy
[0.31677019 0.51138716 0.68322981 0.8115942 ]
val_loss=3.3693
accuracy
[0.30641822 0.48033126 0.62111801 0.83436853]
val_loss=4.2617
accuracy
[0.32712215 0.50517598 0.66252588 0.78467909]
val_loss=3.5191
accuracy
[0.28571429 0.50310559 0.6873706  0.82815735]
val_loss=4.1927
accuracy
[0.33540373 0.4989648  0.62939959 0.83436853]
val_loss=4.6499
accuracy
[0.35817805 0.49482402 0.60662526 0.79917184]
val_loss=4.5604
accuracy
[0.3436853  0.49689441 0.59006211 0.79296066]
val_loss=4.6841
accuracy
[0.35196687 0.49482402 0.59834369 0.79710145]
val_loss=4.5309
accuracy
[0.33333333 0.49689441 0.60041408 0.8115942 ]
val_loss=4.7956
accuracy
[0.33540373 0.49689441 0.61283644 0.78467909]
val_loss=4.5032
accuracy
[0.31469979 0.49275362 0.63146998 0.79089027]
val_loss=4.7410
accuracy
[0.32505176 0.49689441 0.62111801 0.79089027]
val_loss=4.5983
accuracy
[0.31055901 0.49275362 0.63146998 0.79089027]
val_loss=4.8229
accuracy
[0.32505176 0.48240166 0.5942029  0.77432712]
val_loss=4.7829
accuracy
[0.33540373 0.49482402 0.61490683 0.7826087 ]
val_loss=4.6517
accuracy
[0.34575569 0.49482402 0.62111801 0.79296066]
val_loss=4.9443
accuracy
[0.36438923 0.49482402 0.60662526 0.7826087 ]
val_loss=4.6849
accuracy
[0.31677019 0.49482402 0.63146998 0.79503106]
val_loss=4.6540
accuracy
[0.32919255 0.5010352  0.63146998 0.80331263]
val_loss=4.4971
accuracy
[0.31055901 0.50724638 0.66459627 0.79917184]
val_loss=4.8194
accuracy
[0.32505176 0.50724638 0.63354037 0.78881988]
val_loss=4.8071
accuracy
[0.33540373 0.49482402 0.62939959 0.77639752]
val_loss=4.6972
accuracy
[0.30641822 0.49068323 0.62111801 0.79917184]
val_loss=4.9519
accuracy
[0.31677019 0.49689441 0.60662526 0.7826087 ]
val_loss=5.2786
accuracy
[0.36853002 0.49482402 0.57971014 0.77018634]
val_loss=5.2222
accuracy
[0.34782609 0.49275362 0.60041408 0.76811594]
val_loss=4.9911
accuracy
[0.33333333 0.49482402 0.59627329 0.77846791]
val_loss=5.0757
accuracy
[0.33954451 0.49689441 0.60869565 0.7805383 ]
val_loss=5.1656
accuracy
[0.34575569 0.49689441 0.60869565 0.77846791]
val_loss=5.0161
accuracy
[0.32712215 0.49275362 0.60869565 0.77846791]
val_loss=5.0681
accuracy
[0.32712215 0.48654244 0.60869565 0.77639752]
val_loss=5.1143
accuracy
[0.32712215 0.48654244 0.60662526 0.77225673]
val_loss=5.1904
accuracy
[0.33126294 0.49068323 0.58799172 0.77018634]
val_loss=5.0429
accuracy
[0.32298137 0.48861284 0.60869565 0.7805383 ]
val_loss=5.0615
accuracy
[0.33747412 0.48654244 0.60869565 0.7826087 ]
val_loss=5.1651
accuracy
[0.32091097 0.48447205 0.59627329 0.77432712]
val_loss=5.1433
accuracy
[0.33333333 0.49068323 0.61283644 0.7826087 ]
val_loss=5.1276
accuracy
[0.32919255 0.49068323 0.60455487 0.7826087 ]
val_loss=5.2729
accuracy
[0.33954451 0.48654244 0.60041408 0.76397516]
val_loss=5.2427
accuracy
[0.33540373 0.48861284 0.59006211 0.77225673]
val_loss=5.2131
accuracy
[0.33333333 0.48861284 0.59213251 0.77225673]
val_loss=5.2479
accuracy
[0.33126294 0.48240166 0.61076605 0.76604555]
val_loss=5.2252
accuracy
[0.33333333 0.48240166 0.60455487 0.77018634]
val_loss=5.2802
accuracy
[0.3436853  0.48861284 0.61076605 0.77432712]
val_loss=5.2136
accuracy
[0.33540373 0.48861284 0.60248447 0.77225673]
val_loss=5.2852
accuracy
[0.33747412 0.49068323 0.61076605 0.77639752]
val_loss=5.2424
accuracy
[0.33747412 0.48861284 0.61490683 0.77639752]
val_loss=5.2895
accuracy
[0.34161491 0.49068323 0.60869565 0.77639752]
val_loss=5.2330
accuracy
[0.32919255 0.48654244 0.61076605 0.77639752]
val_loss=5.1691
accuracy
[0.32712215 0.48447205 0.61697723 0.77846791]
val_loss=5.2765
accuracy
[0.32919255 0.49068323 0.61076605 0.77639752]
val_loss=5.2766
accuracy
[0.33126294 0.49068323 0.61076605 0.77639752]
val_loss=5.2397
accuracy
[0.32712215 0.48654244 0.61076605 0.77639752]
val_loss=5.2383
accuracy
[0.32919255 0.48654244 0.61490683 0.77639752]
val_loss=5.2450
accuracy
[0.32919255 0.48654244 0.61283644 0.77639752]
val_loss=5.2742
accuracy
[0.32919255 0.49068323 0.61076605 0.77639752]
val_loss=5.3021
accuracy
[0.33126294 0.48654244 0.60662526 0.77639752]
val_loss=5.2782
accuracy
[0.32712215 0.49068323 0.61076605 0.77639752]
val_loss=5.2464
accuracy
[0.32919255 0.48654244 0.61490683 0.77639752]
val_loss=5.2348
accuracy
[0.32298137 0.48240166 0.61076605 0.77639752]
val_loss=5.3118
accuracy
[0.33126294 0.48654244 0.60662526 0.77225673]
val_loss=5.2781
accuracy
[0.32712215 0.48861284 0.61076605 0.77639752]
val_loss=5.2575
accuracy
[0.32505176 0.48654244 0.61283644 0.77639752]
val_loss=5.2738
accuracy
[0.32919255 0.48861284 0.61490683 0.77639752]
val_loss=5.3015
accuracy
[0.33126294 0.49068323 0.61076605 0.77432712]
val_loss=5.2913
accuracy
[0.32712215 0.49068323 0.61283644 0.77432712]
Finished Training
    rehearsal replay buffer: 500 of 2379 source samples
cpu
Finished Training
cpu
Finished Training
cpu
Finished Training
cpu
Finished Training
cpu
Finished Training
cpu
Finished Training
cpu
Finished Training
cpu
Finished Training
cpu
Finished Training
cpu
Finished Training
cpu
Finished Training
cpu
Finished Training
cpu
Finished Training
cpu
Finished Training
cpu
Finished Training
cpu
Finished Training
cpu
Finished Training
cpu
Finished Training
cpu
Finished Training
cpu
Finished Training
cpu
Finished Training
cpu
Finished Training
Saved result\stage1_s2_to_s1_rehearsal_acc.mat and result\stage1_s2_to_s1_rehearsal_pwr.mat (10/10 seeds completed)

======================================================================
Rehearsal comparison: scenario32straight -> scenario1  (s32straight_to_s1)
======================================================================
  seed 0: pretrain on scenario32straight (1899 samples), zero-shot eval on scenario1 (483 held-out test samples)
cpu
-----------------------------------------------------------------------
      Layer (type)        Output Shape         Param #     Tr. Param #
=======================================================================
          Linear-1           [32, 256]           1,280           1,280
            ReLU-2           [32, 256]               0               0
          Linear-3           [32, 256]          65,792          65,792
          Linear-4           [32, 256]          65,792          65,792
          Linear-5            [32, 16]           4,112           4,112
=======================================================================
Total params: 136,976
Trainable params: 136,976
Non-trainable params: 0
-----------------------------------------------------------------------
val_loss=7.0404
accuracy
[0.08695652 0.14699793 0.16770186 0.26708075]
val_loss=9.0227
accuracy
[0.06004141 0.14699793 0.16770186 0.26915114]
val_loss=11.3581
accuracy
[0.08695652 0.1552795  0.16770186 0.28571429]
val_loss=12.1325
accuracy
[0.02070393 0.08074534 0.16770186 0.2815735 ]
val_loss=11.6506
accuracy
[0.02070393 0.10766046 0.17391304 0.38509317]
val_loss=13.5413
accuracy
[0.02484472 0.13871636 0.16770186 0.24637681]
val_loss=13.2954
accuracy
[0.08695652 0.10766046 0.17805383 0.30641822]
val_loss=15.0225
accuracy
[0.02070393 0.10766046 0.16770186 0.22567288]
val_loss=14.2059
accuracy
[0.08695652 0.10766046 0.18012422 0.3126294 ]
val_loss=15.3607
accuracy
[0.02070393 0.10766046 0.19461698 0.27536232]
val_loss=15.6798
accuracy
[0.02070393 0.10766046 0.16977226 0.31469979]
val_loss=18.0394
accuracy
[0.02070393 0.10766046 0.16977226 0.26708075]
val_loss=14.9771
accuracy
[0.08695652 0.10766046 0.17598344 0.27536232]
val_loss=15.6228
accuracy
[0.02070393 0.10766046 0.16770186 0.2484472 ]
val_loss=16.5868
accuracy
[0.08695652 0.10766046 0.19254658 0.32712215]
val_loss=17.7320
accuracy
[0.02070393 0.10973085 0.19461698 0.33747412]
val_loss=18.9817
accuracy
[0.02070393 0.10766046 0.2173913  0.35817805]
val_loss=16.5277
accuracy
[0.02070393 0.10766046 0.17184265 0.35196687]
val_loss=18.3292
accuracy
[0.02070393 0.10766046 0.16977226 0.34575569]
val_loss=16.7825
accuracy
[0.02070393 0.10766046 0.18012422 0.33333333]
val_loss=17.5908
accuracy
[0.02070393 0.10766046 0.17391304 0.33333333]
val_loss=18.8633
accuracy
[0.02070393 0.10766046 0.18012422 0.33126294]
val_loss=19.6940
accuracy
[0.02070393 0.10766046 0.18426501 0.35196687]
val_loss=20.3302
accuracy
[0.02070393 0.10766046 0.19461698 0.33954451]
val_loss=21.2395
accuracy
[0.02070393 0.10766046 0.19047619 0.33747412]
val_loss=22.0081
accuracy
[0.02070393 0.10766046 0.1863354  0.33954451]
val_loss=22.4069
accuracy
[0.02070393 0.10766046 0.1884058  0.33333333]
val_loss=22.8635
accuracy
[0.02070393 0.10766046 0.20082816 0.35403727]
val_loss=23.8877
accuracy
[0.02070393 0.10766046 0.18219462 0.33540373]
val_loss=23.3695
accuracy
[0.02070393 0.10766046 0.20496894 0.33747412]
val_loss=24.2790
accuracy
[0.02070393 0.10766046 0.19461698 0.35196687]
val_loss=24.3302
accuracy
[0.02070393 0.10766046 0.20703934 0.33954451]
val_loss=24.4081
accuracy
[0.02070393 0.10766046 0.19047619 0.31469979]
val_loss=24.7816
accuracy
[0.02070393 0.10766046 0.1863354  0.32091097]
val_loss=25.1941
accuracy
[0.02070393 0.10766046 0.19047619 0.33333333]
val_loss=25.9541
accuracy
[0.02070393 0.10766046 0.19254658 0.34989648]
val_loss=25.5730
accuracy
[0.02070393 0.10766046 0.18426501 0.34989648]
val_loss=25.8798
accuracy
[0.02070393 0.10766046 0.19875776 0.33333333]
val_loss=26.3613
accuracy
[0.02070393 0.10766046 0.1573499  0.33333333]
val_loss=26.5944
accuracy
[0.02070393 0.10766046 0.16563147 0.33333333]
val_loss=26.3809
accuracy
[0.02070393 0.10766046 0.19047619 0.33333333]
val_loss=26.5062
accuracy
[0.02070393 0.10766046 0.19047619 0.33333333]
val_loss=26.6133
accuracy
[0.02070393 0.10973085 0.19461698 0.33540373]
val_loss=26.5729
accuracy
[0.02070393 0.10973085 0.19461698 0.33540373]
val_loss=26.8730
accuracy
[0.02070393 0.10766046 0.19254658 0.33747412]
val_loss=26.9568
accuracy
[0.02070393 0.10766046 0.19254658 0.33540373]
val_loss=26.7700
accuracy
[0.02070393 0.10973085 0.20703934 0.33954451]
val_loss=27.2029
accuracy
[0.02070393 0.10766046 0.19047619 0.33747412]
val_loss=27.0979
accuracy
[0.02070393 0.10973085 0.1884058  0.33540373]
val_loss=27.0524
accuracy
[0.02070393 0.10973085 0.19875776 0.33954451]
val_loss=27.2119
accuracy
[0.02070393 0.10766046 0.19461698 0.33954451]
val_loss=27.3003
accuracy
[0.02070393 0.10766046 0.1863354  0.33540373]
val_loss=27.4273
accuracy
[0.02070393 0.10973085 0.19461698 0.33954451]
val_loss=27.6398
accuracy
[0.02070393 0.10973085 0.19047619 0.33747412]
val_loss=27.5590
accuracy
[0.02070393 0.10973085 0.19047619 0.33747412]
val_loss=27.6130
accuracy
[0.02070393 0.10973085 0.19875776 0.33954451]
val_loss=27.7355
accuracy
[0.02070393 0.10766046 0.18426501 0.33333333]
val_loss=27.7440
accuracy
[0.02070393 0.10973085 0.19254658 0.33747412]
val_loss=27.9170
accuracy
[0.02070393 0.10973085 0.21118012 0.34575569]
val_loss=27.7889
accuracy
[0.02070393 0.10973085 0.19461698 0.33954451]
val_loss=27.9488
accuracy
[0.02070393 0.10973085 0.19461698 0.33954451]
val_loss=27.9811
accuracy
[0.02070393 0.10973085 0.19047619 0.33747412]
val_loss=27.9638
accuracy
[0.02070393 0.10973085 0.19668737 0.33954451]
val_loss=27.9673
accuracy
[0.02070393 0.10973085 0.19668737 0.33954451]
val_loss=27.9874
accuracy
[0.02070393 0.10973085 0.19875776 0.33954451]
val_loss=28.0206
accuracy
[0.02070393 0.10973085 0.19461698 0.33747412]
val_loss=28.0519
accuracy
[0.02070393 0.10973085 0.19461698 0.33747412]
val_loss=28.0231
accuracy
[0.02070393 0.10973085 0.19461698 0.33747412]
val_loss=28.0915
accuracy
[0.02070393 0.10973085 0.19461698 0.33747412]
val_loss=28.1050
accuracy
[0.02070393 0.10973085 0.19461698 0.33747412]
val_loss=28.1103
accuracy
[0.02070393 0.10973085 0.19461698 0.33747412]
val_loss=28.1305
accuracy
[0.02070393 0.10973085 0.19254658 0.33747412]
val_loss=28.1815
accuracy
[0.02070393 0.10973085 0.19461698 0.33747412]
val_loss=28.1747
accuracy
[0.02070393 0.10973085 0.19461698 0.33747412]
val_loss=28.1865
accuracy
[0.02070393 0.10973085 0.19461698 0.33954451]
val_loss=28.1975
accuracy
[0.02070393 0.10973085 0.19461698 0.33747412]
val_loss=28.2239
accuracy
[0.02070393 0.10973085 0.19461698 0.33747412]
val_loss=28.2339
accuracy
[0.02070393 0.10973085 0.19875776 0.33954451]
val_loss=28.3119
accuracy
[0.02070393 0.10973085 0.19461698 0.33747412]
val_loss=28.2859
accuracy
[0.02070393 0.10973085 0.19461698 0.33747412]
Finished Training
    rehearsal replay buffer: 500 of 1899 source samples
cpu
Finished Training
cpu
Finished Training
cpu
Finished Training
cpu
Finished Training
cpu
Finished Training
cpu
Finished Training
cpu
Finished Training
cpu
Finished Training
cpu
Finished Training
cpu
Finished Training
cpu
Finished Training
cpu
Finished Training
cpu
Finished Training
cpu
Finished Training
cpu
Finished Training
cpu
Finished Training
cpu
Finished Training
cpu
Finished Training
cpu
Finished Training
cpu
Finished Training
cpu
Finished Training
cpu
Finished Training
  seed 1: pretrain on scenario32straight (1899 samples), zero-shot eval on scenario1 (483 held-out test samples)
cpu
-----------------------------------------------------------------------
      Layer (type)        Output Shape         Param #     Tr. Param #
=======================================================================
          Linear-1           [32, 256]           1,280           1,280
            ReLU-2           [32, 256]               0               0
          Linear-3           [32, 256]          65,792          65,792
          Linear-4           [32, 256]          65,792          65,792
          Linear-5            [32, 16]           4,112           4,112
=======================================================================
Total params: 136,976
Trainable params: 136,976
Non-trainable params: 0
-----------------------------------------------------------------------
val_loss=6.1535
accuracy
[0.05175983 0.10351967 0.20703934 0.34575569]
val_loss=6.6543
accuracy
[0.07660455 0.18012422 0.20289855 0.3436853 ]
val_loss=10.4888
accuracy
[0.07660455 0.09937888 0.20289855 0.33747412]
val_loss=10.6857
accuracy
[0.07660455 0.09937888 0.20289855 0.33954451]
val_loss=10.7203
accuracy
[0.02277433 0.09937888 0.20289855 0.30227743]
val_loss=11.9340
accuracy
[0.07660455 0.09937888 0.20289855 0.27950311]
val_loss=12.5911
accuracy
[0.07660455 0.09937888 0.20289855 0.29606625]
val_loss=12.7592
accuracy
[0.07660455 0.09937888 0.20703934 0.34989648]
val_loss=12.9088
accuracy
[0.07660455 0.09937888 0.20289855 0.28985507]
val_loss=16.5638
accuracy
[0.02277433 0.09937888 0.21118012 0.31884058]
val_loss=15.7281
accuracy
[0.02277433 0.09937888 0.20289855 0.26915114]
val_loss=17.3291
accuracy
[0.02277433 0.09937888 0.20289855 0.27950311]
val_loss=16.8523
accuracy
[0.07660455 0.09937888 0.20289855 0.29192547]
val_loss=18.5797
accuracy
[0.02277433 0.09937888 0.20496894 0.33954451]
val_loss=16.0768
accuracy
[0.02277433 0.09937888 0.20289855 0.22153209]
val_loss=18.3818
accuracy
[0.02277433 0.09937888 0.20289855 0.29606625]
val_loss=19.3490
accuracy
[0.02277433 0.09937888 0.20289855 0.22981366]
val_loss=17.3083
accuracy
[0.02277433 0.09937888 0.23809524 0.27122153]
val_loss=19.1816
accuracy
[0.02277433 0.09937888 0.2194617  0.25465839]
val_loss=19.4213
accuracy
[0.02277433 0.09937888 0.20289855 0.22567288]
val_loss=20.2920
accuracy
[0.02277433 0.09937888 0.20703934 0.23809524]
val_loss=21.2143
accuracy
[0.02277433 0.09937888 0.21325052 0.24016563]
val_loss=21.9965
accuracy
[0.02277433 0.09937888 0.21118012 0.24016563]
val_loss=22.4318
accuracy
[0.02277433 0.09937888 0.2194617  0.25258799]
val_loss=23.3761
accuracy
[0.02277433 0.09937888 0.20910973 0.23809524]
val_loss=24.1154
accuracy
[0.02277433 0.09937888 0.20910973 0.23602484]
val_loss=24.0071
accuracy
[0.02277433 0.09937888 0.21532091 0.25258799]
val_loss=24.5178
accuracy
[0.02277433 0.09937888 0.21118012 0.23809524]
val_loss=25.2390
accuracy
[0.02277433 0.09937888 0.20496894 0.23602484]
val_loss=24.7472
accuracy
[0.02277433 0.09937888 0.21532091 0.2505176 ]
val_loss=25.4200
accuracy
[0.02277433 0.09937888 0.20910973 0.24016563]
val_loss=25.6032
accuracy
[0.02277433 0.09937888 0.21532091 0.2505176 ]
val_loss=25.9880
accuracy
[0.02277433 0.09937888 0.20910973 0.23809524]
val_loss=25.7270
accuracy
[0.02277433 0.10144928 0.21532091 0.2484472 ]
val_loss=26.4974
accuracy
[0.02277433 0.09937888 0.21325052 0.23809524]
val_loss=26.2694
accuracy
[0.02277433 0.09937888 0.21118012 0.24016563]
val_loss=27.0059
accuracy
[0.02277433 0.09937888 0.21532091 0.24016563]
val_loss=26.8805
accuracy
[0.02277433 0.09937888 0.21118012 0.24016563]
val_loss=27.3807
accuracy
[0.02277433 0.09937888 0.20910973 0.23395445]
val_loss=27.4685
accuracy
[0.02277433 0.09937888 0.21325052 0.25465839]
val_loss=27.3925
accuracy
[0.02277433 0.09937888 0.21118012 0.23809524]
val_loss=27.5376
accuracy
[0.02277433 0.09937888 0.21118012 0.24223602]
val_loss=27.6738
accuracy
[0.02277433 0.09937888 0.20910973 0.23602484]
val_loss=27.7612
accuracy
[0.02277433 0.09937888 0.21118012 0.23602484]
val_loss=27.9765
accuracy
[0.02277433 0.09937888 0.21325052 0.24016563]
val_loss=27.9754
accuracy
[0.02277433 0.09937888 0.21118012 0.23809524]
val_loss=28.2812
accuracy
[0.02277433 0.09937888 0.20910973 0.23602484]
val_loss=28.3459
accuracy
[0.02277433 0.09937888 0.20910973 0.23602484]
val_loss=28.3819
accuracy
[0.02277433 0.09937888 0.21118012 0.23809524]
val_loss=28.3971
accuracy
[0.02277433 0.09937888 0.21118012 0.23602484]
val_loss=28.5319
accuracy
[0.02277433 0.09937888 0.20910973 0.23602484]
val_loss=28.5486
accuracy
[0.02277433 0.09937888 0.21118012 0.23809524]
val_loss=28.6452
accuracy
[0.02277433 0.09937888 0.21118012 0.23602484]
val_loss=28.8543
accuracy
[0.02277433 0.09937888 0.21118012 0.23809524]
val_loss=28.9159
accuracy
[0.02277433 0.09937888 0.20910973 0.23602484]
val_loss=29.0740
accuracy
[0.02277433 0.09937888 0.20910973 0.23602484]
val_loss=29.0520
accuracy
[0.02277433 0.09937888 0.21118012 0.23809524]
val_loss=29.1745
accuracy
[0.02277433 0.09937888 0.20910973 0.23602484]
val_loss=29.3014
accuracy
[0.02277433 0.09937888 0.21118012 0.23809524]
val_loss=29.3546
accuracy
[0.02277433 0.09937888 0.21118012 0.23602484]
val_loss=29.3948
accuracy
[0.02277433 0.09937888 0.21118012 0.23602484]
val_loss=29.3796
accuracy
[0.02277433 0.09937888 0.21118012 0.23809524]
val_loss=29.4423
accuracy
[0.02277433 0.09937888 0.21118012 0.23602484]
val_loss=29.4533
accuracy
[0.02277433 0.09937888 0.20910973 0.23602484]
val_loss=29.4819
accuracy
[0.02277433 0.09937888 0.20910973 0.23602484]
val_loss=29.5295
accuracy
[0.02277433 0.09937888 0.20910973 0.23602484]
val_loss=29.5428
accuracy
[0.02277433 0.09937888 0.20910973 0.23602484]
val_loss=29.5290
accuracy
[0.02277433 0.09937888 0.21118012 0.23809524]
val_loss=29.5286
accuracy
[0.02277433 0.09937888 0.21118012 0.23809524]
val_loss=29.6059
accuracy
[0.02277433 0.09937888 0.20910973 0.23602484]
val_loss=29.6204
accuracy
[0.02277433 0.09937888 0.20910973 0.23602484]
val_loss=29.6307
accuracy
[0.02277433 0.09937888 0.20910973 0.23602484]
val_loss=29.6628
accuracy
[0.02277433 0.09937888 0.20910973 0.23602484]
val_loss=29.6521
accuracy
[0.02277433 0.09937888 0.21118012 0.23809524]
val_loss=29.6550
accuracy
[0.02277433 0.09937888 0.21118012 0.23809524]
val_loss=29.7124
accuracy
[0.02277433 0.09937888 0.20910973 0.23809524]
val_loss=29.6662
accuracy
[0.02277433 0.09937888 0.21118012 0.23809524]
val_loss=29.7543
accuracy
[0.02277433 0.09937888 0.20910973 0.23809524]
val_loss=29.8033
accuracy
[0.02277433 0.09937888 0.21118012 0.23809524]
val_loss=29.8258
accuracy
[0.02277433 0.09937888 0.20910973 0.23602484]
Finished Training
    rehearsal replay buffer: 500 of 1899 source samples
cpu
Finished Training
cpu
Finished Training
cpu
Finished Training
cpu
Finished Training
cpu
Finished Training
cpu
Finished Training
cpu
Finished Training
cpu
Finished Training
cpu
Finished Training
cpu
Finished Training
cpu
Finished Training
cpu
Finished Training
cpu
Finished Training
cpu
Finished Training
cpu
Finished Training
cpu
Finished Training
cpu
Finished Training
cpu
Finished Training
cpu
Finished Training
cpu
Finished Training
cpu
Finished Training
cpu
Finished Training
  seed 2: pretrain on scenario32straight (1899 samples), zero-shot eval on scenario1 (483 held-out test samples)
cpu
-----------------------------------------------------------------------
      Layer (type)        Output Shape         Param #     Tr. Param #
=======================================================================
          Linear-1           [32, 256]           1,280           1,280
            ReLU-2           [32, 256]               0               0
          Linear-3           [32, 256]          65,792          65,792
          Linear-4           [32, 256]          65,792          65,792
          Linear-5            [32, 16]           4,112           4,112
=======================================================================
Total params: 136,976
Trainable params: 136,976
Non-trainable params: 0
-----------------------------------------------------------------------
val_loss=6.3837
accuracy
[0.08488613 0.16356108 0.23395445 0.33954451]
val_loss=8.3753
accuracy
[0.07867495 0.10766046 0.20496894 0.31884058]
val_loss=11.7400
accuracy
[0.02898551 0.10766046 0.19254658 0.32505176]
val_loss=11.1384
accuracy
[0.08488613 0.11387164 0.19254658 0.26915114]
val_loss=11.9303
accuracy
[0.08488613 0.16356108 0.19254658 0.36645963]
val_loss=13.0324
accuracy
[0.07867495 0.16356108 0.19254658 0.28571429]
val_loss=13.5931
accuracy
[0.02898551 0.10766046 0.19254658 0.31055901]
val_loss=14.2980
accuracy
[0.02898551 0.10766046 0.19461698 0.34575569]
val_loss=16.9919
accuracy
[0.02898551 0.10766046 0.19254658 0.2815735 ]
val_loss=15.0819
accuracy
[0.07867495 0.10766046 0.19254658 0.27122153]
val_loss=15.1795
accuracy
[0.07867495 0.10766046 0.19254658 0.29192547]
val_loss=17.3037
accuracy
[0.07867495 0.10766046 0.21118012 0.30020704]
val_loss=16.7931
accuracy
[0.07867495 0.10766046 0.19254658 0.28364389]
val_loss=16.2038
accuracy
[0.07867495 0.10766046 0.19254658 0.29399586]
val_loss=16.5563
accuracy
[0.07867495 0.10766046 0.21325052 0.30848861]
val_loss=17.3087
accuracy
[0.02898551 0.10766046 0.19254658 0.31677019]
val_loss=18.0509
accuracy
[0.07867495 0.10766046 0.19875776 0.28364389]
val_loss=18.3350
accuracy
[0.02898551 0.10766046 0.24430642 0.30227743]
val_loss=18.6934
accuracy
[0.02898551 0.10766046 0.2173913  0.30848861]
val_loss=19.1386
accuracy
[0.02898551 0.10766046 0.20496894 0.29399586]
val_loss=20.2957
accuracy
[0.02898551 0.10766046 0.20910973 0.30020704]
val_loss=20.8428
accuracy
[0.02898551 0.10766046 0.21118012 0.30020704]
val_loss=21.7407
accuracy
[0.02898551 0.10766046 0.21532091 0.30020704]
val_loss=21.8762
accuracy
[0.02898551 0.10766046 0.22153209 0.30434783]
val_loss=22.3991
accuracy
[0.02898551 0.10766046 0.21325052 0.29813665]
val_loss=22.9707
accuracy
[0.02898551 0.10766046 0.21118012 0.29813665]
val_loss=23.1903
accuracy
[0.02898551 0.10766046 0.21325052 0.29399586]
val_loss=23.1940
accuracy
[0.02898551 0.10766046 0.22360248 0.30020704]
val_loss=24.1419
accuracy
[0.02898551 0.10766046 0.21118012 0.29399586]
val_loss=24.1437
accuracy
[0.02898551 0.10766046 0.21118012 0.29192547]
val_loss=24.5529
accuracy
[0.02898551 0.10766046 0.22774327 0.30020704]
val_loss=25.1601
accuracy
[0.02898551 0.10766046 0.21532091 0.29606625]
val_loss=25.1328
accuracy
[0.02898551 0.10766046 0.2173913  0.29813665]
val_loss=25.5231
accuracy
[0.02898551 0.10766046 0.21118012 0.29399586]
val_loss=25.5077
accuracy
[0.02898551 0.10766046 0.2173913  0.30020704]
val_loss=26.0426
accuracy
[0.02898551 0.11387164 0.2173913  0.29192547]
val_loss=26.1279
accuracy
[0.02898551 0.11180124 0.2173913  0.29192547]
val_loss=26.5853
accuracy
[0.02898551 0.10973085 0.21118012 0.28985507]
val_loss=27.0259
accuracy
[0.02898551 0.10973085 0.21118012 0.2815735 ]
val_loss=26.6438
accuracy
[0.02898551 0.10766046 0.21118012 0.29192547]
val_loss=26.6698
accuracy
[0.02898551 0.10766046 0.21325052 0.29192547]
val_loss=26.7839
accuracy
[0.02898551 0.10973085 0.21325052 0.29192547]
val_loss=26.8108
accuracy
[0.02898551 0.10973085 0.2173913  0.29192547]
val_loss=26.9360
accuracy
[0.02898551 0.10766046 0.21532091 0.29192547]
val_loss=27.0939
accuracy
[0.02898551 0.10766046 0.2173913  0.29192547]
val_loss=27.2391
accuracy
[0.02898551 0.10973085 0.21325052 0.29192547]
val_loss=27.2162
accuracy
[0.02898551 0.11180124 0.2173913  0.29399586]
val_loss=27.4243
accuracy
[0.02898551 0.10973085 0.2173913  0.29192547]
val_loss=27.5217
accuracy
[0.02898551 0.10973085 0.21325052 0.29192547]
val_loss=27.5236
accuracy
[0.02898551 0.10973085 0.2173913  0.29399586]
val_loss=27.6076
accuracy
[0.02898551 0.10973085 0.2173913  0.29399586]
val_loss=27.8374
accuracy
[0.02898551 0.11180124 0.21532091 0.29192547]
val_loss=27.8317
accuracy
[0.02898551 0.10973085 0.2173913  0.29399586]
val_loss=27.8555
accuracy
[0.02898551 0.11180124 0.2173913  0.29399586]
val_loss=28.0150
accuracy
[0.02898551 0.10973085 0.21118012 0.29192547]
val_loss=28.1322
accuracy
[0.02898551 0.10973085 0.21325052 0.29192547]
val_loss=28.2688
accuracy
[0.02898551 0.10973085 0.21118012 0.29192547]
val_loss=28.2919
accuracy
[0.02898551 0.10973085 0.21532091 0.29192547]
val_loss=28.4547
accuracy
[0.02898551 0.10973085 0.21325052 0.29192547]
val_loss=28.5153
accuracy
[0.02898551 0.11180124 0.21118012 0.29192547]
val_loss=28.4481
accuracy
[0.02898551 0.10973085 0.21532091 0.29192547]
val_loss=28.4657
accuracy
[0.02898551 0.10973085 0.21532091 0.29192547]
val_loss=28.4985
accuracy
[0.02898551 0.10973085 0.21532091 0.29192547]
val_loss=28.4735
accuracy
[0.02898551 0.10973085 0.2173913  0.29192547]
val_loss=28.5518
accuracy
[0.02898551 0.10973085 0.21325052 0.29192547]
val_loss=28.5455
accuracy
[0.02898551 0.10973085 0.21532091 0.29192547]
val_loss=28.5686
accuracy
[0.02898551 0.10973085 0.21532091 0.29192547]
val_loss=28.6323
accuracy
[0.02898551 0.10973085 0.21118012 0.29192547]
val_loss=28.5628
accuracy
[0.02898551 0.10973085 0.21532091 0.29192547]
val_loss=28.6602
accuracy
[0.02898551 0.10973085 0.21118012 0.29192547]
val_loss=28.6698
accuracy
[0.02898551 0.10973085 0.21118012 0.29192547]
val_loss=28.6942
accuracy
[0.02898551 0.10973085 0.21118012 0.29192547]
val_loss=28.6651
accuracy
[0.02898551 0.10973085 0.21532091 0.29192547]
val_loss=28.7320
accuracy
[0.02898551 0.10973085 0.21118012 0.29192547]
val_loss=28.7717
accuracy
[0.02898551 0.10973085 0.21118012 0.29192547]
val_loss=28.7754
accuracy
[0.02898551 0.10973085 0.21118012 0.29192547]
val_loss=28.8049
accuracy
[0.02898551 0.10973085 0.21118012 0.29192547]
val_loss=28.8063
accuracy
[0.02898551 0.10973085 0.21118012 0.29192547]
val_loss=28.8084
accuracy
[0.02898551 0.10973085 0.21118012 0.29192547]
val_loss=28.8349
accuracy
[0.02898551 0.10973085 0.21532091 0.29192547]
Finished Training
    rehearsal replay buffer: 500 of 1899 source samples
cpu
Finished Training
cpu
Finished Training
cpu
Finished Training
cpu
Finished Training
cpu
Finished Training
cpu
Finished Training
cpu
Finished Training
cpu
Finished Training
cpu
Finished Training
cpu
Finished Training
cpu
Finished Training
cpu
Finished Training
cpu
Finished Training
cpu
Finished Training
cpu
Finished Training
cpu
Finished Training
cpu
Finished Training
cpu
Finished Training
cpu
Finished Training
cpu
Finished Training
cpu
Finished Training
cpu
Finished Training
  seed 3: pretrain on scenario32straight (1899 samples), zero-shot eval on scenario1 (483 held-out test samples)
cpu
-----------------------------------------------------------------------
      Layer (type)        Output Shape         Param #     Tr. Param #
=======================================================================
          Linear-1           [32, 256]           1,280           1,280
            ReLU-2           [32, 256]               0               0
          Linear-3           [32, 256]          65,792          65,792
          Linear-4           [32, 256]          65,792          65,792
          Linear-5            [32, 16]           4,112           4,112
=======================================================================
Total params: 136,976
Trainable params: 136,976
Non-trainable params: 0
-----------------------------------------------------------------------
val_loss=6.4322
accuracy
[0.08074534 0.17391304 0.22153209 0.35610766]
val_loss=10.1771
accuracy
[0.08074534 0.10973085 0.20082816 0.33954451]
val_loss=11.0273
accuracy
[0.02898551 0.10973085 0.20082816 0.26086957]
val_loss=10.3020
accuracy
[0.02898551 0.10973085 0.20082816 0.32712215]
val_loss=10.5485
accuracy
[0.02898551 0.10973085 0.20289855 0.34782609]
val_loss=12.7100
accuracy
[0.02898551 0.10973085 0.21532091 0.32298137]
val_loss=13.4063
accuracy
[0.08074534 0.10973085 0.20082816 0.34575569]
val_loss=14.2231
accuracy
[0.08074534 0.19461698 0.2173913  0.3126294 ]
val_loss=13.8105
accuracy
[0.08074534 0.10973085 0.20082816 0.29606625]
val_loss=15.1946
accuracy
[0.02898551 0.10973085 0.20703934 0.31677019]
val_loss=16.0533
accuracy
[0.02898551 0.10973085 0.22153209 0.31677019]
val_loss=18.2517
accuracy
[0.02898551 0.10973085 0.20082816 0.31677019]
val_loss=16.8919
accuracy
[0.02898551 0.11594203 0.2173913  0.33747412]
val_loss=17.0476
accuracy
[0.02898551 0.10973085 0.24430642 0.29399586]
val_loss=17.4630
accuracy
[0.02898551 0.10973085 0.20703934 0.25465839]
val_loss=18.1375
accuracy
[0.02898551 0.10973085 0.20082816 0.25465839]
val_loss=17.1665
accuracy
[0.02898551 0.10973085 0.21325052 0.27122153]
val_loss=18.8100
accuracy
[0.02898551 0.10973085 0.20496894 0.25465839]
val_loss=18.1772
accuracy
[0.02898551 0.10973085 0.22360248 0.26501035]
val_loss=20.6963
accuracy
[0.02898551 0.10973085 0.22774327 0.26086957]
val_loss=21.3860
accuracy
[0.02898551 0.10973085 0.22567288 0.26501035]
val_loss=21.7157
accuracy
[0.02898551 0.10973085 0.22153209 0.26086957]
val_loss=22.3147
accuracy
[0.02898551 0.10973085 0.23188406 0.26086957]
val_loss=23.2095
accuracy
[0.02898551 0.10973085 0.23395445 0.26086957]
val_loss=23.5371
accuracy
[0.02898551 0.10973085 0.23602484 0.26501035]
val_loss=24.0834
accuracy
[0.02898551 0.10973085 0.23395445 0.26086957]
val_loss=24.2831
accuracy
[0.02898551 0.11180124 0.2484472  0.27536232]
val_loss=24.7118
accuracy
[0.02898551 0.10973085 0.22360248 0.26708075]
val_loss=25.1152
accuracy
[0.02898551 0.10973085 0.22774327 0.25465839]
val_loss=24.9117
accuracy
[0.02898551 0.11594203 0.23809524 0.26915114]
val_loss=25.7364
accuracy
[0.02898551 0.12008282 0.23809524 0.26086957]
val_loss=25.6880
accuracy
[0.02898551 0.10973085 0.23395445 0.26086957]
val_loss=25.6272
accuracy
[0.02898551 0.10973085 0.23602484 0.26501035]
val_loss=25.8643
accuracy
[0.02898551 0.11180124 0.23809524 0.26086957]
val_loss=25.9183
accuracy
[0.02898551 0.10973085 0.22981366 0.26086957]
val_loss=26.5368
accuracy
[0.02898551 0.10973085 0.23395445 0.26086957]
val_loss=26.4458
accuracy
[0.02898551 0.11180124 0.23602484 0.26708075]
val_loss=26.6282
accuracy
[0.02898551 0.10973085 0.23188406 0.26086957]
val_loss=27.0165
accuracy
[0.02898551 0.11387164 0.23395445 0.26086957]
val_loss=27.2626
accuracy
[0.02898551 0.10973085 0.23188406 0.26501035]
val_loss=27.4396
accuracy
[0.02898551 0.10973085 0.22981366 0.26086957]
val_loss=27.5147
accuracy
[0.02898551 0.10973085 0.23188406 0.26086957]
val_loss=27.5514
accuracy
[0.02898551 0.11180124 0.23395445 0.26086957]
val_loss=27.6598
accuracy
[0.02898551 0.11594203 0.23395445 0.26086957]
val_loss=27.6979
accuracy
[0.02898551 0.11180124 0.23395445 0.26086957]
val_loss=27.7099
accuracy
[0.02898551 0.11594203 0.23188406 0.26086957]
val_loss=27.8691
accuracy
[0.02898551 0.11387164 0.23395445 0.26086957]
val_loss=27.9433
accuracy
[0.02898551 0.11594203 0.23395445 0.26086957]
val_loss=27.8987
accuracy
[0.02898551 0.11594203 0.23395445 0.26086957]
val_loss=28.2063
accuracy
[0.02898551 0.11594203 0.23188406 0.26086957]
val_loss=28.1069
accuracy
[0.02898551 0.11594203 0.23188406 0.26086957]
val_loss=28.3586
accuracy
[0.02898551 0.11594203 0.23188406 0.26086957]
val_loss=28.3966
accuracy
[0.02898551 0.11594203 0.23188406 0.26086957]
val_loss=28.3157
accuracy
[0.02898551 0.11594203 0.23188406 0.26086957]
val_loss=28.4251
accuracy
[0.02898551 0.11801242 0.23602484 0.26086957]
val_loss=28.5275
accuracy
[0.02898551 0.12215321 0.23395445 0.26086957]
val_loss=28.6860
accuracy
[0.02898551 0.11801242 0.23395445 0.26086957]
val_loss=28.6785
accuracy
[0.02898551 0.12008282 0.23395445 0.26086957]
val_loss=28.7223
accuracy
[0.02898551 0.12008282 0.23602484 0.26086957]
val_loss=28.9616
accuracy
[0.02898551 0.11801242 0.23188406 0.26086957]
val_loss=28.9542
accuracy
[0.02898551 0.11801242 0.23188406 0.26086957]
val_loss=28.9505
accuracy
[0.02898551 0.11801242 0.23395445 0.26086957]
val_loss=28.9930
accuracy
[0.02898551 0.11801242 0.23395445 0.26086957]
val_loss=29.0152
accuracy
[0.02898551 0.11801242 0.23395445 0.26086957]
val_loss=28.9887
accuracy
[0.02898551 0.12008282 0.23395445 0.26086957]
val_loss=29.0553
accuracy
[0.02898551 0.11801242 0.23188406 0.26086957]
val_loss=29.0426
accuracy
[0.02898551 0.11801242 0.23395445 0.26086957]
val_loss=29.0527
accuracy
[0.02898551 0.11801242 0.23395445 0.26086957]
val_loss=29.0549
accuracy
[0.02898551 0.12215321 0.23395445 0.26086957]
val_loss=29.1172
accuracy
[0.02898551 0.11801242 0.23395445 0.26086957]
val_loss=29.1200
accuracy
[0.02898551 0.11801242 0.23395445 0.26086957]
val_loss=29.1567
accuracy
[0.02898551 0.11801242 0.23395445 0.26086957]
val_loss=29.1314
accuracy
[0.02898551 0.11801242 0.23395445 0.26086957]
val_loss=29.1728
accuracy
[0.02898551 0.11801242 0.23395445 0.26086957]
val_loss=29.2250
accuracy
[0.02898551 0.11801242 0.23188406 0.26086957]
val_loss=29.2167
accuracy
[0.02898551 0.11801242 0.23188406 0.26086957]
val_loss=29.2168
accuracy
[0.02898551 0.12008282 0.23395445 0.26086957]
val_loss=29.2038
accuracy
[0.02898551 0.12215321 0.23395445 0.26086957]
val_loss=29.2744
accuracy
[0.02898551 0.12008282 0.23395445 0.26086957]
val_loss=29.3069
accuracy
[0.02898551 0.11801242 0.23188406 0.26086957]
Finished Training
    rehearsal replay buffer: 500 of 1899 source samples
cpu
Finished Training
cpu
Finished Training
cpu
Finished Training
cpu
Finished Training
cpu
Finished Training
cpu
Finished Training
cpu
Finished Training
cpu
Finished Training
cpu
Finished Training
cpu
Finished Training
cpu
Finished Training
cpu
Finished Training
cpu
Finished Training
cpu
Finished Training
cpu
Finished Training
cpu
Finished Training
cpu
Finished Training
cpu
Finished Training
cpu
Finished Training
cpu
Finished Training
cpu
Finished Training
cpu
Finished Training
  seed 4: pretrain on scenario32straight (1899 samples), zero-shot eval on scenario1 (483 held-out test samples)
cpu
-----------------------------------------------------------------------
      Layer (type)        Output Shape         Param #     Tr. Param #
=======================================================================
          Linear-1           [32, 256]           1,280           1,280
            ReLU-2           [32, 256]               0               0
          Linear-3           [32, 256]          65,792          65,792
          Linear-4           [32, 256]          65,792          65,792
          Linear-5            [32, 16]           4,112           4,112
=======================================================================
Total params: 136,976
Trainable params: 136,976
Non-trainable params: 0
-----------------------------------------------------------------------
val_loss=6.1290
accuracy
[0.07039337 0.1552795  0.22153209 0.28571429]
val_loss=8.2371
accuracy
[0.07039337 0.0952381  0.16149068 0.30227743]
val_loss=9.4093
accuracy
[0.07039337 0.0952381  0.16149068 0.30227743]
val_loss=11.0050
accuracy
[0.07039337 0.0952381  0.16149068 0.34161491]
val_loss=9.1338
accuracy
[0.02484472 0.0952381  0.16149068 0.40165631]
val_loss=10.3363
accuracy
[0.07039337 0.0952381  0.16149068 0.37060041]
val_loss=11.9402
accuracy
[0.02484472 0.0952381  0.16149068 0.35196687]
val_loss=13.7429
accuracy
[0.02484472 0.0952381  0.16977226 0.34782609]
val_loss=15.1547
accuracy
[0.02484472 0.0952381  0.16149068 0.35403727]
val_loss=16.9667
accuracy
[0.02484472 0.0952381  0.16149068 0.35196687]
val_loss=17.9756
accuracy
[0.02484472 0.0952381  0.16770186 0.30020704]
val_loss=15.6706
accuracy
[0.07039337 0.0952381  0.16149068 0.34575569]
val_loss=15.5523
accuracy
[0.07039337 0.0952381  0.16356108 0.31055901]
val_loss=17.8197
accuracy
[0.02484472 0.0952381  0.16149068 0.30848861]
val_loss=18.0685
accuracy
[0.02484472 0.0952381  0.16149068 0.28364389]
val_loss=15.8926
accuracy
[0.02484472 0.0952381  0.18219462 0.33333333]
val_loss=18.7287
accuracy
[0.02484472 0.0952381  0.17805383 0.33954451]
val_loss=19.7539
accuracy
[0.02484472 0.0952381  0.16770186 0.27743271]
val_loss=18.0643
accuracy
[0.02484472 0.0952381  0.16149068 0.28778468]
val_loss=18.4036
accuracy
[0.02484472 0.0952381  0.19047619 0.35196687]
val_loss=19.3596
accuracy
[0.02484472 0.0952381  0.16149068 0.3126294 ]
val_loss=20.0891
accuracy
[0.02484472 0.0952381  0.16977226 0.30020704]
val_loss=20.9414
accuracy
[0.02484472 0.0952381  0.16563147 0.27950311]
val_loss=21.4973
accuracy
[0.02484472 0.0952381  0.16563147 0.27950311]
val_loss=21.7987
accuracy
[0.02484472 0.0952381  0.17184265 0.28778468]
val_loss=22.4596
accuracy
[0.02484472 0.0952381  0.1863354  0.29399586]
val_loss=22.7696
accuracy
[0.02484472 0.10144928 0.20082816 0.30848861]
val_loss=23.0352
accuracy
[0.02484472 0.0952381  0.1863354  0.30434783]
val_loss=23.7351
accuracy
[0.02484472 0.0952381  0.18426501 0.29192547]
val_loss=24.2704
accuracy
[0.02484472 0.0952381  0.18012422 0.28778468]
val_loss=24.6554
accuracy
[0.02484472 0.0952381  0.1884058  0.29606625]
val_loss=24.9168
accuracy
[0.02484472 0.0952381  0.17805383 0.28778468]
val_loss=25.3575
accuracy
[0.02484472 0.0952381  0.19461698 0.28364389]
val_loss=25.6873
accuracy
[0.02484472 0.09730849 0.19254658 0.28571429]
val_loss=25.8087
accuracy
[0.02484472 0.0952381  0.17805383 0.2815735 ]
val_loss=25.7932
accuracy
[0.02484472 0.0952381  0.18219462 0.28985507]
val_loss=26.0204
accuracy
[0.02484472 0.10351967 0.19461698 0.28778468]
val_loss=26.3309
accuracy
[0.02484472 0.0952381  0.1863354  0.28364389]
val_loss=26.5218
accuracy
[0.02484472 0.09730849 0.18219462 0.28778468]
val_loss=26.9288
accuracy
[0.02484472 0.0952381  0.18219462 0.27122153]
val_loss=26.9558
accuracy
[0.02484472 0.09730849 0.18426501 0.28364389]
val_loss=27.0361
accuracy
[0.02484472 0.09730849 0.19047619 0.28571429]
val_loss=27.0389
accuracy
[0.02484472 0.09730849 0.19254658 0.28571429]
val_loss=27.2617
accuracy
[0.02484472 0.09730849 0.19047619 0.28571429]
val_loss=27.3956
accuracy
[0.02484472 0.09730849 0.19047619 0.28364389]
val_loss=27.4230
accuracy
[0.02484472 0.09730849 0.19461698 0.28571429]
val_loss=27.5765
accuracy
[0.02484472 0.09937888 0.19047619 0.28571429]
val_loss=27.6131
accuracy
[0.02484472 0.09937888 0.19047619 0.28778468]
val_loss=27.7771
accuracy
[0.02484472 0.09937888 0.19047619 0.28778468]
val_loss=27.8403
accuracy
[0.02484472 0.09937888 0.19254658 0.28778468]
val_loss=27.9942
accuracy
[0.02484472 0.09937888 0.19254658 0.28571429]
val_loss=28.0035
accuracy
[0.02484472 0.09937888 0.19047619 0.28364389]
val_loss=28.1080
accuracy
[0.02484472 0.09937888 0.19047619 0.28571429]
val_loss=28.4217
accuracy
[0.02484472 0.09937888 0.18426501 0.27536232]
val_loss=28.3415
accuracy
[0.02484472 0.09937888 0.19047619 0.28778468]
val_loss=28.3732
accuracy
[0.02484472 0.09937888 0.19047619 0.28571429]
val_loss=28.5805
accuracy
[0.02484472 0.09937888 0.19047619 0.27743271]
val_loss=28.5899
accuracy
[0.02484472 0.09937888 0.19047619 0.28571429]
val_loss=28.6900
accuracy
[0.02484472 0.10144928 0.19047619 0.28571429]
val_loss=28.6800
accuracy
[0.02484472 0.10144928 0.19047619 0.28778468]
val_loss=28.8316
accuracy
[0.02484472 0.09937888 0.19047619 0.28364389]
val_loss=28.8823
accuracy
[0.02484472 0.09937888 0.19047619 0.28364389]
val_loss=28.8921
accuracy
[0.02484472 0.09937888 0.19047619 0.28364389]
val_loss=28.8712
accuracy
[0.02484472 0.09937888 0.19047619 0.28364389]
val_loss=28.8737
accuracy
[0.02484472 0.09937888 0.19047619 0.28571429]
val_loss=28.9590
accuracy
[0.02484472 0.09937888 0.19047619 0.28364389]
val_loss=28.9530
accuracy
[0.02484472 0.09937888 0.19047619 0.28364389]
val_loss=28.9684
accuracy
[0.02484472 0.09937888 0.19047619 0.28364389]
val_loss=28.9879
accuracy
[0.02484472 0.09937888 0.19047619 0.28364389]
val_loss=28.9984
accuracy
[0.02484472 0.09937888 0.19047619 0.28364389]
val_loss=29.0294
accuracy
[0.02484472 0.09937888 0.19047619 0.28364389]
val_loss=29.0455
accuracy
[0.02484472 0.09937888 0.19047619 0.28364389]
val_loss=29.0579
accuracy
[0.02484472 0.09937888 0.19047619 0.28364389]
val_loss=29.0899
accuracy
[0.02484472 0.09937888 0.19047619 0.28364389]
val_loss=29.0859
accuracy
[0.02484472 0.09937888 0.19047619 0.28571429]
val_loss=29.1186
accuracy
[0.02484472 0.09937888 0.19047619 0.28364389]
val_loss=29.1382
accuracy
[0.02484472 0.09937888 0.19047619 0.28364389]
val_loss=29.1981
accuracy
[0.02484472 0.09937888 0.19047619 0.28364389]
val_loss=29.1862
accuracy
[0.02484472 0.09937888 0.19047619 0.28364389]
val_loss=29.2119
accuracy
[0.02484472 0.09937888 0.19047619 0.28364389]
Finished Training
    rehearsal replay buffer: 500 of 1899 source samples
cpu
Finished Training
cpu
Finished Training
cpu
Finished Training
cpu
Finished Training
cpu
Finished Training
cpu
Finished Training
cpu
Finished Training
cpu
Finished Training
cpu
Finished Training
cpu
Finished Training
cpu
Finished Training
cpu
Finished Training
cpu
Finished Training
cpu
Finished Training
cpu
Finished Training
cpu
Finished Training
cpu
Finished Training
cpu
Finished Training
cpu
Finished Training
cpu
Finished Training
cpu
Finished Training
cpu
Finished Training
  seed 5: pretrain on scenario32straight (1899 samples), zero-shot eval on scenario1 (483 held-out test samples)
cpu
-----------------------------------------------------------------------
      Layer (type)        Output Shape         Param #     Tr. Param #
=======================================================================
          Linear-1           [32, 256]           1,280           1,280
            ReLU-2           [32, 256]               0               0
          Linear-3           [32, 256]          65,792          65,792
          Linear-4           [32, 256]          65,792          65,792
          Linear-5            [32, 16]           4,112           4,112
=======================================================================
Total params: 136,976
Trainable params: 136,976
Non-trainable params: 0
-----------------------------------------------------------------------
val_loss=6.4856
accuracy
[0.11387164 0.19047619 0.19047619 0.41614907]
val_loss=8.3998
accuracy
[0.07246377 0.09937888 0.16149068 0.31677019]
val_loss=9.8746
accuracy
[0.07246377 0.0952381  0.15942029 0.32919255]
val_loss=11.7760
accuracy
[0.07246377 0.0952381  0.15942029 0.31884058]
val_loss=12.9304
accuracy
[0.07246377 0.0952381  0.15942029 0.2505176 ]
val_loss=11.5778
accuracy
[0.07246377 0.0952381  0.16149068 0.32505176]
val_loss=12.6975
accuracy
[0.02277433 0.0952381  0.15942029 0.31884058]
val_loss=14.5733
accuracy
[0.07246377 0.0952381  0.17805383 0.28778468]
val_loss=14.4485
accuracy
[0.02277433 0.0952381  0.17598344 0.34782609]
val_loss=17.3197
accuracy
[0.02277433 0.0952381  0.15942029 0.25879917]
val_loss=16.7499
accuracy
[0.02277433 0.0952381  0.16770186 0.34161491]
val_loss=17.0463
accuracy
[0.02277433 0.0952381  0.16770186 0.34575569]
val_loss=16.6938
accuracy
[0.02277433 0.0952381  0.16770186 0.27329193]
val_loss=17.4197
accuracy
[0.02277433 0.0952381  0.18219462 0.34161491]
val_loss=17.2244
accuracy
[0.02277433 0.0952381  0.15942029 0.33747412]
val_loss=19.8905
accuracy
[0.02277433 0.0952381  0.17805383 0.33333333]
val_loss=20.7534
accuracy
[0.02277433 0.0952381  0.17391304 0.33540373]
val_loss=20.4654
accuracy
[0.02277433 0.0952381  0.16770186 0.34575569]
val_loss=21.5847
accuracy
[0.07246377 0.14078675 0.22153209 0.34782609]
val_loss=21.1912
accuracy
[0.02277433 0.0952381  0.16356108 0.26501035]
val_loss=21.1308
accuracy
[0.02277433 0.0952381  0.16977226 0.27329193]
val_loss=21.8985
accuracy
[0.02277433 0.0952381  0.16977226 0.32505176]
val_loss=22.5198
accuracy
[0.02277433 0.0952381  0.17184265 0.33333333]
val_loss=23.2847
accuracy
[0.02277433 0.0952381  0.18012422 0.33540373]
val_loss=23.5228
accuracy
[0.02277433 0.0952381  0.17598344 0.3436853 ]
val_loss=24.4502
accuracy
[0.02277433 0.0952381  0.19047619 0.34575569]
val_loss=24.7182
accuracy
[0.02277433 0.0952381  0.17391304 0.32919255]
val_loss=24.8111
accuracy
[0.02277433 0.0952381  0.1884058  0.33540373]
val_loss=25.6498
accuracy
[0.02277433 0.09730849 0.18012422 0.32919255]
val_loss=26.1346
accuracy
[0.02277433 0.09730849 0.1863354  0.33540373]
val_loss=26.7176
accuracy
[0.02277433 0.0952381  0.18012422 0.33126294]
val_loss=26.9853
accuracy
[0.02277433 0.09730849 0.18012422 0.33540373]
val_loss=27.6170
accuracy
[0.02277433 0.0952381  0.18012422 0.33540373]
val_loss=27.6154
accuracy
[0.02277433 0.09730849 0.17805383 0.33126294]
val_loss=27.8573
accuracy
[0.02277433 0.0952381  0.17805383 0.33747412]
val_loss=27.9148
accuracy
[0.02277433 0.10351967 0.19875776 0.33333333]
val_loss=28.5675
accuracy
[0.02277433 0.09730849 0.17598344 0.32919255]
val_loss=28.2810
accuracy
[0.02277433 0.0952381  0.18426501 0.33540373]
val_loss=29.0687
accuracy
[0.02277433 0.0952381  0.1863354  0.33540373]
val_loss=29.0547
accuracy
[0.02277433 0.09730849 0.17805383 0.33126294]
val_loss=29.1796
accuracy
[0.02277433 0.09730849 0.18012422 0.33540373]
val_loss=29.2527
accuracy
[0.02277433 0.09730849 0.18426501 0.33540373]
val_loss=29.3709
accuracy
[0.02277433 0.09730849 0.18012422 0.33333333]
val_loss=29.4126
accuracy
[0.02277433 0.09730849 0.18426501 0.33540373]
val_loss=29.5137
accuracy
[0.02277433 0.09730849 0.18012422 0.33333333]
val_loss=29.6771
accuracy
[0.02277433 0.09730849 0.18012422 0.33333333]
val_loss=29.7821
accuracy
[0.02277433 0.09730849 0.18219462 0.33540373]
val_loss=29.8547
accuracy
[0.02277433 0.09730849 0.18012422 0.33540373]
val_loss=29.8857
accuracy
[0.02277433 0.09730849 0.18426501 0.33540373]
val_loss=30.1577
accuracy
[0.02277433 0.09730849 0.18012422 0.33540373]
val_loss=30.1542
accuracy
[0.02277433 0.09730849 0.18012422 0.33333333]
val_loss=30.3376
accuracy
[0.02277433 0.09730849 0.18012422 0.33540373]
val_loss=30.3565
accuracy
[0.02277433 0.09730849 0.18219462 0.33540373]
val_loss=30.5276
accuracy
[0.02277433 0.09730849 0.18219462 0.33540373]
val_loss=30.5590
accuracy
[0.02277433 0.09730849 0.18012422 0.33540373]
val_loss=30.7310
accuracy
[0.02277433 0.09730849 0.18012422 0.33540373]
val_loss=30.7130
accuracy
[0.02277433 0.09730849 0.18012422 0.33333333]
val_loss=30.8271
accuracy
[0.02277433 0.09730849 0.18012422 0.33540373]
val_loss=30.9704
accuracy
[0.02277433 0.09730849 0.18012422 0.33540373]
val_loss=31.1006
accuracy
[0.02277433 0.09730849 0.18012422 0.33540373]
val_loss=31.0422
accuracy
[0.02277433 0.09730849 0.18219462 0.33540373]
val_loss=31.0971
accuracy
[0.02277433 0.09730849 0.18012422 0.33540373]
val_loss=31.1420
accuracy
[0.02277433 0.09730849 0.18012422 0.33540373]
val_loss=31.1502
accuracy
[0.02277433 0.09730849 0.18012422 0.33540373]
val_loss=31.1231
accuracy
[0.02277433 0.09730849 0.18219462 0.33540373]
val_loss=31.1737
accuracy
[0.02277433 0.09730849 0.18219462 0.33540373]
val_loss=31.1978
accuracy
[0.02277433 0.09730849 0.18219462 0.33540373]
val_loss=31.2326
accuracy
[0.02277433 0.09730849 0.18012422 0.33540373]
val_loss=31.2339
accuracy
[0.02277433 0.09730849 0.18219462 0.33540373]
val_loss=31.2543
accuracy
[0.02277433 0.09730849 0.18219462 0.33540373]
val_loss=31.2473
accuracy
[0.02277433 0.09730849 0.18219462 0.33540373]
val_loss=31.3170
accuracy
[0.02277433 0.09730849 0.18219462 0.33540373]
val_loss=31.3342
accuracy
[0.02277433 0.09730849 0.18012422 0.33540373]
val_loss=31.3616
accuracy
[0.02277433 0.09730849 0.18219462 0.33540373]
val_loss=31.3834
accuracy
[0.02277433 0.09730849 0.18219462 0.33540373]
val_loss=31.3935
accuracy
[0.02277433 0.09730849 0.18012422 0.33540373]
val_loss=31.4420
accuracy
[0.02277433 0.09730849 0.18012422 0.33333333]
val_loss=31.4735
accuracy
[0.02277433 0.09730849 0.18012422 0.33540373]
val_loss=31.4611
accuracy
[0.02277433 0.09730849 0.18219462 0.33540373]
val_loss=31.4946
accuracy
[0.02277433 0.09730849 0.18012422 0.33540373]
Finished Training
    rehearsal replay buffer: 500 of 1899 source samples
cpu
Finished Training
cpu
Finished Training
cpu
Finished Training
cpu
Finished Training
cpu
Finished Training
cpu
Finished Training
cpu
Finished Training
cpu
Finished Training
cpu
Finished Training
cpu
Finished Training
cpu
Finished Training
cpu
Finished Training
cpu
Finished Training
cpu
Finished Training
cpu
Finished Training
cpu
Finished Training
cpu
Finished Training
cpu
Finished Training
cpu
Finished Training
cpu
Finished Training
cpu
Finished Training
cpu
Finished Training
  seed 6: pretrain on scenario32straight (1899 samples), zero-shot eval on scenario1 (483 held-out test samples)
cpu
-----------------------------------------------------------------------
      Layer (type)        Output Shape         Param #     Tr. Param #
=======================================================================
          Linear-1           [32, 256]           1,280           1,280
            ReLU-2           [32, 256]               0               0
          Linear-3           [32, 256]          65,792          65,792
          Linear-4           [32, 256]          65,792          65,792
          Linear-5            [32, 16]           4,112           4,112
=======================================================================
Total params: 136,976
Trainable params: 136,976
Non-trainable params: 0
-----------------------------------------------------------------------
val_loss=6.5069
accuracy
[0.07867495 0.14078675 0.21532091 0.29606625]
val_loss=7.7920
accuracy
[0.07867495 0.14078675 0.1863354  0.29192547]
val_loss=8.5151
accuracy
[0.07867495 0.10766046 0.17184265 0.34161491]
val_loss=8.7841
accuracy
[0.02898551 0.10766046 0.17184265 0.39130435]
val_loss=12.0083
accuracy
[0.02898551 0.10766046 0.16977226 0.33540373]
val_loss=13.2140
accuracy
[0.02898551 0.10766046 0.17598344 0.25258799]
val_loss=14.2039
accuracy
[0.07867495 0.10766046 0.1863354  0.32505176]
val_loss=14.3584
accuracy
[0.02898551 0.10973085 0.20703934 0.27743271]
val_loss=15.0858
accuracy
[0.02898551 0.10766046 0.17391304 0.28364389]
val_loss=13.3650
accuracy
[0.02898551 0.10766046 0.17184265 0.27329193]
val_loss=16.4981
accuracy
[0.02898551 0.10766046 0.16977226 0.27743271]
val_loss=17.1337
accuracy
[0.07867495 0.10766046 0.19047619 0.30020704]
val_loss=18.4606
accuracy
[0.02898551 0.10766046 0.17391304 0.30641822]
val_loss=19.5145
accuracy
[0.02898551 0.10766046 0.17805383 0.30227743]
val_loss=18.6933
accuracy
[0.02898551 0.10766046 0.19254658 0.32712215]
val_loss=19.3052
accuracy
[0.02898551 0.10766046 0.19668737 0.31677019]
val_loss=18.5853
accuracy
[0.02898551 0.10766046 0.21532091 0.30641822]
val_loss=19.7984
accuracy
[0.02898551 0.10766046 0.17184265 0.29192547]
val_loss=20.0810
accuracy
[0.02898551 0.10766046 0.18012422 0.28985507]
val_loss=20.9251
accuracy
[0.02898551 0.10766046 0.18219462 0.29399586]
val_loss=21.4143
accuracy
[0.02898551 0.10766046 0.19047619 0.25879917]
val_loss=22.7202
accuracy
[0.02898551 0.10766046 0.21118012 0.26086957]
val_loss=23.3482
accuracy
[0.02898551 0.10766046 0.19254658 0.27122153]
val_loss=23.9622
accuracy
[0.02898551 0.10766046 0.2173913  0.27329193]
val_loss=24.6171
accuracy
[0.02898551 0.10766046 0.20910973 0.26501035]
val_loss=24.9341
accuracy
[0.02898551 0.10766046 0.19668737 0.26501035]
val_loss=25.0490
accuracy
[0.02898551 0.10766046 0.21325052 0.27329193]
val_loss=25.8954
accuracy
[0.02898551 0.10766046 0.19461698 0.27122153]
val_loss=26.7956
accuracy
[0.02898551 0.10766046 0.18426501 0.25879917]
val_loss=26.1976
accuracy
[0.02898551 0.10766046 0.20703934 0.27329193]
val_loss=27.0597
accuracy
[0.02898551 0.10766046 0.2194617  0.26915114]
val_loss=27.1879
accuracy
[0.02898551 0.10973085 0.22153209 0.27536232]
val_loss=27.0346
accuracy
[0.02898551 0.10766046 0.21532091 0.27122153]
val_loss=27.8858
accuracy
[0.02898551 0.10766046 0.21325052 0.27122153]
val_loss=28.0768
accuracy
[0.02898551 0.10766046 0.21118012 0.27536232]
val_loss=28.7137
accuracy
[0.02898551 0.10766046 0.20910973 0.27329193]
val_loss=28.6358
accuracy
[0.02898551 0.10766046 0.21325052 0.27950311]
val_loss=29.4516
accuracy
[0.02898551 0.10973085 0.20703934 0.27122153]
val_loss=29.5216
accuracy
[0.02898551 0.10766046 0.20703934 0.26708075]
val_loss=29.3300
accuracy
[0.02898551 0.10973085 0.22774327 0.2815735 ]
val_loss=29.6271
accuracy
[0.02898551 0.10766046 0.2194617  0.27536232]
val_loss=29.6698
accuracy
[0.02898551 0.10766046 0.2194617  0.27536232]
val_loss=29.9023
accuracy
[0.02898551 0.10766046 0.2194617  0.27536232]
val_loss=29.9702
accuracy
[0.02898551 0.10766046 0.2194617  0.27536232]
val_loss=29.9600
accuracy
[0.02898551 0.10766046 0.2194617  0.27536232]
val_loss=30.1688
accuracy
[0.02898551 0.10973085 0.2173913  0.27329193]
val_loss=30.3892
accuracy
[0.02898551 0.10766046 0.2173913  0.27329193]
val_loss=30.3438
accuracy
[0.02898551 0.10766046 0.22153209 0.27536232]
val_loss=30.4889
accuracy
[0.02898551 0.10766046 0.2173913  0.27536232]
val_loss=30.4356
accuracy
[0.02898551 0.10766046 0.22153209 0.27536232]
val_loss=30.6139
accuracy
[0.02898551 0.10766046 0.21532091 0.27536232]
val_loss=30.6162
accuracy
[0.02898551 0.10766046 0.2194617  0.27743271]
val_loss=30.8368
accuracy
[0.02898551 0.10766046 0.21532091 0.27329193]
val_loss=30.9187
accuracy
[0.02898551 0.10766046 0.2173913  0.27536232]
val_loss=30.8822
accuracy
[0.02898551 0.10766046 0.2194617  0.2815735 ]
val_loss=31.0903
accuracy
[0.02898551 0.10766046 0.2194617  0.27536232]
val_loss=31.1039
accuracy
[0.02898551 0.10766046 0.2194617  0.27536232]
val_loss=31.4230
accuracy
[0.02898551 0.10766046 0.21118012 0.26915114]
val_loss=31.1708
accuracy
[0.02898551 0.10766046 0.22153209 0.2815735 ]
val_loss=31.4058
accuracy
[0.02898551 0.10766046 0.2173913  0.27536232]
val_loss=31.4282
accuracy
[0.02898551 0.10766046 0.2194617  0.27536232]
val_loss=31.4509
accuracy
[0.02898551 0.10766046 0.2194617  0.27536232]
val_loss=31.4201
accuracy
[0.02898551 0.10766046 0.2194617  0.27536232]
val_loss=31.4749
accuracy
[0.02898551 0.10766046 0.2194617  0.27536232]
val_loss=31.4617
accuracy
[0.02898551 0.10766046 0.2173913  0.27536232]
val_loss=31.4557
accuracy
[0.02898551 0.10766046 0.2194617  0.27536232]
val_loss=31.5236
accuracy
[0.02898551 0.10766046 0.2194617  0.27536232]
val_loss=31.5509
accuracy
[0.02898551 0.10766046 0.2194617  0.27536232]
val_loss=31.5459
accuracy
[0.02898551 0.10766046 0.2194617  0.27536232]
val_loss=31.6020
accuracy
[0.02898551 0.10766046 0.2173913  0.27536232]
val_loss=31.6135
accuracy
[0.02898551 0.10766046 0.2194617  0.27536232]
val_loss=31.6227
accuracy
[0.02898551 0.10766046 0.2194617  0.27536232]
val_loss=31.6563
accuracy
[0.02898551 0.10766046 0.2173913  0.27536232]
val_loss=31.6720
accuracy
[0.02898551 0.10766046 0.2194617  0.27536232]
val_loss=31.7305
accuracy
[0.02898551 0.10766046 0.2173913  0.27536232]
val_loss=31.7105
accuracy
[0.02898551 0.10766046 0.2194617  0.27536232]
val_loss=31.7178
accuracy
[0.02898551 0.10766046 0.2194617  0.27536232]
val_loss=31.7590
accuracy
[0.02898551 0.10766046 0.2173913  0.27536232]
val_loss=31.7630
accuracy
[0.02898551 0.10766046 0.2194617  0.27536232]
val_loss=31.8042
accuracy
[0.02898551 0.10766046 0.2194617  0.27536232]
Finished Training
    rehearsal replay buffer: 500 of 1899 source samples
cpu
Finished Training
cpu
Finished Training
cpu
Finished Training
cpu
Finished Training
cpu
Finished Training
cpu
Finished Training
cpu
Finished Training
cpu
Finished Training
cpu
Finished Training
cpu
Finished Training
cpu
Finished Training
cpu
Finished Training
cpu
Finished Training
cpu
Finished Training
cpu
Finished Training
cpu
Finished Training
cpu
Finished Training
cpu
Finished Training
cpu
Finished Training
cpu
Finished Training
cpu
Finished Training
cpu
Finished Training
  seed 7: pretrain on scenario32straight (1899 samples), zero-shot eval on scenario1 (483 held-out test samples)
cpu
-----------------------------------------------------------------------
      Layer (type)        Output Shape         Param #     Tr. Param #
=======================================================================
          Linear-1           [32, 256]           1,280           1,280
            ReLU-2           [32, 256]               0               0
          Linear-3           [32, 256]          65,792          65,792
          Linear-4           [32, 256]          65,792          65,792
          Linear-5            [32, 16]           4,112           4,112
=======================================================================
Total params: 136,976
Trainable params: 136,976
Non-trainable params: 0
-----------------------------------------------------------------------
val_loss=5.3396
accuracy
[0.05175983 0.14078675 0.24016563 0.36231884]
val_loss=7.9383
accuracy
[0.04347826 0.14285714 0.16149068 0.32919255]
val_loss=9.1062
accuracy
[0.07660455 0.18426501 0.2173913  0.36853002]
val_loss=10.5793
accuracy
[0.07660455 0.1242236  0.20496894 0.32712215]
val_loss=10.9265
accuracy
[0.07660455 0.11594203 0.20496894 0.35817805]
val_loss=12.6429
accuracy
[0.07660455 0.11594203 0.20496894 0.3436853 ]
val_loss=13.2187
accuracy
[0.07660455 0.11594203 0.20496894 0.27536232]
val_loss=13.1140
accuracy
[0.03933747 0.11594203 0.20496894 0.28985507]
val_loss=13.7143
accuracy
[0.03933747 0.11594203 0.23188406 0.30020704]
val_loss=15.4929
accuracy
[0.03933747 0.11594203 0.20496894 0.26915114]
val_loss=15.8742
accuracy
[0.03933747 0.11594203 0.20496894 0.29192547]
val_loss=17.5750
accuracy
[0.03933747 0.11594203 0.20496894 0.29192547]
val_loss=14.3259
accuracy
[0.03933747 0.11594203 0.20496894 0.3126294 ]
val_loss=14.0994
accuracy
[0.03933747 0.11801242 0.23602484 0.31469979]
val_loss=16.0979
accuracy
[0.07660455 0.11594203 0.20496894 0.27536232]
val_loss=16.9673
accuracy
[0.07660455 0.11594203 0.23602484 0.30848861]
val_loss=16.0213
accuracy
[0.03933747 0.11594203 0.22774327 0.29813665]
val_loss=17.6955
accuracy
[0.03933747 0.11594203 0.20910973 0.28571429]
val_loss=20.3192
accuracy
[0.03933747 0.11594203 0.20496894 0.26501035]
val_loss=18.5286
accuracy
[0.04347826 0.11594203 0.20496894 0.25672878]
val_loss=18.9995
accuracy
[0.03933747 0.11594203 0.20496894 0.26293996]
val_loss=20.0211
accuracy
[0.03933747 0.11594203 0.20496894 0.26915114]
val_loss=21.0531
accuracy
[0.03933747 0.11594203 0.20496894 0.26915114]
val_loss=21.6175
accuracy
[0.03933747 0.11594203 0.20496894 0.27536232]
val_loss=22.3951
accuracy
[0.03933747 0.11594203 0.20496894 0.27329193]
val_loss=23.2781
accuracy
[0.03933747 0.11594203 0.20703934 0.27329193]
val_loss=23.4839
accuracy
[0.03933747 0.11594203 0.20496894 0.26915114]
val_loss=23.9914
accuracy
[0.03933747 0.11594203 0.21532091 0.28571429]
val_loss=24.4987
accuracy
[0.03933747 0.11594203 0.20496894 0.27743271]
val_loss=24.6087
accuracy
[0.03933747 0.11594203 0.20496894 0.27950311]
val_loss=25.2492
accuracy
[0.03933747 0.11594203 0.20496894 0.27950311]
val_loss=25.6869
accuracy
[0.03933747 0.11594203 0.2173913  0.28778468]
val_loss=25.9631
accuracy
[0.03933747 0.11594203 0.20496894 0.2815735 ]
val_loss=26.3532
accuracy
[0.03933747 0.11594203 0.20496894 0.27536232]
val_loss=26.3145
accuracy
[0.03933747 0.11594203 0.20496894 0.27743271]
val_loss=26.8564
accuracy
[0.03933747 0.11594203 0.20496894 0.27536232]
val_loss=26.9596
accuracy
[0.03933747 0.11594203 0.20496894 0.2815735 ]
val_loss=27.4772
accuracy
[0.03933747 0.11594203 0.21532091 0.28364389]
val_loss=27.4423
accuracy
[0.03933747 0.11594203 0.20496894 0.26708075]
val_loss=27.8612
accuracy
[0.03933747 0.11594203 0.20496894 0.26501035]
val_loss=27.6656
accuracy
[0.03933747 0.11594203 0.20496894 0.27743271]
val_loss=27.7897
accuracy
[0.03933747 0.11594203 0.20496894 0.2815735 ]
val_loss=27.7288
accuracy
[0.03933747 0.11594203 0.20496894 0.2815735 ]
val_loss=27.8580
accuracy
[0.03933747 0.11594203 0.20496894 0.2815735 ]
val_loss=27.9750
accuracy
[0.03933747 0.11594203 0.20496894 0.27743271]
val_loss=28.1186
accuracy
[0.03933747 0.11594203 0.20496894 0.27743271]
val_loss=28.3079
accuracy
[0.03933747 0.11594203 0.20496894 0.27950311]
val_loss=28.3008
accuracy
[0.03933747 0.11594203 0.20496894 0.27950311]
val_loss=28.4441
accuracy
[0.03933747 0.11594203 0.20496894 0.2815735 ]
val_loss=28.5948
accuracy
[0.03933747 0.11594203 0.20496894 0.27743271]
val_loss=28.4191
accuracy
[0.03933747 0.11594203 0.20496894 0.28364389]
val_loss=28.7059
accuracy
[0.03933747 0.11594203 0.20496894 0.27536232]
val_loss=28.6431
accuracy
[0.03933747 0.11594203 0.20496894 0.27743271]
val_loss=28.7669
accuracy
[0.03933747 0.11594203 0.20496894 0.27950311]
val_loss=28.8214
accuracy
[0.03933747 0.11594203 0.20496894 0.27950311]
val_loss=29.0695
accuracy
[0.03933747 0.11594203 0.20496894 0.27950311]
val_loss=29.1025
accuracy
[0.03933747 0.11594203 0.20496894 0.27950311]
val_loss=29.1497
accuracy
[0.03933747 0.11594203 0.20496894 0.27536232]
val_loss=29.1474
accuracy
[0.03933747 0.11594203 0.20496894 0.27950311]
val_loss=29.2806
accuracy
[0.03933747 0.11594203 0.20496894 0.27743271]
val_loss=29.3002
accuracy
[0.03933747 0.11594203 0.20496894 0.27950311]
val_loss=29.3318
accuracy
[0.03933747 0.11594203 0.20496894 0.27950311]
val_loss=29.3669
accuracy
[0.03933747 0.11594203 0.20496894 0.27950311]
val_loss=29.3500
accuracy
[0.03933747 0.11594203 0.20496894 0.27950311]
val_loss=29.4032
accuracy
[0.03933747 0.11594203 0.20496894 0.27950311]
val_loss=29.4571
accuracy
[0.03933747 0.11594203 0.20496894 0.27743271]
val_loss=29.3893
accuracy
[0.03933747 0.11594203 0.20496894 0.2815735 ]
val_loss=29.4231
accuracy
[0.03933747 0.11594203 0.20496894 0.2815735 ]
val_loss=29.4980
accuracy
[0.03933747 0.11594203 0.20496894 0.27950311]
val_loss=29.4936
accuracy
[0.03933747 0.11594203 0.20496894 0.27950311]
val_loss=29.4982
accuracy
[0.03933747 0.11594203 0.20496894 0.2815735 ]
val_loss=29.5227
accuracy
[0.03933747 0.11594203 0.20496894 0.2815735 ]
val_loss=29.5591
accuracy
[0.03933747 0.11594203 0.20496894 0.27743271]
val_loss=29.5676
accuracy
[0.03933747 0.11594203 0.20496894 0.27950311]
val_loss=29.5691
accuracy
[0.03933747 0.11594203 0.20496894 0.2815735 ]
val_loss=29.5473
accuracy
[0.03933747 0.11594203 0.20496894 0.2815735 ]
val_loss=29.6121
accuracy
[0.03933747 0.11594203 0.20496894 0.2815735 ]
val_loss=29.6529
accuracy
[0.03933747 0.11594203 0.20496894 0.27950311]
val_loss=29.6943
accuracy
[0.03933747 0.11594203 0.20496894 0.27743271]
val_loss=29.6763
accuracy
[0.03933747 0.11594203 0.20496894 0.27950311]
Finished Training
    rehearsal replay buffer: 500 of 1899 source samples
cpu
Finished Training
cpu
Finished Training
cpu
Finished Training
cpu
Finished Training
cpu
Finished Training
cpu
Finished Training
cpu
Finished Training
cpu
Finished Training
cpu
Finished Training
cpu
Finished Training
cpu
Finished Training
cpu
Finished Training
cpu
Finished Training
cpu
Finished Training
cpu
Finished Training
cpu
Finished Training
cpu
Finished Training
cpu
Finished Training
cpu
Finished Training
cpu
Finished Training
cpu
Finished Training
cpu
Finished Training
  seed 8: pretrain on scenario32straight (1899 samples), zero-shot eval on scenario1 (483 held-out test samples)
cpu
-----------------------------------------------------------------------
      Layer (type)        Output Shape         Param #     Tr. Param #
=======================================================================
          Linear-1           [32, 256]           1,280           1,280
            ReLU-2           [32, 256]               0               0
          Linear-3           [32, 256]          65,792          65,792
          Linear-4           [32, 256]          65,792          65,792
          Linear-5            [32, 16]           4,112           4,112
=======================================================================
Total params: 136,976
Trainable params: 136,976
Non-trainable params: 0
-----------------------------------------------------------------------
val_loss=5.8761
accuracy
[0.08074534 0.14699793 0.2173913  0.32712215]
val_loss=7.5654
accuracy
[0.07453416 0.14699793 0.2194617  0.32505176]
val_loss=9.4182
accuracy
[0.07453416 0.10973085 0.18219462 0.38716356]
val_loss=13.5888
accuracy
[0.07453416 0.10973085 0.18219462 0.25258799]
val_loss=13.8927
accuracy
[0.07453416 0.10973085 0.18219462 0.27122153]
val_loss=14.5926
accuracy
[0.07453416 0.10973085 0.18219462 0.28778468]
val_loss=14.2072
accuracy
[0.03519669 0.10973085 0.20703934 0.32298137]
val_loss=15.6690
accuracy
[0.07453416 0.10973085 0.19254658 0.35196687]
val_loss=16.0651
accuracy
[0.03519669 0.10973085 0.19668737 0.35403727]
val_loss=15.5006
accuracy
[0.07453416 0.10973085 0.18219462 0.27329193]
val_loss=15.3133
accuracy
[0.07453416 0.10973085 0.19254658 0.34575569]
val_loss=17.0982
accuracy
[0.07453416 0.10973085 0.18219462 0.29606625]
val_loss=19.8117
accuracy
[0.07453416 0.10973085 0.18219462 0.28364389]
val_loss=17.5261
accuracy
[0.07453416 0.10973085 0.23188406 0.37060041]
val_loss=18.5569
accuracy
[0.03519669 0.11387164 0.22981366 0.32298137]
val_loss=17.6201
accuracy
[0.03519669 0.10973085 0.19461698 0.2815735 ]
val_loss=17.5535
accuracy
[0.03519669 0.11801242 0.25258799 0.29606625]
val_loss=19.9358
accuracy
[0.03519669 0.10973085 0.20082816 0.24223602]
val_loss=19.5231
accuracy
[0.07453416 0.10973085 0.1863354  0.24016563]
val_loss=19.7346
accuracy
[0.03519669 0.10973085 0.19254658 0.24637681]
val_loss=21.1427
accuracy
[0.03519669 0.10973085 0.18219462 0.22774327]
val_loss=21.5911
accuracy
[0.03519669 0.10973085 0.19047619 0.23395445]
val_loss=21.8579
accuracy
[0.03519669 0.10973085 0.20703934 0.2484472 ]
val_loss=22.6529
accuracy
[0.03519669 0.10973085 0.20082816 0.23809524]
val_loss=23.1051
accuracy
[0.03519669 0.10973085 0.21118012 0.26086957]
val_loss=23.8952
accuracy
[0.03519669 0.10973085 0.20910973 0.2505176 ]
val_loss=24.1737
accuracy
[0.03519669 0.10973085 0.21532091 0.25465839]
val_loss=24.4364
accuracy
[0.03519669 0.10973085 0.21325052 0.2484472 ]
val_loss=25.1627
accuracy
[0.03519669 0.10973085 0.20910973 0.23809524]
val_loss=25.5053
accuracy
[0.03519669 0.10973085 0.21532091 0.24637681]
val_loss=25.6772
accuracy
[0.03519669 0.10973085 0.22774327 0.25879917]
val_loss=26.2080
accuracy
[0.03519669 0.10973085 0.2173913  0.23809524]
val_loss=26.4803
accuracy
[0.03519669 0.10973085 0.21118012 0.2505176 ]
val_loss=26.7277
accuracy
[0.03519669 0.10973085 0.2194617  0.23809524]
val_loss=27.0555
accuracy
[0.03519669 0.10973085 0.21325052 0.23809524]
val_loss=26.9717
accuracy
[0.03519669 0.11180124 0.21532091 0.25465839]
val_loss=27.2221
accuracy
[0.03519669 0.11180124 0.22153209 0.2505176 ]
val_loss=27.7300
accuracy
[0.03519669 0.11180124 0.2173913  0.24223602]
val_loss=28.2447
accuracy
[0.03519669 0.11180124 0.20910973 0.24430642]
val_loss=28.1365
accuracy
[0.03519669 0.11180124 0.23188406 0.25879917]
val_loss=28.4560
accuracy
[0.03519669 0.10973085 0.22153209 0.24637681]
val_loss=28.4223
accuracy
[0.03519669 0.11180124 0.22360248 0.2484472 ]
val_loss=28.6473
accuracy
[0.03519669 0.11180124 0.22153209 0.24430642]
val_loss=28.7990
accuracy
[0.03519669 0.11801242 0.2173913  0.23809524]
val_loss=28.8635
accuracy
[0.03519669 0.11801242 0.2194617  0.24430642]
val_loss=29.1146
accuracy
[0.03519669 0.11594203 0.2173913  0.24016563]
val_loss=28.9559
accuracy
[0.03519669 0.10973085 0.22153209 0.24430642]
val_loss=29.2253
accuracy
[0.03519669 0.11387164 0.22153209 0.2484472 ]
val_loss=29.3352
accuracy
[0.03519669 0.11180124 0.22153209 0.24430642]
val_loss=29.3352
accuracy
[0.03519669 0.11180124 0.22360248 0.24430642]
val_loss=29.4050
accuracy
[0.03519669 0.11180124 0.22153209 0.24430642]
val_loss=29.7161
accuracy
[0.03519669 0.11801242 0.2194617  0.24016563]
val_loss=29.7730
accuracy
[0.03519669 0.11801242 0.22153209 0.24430642]
val_loss=29.8381
accuracy
[0.03519669 0.11801242 0.2194617  0.24016563]
val_loss=29.7715
accuracy
[0.03519669 0.11387164 0.2194617  0.24016563]
val_loss=29.7861
accuracy
[0.03519669 0.11801242 0.22774327 0.2505176 ]
val_loss=29.9928
accuracy
[0.03519669 0.11801242 0.2194617  0.24016563]
val_loss=30.0723
accuracy
[0.03519669 0.11801242 0.22153209 0.24016563]
val_loss=30.2643
accuracy
[0.03519669 0.11594203 0.2194617  0.24223602]
val_loss=30.1703
accuracy
[0.03519669 0.11801242 0.22153209 0.24223602]
val_loss=30.2211
accuracy
[0.03519669 0.11801242 0.22153209 0.24430642]
val_loss=30.2845
accuracy
[0.03519669 0.11387164 0.22153209 0.24223602]
val_loss=30.3116
accuracy
[0.03519669 0.11801242 0.22153209 0.24223602]
val_loss=30.2980
accuracy
[0.03519669 0.11801242 0.22360248 0.24223602]
val_loss=30.3298
accuracy
[0.03519669 0.11594203 0.22360248 0.24223602]
val_loss=30.3779
accuracy
[0.03519669 0.11801242 0.2194617  0.24016563]
val_loss=30.4078
accuracy
[0.03519669 0.11801242 0.2194617  0.24223602]
val_loss=30.3790
accuracy
[0.03519669 0.11801242 0.22153209 0.24223602]
val_loss=30.4532
accuracy
[0.03519669 0.11801242 0.22153209 0.24223602]
val_loss=30.4476
accuracy
[0.03519669 0.11801242 0.2194617  0.24016563]
val_loss=30.4777
accuracy
[0.03519669 0.11801242 0.2194617  0.24016563]
val_loss=30.5219
accuracy
[0.03519669 0.11801242 0.2194617  0.24016563]
val_loss=30.5430
accuracy
[0.03519669 0.11801242 0.2194617  0.24016563]
val_loss=30.5314
accuracy
[0.03519669 0.11801242 0.22153209 0.24223602]
val_loss=30.5599
accuracy
[0.03519669 0.11387164 0.2194617  0.24016563]
val_loss=30.5697
accuracy
[0.03519669 0.11801242 0.22153209 0.24016563]
val_loss=30.5676
accuracy
[0.03519669 0.11387164 0.22360248 0.24430642]
val_loss=30.5857
accuracy
[0.03519669 0.11801242 0.22360248 0.24430642]
val_loss=30.6242
accuracy
[0.03519669 0.11801242 0.22360248 0.24223602]
val_loss=30.6433
accuracy
[0.03519669 0.11801242 0.22360248 0.24430642]
Finished Training
    rehearsal replay buffer: 500 of 1899 source samples
cpu
Finished Training
cpu
Finished Training
cpu
Finished Training
cpu
Finished Training
cpu
Finished Training
cpu
Finished Training
cpu
Finished Training
cpu
Finished Training
cpu
Finished Training
cpu
Finished Training
cpu
Finished Training
cpu
Finished Training
cpu
Finished Training
cpu
Finished Training
cpu
Finished Training
cpu
Finished Training
cpu
Finished Training
cpu
Finished Training
cpu
Finished Training
cpu
Finished Training
cpu
Finished Training
cpu
Finished Training
  seed 9: pretrain on scenario32straight (1899 samples), zero-shot eval on scenario1 (483 held-out test samples)
cpu
-----------------------------------------------------------------------
      Layer (type)        Output Shape         Param #     Tr. Param #
=======================================================================
          Linear-1           [32, 256]           1,280           1,280
            ReLU-2           [32, 256]               0               0
          Linear-3           [32, 256]          65,792          65,792
          Linear-4           [32, 256]          65,792          65,792
          Linear-5            [32, 16]           4,112           4,112
=======================================================================
Total params: 136,976
Trainable params: 136,976
Non-trainable params: 0
-----------------------------------------------------------------------
val_loss=5.3212
accuracy
[0.10144928 0.26708075 0.29813665 0.37681159]
val_loss=8.3874
accuracy
[0.02277433 0.13871636 0.19047619 0.3126294 ]
val_loss=10.1975
accuracy
[0.08488613 0.16770186 0.19047619 0.33333333]
val_loss=9.5376
accuracy
[0.13664596 0.16770186 0.19254658 0.3126294 ]
val_loss=12.0332
accuracy
[0.02277433 0.10766046 0.20082816 0.28571429]
val_loss=14.6390
accuracy
[0.0310559  0.10766046 0.19254658 0.27536232]
val_loss=14.4398
accuracy
[0.02277433 0.10766046 0.19047619 0.26708075]
val_loss=12.8816
accuracy
[0.08488613 0.10766046 0.19668737 0.35610766]
val_loss=14.8274
accuracy
[0.08488613 0.10766046 0.21118012 0.33954451]
val_loss=17.1823
accuracy
[0.02277433 0.10766046 0.19668737 0.29399586]
val_loss=16.0163
accuracy
[0.08488613 0.10766046 0.19668737 0.28571429]
val_loss=16.8247
accuracy
[0.02277433 0.10766046 0.19254658 0.22360248]
val_loss=18.7273
accuracy
[0.02277433 0.10766046 0.19668737 0.22981366]
val_loss=18.1428
accuracy
[0.02277433 0.10766046 0.2194617  0.24016563]
val_loss=19.0305
accuracy
[0.02277433 0.10766046 0.19047619 0.22774327]
val_loss=20.4675
accuracy
[0.02277433 0.10766046 0.20496894 0.23188406]
val_loss=20.3879
accuracy
[0.02277433 0.10766046 0.19875776 0.24223602]
val_loss=20.6111
accuracy
[0.02277433 0.10766046 0.19047619 0.22153209]
val_loss=21.3796
accuracy
[0.02277433 0.10766046 0.21325052 0.24016563]
val_loss=22.5238
accuracy
[0.02277433 0.10766046 0.19461698 0.24223602]
val_loss=22.7183
accuracy
[0.02277433 0.10766046 0.19254658 0.24016563]
val_loss=23.5397
accuracy
[0.02277433 0.10766046 0.20082816 0.23809524]
val_loss=23.5925
accuracy
[0.02277433 0.10766046 0.21325052 0.24016563]
val_loss=24.5242
accuracy
[0.02277433 0.10766046 0.21532091 0.23395445]
val_loss=24.8311
accuracy
[0.02277433 0.10766046 0.20289855 0.23395445]
val_loss=24.7512
accuracy
[0.02277433 0.10766046 0.2173913  0.24223602]
val_loss=25.4807
accuracy
[0.02277433 0.10766046 0.20910973 0.23395445]
val_loss=25.4595
accuracy
[0.02277433 0.10766046 0.22153209 0.24223602]
val_loss=26.2359
accuracy
[0.02277433 0.10766046 0.21118012 0.23809524]
val_loss=26.4687
accuracy
[0.02277433 0.10766046 0.2173913  0.23602484]
val_loss=26.4569
accuracy
[0.02277433 0.10766046 0.20496894 0.23809524]
val_loss=27.1501
accuracy
[0.02277433 0.10766046 0.21118012 0.23602484]
val_loss=28.0457
accuracy
[0.02277433 0.10766046 0.20289855 0.22360248]
val_loss=27.5759
accuracy
[0.02277433 0.10766046 0.20910973 0.23809524]
val_loss=28.1649
accuracy
[0.02277433 0.10766046 0.19875776 0.22774327]
val_loss=28.0115
accuracy
[0.02277433 0.10766046 0.20703934 0.23809524]
val_loss=27.9916
accuracy
[0.02277433 0.10766046 0.21118012 0.24016563]
val_loss=28.6503
accuracy
[0.02277433 0.10766046 0.21118012 0.23188406]
val_loss=28.1816
accuracy
[0.02277433 0.10766046 0.22153209 0.23809524]
val_loss=28.4254
accuracy
[0.02277433 0.10766046 0.22153209 0.24016563]
val_loss=28.5905
accuracy
[0.02277433 0.10766046 0.21118012 0.23395445]
val_loss=28.6752
accuracy
[0.02277433 0.10766046 0.20910973 0.23602484]
val_loss=28.8636
accuracy
[0.02277433 0.10766046 0.21532091 0.23395445]
val_loss=28.9803
accuracy
[0.02277433 0.10766046 0.20910973 0.23395445]
val_loss=29.1099
accuracy
[0.02277433 0.10766046 0.21532091 0.23602484]
val_loss=29.1091
accuracy
[0.02277433 0.10766046 0.21118012 0.23395445]
val_loss=29.2042
accuracy
[0.02277433 0.10766046 0.21118012 0.23395445]
val_loss=29.2966
accuracy
[0.02277433 0.10766046 0.21118012 0.23602484]
val_loss=29.4750
accuracy
[0.02277433 0.10766046 0.20910973 0.23395445]
val_loss=29.4031
accuracy
[0.02277433 0.10766046 0.21532091 0.23395445]
val_loss=29.6166
accuracy
[0.02277433 0.10766046 0.21532091 0.23395445]
val_loss=29.5532
accuracy
[0.02277433 0.10766046 0.2194617  0.23602484]
val_loss=29.6537
accuracy
[0.02277433 0.10766046 0.21118012 0.23395445]
val_loss=29.7343
accuracy
[0.02277433 0.10766046 0.2173913  0.23602484]
val_loss=29.9122
accuracy
[0.02277433 0.10766046 0.20910973 0.23395445]
val_loss=29.9712
accuracy
[0.02277433 0.10766046 0.20496894 0.23395445]
val_loss=30.0013
accuracy
[0.02277433 0.10766046 0.21532091 0.23602484]
val_loss=30.1727
accuracy
[0.02277433 0.10766046 0.21118012 0.23395445]
val_loss=30.1507
accuracy
[0.02277433 0.10766046 0.21325052 0.23602484]
val_loss=30.1284
accuracy
[0.02277433 0.10766046 0.21325052 0.23809524]
val_loss=30.2170
accuracy
[0.02277433 0.10766046 0.21118012 0.23395445]
val_loss=30.2828
accuracy
[0.02277433 0.10766046 0.21118012 0.23395445]
val_loss=30.3028
accuracy
[0.02277433 0.10766046 0.21118012 0.23395445]
val_loss=30.3220
accuracy
[0.02277433 0.10766046 0.20910973 0.23395445]
val_loss=30.3347
accuracy
[0.02277433 0.10766046 0.21118012 0.23395445]
val_loss=30.3722
accuracy
[0.02277433 0.10766046 0.20703934 0.23395445]
val_loss=30.3562
accuracy
[0.02277433 0.10766046 0.21118012 0.23395445]
val_loss=30.4058
accuracy
[0.02277433 0.10766046 0.21118012 0.23395445]
val_loss=30.4297
accuracy
[0.02277433 0.10766046 0.20703934 0.23395445]
val_loss=30.4399
accuracy
[0.02277433 0.10766046 0.20703934 0.23395445]
val_loss=30.4671
accuracy
[0.02277433 0.10766046 0.20703934 0.23395445]
val_loss=30.4906
accuracy
[0.02277433 0.10766046 0.20703934 0.23395445]
val_loss=30.4958
accuracy
[0.02277433 0.10766046 0.20910973 0.23395445]
val_loss=30.5170
accuracy
[0.02277433 0.10766046 0.20910973 0.23395445]
val_loss=30.5404
accuracy
[0.02277433 0.10766046 0.20910973 0.23395445]
val_loss=30.5447
accuracy
[0.02277433 0.10766046 0.20703934 0.23395445]
val_loss=30.5863
accuracy
[0.02277433 0.10766046 0.20496894 0.23395445]
val_loss=30.5638
accuracy
[0.02277433 0.10766046 0.20910973 0.23395445]
val_loss=30.6022
accuracy
[0.02277433 0.10766046 0.20703934 0.23395445]
val_loss=30.6312
accuracy
[0.02277433 0.10766046 0.20703934 0.23395445]
Finished Training
    rehearsal replay buffer: 500 of 1899 source samples
cpu
Finished Training
cpu
Finished Training
cpu
Finished Training
cpu
Finished Training
cpu
Finished Training
cpu
Finished Training
cpu
Finished Training
cpu
Finished Training
cpu
Finished Training
cpu
Finished Training
cpu
Finished Training
cpu
Finished Training
cpu
Finished Training
cpu
Finished Training
cpu
Finished Training
cpu
Finished Training
cpu
Finished Training
cpu
Finished Training
cpu
Finished Training
cpu
Finished Training
cpu
Finished Training
cpu
Finished Training
Saved result\stage1_s32straight_to_s1_rehearsal_acc.mat and result\stage1_s32straight_to_s1_rehearsal_pwr.mat (10/10 seeds completed)

======================================================================
Rehearsal comparison: scenario33straight -> scenario1  (s33straight_to_s1)
======================================================================
  seed 0: pretrain on scenario33straight (2059 samples), zero-shot eval on scenario1 (483 held-out test samples)
cpu
-----------------------------------------------------------------------
      Layer (type)        Output Shape         Param #     Tr. Param #
=======================================================================
          Linear-1           [32, 256]           1,280           1,280
            ReLU-2           [32, 256]               0               0
          Linear-3           [32, 256]          65,792          65,792
          Linear-4           [32, 256]          65,792          65,792
          Linear-5            [32, 16]           4,112           4,112
=======================================================================
Total params: 136,976
Trainable params: 136,976
Non-trainable params: 0
-----------------------------------------------------------------------
val_loss=7.3359
accuracy
[0.07660455 0.16356108 0.2173913  0.33747412]
val_loss=9.6042
accuracy
[0.08695652 0.16356108 0.2173913  0.31469979]
val_loss=10.6620
accuracy
[0.07660455 0.16356108 0.2484472  0.25672878]
val_loss=11.2030
accuracy
[0.07660455 0.16356108 0.22360248 0.30227743]
val_loss=13.0914
accuracy
[0.07660455 0.16356108 0.19461698 0.28364389]
val_loss=14.3517
accuracy
[0.07660455 0.16356108 0.19461698 0.25465839]
val_loss=13.5352
accuracy
[0.07660455 0.17598344 0.21118012 0.41614907]
val_loss=14.0478
accuracy
[0.10766046 0.16356108 0.19461698 0.30020704]
val_loss=13.3407
accuracy
[0.07660455 0.19461698 0.19461698 0.27329193]
val_loss=13.4229
accuracy
[0.07660455 0.10766046 0.19461698 0.25258799]
val_loss=15.5614
accuracy
[0.07660455 0.10766046 0.19461698 0.33333333]
val_loss=15.2833
accuracy
[0.07660455 0.10766046 0.19461698 0.38923395]
val_loss=16.5599
accuracy
[0.07660455 0.16356108 0.19461698 0.32298137]
val_loss=15.9342
accuracy
[0.07660455 0.10766046 0.19668737 0.35817805]
val_loss=16.2665
accuracy
[0.07660455 0.16356108 0.19668737 0.39544513]
val_loss=15.9485
accuracy
[0.07660455 0.10766046 0.20703934 0.31884058]
val_loss=16.6114
accuracy
[0.07660455 0.10766046 0.19461698 0.30020704]
val_loss=16.0441
accuracy
[0.07660455 0.10766046 0.19461698 0.3747412 ]
val_loss=17.4747
accuracy
[0.07660455 0.10766046 0.19668737 0.36645963]
val_loss=14.4425
accuracy
[0.07660455 0.10766046 0.19668737 0.37060041]
val_loss=16.2044
accuracy
[0.07660455 0.10766046 0.19461698 0.35817805]
val_loss=16.8783
accuracy
[0.07660455 0.10766046 0.19668737 0.37060041]
val_loss=17.7726
accuracy
[0.07660455 0.10766046 0.19668737 0.37060041]
val_loss=17.5770
accuracy
[0.07660455 0.10766046 0.20289855 0.37060041]
val_loss=18.0629
accuracy
[0.07660455 0.10766046 0.20496894 0.37267081]
val_loss=18.6988
accuracy
[0.07660455 0.10766046 0.19875776 0.3747412 ]
val_loss=18.9340
accuracy
[0.07660455 0.10766046 0.20289855 0.37888199]
val_loss=19.1752
accuracy
[0.07660455 0.10766046 0.20289855 0.37888199]
val_loss=19.5579
accuracy
[0.07660455 0.10766046 0.21532091 0.37888199]
val_loss=19.5392
accuracy
[0.07660455 0.10766046 0.20496894 0.38302277]
val_loss=19.8741
accuracy
[0.07660455 0.10766046 0.21325052 0.38302277]
val_loss=20.3188
accuracy
[0.07660455 0.10766046 0.21325052 0.34989648]
val_loss=20.1984
accuracy
[0.07660455 0.10766046 0.20910973 0.33954451]
val_loss=20.2737
accuracy
[0.07660455 0.10766046 0.21118012 0.34161491]
val_loss=20.2958
accuracy
[0.07660455 0.10766046 0.21325052 0.33540373]
val_loss=20.2608
accuracy
[0.07660455 0.10766046 0.22153209 0.33333333]
val_loss=20.2918
accuracy
[0.07660455 0.10766046 0.2194617  0.3436853 ]
val_loss=20.4039
accuracy
[0.07660455 0.10766046 0.22567288 0.32919255]
val_loss=20.8177
accuracy
[0.07660455 0.10766046 0.2173913  0.32091097]
val_loss=20.6750
accuracy
[0.07660455 0.10766046 0.2173913  0.32919255]
val_loss=20.8070
accuracy
[0.07660455 0.10766046 0.21118012 0.32919255]
val_loss=21.0221
accuracy
[0.07660455 0.10766046 0.21325052 0.32505176]
val_loss=21.0109
accuracy
[0.07660455 0.10766046 0.21532091 0.33333333]
val_loss=21.0483
accuracy
[0.07660455 0.10766046 0.21325052 0.32919255]
val_loss=21.1803
accuracy
[0.07660455 0.10766046 0.20910973 0.32505176]
val_loss=21.2878
accuracy
[0.07660455 0.10766046 0.21532091 0.32505176]
val_loss=21.3272
accuracy
[0.07660455 0.10766046 0.2173913  0.32505176]
val_loss=21.3856
accuracy
[0.07660455 0.10766046 0.21532091 0.32505176]
val_loss=21.4205
accuracy
[0.07660455 0.10766046 0.2173913  0.32505176]
val_loss=21.4578
accuracy
[0.07660455 0.10766046 0.2194617  0.32505176]
val_loss=21.4195
accuracy
[0.07660455 0.10766046 0.2194617  0.32919255]
val_loss=21.4958
accuracy
[0.07660455 0.10766046 0.21532091 0.32919255]
val_loss=21.6318
accuracy
[0.07660455 0.10766046 0.2194617  0.32919255]
val_loss=21.7086
accuracy
[0.07660455 0.10766046 0.2173913  0.32505176]
val_loss=21.7911
accuracy
[0.07660455 0.10766046 0.2173913  0.32505176]
val_loss=21.7704
accuracy
[0.07660455 0.10766046 0.2194617  0.32505176]
val_loss=21.6250
accuracy
[0.07660455 0.10766046 0.22360248 0.33126294]
val_loss=21.8875
accuracy
[0.07660455 0.10766046 0.2194617  0.32505176]
val_loss=21.8579
accuracy
[0.07660455 0.10766046 0.22153209 0.32505176]
val_loss=21.9651
accuracy
[0.07660455 0.10766046 0.22360248 0.32505176]
val_loss=21.9752
accuracy
[0.07660455 0.10766046 0.22153209 0.32505176]
val_loss=21.9963
accuracy
[0.07660455 0.10766046 0.2194617  0.32505176]
val_loss=22.0081
accuracy
[0.07660455 0.10766046 0.2194617  0.32505176]
val_loss=22.0046
accuracy
[0.07660455 0.10766046 0.22153209 0.32505176]
val_loss=22.0169
accuracy
[0.07660455 0.10766046 0.2194617  0.32505176]
val_loss=22.0252
accuracy
[0.07660455 0.10766046 0.2194617  0.32505176]
val_loss=21.9940
accuracy
[0.07660455 0.10766046 0.22360248 0.32505176]
val_loss=22.0173
accuracy
[0.07660455 0.10766046 0.22360248 0.32505176]
val_loss=22.0491
accuracy
[0.07660455 0.10766046 0.2194617  0.32505176]
val_loss=22.0576
accuracy
[0.07660455 0.10766046 0.22153209 0.32505176]
val_loss=22.0668
accuracy
[0.07660455 0.10766046 0.22360248 0.32505176]
val_loss=22.0846
accuracy
[0.07660455 0.10766046 0.22360248 0.32505176]
val_loss=22.0926
accuracy
[0.07660455 0.10766046 0.22153209 0.32505176]
val_loss=22.1407
accuracy
[0.07660455 0.10766046 0.2194617  0.32505176]
val_loss=22.1043
accuracy
[0.07660455 0.10766046 0.22360248 0.32505176]
val_loss=22.1518
accuracy
[0.07660455 0.10766046 0.2194617  0.32505176]
val_loss=22.1068
accuracy
[0.07660455 0.10766046 0.22360248 0.32505176]
val_loss=22.1417
accuracy
[0.07660455 0.10766046 0.22360248 0.32505176]
val_loss=22.1540
accuracy
[0.07660455 0.10766046 0.22153209 0.32505176]
val_loss=22.1458
accuracy
[0.07660455 0.10766046 0.22360248 0.32505176]
Finished Training
    rehearsal replay buffer: 500 of 2059 source samples
cpu
Finished Training
cpu
Finished Training
cpu
Finished Training
cpu
Finished Training
cpu
Finished Training
cpu
Finished Training
cpu
Finished Training
cpu
Finished Training
cpu
Finished Training
cpu
Finished Training
cpu
Finished Training
cpu
Finished Training
cpu
Finished Training
cpu
Finished Training
cpu
Finished Training
cpu
Finished Training
cpu
Finished Training
cpu
Finished Training
cpu
Finished Training
cpu
Finished Training
cpu
Finished Training
cpu
Finished Training
  seed 1: pretrain on scenario33straight (2059 samples), zero-shot eval on scenario1 (483 held-out test samples)
cpu
-----------------------------------------------------------------------
      Layer (type)        Output Shape         Param #     Tr. Param #
=======================================================================
          Linear-1           [32, 256]           1,280           1,280
            ReLU-2           [32, 256]               0               0
          Linear-3           [32, 256]          65,792          65,792
          Linear-4           [32, 256]          65,792          65,792
          Linear-5            [32, 16]           4,112           4,112
=======================================================================
Total params: 136,976
Trainable params: 136,976
Non-trainable params: 0
-----------------------------------------------------------------------
val_loss=7.8383
accuracy
[0.04554865 0.1242236  0.15320911 0.33126294]
val_loss=12.1675
accuracy
[0.10351967 0.17805383 0.22360248 0.34575569]
val_loss=10.7334
accuracy
[0.10351967 0.17805383 0.22360248 0.31677019]
val_loss=12.7056
accuracy
[0.10351967 0.17805383 0.22360248 0.23809524]
val_loss=14.0320
accuracy
[0.10351967 0.17805383 0.19254658 0.2505176 ]
val_loss=14.0687
accuracy
[0.07453416 0.17805383 0.19254658 0.25672878]
val_loss=14.5959
accuracy
[0.10351967 0.17805383 0.19254658 0.32919255]
val_loss=14.0848
accuracy
[0.10351967 0.11801242 0.19254658 0.28571429]
val_loss=13.3201
accuracy
[0.07453416 0.17805383 0.19254658 0.27743271]
val_loss=16.0034
accuracy
[0.10351967 0.11801242 0.19254658 0.28778468]
val_loss=16.8752
accuracy
[0.10351967 0.11801242 0.19254658 0.27950311]
val_loss=16.4328
accuracy
[0.10351967 0.11801242 0.19254658 0.26708075]
val_loss=16.3663
accuracy
[0.10351967 0.11801242 0.19875776 0.27329193]
val_loss=15.7912
accuracy
[0.10351967 0.17805383 0.19254658 0.3436853 ]
val_loss=15.1081
accuracy
[0.10351967 0.11801242 0.19254658 0.30848861]
val_loss=16.4240
accuracy
[0.10351967 0.11801242 0.19254658 0.28571429]
val_loss=15.6987
accuracy
[0.10351967 0.11801242 0.20289855 0.29399586]
val_loss=16.3508
accuracy
[0.10351967 0.11801242 0.19668737 0.30641822]
val_loss=17.4533
accuracy
[0.10351967 0.11801242 0.20289855 0.29192547]
val_loss=16.0905
accuracy
[0.10351967 0.11801242 0.19875776 0.28364389]
val_loss=17.4728
accuracy
[0.10351967 0.11801242 0.19254658 0.28778468]
val_loss=18.1252
accuracy
[0.10351967 0.11801242 0.19254658 0.29192547]
val_loss=18.4345
accuracy
[0.10351967 0.11801242 0.19461698 0.28985507]
val_loss=18.7677
accuracy
[0.10351967 0.11801242 0.19668737 0.29192547]
val_loss=18.9587
accuracy
[0.10351967 0.11801242 0.19668737 0.29813665]
val_loss=19.4696
accuracy
[0.10351967 0.11801242 0.19668737 0.29192547]
val_loss=19.8928
accuracy
[0.10351967 0.11801242 0.19668737 0.29192547]
val_loss=20.3604
accuracy
[0.10351967 0.11801242 0.19668737 0.29192547]
val_loss=20.3764
accuracy
[0.10351967 0.11801242 0.19668737 0.29192547]
val_loss=20.3216
accuracy
[0.10351967 0.11801242 0.21532091 0.29606625]
val_loss=20.6101
accuracy
[0.10351967 0.11801242 0.20082816 0.29192547]
val_loss=20.4616
accuracy
[0.10351967 0.11801242 0.20496894 0.29192547]
val_loss=20.5441
accuracy
[0.10351967 0.11801242 0.2173913  0.29399586]
val_loss=19.6380
accuracy
[0.10351967 0.11801242 0.21118012 0.31055901]
val_loss=20.7262
accuracy
[0.10351967 0.11801242 0.20082816 0.29192547]
val_loss=21.0537
accuracy
[0.10351967 0.11801242 0.19875776 0.29192547]
val_loss=20.5547
accuracy
[0.10351967 0.11801242 0.20703934 0.29399586]
val_loss=21.3448
accuracy
[0.10351967 0.11801242 0.2194617  0.29192547]
val_loss=21.2773
accuracy
[0.10351967 0.11801242 0.20703934 0.29399586]
val_loss=21.3281
accuracy
[0.10351967 0.11801242 0.21325052 0.29192547]
val_loss=21.6461
accuracy
[0.10351967 0.11801242 0.20703934 0.29192547]
val_loss=21.6387
accuracy
[0.10351967 0.11801242 0.20496894 0.29192547]
val_loss=21.6973
accuracy
[0.10351967 0.11801242 0.20703934 0.29192547]
val_loss=21.6570
accuracy
[0.10351967 0.11801242 0.20910973 0.29192547]
val_loss=21.8110
accuracy
[0.10351967 0.11801242 0.20496894 0.29192547]
val_loss=21.7671
accuracy
[0.10351967 0.11801242 0.20910973 0.29192547]
val_loss=22.0114
accuracy
[0.10351967 0.11801242 0.20703934 0.29192547]
val_loss=22.0287
accuracy
[0.10351967 0.11801242 0.20910973 0.29192547]
val_loss=22.2339
accuracy
[0.10351967 0.11801242 0.20289855 0.29192547]
val_loss=22.2030
accuracy
[0.10351967 0.11801242 0.20496894 0.29192547]
val_loss=22.2477
accuracy
[0.10351967 0.11801242 0.20703934 0.29192547]
val_loss=22.2315
accuracy
[0.10351967 0.11801242 0.20703934 0.29192547]
val_loss=22.2409
accuracy
[0.10351967 0.11801242 0.20703934 0.29192547]
val_loss=22.2670
accuracy
[0.10351967 0.11801242 0.20703934 0.29606625]
val_loss=22.2932
accuracy
[0.10351967 0.11801242 0.20703934 0.29192547]
val_loss=22.3708
accuracy
[0.10351967 0.11801242 0.20910973 0.29192547]
val_loss=22.5651
accuracy
[0.10351967 0.11801242 0.20910973 0.29192547]
val_loss=22.6512
accuracy
[0.10351967 0.11801242 0.20289855 0.29192547]
val_loss=22.6301
accuracy
[0.10351967 0.11801242 0.20910973 0.29192547]
val_loss=22.5968
accuracy
[0.10351967 0.11801242 0.20910973 0.29192547]
val_loss=22.6136
accuracy
[0.10351967 0.11801242 0.20703934 0.29192547]
val_loss=22.6932
accuracy
[0.10351967 0.11801242 0.20703934 0.29192547]
val_loss=22.6878
accuracy
[0.10351967 0.11801242 0.20703934 0.29192547]
val_loss=22.6921
accuracy
[0.10351967 0.11801242 0.20910973 0.29192547]
val_loss=22.6785
accuracy
[0.10351967 0.11801242 0.21118012 0.29192547]
val_loss=22.7142
accuracy
[0.10351967 0.11801242 0.20703934 0.29192547]
val_loss=22.7200
accuracy
[0.10351967 0.11801242 0.20910973 0.29192547]
val_loss=22.7840
accuracy
[0.10351967 0.11801242 0.20703934 0.29192547]
val_loss=22.7223
accuracy
[0.10351967 0.11801242 0.20910973 0.29192547]
val_loss=22.7448
accuracy
[0.10351967 0.11801242 0.21118012 0.29192547]
val_loss=22.7762
accuracy
[0.10351967 0.11801242 0.21118012 0.29192547]
val_loss=22.8152
accuracy
[0.10351967 0.11801242 0.20910973 0.29192547]
val_loss=22.8210
accuracy
[0.10351967 0.11801242 0.21325052 0.29192547]
val_loss=22.8116
accuracy
[0.10351967 0.11801242 0.21118012 0.29192547]
val_loss=22.8173
accuracy
[0.10351967 0.11801242 0.21118012 0.29192547]
val_loss=22.8291
accuracy
[0.10351967 0.11801242 0.21118012 0.29192547]
val_loss=22.8564
accuracy
[0.10351967 0.11801242 0.21118012 0.29192547]
val_loss=22.8543
accuracy
[0.10351967 0.11801242 0.21118012 0.29192547]
val_loss=22.8716
accuracy
[0.10351967 0.11801242 0.21118012 0.29192547]
val_loss=22.8746
accuracy
[0.10351967 0.11801242 0.21325052 0.29192547]
Finished Training
    rehearsal replay buffer: 500 of 2059 source samples
cpu
Finished Training
cpu
Finished Training
cpu
Finished Training
cpu
Finished Training
cpu
Finished Training
cpu
Finished Training
cpu
Finished Training
cpu
Finished Training
cpu
Finished Training
cpu
Finished Training
cpu
Finished Training
cpu
Finished Training
cpu
Finished Training
cpu
Finished Training
cpu
Finished Training
cpu
Finished Training
cpu
Finished Training
cpu
Finished Training
cpu
Finished Training
cpu
Finished Training
cpu
Finished Training
cpu
Finished Training
  seed 2: pretrain on scenario33straight (2059 samples), zero-shot eval on scenario1 (483 held-out test samples)
cpu
-----------------------------------------------------------------------
      Layer (type)        Output Shape         Param #     Tr. Param #
=======================================================================
          Linear-1           [32, 256]           1,280           1,280
            ReLU-2           [32, 256]               0               0
          Linear-3           [32, 256]          65,792          65,792
          Linear-4           [32, 256]          65,792          65,792
          Linear-5            [32, 16]           4,112           4,112
=======================================================================
Total params: 136,976
Trainable params: 136,976
Non-trainable params: 0
-----------------------------------------------------------------------
val_loss=7.1661
accuracy
[0.08488613 0.15320911 0.18219462 0.30434783]
val_loss=11.2929
accuracy
[0.08488613 0.15320911 0.20910973 0.30434783]
val_loss=13.6921
accuracy
[0.06832298 0.15320911 0.20910973 0.26915114]
val_loss=14.6175
accuracy
[0.08488613 0.15320911 0.23809524 0.24016563]
val_loss=14.0085
accuracy
[0.08488613 0.15320911 0.18219462 0.26086957]
val_loss=14.7045
accuracy
[0.08488613 0.15320911 0.18219462 0.35610766]
val_loss=16.9071
accuracy
[0.08488613 0.15320911 0.18219462 0.37060041]
val_loss=14.8784
accuracy
[0.08488613 0.11387164 0.19254658 0.36645963]
val_loss=14.2454
accuracy
[0.08488613 0.15320911 0.18219462 0.35610766]
val_loss=15.2495
accuracy
[0.08488613 0.11387164 0.18426501 0.35610766]
val_loss=16.2267
accuracy
[0.08488613 0.11387164 0.18426501 0.35403727]
val_loss=16.1739
accuracy
[0.08488613 0.11387164 0.19875776 0.35610766]
val_loss=16.5857
accuracy
[0.08488613 0.15320911 0.18219462 0.35403727]
val_loss=18.2613
accuracy
[0.08488613 0.11387164 0.21118012 0.35403727]
val_loss=16.1335
accuracy
[0.08488613 0.11387164 0.22153209 0.35817805]
val_loss=16.8100
accuracy
[0.08488613 0.11387164 0.18426501 0.35403727]
val_loss=16.2765
accuracy
[0.08488613 0.11387164 0.18219462 0.35403727]
val_loss=15.5865
accuracy
[0.02898551 0.11387164 0.22360248 0.35610766]
val_loss=16.7532
accuracy
[0.08488613 0.11387164 0.21118012 0.35403727]
val_loss=14.0110
accuracy
[0.08488613 0.11387164 0.1863354  0.35403727]
val_loss=14.9322
accuracy
[0.08488613 0.11387164 0.19047619 0.35403727]
val_loss=16.2171
accuracy
[0.08488613 0.11387164 0.19461698 0.35403727]
val_loss=16.4945
accuracy
[0.08488613 0.11387164 0.19047619 0.35610766]
val_loss=17.3157
accuracy
[0.08488613 0.11387164 0.20910973 0.35403727]
val_loss=17.6953
accuracy
[0.08488613 0.11387164 0.2173913  0.35403727]
val_loss=18.2650
accuracy
[0.08488613 0.11387164 0.23188406 0.35403727]
val_loss=18.6931
accuracy
[0.08488613 0.11387164 0.23395445 0.35403727]
val_loss=18.9804
accuracy
[0.08488613 0.11387164 0.23602484 0.35403727]
val_loss=19.0833
accuracy
[0.08488613 0.11387164 0.23188406 0.35817805]
val_loss=19.2796
accuracy
[0.08488613 0.11387164 0.25879917 0.35610766]
val_loss=19.5293
accuracy
[0.08488613 0.11387164 0.26086957 0.35403727]
val_loss=19.6344
accuracy
[0.08488613 0.11387164 0.24430642 0.36231884]
val_loss=19.9445
accuracy
[0.08488613 0.11387164 0.2484472  0.35610766]
val_loss=19.4373
accuracy
[0.08488613 0.11387164 0.24016563 0.35403727]
val_loss=20.2252
accuracy
[0.08488613 0.11387164 0.25672878 0.34782609]
val_loss=20.2648
accuracy
[0.08488613 0.11387164 0.24223602 0.35817805]
val_loss=19.9243
accuracy
[0.08488613 0.11594203 0.26708075 0.35403727]
val_loss=20.4409
accuracy
[0.08488613 0.11387164 0.27743271 0.30848861]
val_loss=20.3771
accuracy
[0.08488613 0.11387164 0.26293996 0.35403727]
val_loss=20.2220
accuracy
[0.08488613 0.11387164 0.26501035 0.33333333]
val_loss=20.3665
accuracy
[0.08488613 0.11387164 0.26293996 0.33747412]
val_loss=20.4577
accuracy
[0.08488613 0.11387164 0.26293996 0.32712215]
val_loss=20.6259
accuracy
[0.08488613 0.11387164 0.2484472  0.33126294]
val_loss=20.6914
accuracy
[0.08488613 0.11387164 0.26086957 0.32298137]
val_loss=20.7674
accuracy
[0.08488613 0.11387164 0.26086957 0.32298137]
val_loss=20.8264
accuracy
[0.08488613 0.11387164 0.26293996 0.31677019]
val_loss=20.7628
accuracy
[0.08488613 0.11387164 0.2484472  0.31469979]
val_loss=20.8525
accuracy
[0.08488613 0.11387164 0.25879917 0.31677019]
val_loss=20.9865
accuracy
[0.08488613 0.11387164 0.26086957 0.31677019]
val_loss=20.9648
accuracy
[0.08488613 0.11387164 0.25879917 0.30227743]
val_loss=21.1148
accuracy
[0.08488613 0.11387164 0.25879917 0.30434783]
val_loss=21.2292
accuracy
[0.08488613 0.11387164 0.25879917 0.30227743]
val_loss=21.2068
accuracy
[0.08488613 0.11387164 0.25672878 0.30434783]
val_loss=21.2267
accuracy
[0.08488613 0.11387164 0.26293996 0.29813665]
val_loss=21.3206
accuracy
[0.08488613 0.11387164 0.26086957 0.30020704]
val_loss=21.1808
accuracy
[0.08488613 0.11387164 0.2484472  0.29813665]
val_loss=21.3940
accuracy
[0.08488613 0.11387164 0.24637681 0.29813665]
val_loss=21.4105
accuracy
[0.08488613 0.11387164 0.24637681 0.30020704]
val_loss=21.5611
accuracy
[0.08488613 0.11387164 0.2484472  0.29813665]
val_loss=21.5512
accuracy
[0.08488613 0.11387164 0.2484472  0.30020704]
val_loss=21.5198
accuracy
[0.08488613 0.11387164 0.25879917 0.29813665]
val_loss=21.5073
accuracy
[0.08488613 0.11387164 0.25672878 0.29813665]
val_loss=21.5660
accuracy
[0.08488613 0.11387164 0.25879917 0.29813665]
val_loss=21.5537
accuracy
[0.08488613 0.11387164 0.25672878 0.29813665]
val_loss=21.5545
accuracy
[0.08488613 0.11387164 0.25879917 0.29813665]
val_loss=21.5904
accuracy
[0.08488613 0.11387164 0.25879917 0.29813665]
val_loss=21.5663
accuracy
[0.08488613 0.11387164 0.25672878 0.29813665]
val_loss=21.6039
accuracy
[0.08488613 0.11387164 0.25879917 0.29813665]
val_loss=21.6188
accuracy
[0.08488613 0.11387164 0.25879917 0.29813665]
val_loss=21.6440
accuracy
[0.08488613 0.11387164 0.25672878 0.29813665]
val_loss=21.6476
accuracy
[0.08488613 0.11387164 0.25879917 0.29813665]
val_loss=21.6277
accuracy
[0.08488613 0.11387164 0.25879917 0.29813665]
val_loss=21.6628
accuracy
[0.08488613 0.11387164 0.25879917 0.29813665]
val_loss=21.6570
accuracy
[0.08488613 0.11387164 0.25879917 0.29813665]
val_loss=21.6924
accuracy
[0.08488613 0.11387164 0.25879917 0.29813665]
val_loss=21.7237
accuracy
[0.08488613 0.11387164 0.25672878 0.29813665]
val_loss=21.6698
accuracy
[0.08488613 0.11387164 0.25672878 0.29813665]
val_loss=21.7033
accuracy
[0.08488613 0.11387164 0.25879917 0.29813665]
val_loss=21.7178
accuracy
[0.08488613 0.11387164 0.25879917 0.29813665]
val_loss=21.7414
accuracy
[0.08488613 0.11387164 0.25879917 0.29813665]
Finished Training
    rehearsal replay buffer: 500 of 2059 source samples
cpu
Finished Training
cpu
Finished Training
cpu
Finished Training
cpu
Finished Training
cpu
Finished Training
cpu
Finished Training
cpu
Finished Training
cpu
Finished Training
cpu
Finished Training
cpu
Finished Training
cpu
Finished Training
cpu
Finished Training
cpu
Finished Training
cpu
Finished Training
cpu
Finished Training
cpu
Finished Training
cpu
Finished Training
cpu
Finished Training
cpu
Finished Training
cpu
Finished Training
cpu
Finished Training
cpu
Finished Training
  seed 3: pretrain on scenario33straight (2059 samples), zero-shot eval on scenario1 (483 held-out test samples)
cpu
-----------------------------------------------------------------------
      Layer (type)        Output Shape         Param #     Tr. Param #
=======================================================================
          Linear-1           [32, 256]           1,280           1,280
            ReLU-2           [32, 256]               0               0
          Linear-3           [32, 256]          65,792          65,792
          Linear-4           [32, 256]          65,792          65,792
          Linear-5            [32, 16]           4,112           4,112
=======================================================================
Total params: 136,976
Trainable params: 136,976
Non-trainable params: 0
-----------------------------------------------------------------------
val_loss=6.0818
accuracy
[0.06832298 0.13250518 0.27536232 0.34161491]
val_loss=8.7946
accuracy
[0.06625259 0.14906832 0.2173913  0.35196687]
val_loss=11.8176
accuracy
[0.08281573 0.14906832 0.2173913  0.30848861]
val_loss=11.3397
accuracy
[0.06625259 0.14906832 0.19254658 0.30641822]
val_loss=12.7706
accuracy
[0.06625259 0.14906832 0.17598344 0.25672878]
val_loss=13.3466
accuracy
[0.08281573 0.14906832 0.2173913  0.2484472 ]
val_loss=12.9239
accuracy
[0.08281573 0.14906832 0.17598344 0.30020704]
val_loss=13.1811
accuracy
[0.08281573 0.14906832 0.17598344 0.30227743]
val_loss=16.8881
accuracy
[0.08281573 0.14906832 0.17598344 0.26086957]
val_loss=15.1031
accuracy
[0.08281573 0.14906832 0.17598344 0.33747412]
val_loss=14.5658
accuracy
[0.08281573 0.10973085 0.18012422 0.34782609]
val_loss=15.4313
accuracy
[0.08281573 0.14906832 0.17598344 0.3126294 ]
val_loss=15.1875
accuracy
[0.02691511 0.10973085 0.18219462 0.34782609]
val_loss=13.9774
accuracy
[0.08281573 0.14906832 0.17598344 0.34575569]
val_loss=14.3900
accuracy
[0.08281573 0.14906832 0.17598344 0.33954451]
val_loss=15.4100
accuracy
[0.08281573 0.14906832 0.17598344 0.35817805]
val_loss=15.3271
accuracy
[0.08281573 0.10973085 0.18012422 0.34575569]
val_loss=16.9077
accuracy
[0.08281573 0.14906832 0.17598344 0.34575569]
val_loss=17.3877
accuracy
[0.08281573 0.14906832 0.17598344 0.27743271]
val_loss=16.6797
accuracy
[0.08281573 0.10973085 0.18012422 0.32919255]
val_loss=17.5732
accuracy
[0.08281573 0.14906832 0.18012422 0.31884058]
val_loss=17.9955
accuracy
[0.08281573 0.10973085 0.18219462 0.31884058]
val_loss=18.6434
accuracy
[0.08281573 0.10973085 0.18012422 0.33540373]
val_loss=18.7794
accuracy
[0.08281573 0.10973085 0.18219462 0.34782609]
val_loss=19.3255
accuracy
[0.08281573 0.10973085 0.18219462 0.33333333]
val_loss=19.8704
accuracy
[0.08281573 0.10973085 0.18219462 0.33954451]
val_loss=19.8016
accuracy
[0.08281573 0.10973085 0.18219462 0.3436853 ]
val_loss=19.8671
accuracy
[0.08281573 0.10973085 0.18219462 0.33747412]
val_loss=20.4753
accuracy
[0.08281573 0.10973085 0.18219462 0.32298137]
val_loss=20.7225
accuracy
[0.08281573 0.10973085 0.18219462 0.33126294]
val_loss=20.8283
accuracy
[0.08281573 0.10973085 0.18426501 0.33954451]
val_loss=20.5327
accuracy
[0.08281573 0.10973085 0.18012422 0.3436853 ]
val_loss=20.8882
accuracy
[0.08281573 0.10973085 0.18219462 0.33747412]
val_loss=21.2590
accuracy
[0.08281573 0.10973085 0.18426501 0.33126294]
val_loss=21.1610
accuracy
[0.08281573 0.10973085 0.18426501 0.33126294]
val_loss=21.5969
accuracy
[0.08281573 0.10973085 0.18219462 0.34161491]
val_loss=21.4396
accuracy
[0.08281573 0.10973085 0.18219462 0.33747412]
val_loss=21.9110
accuracy
[0.08281573 0.10973085 0.18219462 0.33126294]
val_loss=22.0237
accuracy
[0.08281573 0.10973085 0.18219462 0.33954451]
val_loss=21.8963
accuracy
[0.08281573 0.10973085 0.18219462 0.33747412]
val_loss=22.0112
accuracy
[0.08281573 0.10973085 0.18219462 0.33540373]
val_loss=22.1142
accuracy
[0.08281573 0.10973085 0.18219462 0.33333333]
val_loss=22.2536
accuracy
[0.08281573 0.10973085 0.18219462 0.33126294]
val_loss=22.3145
accuracy
[0.08281573 0.10973085 0.18219462 0.33126294]
val_loss=22.2900
accuracy
[0.08281573 0.10973085 0.18219462 0.33333333]
val_loss=22.5299
accuracy
[0.08281573 0.10973085 0.18219462 0.33126294]
val_loss=22.5543
accuracy
[0.08281573 0.10973085 0.18219462 0.33126294]
val_loss=22.5231
accuracy
[0.08281573 0.10973085 0.18219462 0.33333333]
val_loss=22.5177
accuracy
[0.08281573 0.10973085 0.18426501 0.33540373]
val_loss=22.7984
accuracy
[0.08281573 0.10973085 0.18219462 0.32919255]
val_loss=22.8805
accuracy
[0.08281573 0.10973085 0.18219462 0.32919255]
val_loss=22.7375
accuracy
[0.08281573 0.10973085 0.18219462 0.33333333]
val_loss=22.9657
accuracy
[0.08281573 0.10973085 0.18219462 0.33126294]
val_loss=22.9147
accuracy
[0.08281573 0.10973085 0.18219462 0.33126294]
val_loss=22.9238
accuracy
[0.08281573 0.10973085 0.18426501 0.33747412]
val_loss=23.1002
accuracy
[0.08281573 0.10973085 0.18219462 0.33333333]
val_loss=23.0877
accuracy
[0.08281573 0.10973085 0.18219462 0.33126294]
val_loss=23.1446
accuracy
[0.08281573 0.10973085 0.18219462 0.33126294]
val_loss=23.2277
accuracy
[0.08281573 0.10973085 0.18426501 0.33333333]
val_loss=23.2384
accuracy
[0.08281573 0.10973085 0.18219462 0.33333333]
val_loss=23.3168
accuracy
[0.08281573 0.10973085 0.18219462 0.32919255]
val_loss=23.2612
accuracy
[0.08281573 0.10973085 0.18219462 0.32919255]
val_loss=23.2779
accuracy
[0.08281573 0.10973085 0.18219462 0.32919255]
val_loss=23.2734
accuracy
[0.08281573 0.10973085 0.18219462 0.33126294]
val_loss=23.2934
accuracy
[0.08281573 0.10973085 0.18219462 0.32919255]
val_loss=23.3149
accuracy
[0.08281573 0.10973085 0.18219462 0.32919255]
val_loss=23.3265
accuracy
[0.08281573 0.10973085 0.18219462 0.33126294]
val_loss=23.3524
accuracy
[0.08281573 0.10973085 0.18219462 0.32919255]
val_loss=23.3526
accuracy
[0.08281573 0.10973085 0.18219462 0.33126294]
val_loss=23.3746
accuracy
[0.08281573 0.10973085 0.18219462 0.33126294]
val_loss=23.3928
accuracy
[0.08281573 0.10973085 0.18219462 0.33126294]
val_loss=23.3966
accuracy
[0.08281573 0.10973085 0.18219462 0.33126294]
val_loss=23.4251
accuracy
[0.08281573 0.10973085 0.18219462 0.33126294]
val_loss=23.4573
accuracy
[0.08281573 0.10973085 0.18219462 0.32919255]
val_loss=23.4532
accuracy
[0.08281573 0.10973085 0.18219462 0.32919255]
val_loss=23.4159
accuracy
[0.08281573 0.10973085 0.18219462 0.33333333]
val_loss=23.4638
accuracy
[0.08281573 0.10973085 0.18219462 0.32919255]
val_loss=23.5080
accuracy
[0.08281573 0.10973085 0.18219462 0.32919255]
val_loss=23.5035
accuracy
[0.08281573 0.10973085 0.18219462 0.32919255]
val_loss=23.5456
accuracy
[0.08281573 0.10973085 0.18219462 0.32919255]
Finished Training
    rehearsal replay buffer: 500 of 2059 source samples
cpu
Finished Training
cpu
Finished Training
cpu
Finished Training
cpu
Finished Training
cpu
Finished Training
cpu
Finished Training
cpu
Finished Training
cpu
Finished Training
cpu
Finished Training
cpu
Finished Training
cpu
Finished Training
cpu
Finished Training
cpu
Finished Training
cpu
Finished Training
cpu
Finished Training
cpu
Finished Training
cpu
Finished Training
cpu
Finished Training
cpu
Finished Training
cpu
Finished Training
cpu
Finished Training
cpu
Finished Training
  seed 4: pretrain on scenario33straight (2059 samples), zero-shot eval on scenario1 (483 held-out test samples)
cpu
-----------------------------------------------------------------------
      Layer (type)        Output Shape         Param #     Tr. Param #
=======================================================================
          Linear-1           [32, 256]           1,280           1,280
            ReLU-2           [32, 256]               0               0
          Linear-3           [32, 256]          65,792          65,792
          Linear-4           [32, 256]          65,792          65,792
          Linear-5            [32, 16]           4,112           4,112
=======================================================================
Total params: 136,976
Trainable params: 136,976
Non-trainable params: 0
-----------------------------------------------------------------------
val_loss=8.0966
accuracy
[0.06625259 0.13250518 0.19254658 0.31469979]
val_loss=10.9971
accuracy
[0.06625259 0.17391304 0.19254658 0.27950311]
val_loss=11.6751
accuracy
[0.06625259 0.13250518 0.19254658 0.26708075]
val_loss=10.7080
accuracy
[0.06625259 0.08695652 0.15320911 0.21325052]
val_loss=13.5469
accuracy
[0.06625259 0.13664596 0.15320911 0.21325052]
val_loss=16.4904
accuracy
[0.06625259 0.10766046 0.15320911 0.21118012]
val_loss=15.3800
accuracy
[0.06625259 0.13457557 0.15320911 0.31884058]
val_loss=13.7773
accuracy
[0.06625259 0.11180124 0.15320911 0.29813665]
val_loss=17.0747
accuracy
[0.06832298 0.08695652 0.15320911 0.30641822]
val_loss=17.5141
accuracy
[0.01863354 0.08695652 0.15320911 0.31884058]
val_loss=17.5914
accuracy
[0.06625259 0.08695652 0.1573499  0.31884058]
val_loss=19.1417
accuracy
[0.06625259 0.08695652 0.17391304 0.31884058]
val_loss=20.7287
accuracy
[0.06625259 0.14078675 0.16563147 0.31884058]
val_loss=17.2793
accuracy
[0.06625259 0.13457557 0.15320911 0.26708075]
val_loss=17.3245
accuracy
[0.06625259 0.0952381  0.15320911 0.31884058]
val_loss=17.6573
accuracy
[0.06625259 0.08488613 0.16356108 0.31884058]
val_loss=16.7747
accuracy
[0.06625259 0.08488613 0.15320911 0.29813665]
val_loss=18.2805
accuracy
[0.06625259 0.08695652 0.15320911 0.30641822]
val_loss=18.3351
accuracy
[0.06625259 0.08488613 0.16563147 0.31884058]
val_loss=19.4116
accuracy
[0.06625259 0.08695652 0.15320911 0.30641822]
val_loss=19.8579
accuracy
[0.06625259 0.08695652 0.15320911 0.29192547]
val_loss=20.1796
accuracy
[0.06625259 0.08695652 0.15320911 0.29813665]
val_loss=20.7338
accuracy
[0.06625259 0.08695652 0.1573499  0.27950311]
val_loss=20.7363
accuracy
[0.06625259 0.08695652 0.15942029 0.27950311]
val_loss=21.6865
accuracy
[0.06625259 0.08488613 0.16563147 0.27743271]
val_loss=21.6712
accuracy
[0.06625259 0.08695652 0.16356108 0.27329193]
val_loss=22.0139
accuracy
[0.06625259 0.08695652 0.16563147 0.27950311]
val_loss=22.3456
accuracy
[0.06625259 0.08695652 0.16770186 0.26915114]
val_loss=22.3836
accuracy
[0.06625259 0.08695652 0.16770186 0.26915114]
val_loss=22.7689
accuracy
[0.06625259 0.08902692 0.16770186 0.26915114]
val_loss=23.0343
accuracy
[0.06625259 0.08695652 0.16770186 0.26293996]
val_loss=22.8170
accuracy
[0.06625259 0.0952381  0.17598344 0.26293996]
val_loss=22.6100
accuracy
[0.06625259 0.0931677  0.17184265 0.26086957]
val_loss=23.0754
accuracy
[0.06625259 0.0931677  0.16977226 0.26086957]
val_loss=23.3360
accuracy
[0.06625259 0.09730849 0.16977226 0.26086957]
val_loss=23.3378
accuracy
[0.06625259 0.08902692 0.16770186 0.26086957]
val_loss=23.4582
accuracy
[0.06625259 0.08695652 0.16770186 0.26086957]
val_loss=23.3944
accuracy
[0.06625259 0.09730849 0.17805383 0.26086957]
val_loss=23.8281
accuracy
[0.06625259 0.08902692 0.16770186 0.26086957]
val_loss=23.8661
accuracy
[0.06625259 0.0931677  0.16770186 0.26086957]
val_loss=23.7395
accuracy
[0.06625259 0.0931677  0.16770186 0.26086957]
val_loss=23.9104
accuracy
[0.06625259 0.0931677  0.16770186 0.26086957]
val_loss=24.0453
accuracy
[0.06625259 0.0931677  0.16770186 0.26086957]
val_loss=24.1638
accuracy
[0.06625259 0.0931677  0.16770186 0.26086957]
val_loss=24.1750
accuracy
[0.06625259 0.0931677  0.16770186 0.26086957]
val_loss=24.1370
accuracy
[0.06625259 0.09730849 0.16977226 0.26086957]
val_loss=24.1781
accuracy
[0.06625259 0.09730849 0.17391304 0.26086957]
val_loss=24.1559
accuracy
[0.06625259 0.09730849 0.17598344 0.26086957]
val_loss=24.4608
accuracy
[0.06625259 0.0931677  0.16770186 0.26086957]
val_loss=24.3998
accuracy
[0.06625259 0.09730849 0.16977226 0.26086957]
val_loss=24.4447
accuracy
[0.06625259 0.09730849 0.16977226 0.26086957]
val_loss=24.5124
accuracy
[0.06625259 0.09730849 0.16977226 0.26086957]
val_loss=24.4663
accuracy
[0.06625259 0.09730849 0.17598344 0.26086957]
val_loss=24.7026
accuracy
[0.06625259 0.09730849 0.16977226 0.26086957]
val_loss=24.6699
accuracy
[0.06625259 0.09730849 0.16977226 0.26086957]
val_loss=24.7645
accuracy
[0.06625259 0.09730849 0.17598344 0.26086957]
val_loss=24.6556
accuracy
[0.06625259 0.09730849 0.17598344 0.26086957]
val_loss=24.7942
accuracy
[0.06625259 0.09730849 0.17598344 0.26086957]
val_loss=24.9747
accuracy
[0.06625259 0.09730849 0.16977226 0.26086957]
val_loss=24.9125
accuracy
[0.06625259 0.09730849 0.17598344 0.26086957]
val_loss=24.9621
accuracy
[0.06625259 0.09730849 0.16977226 0.26086957]
val_loss=24.9614
accuracy
[0.06625259 0.09730849 0.16977226 0.26086957]
val_loss=24.9806
accuracy
[0.06625259 0.09730849 0.16977226 0.26086957]
val_loss=24.9998
accuracy
[0.06625259 0.09730849 0.16977226 0.26086957]
val_loss=25.0266
accuracy
[0.06625259 0.09730849 0.16977226 0.26086957]
val_loss=24.9905
accuracy
[0.06625259 0.09730849 0.16977226 0.26086957]
val_loss=25.0496
accuracy
[0.06625259 0.09730849 0.16977226 0.26086957]
val_loss=25.0386
accuracy
[0.06625259 0.09730849 0.16977226 0.26086957]
val_loss=25.0743
accuracy
[0.06625259 0.09730849 0.16977226 0.26086957]
val_loss=25.0509
accuracy
[0.06625259 0.09730849 0.16977226 0.26086957]
val_loss=25.0879
accuracy
[0.06625259 0.09730849 0.16977226 0.26086957]
val_loss=25.0898
accuracy
[0.06625259 0.09730849 0.16977226 0.26086957]
val_loss=25.1064
accuracy
[0.06625259 0.09730849 0.16977226 0.26086957]
val_loss=25.1244
accuracy
[0.06625259 0.09730849 0.16977226 0.26086957]
val_loss=25.1236
accuracy
[0.06625259 0.09730849 0.16977226 0.26086957]
val_loss=25.1466
accuracy
[0.06625259 0.09730849 0.16977226 0.26086957]
val_loss=25.1522
accuracy
[0.06625259 0.09730849 0.16977226 0.26086957]
val_loss=25.1685
accuracy
[0.06625259 0.09730849 0.16977226 0.26086957]
val_loss=25.1787
accuracy
[0.06625259 0.09730849 0.16977226 0.26086957]
val_loss=25.2096
accuracy
[0.06625259 0.09730849 0.16977226 0.26086957]
Finished Training
    rehearsal replay buffer: 500 of 2059 source samples
cpu
Finished Training
cpu
Finished Training
cpu
Finished Training
cpu
Finished Training
cpu
Finished Training
cpu
Finished Training
cpu
Finished Training
cpu
Finished Training
cpu
Finished Training
cpu
Finished Training
cpu
Finished Training
cpu
Finished Training
cpu
Finished Training
cpu
Finished Training
cpu
Finished Training
cpu
Finished Training
cpu
Finished Training
cpu
Finished Training
cpu
Finished Training
cpu
Finished Training
cpu
Finished Training
cpu
Finished Training
  seed 5: pretrain on scenario33straight (2059 samples), zero-shot eval on scenario1 (483 held-out test samples)
cpu
-----------------------------------------------------------------------
      Layer (type)        Output Shape         Param #     Tr. Param #
=======================================================================
          Linear-1           [32, 256]           1,280           1,280
            ReLU-2           [32, 256]               0               0
          Linear-3           [32, 256]          65,792          65,792
          Linear-4           [32, 256]          65,792          65,792
          Linear-5            [32, 16]           4,112           4,112
=======================================================================
Total params: 136,976
Trainable params: 136,976
Non-trainable params: 0
-----------------------------------------------------------------------
val_loss=9.9589
accuracy
[0.08902692 0.14699793 0.20289855 0.32712215]
val_loss=10.8302
accuracy
[0.08902692 0.16563147 0.22153209 0.31677019]
val_loss=17.4415
accuracy
[0.07867495 0.13457557 0.22360248 0.32919255]
val_loss=18.0497
accuracy
[0.08902692 0.1242236  0.20082816 0.33540373]
val_loss=16.9309
accuracy
[0.08902692 0.1242236  0.20082816 0.37060041]
val_loss=16.0759
accuracy
[0.08902692 0.1242236  0.20289855 0.3126294 ]
val_loss=15.4639
accuracy
[0.08902692 0.1242236  0.20082816 0.26501035]
val_loss=19.8126
accuracy
[0.08902692 0.16563147 0.20082816 0.25672878]
val_loss=16.5369
accuracy
[0.08902692 0.16563147 0.20289855 0.28778468]
val_loss=19.4052
accuracy
[0.08902692 0.1242236  0.20289855 0.26293996]
val_loss=17.3079
accuracy
[0.08902692 0.16563147 0.20082816 0.25672878]
val_loss=18.1244
accuracy
[0.08902692 0.1242236  0.20082816 0.26086957]
val_loss=19.4848
accuracy
[0.08902692 0.1242236  0.20082816 0.25879917]
val_loss=14.9950
accuracy
[0.08902692 0.1242236  0.20082816 0.26086957]
val_loss=19.5675
accuracy
[0.08902692 0.1242236  0.20082816 0.25672878]
val_loss=18.5747
accuracy
[0.08902692 0.1242236  0.20082816 0.25672878]
val_loss=16.8044
accuracy
[0.08902692 0.15320911 0.20082816 0.26293996]
val_loss=19.9109
accuracy
[0.08902692 0.16563147 0.20082816 0.26086957]
val_loss=14.7485
accuracy
[0.08902692 0.1242236  0.20082816 0.26086957]
val_loss=17.1106
accuracy
[0.08902692 0.1242236  0.20703934 0.27536232]
val_loss=18.0308
accuracy
[0.08902692 0.1242236  0.20289855 0.26086957]
val_loss=18.6706
accuracy
[0.08902692 0.1242236  0.20496894 0.26086957]
val_loss=19.2278
accuracy
[0.08902692 0.1242236  0.20289855 0.26086957]
val_loss=19.5431
accuracy
[0.08902692 0.1242236  0.20289855 0.26293996]
val_loss=20.7993
accuracy
[0.08902692 0.1242236  0.20082816 0.25879917]
val_loss=20.5104
accuracy
[0.08902692 0.1242236  0.20289855 0.26086957]
val_loss=21.0060
accuracy
[0.08902692 0.1242236  0.20082816 0.26086957]
val_loss=21.0594
accuracy
[0.08902692 0.1242236  0.20289855 0.26086957]
val_loss=21.4882
accuracy
[0.08902692 0.1242236  0.20082816 0.26086957]
val_loss=21.1180
accuracy
[0.08902692 0.1242236  0.20496894 0.26708075]
val_loss=22.1500
accuracy
[0.08902692 0.1242236  0.20082816 0.26086957]
val_loss=22.3223
accuracy
[0.08902692 0.1242236  0.20082816 0.25879917]
val_loss=22.5891
accuracy
[0.08902692 0.1242236  0.20082816 0.25879917]
val_loss=22.3385
accuracy
[0.08902692 0.1242236  0.20289855 0.26086957]
val_loss=22.6128
accuracy
[0.08902692 0.1242236  0.20082816 0.25879917]
val_loss=23.3698
accuracy
[0.08902692 0.1242236  0.20082816 0.25879917]
val_loss=23.0736
accuracy
[0.08902692 0.1242236  0.20082816 0.25879917]
val_loss=22.9867
accuracy
[0.08902692 0.1242236  0.20082816 0.25879917]
val_loss=22.7010
accuracy
[0.08902692 0.1242236  0.20289855 0.26086957]
val_loss=22.3614
accuracy
[0.08902692 0.1242236  0.20082816 0.26086957]
val_loss=22.7803
accuracy
[0.08902692 0.1242236  0.20082816 0.26086957]
val_loss=23.0457
accuracy
[0.08902692 0.1242236  0.20082816 0.25879917]
val_loss=23.1046
accuracy
[0.08902692 0.1242236  0.20082816 0.25879917]
val_loss=22.9854
accuracy
[0.08902692 0.1242236  0.20082816 0.26086957]
val_loss=23.1663
accuracy
[0.08902692 0.1242236  0.20082816 0.26086957]
val_loss=23.1706
accuracy
[0.08902692 0.1242236  0.20082816 0.26086957]
val_loss=23.2635
accuracy
[0.08902692 0.1242236  0.20082816 0.26086957]
val_loss=23.3673
accuracy
[0.08902692 0.1242236  0.20082816 0.26086957]
val_loss=23.5510
accuracy
[0.08902692 0.1242236  0.20082816 0.25879917]
val_loss=23.3571
accuracy
[0.08902692 0.1242236  0.20082816 0.26086957]
val_loss=23.5539
accuracy
[0.08902692 0.1242236  0.20082816 0.25879917]
val_loss=23.4195
accuracy
[0.08902692 0.1242236  0.20082816 0.26086957]
val_loss=23.6349
accuracy
[0.08902692 0.1242236  0.20082816 0.26086957]
val_loss=23.7026
accuracy
[0.08902692 0.1242236  0.20082816 0.26086957]
val_loss=23.8158
accuracy
[0.08902692 0.1242236  0.20082816 0.25879917]
val_loss=23.7180
accuracy
[0.08902692 0.1242236  0.20082816 0.25879917]
val_loss=23.7426
accuracy
[0.08902692 0.1242236  0.20082816 0.26086957]
val_loss=23.7750
accuracy
[0.08902692 0.1242236  0.20082816 0.26086957]
val_loss=23.6385
accuracy
[0.08902692 0.1242236  0.20082816 0.26086957]
val_loss=23.7006
accuracy
[0.08902692 0.1242236  0.20082816 0.26086957]
val_loss=23.7549
accuracy
[0.08902692 0.1242236  0.20082816 0.26086957]
val_loss=23.8257
accuracy
[0.08902692 0.1242236  0.20082816 0.26086957]
val_loss=23.8380
accuracy
[0.08902692 0.1242236  0.20082816 0.26086957]
val_loss=23.8867
accuracy
[0.08902692 0.1242236  0.20082816 0.26086957]
val_loss=23.8470
accuracy
[0.08902692 0.1242236  0.20082816 0.26086957]
val_loss=23.8594
accuracy
[0.08902692 0.1242236  0.20082816 0.26086957]
val_loss=23.8823
accuracy
[0.08902692 0.1242236  0.20082816 0.26086957]
val_loss=23.8948
accuracy
[0.08902692 0.1242236  0.20082816 0.26086957]
val_loss=23.9158
accuracy
[0.08902692 0.1242236  0.20082816 0.26086957]
val_loss=23.9178
accuracy
[0.08902692 0.1242236  0.20082816 0.26086957]
val_loss=23.9475
accuracy
[0.08902692 0.1242236  0.20082816 0.26086957]
val_loss=23.9646
accuracy
[0.08902692 0.1242236  0.20082816 0.26086957]
val_loss=23.9575
accuracy
[0.08902692 0.1242236  0.20082816 0.26086957]
val_loss=23.9453
accuracy
[0.08902692 0.1242236  0.20082816 0.26086957]
val_loss=23.9636
accuracy
[0.08902692 0.1242236  0.20082816 0.26086957]
val_loss=23.9750
accuracy
[0.08902692 0.1242236  0.20082816 0.26086957]
val_loss=24.0168
accuracy
[0.08902692 0.1242236  0.20082816 0.26086957]
val_loss=24.0276
accuracy
[0.08902692 0.1242236  0.20082816 0.26086957]
val_loss=24.0214
accuracy
[0.08902692 0.1242236  0.20082816 0.26086957]
val_loss=23.9849
accuracy
[0.08902692 0.1242236  0.20082816 0.26086957]
Finished Training
    rehearsal replay buffer: 500 of 2059 source samples
cpu
Finished Training
cpu
Finished Training
cpu
Finished Training
cpu
Finished Training
cpu
Finished Training
cpu
Finished Training
cpu
Finished Training
cpu
Finished Training
cpu
Finished Training
cpu
Finished Training
cpu
Finished Training
cpu
Finished Training
cpu
Finished Training
cpu
Finished Training
cpu
Finished Training
cpu
Finished Training
cpu
Finished Training
cpu
Finished Training
cpu
Finished Training
cpu
Finished Training
cpu
Finished Training
cpu
Finished Training
  seed 6: pretrain on scenario33straight (2059 samples), zero-shot eval on scenario1 (483 held-out test samples)
cpu
-----------------------------------------------------------------------
      Layer (type)        Output Shape         Param #     Tr. Param #
=======================================================================
          Linear-1           [32, 256]           1,280           1,280
            ReLU-2           [32, 256]               0               0
          Linear-3           [32, 256]          65,792          65,792
          Linear-4           [32, 256]          65,792          65,792
          Linear-5            [32, 16]           4,112           4,112
=======================================================================
Total params: 136,976
Trainable params: 136,976
Non-trainable params: 0
-----------------------------------------------------------------------
val_loss=7.1639
accuracy
[0.07660455 0.19461698 0.19461698 0.31677019]
val_loss=10.4247
accuracy
[0.08902692 0.15320911 0.22360248 0.3126294 ]
val_loss=11.3237
accuracy
[0.08902692 0.15320911 0.21118012 0.32712215]
val_loss=12.7081
accuracy
[0.06418219 0.15320911 0.21118012 0.27950311]
val_loss=14.0727
accuracy
[0.08902692 0.15320911 0.18219462 0.24016563]
val_loss=13.8491
accuracy
[0.08902692 0.15320911 0.18426501 0.27536232]
val_loss=12.9855
accuracy
[0.06418219 0.0931677  0.18219462 0.25672878]
val_loss=14.1092
accuracy
[0.08902692 0.15320911 0.1863354  0.2505176 ]
val_loss=16.2412
accuracy
[0.08902692 0.15320911 0.18219462 0.3436853 ]
val_loss=13.4806
accuracy
[0.08902692 0.12836439 0.18219462 0.36645963]
val_loss=14.3867
accuracy
[0.08902692 0.15320911 0.18219462 0.35196687]
val_loss=16.1671
accuracy
[0.08902692 0.11801242 0.18219462 0.36645963]
val_loss=17.1644
accuracy
[0.08902692 0.15320911 0.18219462 0.35817805]
val_loss=14.1741
accuracy
[0.08902692 0.15320911 0.18219462 0.36645963]
val_loss=15.4416
accuracy
[0.08902692 0.15320911 0.18219462 0.35403727]
val_loss=16.6155
accuracy
[0.08902692 0.11801242 0.1863354  0.3747412 ]
val_loss=15.9412
accuracy
[0.08902692 0.11801242 0.18219462 0.33747412]
val_loss=16.6279
accuracy
[0.08902692 0.11801242 0.19047619 0.37681159]
val_loss=15.0486
accuracy
[0.08902692 0.126294   0.18219462 0.35817805]
val_loss=15.6657
accuracy
[0.08902692 0.11801242 0.18219462 0.36024845]
val_loss=16.7192
accuracy
[0.08902692 0.11801242 0.18219462 0.35817805]
val_loss=17.3779
accuracy
[0.08902692 0.11801242 0.18219462 0.36231884]
val_loss=17.7234
accuracy
[0.08902692 0.11801242 0.18219462 0.36645963]
val_loss=18.0920
accuracy
[0.08902692 0.11801242 0.18426501 0.36645963]
val_loss=19.0010
accuracy
[0.08902692 0.11801242 0.18219462 0.36231884]
val_loss=19.2554
accuracy
[0.08902692 0.11801242 0.18426501 0.36231884]
val_loss=19.6741
accuracy
[0.08902692 0.11801242 0.1863354  0.36645963]
val_loss=19.6702
accuracy
[0.08902692 0.11801242 0.18426501 0.36645963]
val_loss=20.1095
accuracy
[0.08902692 0.11801242 0.1863354  0.36231884]
val_loss=20.4499
accuracy
[0.08902692 0.11801242 0.1863354  0.36024845]
val_loss=20.5620
accuracy
[0.08902692 0.11801242 0.1884058  0.36231884]
val_loss=21.0599
accuracy
[0.08902692 0.11801242 0.1884058  0.36231884]
val_loss=20.3009
accuracy
[0.08902692 0.11801242 0.1884058  0.36645963]
val_loss=21.0918
accuracy
[0.08902692 0.11801242 0.1884058  0.36438923]
val_loss=21.0045
accuracy
[0.08902692 0.11801242 0.19047619 0.36645963]
val_loss=21.0737
accuracy
[0.08902692 0.11801242 0.19047619 0.36024845]
val_loss=21.6416
accuracy
[0.08902692 0.11801242 0.1884058  0.36231884]
val_loss=21.6983
accuracy
[0.08902692 0.11801242 0.1884058  0.35817805]
val_loss=21.6030
accuracy
[0.08902692 0.11801242 0.19047619 0.35817805]
val_loss=21.8133
accuracy
[0.08902692 0.11801242 0.19047619 0.35817805]
val_loss=21.5876
accuracy
[0.08902692 0.11801242 0.19047619 0.36231884]
val_loss=21.5959
accuracy
[0.08902692 0.11801242 0.19047619 0.36231884]
val_loss=21.6853
accuracy
[0.08902692 0.11801242 0.19047619 0.36231884]
val_loss=21.6003
accuracy
[0.08902692 0.11801242 0.1884058  0.36231884]
val_loss=21.6747
accuracy
[0.08902692 0.11801242 0.1884058  0.36231884]
val_loss=21.6766
accuracy
[0.08902692 0.11801242 0.1884058  0.36438923]
val_loss=21.8750
accuracy
[0.08902692 0.11801242 0.1884058  0.36231884]
val_loss=21.9773
accuracy
[0.08902692 0.11801242 0.19047619 0.36231884]
val_loss=21.8528
accuracy
[0.08902692 0.11801242 0.1884058  0.36231884]
val_loss=21.9659
accuracy
[0.08902692 0.11801242 0.1884058  0.36231884]
val_loss=21.9048
accuracy
[0.08902692 0.11801242 0.19047619 0.36231884]
val_loss=22.1085
accuracy
[0.08902692 0.11801242 0.1884058  0.36231884]
val_loss=21.9543
accuracy
[0.08902692 0.11801242 0.19047619 0.36231884]
val_loss=22.0975
accuracy
[0.08902692 0.11801242 0.1884058  0.36231884]
val_loss=22.4409
accuracy
[0.08902692 0.11801242 0.19047619 0.36024845]
val_loss=22.2925
accuracy
[0.08902692 0.11801242 0.1884058  0.36024845]
val_loss=22.3069
accuracy
[0.08902692 0.11801242 0.1884058  0.36231884]
val_loss=22.3355
accuracy
[0.08902692 0.11801242 0.1884058  0.36231884]
val_loss=22.4305
accuracy
[0.08902692 0.11801242 0.1884058  0.36231884]
val_loss=22.4395
accuracy
[0.08902692 0.11801242 0.1884058  0.36231884]
val_loss=22.4835
accuracy
[0.08902692 0.11801242 0.1884058  0.36231884]
val_loss=22.4538
accuracy
[0.08902692 0.11801242 0.1884058  0.36231884]
val_loss=22.4942
accuracy
[0.08902692 0.11801242 0.1884058  0.36231884]
val_loss=22.5507
accuracy
[0.08902692 0.11801242 0.1884058  0.36231884]
val_loss=22.5128
accuracy
[0.08902692 0.11801242 0.1884058  0.36231884]
val_loss=22.5151
accuracy
[0.08902692 0.11801242 0.1884058  0.36231884]
val_loss=22.5019
accuracy
[0.08902692 0.11801242 0.1884058  0.36231884]
val_loss=22.5136
accuracy
[0.08902692 0.11801242 0.1884058  0.36231884]
val_loss=22.5745
accuracy
[0.08902692 0.11801242 0.1884058  0.36231884]
val_loss=22.5397
accuracy
[0.08902692 0.11801242 0.1884058  0.36231884]
val_loss=22.5688
accuracy
[0.08902692 0.11801242 0.1884058  0.36231884]
val_loss=22.5333
accuracy
[0.08902692 0.11801242 0.1884058  0.36231884]
val_loss=22.5917
accuracy
[0.08902692 0.11801242 0.1884058  0.36231884]
val_loss=22.6370
accuracy
[0.08902692 0.11801242 0.1884058  0.36231884]
val_loss=22.5831
accuracy
[0.08902692 0.11801242 0.1884058  0.36231884]
val_loss=22.6175
accuracy
[0.08902692 0.11801242 0.1884058  0.36231884]
val_loss=22.6719
accuracy
[0.08902692 0.11801242 0.1884058  0.36231884]
val_loss=22.6602
accuracy
[0.08902692 0.11801242 0.1884058  0.36231884]
val_loss=22.6932
accuracy
[0.08902692 0.11801242 0.1884058  0.36231884]
val_loss=22.6519
accuracy
[0.08902692 0.11801242 0.1884058  0.36231884]
Finished Training
    rehearsal replay buffer: 500 of 2059 source samples
cpu
Finished Training
cpu
Finished Training
cpu
Finished Training
cpu
Finished Training
cpu
Finished Training
cpu
Finished Training
cpu
Finished Training
cpu
Finished Training
cpu
Finished Training
cpu
Finished Training
cpu
Finished Training
cpu
Finished Training
cpu
Finished Training
cpu
Finished Training
cpu
Finished Training
cpu
Finished Training
cpu
Finished Training
cpu
Finished Training
cpu
Finished Training
cpu
Finished Training
cpu
Finished Training
cpu
Finished Training
  seed 7: pretrain on scenario33straight (2059 samples), zero-shot eval on scenario1 (483 held-out test samples)
cpu
-----------------------------------------------------------------------
      Layer (type)        Output Shape         Param #     Tr. Param #
=======================================================================
          Linear-1           [32, 256]           1,280           1,280
            ReLU-2           [32, 256]               0               0
          Linear-3           [32, 256]          65,792          65,792
          Linear-4           [32, 256]          65,792          65,792
          Linear-5            [32, 16]           4,112           4,112
=======================================================================
Total params: 136,976
Trainable params: 136,976
Non-trainable params: 0
-----------------------------------------------------------------------
val_loss=8.5980
accuracy
[0.08074534 0.1242236  0.20289855 0.31884058]
val_loss=12.1569
accuracy
[0.08074534 0.15942029 0.20289855 0.28985507]
val_loss=14.2465
accuracy
[0.08074534 0.15942029 0.20289855 0.35610766]
val_loss=15.6680
accuracy
[0.08074534 0.1242236  0.20289855 0.31055901]
val_loss=14.9326
accuracy
[0.08074534 0.15942029 0.18426501 0.32505176]
val_loss=16.8872
accuracy
[0.08074534 0.15942029 0.19668737 0.30848861]
val_loss=15.9647
accuracy
[0.08074534 0.15942029 0.20289855 0.31677019]
val_loss=18.4702
accuracy
[0.08074534 0.15942029 0.18219462 0.30641822]
val_loss=16.6166
accuracy
[0.08074534 0.15942029 0.1884058  0.32505176]
val_loss=17.4423
accuracy
[0.08074534 0.10351967 0.18426501 0.31884058]
val_loss=16.6653
accuracy
[0.08074534 0.15942029 0.18426501 0.33954451]
val_loss=16.4810
accuracy
[0.08074534 0.10351967 0.20703934 0.32712215]
val_loss=18.5521
accuracy
[0.08074534 0.15942029 0.19047619 0.32505176]
val_loss=18.7191
accuracy
[0.08074534 0.10351967 0.20496894 0.32505176]
val_loss=18.5084
accuracy
[0.08074534 0.1573499  0.22153209 0.32505176]
val_loss=20.5727
accuracy
[0.08074534 0.10351967 0.20496894 0.32505176]
val_loss=19.2620
accuracy
[0.08074534 0.10351967 0.20082816 0.32505176]
val_loss=19.9153
accuracy
[0.08074534 0.10351967 0.1863354  0.32919255]
val_loss=15.7771
accuracy
[0.08074534 0.10351967 0.18426501 0.32505176]
val_loss=18.5582
accuracy
[0.08074534 0.15942029 0.19461698 0.32505176]
val_loss=19.3882
accuracy
[0.08074534 0.10351967 0.19461698 0.32505176]
val_loss=20.1181
accuracy
[0.08074534 0.10559006 0.20289855 0.32505176]
val_loss=20.9804
accuracy
[0.08074534 0.10351967 0.20289855 0.32505176]
val_loss=20.9729
accuracy
[0.08074534 0.10559006 0.20496894 0.32505176]
val_loss=21.5477
accuracy
[0.08074534 0.10351967 0.20289855 0.32505176]
val_loss=22.1338
accuracy
[0.08074534 0.10559006 0.20496894 0.32505176]
val_loss=22.5265
accuracy
[0.08074534 0.10973085 0.20703934 0.32505176]
val_loss=22.7167
accuracy
[0.08074534 0.11801242 0.20289855 0.32505176]
val_loss=23.4541
accuracy
[0.08074534 0.11594203 0.20496894 0.32505176]
val_loss=23.5811
accuracy
[0.08074534 0.11180124 0.20496894 0.32505176]
val_loss=23.9411
accuracy
[0.08074534 0.11801242 0.20496894 0.32505176]
val_loss=23.8271
accuracy
[0.08074534 0.10766046 0.20496894 0.32505176]
val_loss=23.2620
accuracy
[0.08074534 0.11801242 0.20703934 0.32505176]
val_loss=24.0184
accuracy
[0.08074534 0.10766046 0.20496894 0.32505176]
val_loss=24.3869
accuracy
[0.08074534 0.11387164 0.20289855 0.30848861]
val_loss=24.2970
accuracy
[0.08074534 0.12008282 0.20703934 0.32505176]
val_loss=24.7103
accuracy
[0.08074534 0.12008282 0.20496894 0.32505176]
val_loss=24.0604
accuracy
[0.08074534 0.11387164 0.20496894 0.32505176]
val_loss=24.0554
accuracy
[0.08074534 0.12215321 0.20910973 0.31055901]
val_loss=24.7262
accuracy
[0.08074534 0.10973085 0.20703934 0.32298137]
val_loss=24.6327
accuracy
[0.08074534 0.11387164 0.20703934 0.32298137]
val_loss=24.8215
accuracy
[0.08074534 0.11801242 0.20703934 0.32298137]
val_loss=24.9684
accuracy
[0.08074534 0.11801242 0.20703934 0.32505176]
val_loss=24.9132
accuracy
[0.08074534 0.11801242 0.20703934 0.32298137]
val_loss=25.1515
accuracy
[0.08074534 0.11801242 0.20703934 0.32505176]
val_loss=25.1361
accuracy
[0.08074534 0.11801242 0.20703934 0.32505176]
val_loss=25.2530
accuracy
[0.08074534 0.11801242 0.20703934 0.32505176]
val_loss=25.1657
accuracy
[0.08074534 0.12008282 0.20703934 0.32298137]
val_loss=25.2981
accuracy
[0.08074534 0.11801242 0.20703934 0.32298137]
val_loss=25.4161
accuracy
[0.08074534 0.11801242 0.20703934 0.31884058]
val_loss=25.4927
accuracy
[0.08074534 0.12008282 0.20703934 0.32298137]
val_loss=25.5581
accuracy
[0.08074534 0.11801242 0.20703934 0.32505176]
val_loss=25.6137
accuracy
[0.08074534 0.11801242 0.20703934 0.32505176]
val_loss=25.4824
accuracy
[0.08074534 0.11801242 0.20703934 0.31677019]
val_loss=25.7150
accuracy
[0.08074534 0.12008282 0.20703934 0.32298137]
val_loss=25.5923
accuracy
[0.08074534 0.12008282 0.20703934 0.31055901]
val_loss=25.8441
accuracy
[0.08074534 0.12008282 0.20703934 0.31055901]
val_loss=25.7202
accuracy
[0.08074534 0.12008282 0.20703934 0.31055901]
val_loss=25.8323
accuracy
[0.08074534 0.12008282 0.20703934 0.3126294 ]
val_loss=25.9141
accuracy
[0.08074534 0.12008282 0.20703934 0.31055901]
val_loss=25.9847
accuracy
[0.08074534 0.12008282 0.20703934 0.31055901]
val_loss=26.0321
accuracy
[0.08074534 0.12008282 0.20703934 0.31055901]
val_loss=26.0057
accuracy
[0.08074534 0.12008282 0.20703934 0.31055901]
val_loss=26.0480
accuracy
[0.08074534 0.12008282 0.20703934 0.31055901]
val_loss=26.0930
accuracy
[0.08074534 0.12008282 0.20703934 0.31469979]
val_loss=26.0602
accuracy
[0.08074534 0.12008282 0.20703934 0.31055901]
val_loss=26.0832
accuracy
[0.08074534 0.12008282 0.20703934 0.31055901]
val_loss=26.1436
accuracy
[0.08074534 0.12008282 0.20703934 0.3126294 ]
val_loss=26.1287
accuracy
[0.08074534 0.12008282 0.20703934 0.31469979]
val_loss=26.1754
accuracy
[0.08074534 0.12008282 0.20703934 0.31469979]
val_loss=26.1515
accuracy
[0.08074534 0.12008282 0.20703934 0.3126294 ]
val_loss=26.1503
accuracy
[0.08074534 0.12008282 0.20703934 0.3126294 ]
val_loss=26.1759
accuracy
[0.08074534 0.12008282 0.20703934 0.31055901]
val_loss=26.2176
accuracy
[0.08074534 0.12008282 0.20703934 0.3126294 ]
val_loss=26.2300
accuracy
[0.08074534 0.12008282 0.20703934 0.31469979]
val_loss=26.2281
accuracy
[0.08074534 0.12008282 0.20703934 0.3126294 ]
val_loss=26.2234
accuracy
[0.08074534 0.12008282 0.20703934 0.31055901]
val_loss=26.2507
accuracy
[0.08074534 0.12008282 0.20703934 0.31055901]
val_loss=26.2724
accuracy
[0.08074534 0.12008282 0.20703934 0.31677019]
val_loss=26.3014
accuracy
[0.08074534 0.12008282 0.20703934 0.31677019]
Finished Training
    rehearsal replay buffer: 500 of 2059 source samples
cpu
Finished Training
cpu
Finished Training
cpu
Finished Training
cpu
Finished Training
cpu
Finished Training
cpu
Finished Training
cpu
Finished Training
cpu
Finished Training
cpu
Finished Training
cpu
Finished Training
cpu
Finished Training
cpu
Finished Training
cpu
Finished Training
cpu
Finished Training
cpu
Finished Training
cpu
Finished Training
cpu
Finished Training
cpu
Finished Training
cpu
Finished Training
cpu
Finished Training
cpu
Finished Training
cpu
Finished Training
  seed 8: pretrain on scenario33straight (2059 samples), zero-shot eval on scenario1 (483 held-out test samples)
cpu
-----------------------------------------------------------------------
      Layer (type)        Output Shape         Param #     Tr. Param #
=======================================================================
          Linear-1           [32, 256]           1,280           1,280
            ReLU-2           [32, 256]               0               0
          Linear-3           [32, 256]          65,792          65,792
          Linear-4           [32, 256]          65,792          65,792
          Linear-5            [32, 16]           4,112           4,112
=======================================================================
Total params: 136,976
Trainable params: 136,976
Non-trainable params: 0
-----------------------------------------------------------------------
val_loss=6.6023
accuracy
[0.08695652 0.14078675 0.20703934 0.33747412]
val_loss=8.8812
accuracy
[0.08695652 0.16356108 0.2173913  0.33747412]
val_loss=8.7160
accuracy
[0.07660455 0.16356108 0.2173913  0.37060041]
val_loss=11.2248
accuracy
[0.07660455 0.16356108 0.2173913  0.32091097]
val_loss=12.2324
accuracy
[0.07660455 0.16356108 0.24016563 0.2484472 ]
val_loss=11.3123
accuracy
[0.07660455 0.16356108 0.19461698 0.25672878]
val_loss=12.4567
accuracy
[0.07660455 0.16356108 0.19461698 0.27536232]
val_loss=14.3073
accuracy
[0.07660455 0.16356108 0.19461698 0.28571429]
val_loss=10.9561
accuracy
[0.07660455 0.16356108 0.19668737 0.38095238]
val_loss=14.4926
accuracy
[0.07660455 0.18219462 0.19461698 0.26915114]
val_loss=14.2361
accuracy
[0.07660455 0.16356108 0.19461698 0.33540373]
val_loss=14.9037
accuracy
[0.07660455 0.16356108 0.19668737 0.33747412]
val_loss=16.2865
accuracy
[0.07660455 0.18426501 0.19461698 0.26293996]
val_loss=15.7331
accuracy
[0.07660455 0.10766046 0.2194617  0.3747412 ]
val_loss=14.0290
accuracy
[0.07660455 0.16356108 0.19461698 0.33747412]
val_loss=15.2505
accuracy
[0.07660455 0.10766046 0.19875776 0.40165631]
val_loss=17.4450
accuracy
[0.07660455 0.16356108 0.19461698 0.37060041]
val_loss=16.4716
accuracy
[0.07660455 0.10766046 0.19668737 0.32919255]
val_loss=16.4070
accuracy
[0.07660455 0.10766046 0.19461698 0.36231884]
val_loss=16.6592
accuracy
[0.07660455 0.10766046 0.19668737 0.37681159]
val_loss=17.6109
accuracy
[0.07660455 0.10766046 0.19668737 0.3747412 ]
val_loss=18.6276
accuracy
[0.07660455 0.10766046 0.19668737 0.34575569]
val_loss=18.5523
accuracy
[0.07660455 0.10766046 0.19668737 0.38716356]
val_loss=19.3910
accuracy
[0.07660455 0.10766046 0.19668737 0.36024845]
val_loss=19.9017
accuracy
[0.07660455 0.10766046 0.19875776 0.32505176]
val_loss=20.4217
accuracy
[0.07660455 0.10766046 0.19875776 0.32091097]
val_loss=20.1344
accuracy
[0.07660455 0.10766046 0.19875776 0.33333333]
val_loss=20.4258
accuracy
[0.07660455 0.10766046 0.19668737 0.32919255]
val_loss=20.5268
accuracy
[0.07660455 0.10766046 0.19875776 0.32505176]
val_loss=20.6857
accuracy
[0.07660455 0.10766046 0.19875776 0.32919255]
val_loss=20.2665
accuracy
[0.07660455 0.10766046 0.20703934 0.33333333]
val_loss=21.1180
accuracy
[0.07660455 0.10766046 0.19875776 0.32505176]
val_loss=21.1991
accuracy
[0.07660455 0.10766046 0.19875776 0.32505176]
val_loss=20.9915
accuracy
[0.07660455 0.10766046 0.19875776 0.32505176]
val_loss=20.5490
accuracy
[0.07660455 0.10766046 0.21532091 0.33126294]
val_loss=21.5392
accuracy
[0.07660455 0.10766046 0.20082816 0.32505176]
val_loss=21.2185
accuracy
[0.07660455 0.10766046 0.21118012 0.32919255]
val_loss=21.6367
accuracy
[0.07660455 0.10766046 0.19875776 0.32505176]
val_loss=22.2831
accuracy
[0.07660455 0.10766046 0.19668737 0.32091097]
val_loss=21.3322
accuracy
[0.07660455 0.10766046 0.21118012 0.33126294]
val_loss=21.6335
accuracy
[0.07660455 0.10766046 0.20082816 0.32505176]
val_loss=21.5785
accuracy
[0.07660455 0.10766046 0.20082816 0.32505176]
val_loss=21.8003
accuracy
[0.07660455 0.10766046 0.20082816 0.32505176]
val_loss=21.7479
accuracy
[0.07660455 0.10766046 0.20082816 0.32505176]
val_loss=21.8836
accuracy
[0.07660455 0.10766046 0.20082816 0.32505176]
val_loss=21.9967
accuracy
[0.07660455 0.10766046 0.20082816 0.32505176]
val_loss=21.9244
accuracy
[0.07660455 0.10766046 0.20082816 0.32505176]
val_loss=21.8956
accuracy
[0.07660455 0.10766046 0.20082816 0.32505176]
val_loss=22.0554
accuracy
[0.07660455 0.10766046 0.20082816 0.32505176]
val_loss=22.4293
accuracy
[0.07660455 0.10766046 0.20082816 0.32091097]
val_loss=22.1883
accuracy
[0.07660455 0.10766046 0.20082816 0.32505176]
val_loss=22.3902
accuracy
[0.07660455 0.10766046 0.20082816 0.32505176]
val_loss=22.3708
accuracy
[0.07660455 0.10766046 0.20082816 0.32091097]
val_loss=22.3168
accuracy
[0.07660455 0.10766046 0.20289855 0.32505176]
val_loss=22.1831
accuracy
[0.07660455 0.10766046 0.20496894 0.32712215]
val_loss=22.3640
accuracy
[0.07660455 0.10766046 0.20082816 0.32505176]
val_loss=22.5300
accuracy
[0.07660455 0.10766046 0.20082816 0.32505176]
val_loss=22.4576
accuracy
[0.07660455 0.10766046 0.20703934 0.32298137]
val_loss=22.5113
accuracy
[0.07660455 0.10766046 0.20082816 0.32505176]
val_loss=22.4679
accuracy
[0.07660455 0.10766046 0.20082816 0.32505176]
val_loss=22.5239
accuracy
[0.07660455 0.10766046 0.20082816 0.32505176]
val_loss=22.5653
accuracy
[0.07660455 0.10766046 0.20082816 0.32505176]
val_loss=22.5604
accuracy
[0.07660455 0.10766046 0.20082816 0.32505176]
val_loss=22.6203
accuracy
[0.07660455 0.10766046 0.20082816 0.32505176]
val_loss=22.5995
accuracy
[0.07660455 0.10766046 0.20082816 0.32505176]
val_loss=22.6032
accuracy
[0.07660455 0.10766046 0.20289855 0.32505176]
val_loss=22.6109
accuracy
[0.07660455 0.10766046 0.20289855 0.32505176]
val_loss=22.6139
accuracy
[0.07660455 0.10766046 0.20289855 0.32505176]
val_loss=22.6150
accuracy
[0.07660455 0.10766046 0.20289855 0.32505176]
val_loss=22.6449
accuracy
[0.07660455 0.10766046 0.20082816 0.32505176]
val_loss=22.6854
accuracy
[0.07660455 0.10766046 0.20082816 0.32505176]
val_loss=22.6666
accuracy
[0.07660455 0.10766046 0.20289855 0.32505176]
val_loss=22.6790
accuracy
[0.07660455 0.10766046 0.20289855 0.32505176]
val_loss=22.6982
accuracy
[0.07660455 0.10766046 0.20082816 0.32505176]
val_loss=22.6894
accuracy
[0.07660455 0.10766046 0.20289855 0.32505176]
val_loss=22.7413
accuracy
[0.07660455 0.10766046 0.20289855 0.32505176]
val_loss=22.7275
accuracy
[0.07660455 0.10766046 0.20289855 0.32505176]
val_loss=22.7636
accuracy
[0.07660455 0.10766046 0.20082816 0.32505176]
val_loss=22.7508
accuracy
[0.07660455 0.10766046 0.20289855 0.32505176]
val_loss=22.7933
accuracy
[0.07660455 0.10766046 0.20082816 0.32505176]
Finished Training
    rehearsal replay buffer: 500 of 2059 source samples
cpu
Finished Training
cpu
Finished Training
cpu
Finished Training
cpu
Finished Training
cpu
Finished Training
cpu
Finished Training
cpu
Finished Training
cpu
Finished Training
cpu
Finished Training
cpu
Finished Training
cpu
Finished Training
cpu
Finished Training
cpu
Finished Training
cpu
Finished Training
cpu
Finished Training
cpu
Finished Training
cpu
Finished Training
cpu
Finished Training
cpu
Finished Training
cpu
Finished Training
cpu
Finished Training
cpu
Finished Training
  seed 9: pretrain on scenario33straight (2059 samples), zero-shot eval on scenario1 (483 held-out test samples)
cpu
-----------------------------------------------------------------------
      Layer (type)        Output Shape         Param #     Tr. Param #
=======================================================================
          Linear-1           [32, 256]           1,280           1,280
            ReLU-2           [32, 256]               0               0
          Linear-3           [32, 256]          65,792          65,792
          Linear-4           [32, 256]          65,792          65,792
          Linear-5            [32, 16]           4,112           4,112
=======================================================================
Total params: 136,976
Trainable params: 136,976
Non-trainable params: 0
-----------------------------------------------------------------------
val_loss=7.5091
accuracy
[0.07660455 0.1573499  0.21118012 0.31884058]
val_loss=12.0716
accuracy
[0.11387164 0.13043478 0.21118012 0.29399586]
val_loss=11.4723
accuracy
[0.05383023 0.16563147 0.21118012 0.38302277]
val_loss=13.6339
accuracy
[0.08074534 0.13457557 0.21118012 0.31884058]
val_loss=14.2020
accuracy
[0.05383023 0.13457557 0.21118012 0.27122153]
val_loss=13.5519
accuracy
[0.05383023 0.13457557 0.21118012 0.24430642]
val_loss=15.8147
accuracy
[0.05383023 0.13457557 0.15942029 0.24430642]
val_loss=14.7015
accuracy
[0.05383023 0.13457557 0.17184265 0.28364389]
val_loss=14.6204
accuracy
[0.05383023 0.13457557 0.16149068 0.38509317]
val_loss=14.2200
accuracy
[0.05383023 0.13457557 0.15942029 0.38095238]
val_loss=15.5482
accuracy
[0.05383023 0.13457557 0.15942029 0.3747412 ]
val_loss=16.3669
accuracy
[0.05383023 0.07867495 0.15942029 0.38716356]
val_loss=18.1399
accuracy
[0.05383023 0.13457557 0.15942029 0.34575569]
val_loss=14.3110
accuracy
[0.05383023 0.07867495 0.15942029 0.33747412]
val_loss=16.2233
accuracy
[0.05383023 0.07867495 0.15942029 0.38302277]
val_loss=16.4181
accuracy
[0.05383023 0.07867495 0.16356108 0.3747412 ]
val_loss=17.5431
accuracy
[0.05383023 0.07867495 0.15942029 0.36645963]
val_loss=16.3817
accuracy
[0.05383023 0.07867495 0.15942029 0.31469979]
val_loss=13.0807
accuracy
[0.05383023 0.07867495 0.16149068 0.33540373]
val_loss=16.3402
accuracy
[0.05383023 0.07867495 0.15942029 0.39958592]
val_loss=16.3294
accuracy
[0.05383023 0.07867495 0.15942029 0.36645963]
val_loss=17.3058
accuracy
[0.05383023 0.07867495 0.15942029 0.37267081]
val_loss=17.8338
accuracy
[0.05383023 0.07867495 0.16149068 0.38716356]
val_loss=18.0636
accuracy
[0.05383023 0.07867495 0.16149068 0.38509317]
val_loss=18.0016
accuracy
[0.05383023 0.07867495 0.16149068 0.33954451]
val_loss=17.9000
accuracy
[0.05383023 0.07867495 0.16563147 0.33126294]
val_loss=18.3964
accuracy
[0.05383023 0.07867495 0.16149068 0.32091097]
val_loss=18.2934
accuracy
[0.05383023 0.07867495 0.16563147 0.32712215]
val_loss=18.4684
accuracy
[0.05383023 0.07867495 0.16149068 0.32298137]
val_loss=18.9491
accuracy
[0.05383023 0.07867495 0.16563147 0.30641822]
val_loss=19.1281
accuracy
[0.05383023 0.07867495 0.16563147 0.31884058]
val_loss=19.3375
accuracy
[0.05383023 0.07867495 0.16356108 0.32712215]
val_loss=19.1250
accuracy
[0.05383023 0.07867495 0.16149068 0.30434783]
val_loss=19.1336
accuracy
[0.05383023 0.07867495 0.16563147 0.31055901]
val_loss=18.8819
accuracy
[0.05383023 0.07867495 0.16770186 0.3126294 ]
val_loss=19.2112
accuracy
[0.05383023 0.07867495 0.17391304 0.31469979]
val_loss=19.0329
accuracy
[0.05383023 0.07867495 0.17184265 0.31055901]
val_loss=19.6602
accuracy
[0.05383023 0.07867495 0.17805383 0.30434783]
val_loss=19.7592
accuracy
[0.05383023 0.07867495 0.16563147 0.31055901]
val_loss=19.0215
accuracy
[0.05383023 0.07867495 0.18012422 0.31055901]
val_loss=19.6908
accuracy
[0.05383023 0.07867495 0.17598344 0.30641822]
val_loss=19.5931
accuracy
[0.05383023 0.07867495 0.18012422 0.30848861]
val_loss=19.7028
accuracy
[0.05383023 0.07867495 0.18012422 0.30434783]
val_loss=19.7852
accuracy
[0.05383023 0.07867495 0.18012422 0.30848861]
val_loss=19.7630
accuracy
[0.05383023 0.07867495 0.17805383 0.30641822]
val_loss=19.8484
accuracy
[0.05383023 0.07867495 0.17805383 0.30848861]
val_loss=19.8665
accuracy
[0.05383023 0.07867495 0.18012422 0.31055901]
val_loss=19.9687
accuracy
[0.05383023 0.07867495 0.17598344 0.30848861]
val_loss=20.0916
accuracy
[0.05383023 0.07867495 0.17598344 0.30434783]
val_loss=20.0904
accuracy
[0.05383023 0.07867495 0.17805383 0.30848861]
val_loss=20.1574
accuracy
[0.05383023 0.07867495 0.17598344 0.30848861]
val_loss=20.3886
accuracy
[0.05383023 0.07867495 0.17805383 0.30434783]
val_loss=20.3743
accuracy
[0.05383023 0.07867495 0.17805383 0.30434783]
val_loss=20.5037
accuracy
[0.05383023 0.07867495 0.18012422 0.30434783]
val_loss=20.5439
accuracy
[0.05383023 0.07867495 0.17598344 0.30434783]
val_loss=20.4033
accuracy
[0.05383023 0.07867495 0.18012422 0.31055901]
val_loss=20.3546
accuracy
[0.05383023 0.07867495 0.17805383 0.31055901]
val_loss=20.4881
accuracy
[0.05383023 0.07867495 0.17805383 0.30848861]
val_loss=20.7747
accuracy
[0.05383023 0.07867495 0.17184265 0.30434783]
val_loss=20.5028
accuracy
[0.05383023 0.07867495 0.18012422 0.30641822]
val_loss=20.5904
accuracy
[0.05383023 0.07867495 0.18219462 0.30641822]
val_loss=20.6168
accuracy
[0.05383023 0.07867495 0.18219462 0.30434783]
val_loss=20.6162
accuracy
[0.05383023 0.07867495 0.18219462 0.30641822]
val_loss=20.6755
accuracy
[0.05383023 0.07867495 0.18219462 0.30434783]
val_loss=20.6632
accuracy
[0.05383023 0.07867495 0.18219462 0.30434783]
val_loss=20.6972
accuracy
[0.05383023 0.07867495 0.18219462 0.30434783]
val_loss=20.7140
accuracy
[0.05383023 0.07867495 0.18219462 0.30434783]
val_loss=20.7045
accuracy
[0.05383023 0.07867495 0.18012422 0.30434783]
val_loss=20.7528
accuracy
[0.05383023 0.07867495 0.18219462 0.30434783]
val_loss=20.7167
accuracy
[0.05383023 0.07867495 0.18219462 0.30641822]
val_loss=20.7972
accuracy
[0.05383023 0.07867495 0.18219462 0.30434783]
val_loss=20.7655
accuracy
[0.05383023 0.07867495 0.18219462 0.30434783]
val_loss=20.8040
accuracy
[0.05383023 0.07867495 0.18219462 0.30434783]
val_loss=20.8086
accuracy
[0.05383023 0.07867495 0.18219462 0.30434783]
val_loss=20.7881
accuracy
[0.05383023 0.07867495 0.18219462 0.30641822]
val_loss=20.8097
accuracy
[0.05383023 0.07867495 0.18219462 0.30434783]
val_loss=20.8284
accuracy
[0.05383023 0.07867495 0.18219462 0.30434783]
val_loss=20.8149
accuracy
[0.05383023 0.07867495 0.18219462 0.30434783]
val_loss=20.8388
accuracy
[0.05383023 0.07867495 0.18219462 0.30434783]
val_loss=20.8887
accuracy
[0.05383023 0.07867495 0.18219462 0.30434783]
Finished Training
    rehearsal replay buffer: 500 of 2059 source samples
cpu
Finished Training
cpu
Finished Training
cpu
Finished Training
cpu
Finished Training
cpu
Finished Training
cpu
Finished Training
cpu
Finished Training
cpu
Finished Training
cpu
Finished Training
cpu
Finished Training
cpu
Finished Training
cpu
Finished Training
cpu
Finished Training
cpu
Finished Training
cpu
Finished Training
cpu
Finished Training
cpu
Finished Training
cpu
Finished Training
cpu
Finished Training
cpu
Finished Training
cpu
Finished Training
cpu
Finished Training
Saved result\stage1_s33straight_to_s1_rehearsal_acc.mat and result\stage1_s33straight_to_s1_rehearsal_pwr.mat (10/10 seeds completed)

======================================================================
Rehearsal comparison: scenario4 -> scenario2  (s4_to_s2)
======================================================================
  seed 0: pretrain on scenario4 (1493 samples), zero-shot eval on scenario2 (595 held-out test samples)
cpu
-----------------------------------------------------------------------
      Layer (type)        Output Shape         Param #     Tr. Param #
=======================================================================
          Linear-1           [32, 256]           1,280           1,280
            ReLU-2           [32, 256]               0               0
          Linear-3           [32, 256]          65,792          65,792
          Linear-4           [32, 256]          65,792          65,792
          Linear-5            [32, 16]           4,112           4,112
=======================================================================
Total params: 136,976
Trainable params: 136,976
Non-trainable params: 0
-----------------------------------------------------------------------
val_loss=10.5524
accuracy
[0.         0.         0.01512605 0.04033613]
val_loss=12.3969
accuracy
[0.         0.         0.         0.01344538]
val_loss=12.3329
accuracy
[0.         0.         0.         0.00672269]
val_loss=9.5377
accuracy
[0.        0.        0.        0.0789916]
val_loss=10.1613
accuracy
[0.         0.         0.         0.07563025]
val_loss=10.0820
accuracy
[0.         0.00672269 0.00672269 0.11932773]
val_loss=10.3975
accuracy
[0.         0.         0.         0.07563025]
val_loss=10.2787
accuracy
[0.         0.02184874 0.02521008 0.11092437]
val_loss=9.7061
accuracy
[0.01680672 0.02521008 0.04705882 0.16806723]
val_loss=9.7848
accuracy
[0.01680672 0.04369748 0.06890756 0.19327731]
val_loss=9.1482
accuracy
[0.00336134 0.00504202 0.01512605 0.17478992]
val_loss=10.4416
accuracy
[0.         0.02184874 0.03865546 0.15294118]
val_loss=9.7495
accuracy
[0.02689076 0.03193277 0.05210084 0.08739496]
val_loss=9.8146
accuracy
[0.         0.02184874 0.04537815 0.08571429]
val_loss=9.1467
accuracy
[0.         0.01512605 0.03361345 0.13781513]
val_loss=11.4352
accuracy
[0.00168067 0.02184874 0.04537815 0.07731092]
val_loss=10.8180
accuracy
[0.00168067 0.02016807 0.05210084 0.14453782]
val_loss=9.8563
accuracy
[0.00840336 0.03865546 0.05378151 0.15798319]
val_loss=8.7883
accuracy
[0.         0.02689076 0.05546218 0.16470588]
val_loss=8.7506
accuracy
[0.01176471 0.02521008 0.04201681 0.14117647]
val_loss=10.5398
accuracy
[0.01008403 0.02521008 0.04201681 0.14621849]
val_loss=11.2734
accuracy
[0.00672269 0.02521008 0.03865546 0.13781513]
val_loss=11.7758
accuracy
[0.00672269 0.02352941 0.04033613 0.14789916]
val_loss=11.4685
accuracy
[0.         0.01344538 0.04033613 0.13613445]
val_loss=11.3285
accuracy
[0.00336134 0.02352941 0.03865546 0.13781513]
val_loss=11.4583
accuracy
[0.         0.00672269 0.03529412 0.13277311]
val_loss=11.4883
accuracy
[0.00168067 0.01848739 0.04369748 0.14621849]
val_loss=11.9047
accuracy
[0.00168067 0.01512605 0.04201681 0.1394958 ]
val_loss=11.4272
accuracy
[0.00336134 0.02352941 0.04033613 0.14285714]
val_loss=11.5494
accuracy
[0.00336134 0.01848739 0.04369748 0.13781513]
val_loss=11.6068
accuracy
[0.00336134 0.01680672 0.03697479 0.13277311]
val_loss=12.1920
accuracy
[0.00336134 0.01680672 0.03697479 0.13613445]
val_loss=11.8048
accuracy
[0.00168067 0.01680672 0.03697479 0.13781513]
val_loss=11.6431
accuracy
[0.00168067 0.01680672 0.03865546 0.13781513]
val_loss=11.8116
accuracy
[0.00168067 0.00672269 0.03361345 0.13277311]
val_loss=12.5591
accuracy
[0.00672269 0.02521008 0.03865546 0.13613445]
val_loss=12.8274
accuracy
[0.00504202 0.02184874 0.04033613 0.13613445]
val_loss=12.3913
accuracy
[0.00336134 0.01344538 0.03697479 0.12773109]
val_loss=12.6422
accuracy
[0.00504202 0.02016807 0.03865546 0.13109244]
val_loss=12.9914
accuracy
[0.01176471 0.02521008 0.03865546 0.13781513]
val_loss=12.8568
accuracy
[0.00840336 0.02857143 0.04201681 0.13445378]
val_loss=12.9756
accuracy
[0.00672269 0.02521008 0.04201681 0.13445378]
val_loss=13.1050
accuracy
[0.00672269 0.02857143 0.04201681 0.13277311]
val_loss=13.1516
accuracy
[0.00672269 0.02857143 0.04201681 0.13109244]
val_loss=13.0862
accuracy
[0.00672269 0.02352941 0.04033613 0.13277311]
val_loss=13.2980
accuracy
[0.00672269 0.0302521  0.04033613 0.13109244]
val_loss=13.2992
accuracy
[0.01344538 0.03193277 0.04033613 0.13109244]
val_loss=13.3432
accuracy
[0.00840336 0.0302521  0.04033613 0.13109244]
val_loss=13.5164
accuracy
[0.01680672 0.03193277 0.04033613 0.13109244]
val_loss=13.4393
accuracy
[0.01680672 0.03193277 0.04033613 0.13109244]
val_loss=13.3911
accuracy
[0.01848739 0.03193277 0.04033613 0.13109244]
val_loss=13.5003
accuracy
[0.01680672 0.03193277 0.04033613 0.13109244]
val_loss=13.4777
accuracy
[0.01680672 0.03193277 0.04033613 0.13109244]
val_loss=13.5848
accuracy
[0.01848739 0.03193277 0.04033613 0.13109244]
val_loss=13.6104
accuracy
[0.01848739 0.0302521  0.04033613 0.13277311]
val_loss=13.5946
accuracy
[0.01848739 0.0302521  0.03865546 0.13445378]
val_loss=13.5921
accuracy
[0.01344538 0.0302521  0.03865546 0.13109244]
val_loss=13.7127
accuracy
[0.01848739 0.0302521  0.04033613 0.13277311]
val_loss=13.7511
accuracy
[0.01848739 0.0302521  0.03865546 0.13445378]
val_loss=13.7473
accuracy
[0.01512605 0.0302521  0.03865546 0.13109244]
val_loss=13.8169
accuracy
[0.01848739 0.0302521  0.03865546 0.13109244]
val_loss=13.7978
accuracy
[0.01848739 0.0302521  0.03865546 0.13277311]
val_loss=13.7933
accuracy
[0.01848739 0.0302521  0.03865546 0.13109244]
val_loss=13.8507
accuracy
[0.01848739 0.0302521  0.03865546 0.13277311]
val_loss=13.8626
accuracy
[0.01848739 0.0302521  0.03865546 0.13277311]
val_loss=13.8551
accuracy
[0.01848739 0.0302521  0.03865546 0.13109244]
val_loss=13.8478
accuracy
[0.01848739 0.0302521  0.03865546 0.13109244]
val_loss=13.8692
accuracy
[0.01848739 0.0302521  0.03865546 0.13445378]
val_loss=13.8811
accuracy
[0.01848739 0.0302521  0.03865546 0.13109244]
val_loss=13.8627
accuracy
[0.01848739 0.0302521  0.03865546 0.13109244]
val_loss=13.9004
accuracy
[0.01848739 0.0302521  0.03865546 0.13109244]
val_loss=13.8824
accuracy
[0.01848739 0.0302521  0.03865546 0.13109244]
val_loss=13.8999
accuracy
[0.01848739 0.0302521  0.03865546 0.13109244]
val_loss=13.8848
accuracy
[0.01848739 0.0302521  0.03865546 0.13109244]
val_loss=13.9385
accuracy
[0.01848739 0.0302521  0.03865546 0.13109244]
val_loss=13.9120
accuracy
[0.01848739 0.0302521  0.03865546 0.13109244]
val_loss=13.9310
accuracy
[0.01848739 0.0302521  0.03865546 0.13109244]
val_loss=13.9488
accuracy
[0.01848739 0.0302521  0.03865546 0.13109244]
val_loss=13.9636
accuracy
[0.01848739 0.0302521  0.03865546 0.13109244]
val_loss=13.9617
accuracy
[0.01848739 0.0302521  0.03865546 0.13109244]
Finished Training
    rehearsal replay buffer: 500 of 1493 source samples
cpu
Finished Training
cpu
Finished Training
cpu
Finished Training
cpu
Finished Training
cpu
Finished Training
cpu
Finished Training
cpu
Finished Training
cpu
Finished Training
cpu
Finished Training
cpu
Finished Training
cpu
Finished Training
cpu
Finished Training
cpu
Finished Training
cpu
Finished Training
cpu
Finished Training
cpu
Finished Training
cpu
Finished Training
cpu
Finished Training
cpu
Finished Training
cpu
Finished Training
cpu
Finished Training
cpu
Finished Training
  seed 1: pretrain on scenario4 (1493 samples), zero-shot eval on scenario2 (595 held-out test samples)
cpu
-----------------------------------------------------------------------
      Layer (type)        Output Shape         Param #     Tr. Param #
=======================================================================
          Linear-1           [32, 256]           1,280           1,280
            ReLU-2           [32, 256]               0               0
          Linear-3           [32, 256]          65,792          65,792
          Linear-4           [32, 256]          65,792          65,792
          Linear-5            [32, 16]           4,112           4,112
=======================================================================
Total params: 136,976
Trainable params: 136,976
Non-trainable params: 0
-----------------------------------------------------------------------
val_loss=9.5228
accuracy
[0.01344538 0.02184874 0.03697479 0.06218487]
val_loss=9.3532
accuracy
[0.         0.00168067 0.00168067 0.00672269]
val_loss=8.3959
accuracy
[0.         0.00168067 0.01680672 0.03529412]
val_loss=7.7715
accuracy
[0.         0.00168067 0.00168067 0.19495798]
val_loss=8.0120
accuracy
[0.         0.00168067 0.00168067 0.13109244]
val_loss=6.8050
accuracy
[0.         0.         0.00168067 0.18655462]
val_loss=6.3152
accuracy
[0.         0.         0.01848739 0.21008403]
val_loss=6.5810
accuracy
[0.         0.00168067 0.04537815 0.23865546]
val_loss=7.3530
accuracy
[0.         0.00504202 0.04201681 0.24033613]
val_loss=5.8723
accuracy
[0.00336134 0.02352941 0.08235294 0.20672269]
val_loss=6.6813
accuracy
[0.02016807 0.03697479 0.06218487 0.16302521]
val_loss=7.4644
accuracy
[0.         0.01848739 0.04537815 0.22016807]
val_loss=5.8488
accuracy
[0.01176471 0.02857143 0.05546218 0.24705882]
val_loss=6.9904
accuracy
[0.02521008 0.03865546 0.05042017 0.22184874]
val_loss=8.1960
accuracy
[0.00840336 0.03193277 0.06554622 0.17478992]
val_loss=7.9723
accuracy
[0.         0.02521008 0.05210084 0.17142857]
val_loss=8.2080
accuracy
[0.         0.02352941 0.03361345 0.16470588]
val_loss=8.8956
accuracy
[0.00336134 0.02857143 0.05042017 0.15966387]
val_loss=8.9979
accuracy
[0.02689076 0.04537815 0.04705882 0.14621849]
val_loss=8.7490
accuracy
[0.         0.02352941 0.03361345 0.12268908]
val_loss=9.6854
accuracy
[0.         0.02689076 0.04201681 0.13613445]
val_loss=10.0452
accuracy
[0.         0.0302521  0.04537815 0.14957983]
val_loss=10.2966
accuracy
[0.         0.02689076 0.04537815 0.14957983]
val_loss=10.1870
accuracy
[0.00336134 0.02689076 0.05546218 0.15630252]
val_loss=10.2960
accuracy
[0.         0.02857143 0.05378151 0.15798319]
val_loss=10.5834
accuracy
[0.         0.02857143 0.05378151 0.15798319]
val_loss=10.7620
accuracy
[0.         0.02689076 0.05210084 0.15798319]
val_loss=10.7670
accuracy
[0.00336134 0.02689076 0.05882353 0.15630252]
val_loss=10.7826
accuracy
[0.         0.02689076 0.05546218 0.16134454]
val_loss=10.9753
accuracy
[0.00168067 0.02689076 0.0605042  0.17310924]
val_loss=11.1642
accuracy
[0.         0.0302521  0.05378151 0.16134454]
val_loss=11.3061
accuracy
[0.00336134 0.03361345 0.06218487 0.16134454]
val_loss=11.6301
accuracy
[0.         0.02857143 0.05546218 0.16638655]
val_loss=11.6536
accuracy
[0.00336134 0.02689076 0.05882353 0.16470588]
val_loss=11.7120
accuracy
[0.00336134 0.02857143 0.0605042  0.16470588]
val_loss=11.5560
accuracy
[0.00336134 0.02689076 0.05546218 0.16638655]
val_loss=11.8851
accuracy
[0.         0.02689076 0.0605042  0.17815126]
val_loss=11.8073
accuracy
[0.00336134 0.02857143 0.05546218 0.18655462]
val_loss=12.3822
accuracy
[0.00336134 0.02857143 0.05882353 0.17815126]
val_loss=12.5300
accuracy
[0.00168067 0.0302521  0.05882353 0.18319328]
val_loss=12.5713
accuracy
[0.00336134 0.0302521  0.0605042  0.18319328]
val_loss=12.6176
accuracy
[0.00168067 0.0302521  0.0605042  0.18487395]
val_loss=12.6432
accuracy
[0.00336134 0.0302521  0.0605042  0.18655462]
val_loss=12.7263
accuracy
[0.00336134 0.0302521  0.0605042  0.18655462]
val_loss=12.7376
accuracy
[0.00336134 0.0302521  0.0605042  0.18151261]
val_loss=12.7270
accuracy
[0.00336134 0.0302521  0.0605042  0.18319328]
val_loss=12.8058
accuracy
[0.00168067 0.03193277 0.05882353 0.18655462]
val_loss=12.8374
accuracy
[0.00336134 0.0302521  0.06554622 0.18151261]
val_loss=12.8473
accuracy
[0.00336134 0.0302521  0.06386555 0.19327731]
val_loss=12.8656
accuracy
[0.00336134 0.03193277 0.06386555 0.19495798]
val_loss=12.9919
accuracy
[0.00336134 0.0302521  0.06218487 0.18823529]
val_loss=12.9769
accuracy
[0.00336134 0.03193277 0.06722689 0.19327731]
val_loss=13.0504
accuracy
[0.00336134 0.03193277 0.06722689 0.19327731]
val_loss=13.0175
accuracy
[0.00336134 0.03193277 0.06722689 0.18655462]
val_loss=12.9995
accuracy
[0.00336134 0.03193277 0.06722689 0.18823529]
val_loss=13.1190
accuracy
[0.00336134 0.03193277 0.06722689 0.18823529]
val_loss=13.1433
accuracy
[0.00336134 0.03193277 0.06722689 0.18823529]
val_loss=13.0961
accuracy
[0.00336134 0.03193277 0.06722689 0.18823529]
val_loss=13.2422
accuracy
[0.00336134 0.02857143 0.06722689 0.19159664]
val_loss=13.2479
accuracy
[0.00336134 0.03193277 0.06722689 0.18823529]
val_loss=13.3207
accuracy
[0.00336134 0.02689076 0.06722689 0.18991597]
val_loss=13.3269
accuracy
[0.00336134 0.02689076 0.06722689 0.18991597]
val_loss=13.3283
accuracy
[0.00336134 0.03193277 0.06722689 0.18823529]
val_loss=13.3290
accuracy
[0.00336134 0.0302521  0.06722689 0.18823529]
val_loss=13.3602
accuracy
[0.00336134 0.02689076 0.06722689 0.18823529]
val_loss=13.3520
accuracy
[0.00336134 0.02857143 0.06722689 0.18823529]
val_loss=13.3542
accuracy
[0.00336134 0.03193277 0.06722689 0.18823529]
val_loss=13.3894
accuracy
[0.00336134 0.02689076 0.06722689 0.18823529]
val_loss=13.3883
accuracy
[0.00336134 0.02857143 0.06722689 0.18823529]
val_loss=13.3991
accuracy
[0.00336134 0.02857143 0.06722689 0.18823529]
val_loss=13.4155
accuracy
[0.00336134 0.02857143 0.06722689 0.18823529]
val_loss=13.4096
accuracy
[0.00336134 0.02857143 0.06722689 0.18823529]
val_loss=13.4290
accuracy
[0.00504202 0.02857143 0.06722689 0.18991597]
val_loss=13.4352
accuracy
[0.00336134 0.02857143 0.06722689 0.18823529]
val_loss=13.4557
accuracy
[0.00336134 0.02857143 0.06722689 0.18823529]
val_loss=13.4628
accuracy
[0.00336134 0.02857143 0.06722689 0.18823529]
val_loss=13.4730
accuracy
[0.00336134 0.02857143 0.06722689 0.18823529]
val_loss=13.4995
accuracy
[0.00336134 0.02689076 0.06722689 0.18823529]
val_loss=13.4961
accuracy
[0.00504202 0.02857143 0.06722689 0.18991597]
val_loss=13.5139
accuracy
[0.00336134 0.02857143 0.06722689 0.18991597]
Finished Training
    rehearsal replay buffer: 500 of 1493 source samples
cpu
Finished Training
cpu
Finished Training
cpu
Finished Training
cpu
Finished Training
cpu
Finished Training
cpu
Finished Training
cpu
Finished Training
cpu
Finished Training
cpu
Finished Training
cpu
Finished Training
cpu
Finished Training
cpu
Finished Training
cpu
Finished Training
cpu
Finished Training
cpu
Finished Training
cpu
Finished Training
cpu
Finished Training
cpu
Finished Training
cpu
Finished Training
cpu
Finished Training
cpu
Finished Training
cpu
Finished Training
  seed 2: pretrain on scenario4 (1493 samples), zero-shot eval on scenario2 (595 held-out test samples)
cpu
-----------------------------------------------------------------------
      Layer (type)        Output Shape         Param #     Tr. Param #
=======================================================================
          Linear-1           [32, 256]           1,280           1,280
            ReLU-2           [32, 256]               0               0
          Linear-3           [32, 256]          65,792          65,792
          Linear-4           [32, 256]          65,792          65,792
          Linear-5            [32, 16]           4,112           4,112
=======================================================================
Total params: 136,976
Trainable params: 136,976
Non-trainable params: 0
-----------------------------------------------------------------------
val_loss=12.6579
accuracy
[0.         0.         0.         0.01344538]
val_loss=9.0417
accuracy
[0.         0.         0.         0.07563025]
val_loss=10.3452
accuracy
[0.         0.         0.07563025 0.09915966]
val_loss=9.6270
accuracy
[0.         0.00504202 0.00840336 0.15798319]
val_loss=8.3201
accuracy
[0.         0.         0.08067227 0.10420168]
val_loss=9.8062
accuracy
[0.00168067 0.00168067 0.01176471 0.18487395]
val_loss=7.0762
accuracy
[0.00168067 0.01848739 0.07394958 0.20840336]
val_loss=8.7685
accuracy
[0.01008403 0.03865546 0.07731092 0.14621849]
val_loss=10.6285
accuracy
[0.00336134 0.01680672 0.03361345 0.14453782]
val_loss=10.1753
accuracy
[0.03865546 0.05714286 0.09915966 0.18487395]
val_loss=12.2650
accuracy
[0.00336134 0.02016807 0.04705882 0.10756303]
val_loss=12.8225
accuracy
[0.01512605 0.04369748 0.08571429 0.13277311]
val_loss=12.0406
accuracy
[0.         0.01848739 0.05882353 0.16302521]
val_loss=14.1837
accuracy
[0.02352941 0.03361345 0.04705882 0.17647059]
val_loss=15.9772
accuracy
[0.00840336 0.04201681 0.06722689 0.20336134]
val_loss=15.7171
accuracy
[0.00504202 0.03193277 0.06386555 0.17647059]
val_loss=18.0126
accuracy
[0.00672269 0.0605042  0.09243697 0.17142857]
val_loss=18.7224
accuracy
[0.00504202 0.03193277 0.05378151 0.17983193]
val_loss=17.7888
accuracy
[0.02352941 0.03361345 0.03529412 0.18151261]
val_loss=21.1662
accuracy
[0.         0.00168067 0.02352941 0.18991597]
val_loss=20.7096
accuracy
[0.         0.02016807 0.04705882 0.19327731]
val_loss=20.0131
accuracy
[0.00336134 0.03529412 0.05546218 0.19327731]
val_loss=20.6128
accuracy
[0.01176471 0.03529412 0.04705882 0.18487395]
val_loss=20.4413
accuracy
[0.02521008 0.03529412 0.04369748 0.18655462]
val_loss=20.9633
accuracy
[0.0302521  0.03529412 0.06218487 0.18487395]
val_loss=20.4694
accuracy
[0.02857143 0.03529412 0.0605042  0.18487395]
val_loss=20.4627
accuracy
[0.03193277 0.03529412 0.05882353 0.18823529]
val_loss=21.1627
accuracy
[0.0302521  0.03529412 0.06218487 0.18655462]
val_loss=21.5598
accuracy
[0.02857143 0.03529412 0.07226891 0.17478992]
val_loss=22.1948
accuracy
[0.03529412 0.03529412 0.06386555 0.18655462]
val_loss=22.1117
accuracy
[0.03529412 0.03529412 0.06554622 0.19159664]
val_loss=22.3059
accuracy
[0.03193277 0.03865546 0.07226891 0.17815126]
val_loss=22.4237
accuracy
[0.0302521  0.03865546 0.05882353 0.18823529]
val_loss=22.9456
accuracy
[0.02857143 0.03865546 0.05546218 0.16134454]
val_loss=22.9289
accuracy
[0.0302521  0.03865546 0.07226891 0.17478992]
val_loss=23.6595
accuracy
[0.03193277 0.03865546 0.05714286 0.17142857]
val_loss=23.3804
accuracy
[0.03361345 0.04033613 0.06890756 0.17983193]
val_loss=23.4899
accuracy
[0.02521008 0.03865546 0.08235294 0.17478992]
val_loss=23.8554
accuracy
[0.03193277 0.03697479 0.05882353 0.16806723]
val_loss=24.6380
accuracy
[0.02352941 0.03529412 0.06386555 0.16638655]
val_loss=24.9331
accuracy
[0.02689076 0.03529412 0.07563025 0.17142857]
val_loss=24.6997
accuracy
[0.02689076 0.03529412 0.07394958 0.17142857]
val_loss=24.8801
accuracy
[0.02689076 0.03529412 0.07394958 0.16806723]
val_loss=24.9597
accuracy
[0.02857143 0.03529412 0.07563025 0.17142857]
val_loss=24.9138
accuracy
[0.02857143 0.03865546 0.07394958 0.17142857]
val_loss=25.0053
accuracy
[0.02857143 0.03529412 0.07226891 0.17142857]
val_loss=25.3342
accuracy
[0.02689076 0.03529412 0.07058824 0.17142857]
val_loss=25.2886
accuracy
[0.02857143 0.03529412 0.07058824 0.17310924]
val_loss=25.4122
accuracy
[0.02857143 0.03529412 0.07394958 0.17310924]
val_loss=25.4196
accuracy
[0.02857143 0.03865546 0.07563025 0.17142857]
val_loss=25.4991
accuracy
[0.02857143 0.03865546 0.07563025 0.17142857]
val_loss=25.5681
accuracy
[0.02857143 0.03865546 0.07563025 0.17142857]
val_loss=25.6797
accuracy
[0.02857143 0.03865546 0.07563025 0.16806723]
val_loss=25.6180
accuracy
[0.02857143 0.03865546 0.07731092 0.17310924]
val_loss=25.7988
accuracy
[0.02857143 0.03865546 0.07226891 0.1697479 ]
val_loss=25.7616
accuracy
[0.02857143 0.03865546 0.07563025 0.16806723]
val_loss=25.8271
accuracy
[0.02857143 0.03865546 0.07394958 0.17142857]
val_loss=26.1239
accuracy
[0.02857143 0.03865546 0.07394958 0.1697479 ]
val_loss=26.0381
accuracy
[0.02857143 0.03865546 0.07226891 0.16806723]
val_loss=26.0590
accuracy
[0.02857143 0.03865546 0.07226891 0.1697479 ]
val_loss=26.1207
accuracy
[0.02857143 0.03865546 0.07394958 0.1697479 ]
val_loss=26.1163
accuracy
[0.02857143 0.03865546 0.07226891 0.1697479 ]
val_loss=26.1454
accuracy
[0.02857143 0.03865546 0.07226891 0.1697479 ]
val_loss=26.1861
accuracy
[0.02857143 0.03865546 0.07058824 0.1697479 ]
val_loss=26.1905
accuracy
[0.02857143 0.03865546 0.07226891 0.1697479 ]
val_loss=26.2314
accuracy
[0.02857143 0.03865546 0.07226891 0.1697479 ]
val_loss=26.2257
accuracy
[0.02857143 0.03865546 0.07226891 0.1697479 ]
val_loss=26.2378
accuracy
[0.02857143 0.03865546 0.07226891 0.1697479 ]
val_loss=26.2658
accuracy
[0.02857143 0.03865546 0.07058824 0.1697479 ]
val_loss=26.2823
accuracy
[0.02857143 0.03865546 0.07394958 0.1697479 ]
val_loss=26.3386
accuracy
[0.02857143 0.03865546 0.07563025 0.1697479 ]
val_loss=26.3464
accuracy
[0.02857143 0.03865546 0.07226891 0.1697479 ]
val_loss=26.3489
accuracy
[0.02857143 0.03865546 0.07394958 0.1697479 ]
val_loss=26.3765
accuracy
[0.02857143 0.03865546 0.07058824 0.1697479 ]
val_loss=26.4094
accuracy
[0.02857143 0.03865546 0.07563025 0.1697479 ]
val_loss=26.3855
accuracy
[0.02857143 0.03865546 0.07563025 0.1697479 ]
val_loss=26.4222
accuracy
[0.02857143 0.03865546 0.07563025 0.1697479 ]
val_loss=26.4434
accuracy
[0.02857143 0.03865546 0.07394958 0.1697479 ]
val_loss=26.4987
accuracy
[0.02689076 0.03865546 0.07394958 0.1697479 ]
val_loss=26.5112
accuracy
[0.02857143 0.03865546 0.07563025 0.16806723]
Finished Training
    rehearsal replay buffer: 500 of 1493 source samples
cpu
Finished Training
cpu
Finished Training
cpu
Finished Training
cpu
Finished Training
cpu
Finished Training
cpu
Finished Training
cpu
Finished Training
cpu
Finished Training
cpu
Finished Training
cpu
Finished Training
cpu
Finished Training
cpu
Finished Training
cpu
Finished Training
cpu
Finished Training
cpu
Finished Training
cpu
Finished Training
cpu
Finished Training
cpu
Finished Training
cpu
Finished Training
cpu
Finished Training
cpu
Finished Training
cpu
Finished Training
  seed 3: pretrain on scenario4 (1493 samples), zero-shot eval on scenario2 (595 held-out test samples)
cpu
-----------------------------------------------------------------------
      Layer (type)        Output Shape         Param #     Tr. Param #
=======================================================================
          Linear-1           [32, 256]           1,280           1,280
            ReLU-2           [32, 256]               0               0
          Linear-3           [32, 256]          65,792          65,792
          Linear-4           [32, 256]          65,792          65,792
          Linear-5            [32, 16]           4,112           4,112
=======================================================================
Total params: 136,976
Trainable params: 136,976
Non-trainable params: 0
-----------------------------------------------------------------------
val_loss=11.4003
accuracy
[0.02184874 0.03529412 0.04033613 0.05546218]
val_loss=7.0433
accuracy
[0.00168067 0.00168067 0.00168067 0.00504202]
val_loss=9.2986
accuracy
[0.         0.         0.         0.07394958]
val_loss=6.8693
accuracy
[0.         0.         0.         0.14789916]
val_loss=6.6685
accuracy
[0.         0.         0.         0.12941176]
val_loss=5.5029
accuracy
[0.00168067 0.00168067 0.00504202 0.11932773]
val_loss=6.6756
accuracy
[0.00168067 0.00672269 0.02016807 0.12941176]
val_loss=6.9318
accuracy
[0.00168067 0.00336134 0.05378151 0.12773109]
val_loss=7.4884
accuracy
[0.         0.00168067 0.01344538 0.1394958 ]
val_loss=6.3498
accuracy
[0.01008403 0.02521008 0.04201681 0.15294118]
val_loss=6.1890
accuracy
[0.0302521  0.05210084 0.06218487 0.17983193]
val_loss=8.3266
accuracy
[0.02016807 0.03865546 0.07563025 0.16806723]
val_loss=9.4982
accuracy
[0.03361345 0.05210084 0.08235294 0.20672269]
val_loss=9.4734
accuracy
[0.04201681 0.05882353 0.08739496 0.1092437 ]
val_loss=10.4922
accuracy
[0.02352941 0.05714286 0.07058824 0.14621849]
val_loss=9.5755
accuracy
[0.03697479 0.08235294 0.09579832 0.20672269]
val_loss=10.6348
accuracy
[0.05882353 0.09747899 0.10084034 0.21344538]
val_loss=11.3355
accuracy
[0.0302521  0.0605042  0.07394958 0.21008403]
val_loss=11.8447
accuracy
[0.05714286 0.08907563 0.10084034 0.17478992]
val_loss=12.2963
accuracy
[0.03193277 0.03529412 0.05882353 0.12436975]
val_loss=12.7795
accuracy
[0.03529412 0.04201681 0.07731092 0.13613445]
val_loss=12.8406
accuracy
[0.04537815 0.05546218 0.08403361 0.15966387]
val_loss=12.8313
accuracy
[0.04201681 0.06554622 0.08571429 0.1697479 ]
val_loss=12.2586
accuracy
[0.05042017 0.06722689 0.08403361 0.17310924]
val_loss=12.6311
accuracy
[0.05546218 0.06554622 0.08907563 0.1697479 ]
val_loss=12.4094
accuracy
[0.05546218 0.05546218 0.08235294 0.16134454]
val_loss=12.8129
accuracy
[0.05546218 0.05546218 0.06890756 0.16134454]
val_loss=12.8546
accuracy
[0.0487395  0.05546218 0.07226891 0.16806723]
val_loss=13.1970
accuracy
[0.04369748 0.05546218 0.07226891 0.1697479 ]
val_loss=13.3642
accuracy
[0.04705882 0.05546218 0.08235294 0.17142857]
val_loss=13.6854
accuracy
[0.05378151 0.07394958 0.09411765 0.17647059]
val_loss=13.3970
accuracy
[0.05210084 0.09579832 0.09747899 0.19159664]
val_loss=14.2478
accuracy
[0.05378151 0.05546218 0.08571429 0.20672269]
val_loss=14.4495
accuracy
[0.05546218 0.05546218 0.07563025 0.19831933]
val_loss=14.5654
accuracy
[0.05546218 0.05546218 0.07731092 0.20840336]
val_loss=15.1711
accuracy
[0.05546218 0.05546218 0.08571429 0.19663866]
val_loss=15.1132
accuracy
[0.05546218 0.06554622 0.09579832 0.20168067]
val_loss=15.1862
accuracy
[0.05546218 0.05546218 0.07731092 0.19159664]
val_loss=15.0814
accuracy
[0.05546218 0.06218487 0.09747899 0.19159664]
val_loss=15.4689
accuracy
[0.05546218 0.05546218 0.08907563 0.19663866]
val_loss=15.6796
accuracy
[0.05546218 0.0605042  0.09411765 0.19495798]
val_loss=15.8586
accuracy
[0.05546218 0.05546218 0.08403361 0.19663866]
val_loss=16.0546
accuracy
[0.05546218 0.05546218 0.08235294 0.19831933]
val_loss=16.1483
accuracy
[0.05546218 0.05546218 0.0789916  0.19159664]
val_loss=16.2551
accuracy
[0.05546218 0.05546218 0.07563025 0.19663866]
val_loss=16.1337
accuracy
[0.05546218 0.05546218 0.08235294 0.19495798]
val_loss=16.2150
accuracy
[0.05546218 0.05546218 0.08067227 0.20336134]
val_loss=16.3196
accuracy
[0.05546218 0.05546218 0.08067227 0.19495798]
val_loss=16.3684
accuracy
[0.05546218 0.05546218 0.07563025 0.19159664]
val_loss=16.4673
accuracy
[0.05546218 0.05546218 0.0789916  0.18991597]
val_loss=16.4920
accuracy
[0.05546218 0.05546218 0.07563025 0.19159664]
val_loss=16.6638
accuracy
[0.05546218 0.05546218 0.08067227 0.19495798]
val_loss=16.6173
accuracy
[0.05546218 0.05546218 0.07731092 0.19159664]
val_loss=16.6971
accuracy
[0.05546218 0.05546218 0.08067227 0.19495798]
val_loss=16.7748
accuracy
[0.05546218 0.05546218 0.07563025 0.19159664]
val_loss=16.8633
accuracy
[0.05546218 0.05546218 0.08067227 0.18991597]
val_loss=17.0248
accuracy
[0.05546218 0.05546218 0.07731092 0.19159664]
val_loss=17.0647
accuracy
[0.05546218 0.05546218 0.07563025 0.18991597]
val_loss=17.0824
accuracy
[0.05546218 0.05546218 0.07731092 0.18991597]
val_loss=17.0706
accuracy
[0.05546218 0.05546218 0.07731092 0.19159664]
val_loss=17.1283
accuracy
[0.05546218 0.05546218 0.07731092 0.19159664]
val_loss=17.1820
accuracy
[0.05546218 0.05546218 0.07731092 0.19159664]
val_loss=17.1856
accuracy
[0.05546218 0.05546218 0.07731092 0.18991597]
val_loss=17.2301
accuracy
[0.05546218 0.05546218 0.07731092 0.19159664]
val_loss=17.2513
accuracy
[0.05546218 0.05546218 0.0789916  0.19159664]
val_loss=17.2842
accuracy
[0.05546218 0.05546218 0.08067227 0.18991597]
val_loss=17.2970
accuracy
[0.05546218 0.05546218 0.07731092 0.19159664]
val_loss=17.3336
accuracy
[0.05546218 0.05546218 0.08067227 0.18991597]
val_loss=17.3460
accuracy
[0.05546218 0.05546218 0.08067227 0.18991597]
val_loss=17.3372
accuracy
[0.05546218 0.05546218 0.08067227 0.18991597]
val_loss=17.3709
accuracy
[0.05546218 0.05546218 0.08067227 0.18991597]
val_loss=17.3889
accuracy
[0.05546218 0.05546218 0.0789916  0.18991597]
val_loss=17.3959
accuracy
[0.05546218 0.05546218 0.0789916  0.19159664]
val_loss=17.4296
accuracy
[0.05546218 0.05546218 0.0789916  0.19159664]
val_loss=17.4463
accuracy
[0.05546218 0.05546218 0.0789916  0.19159664]
val_loss=17.4593
accuracy
[0.05546218 0.05546218 0.08067227 0.19159664]
val_loss=17.4838
accuracy
[0.05546218 0.05546218 0.08067227 0.19327731]
val_loss=17.4762
accuracy
[0.05546218 0.05546218 0.08067227 0.19159664]
val_loss=17.5154
accuracy
[0.05546218 0.05546218 0.08067227 0.18991597]
val_loss=17.5336
accuracy
[0.05546218 0.05546218 0.08067227 0.19327731]
Finished Training
    rehearsal replay buffer: 500 of 1493 source samples
cpu
Finished Training
cpu
Finished Training
cpu
Finished Training
cpu
Finished Training
cpu
Finished Training
cpu
Finished Training
cpu
Finished Training
cpu
Finished Training
cpu
Finished Training
cpu
Finished Training
cpu
Finished Training
cpu
Finished Training
cpu
Finished Training
cpu
Finished Training
cpu
Finished Training
cpu
Finished Training
cpu
Finished Training
cpu
Finished Training
cpu
Finished Training
cpu
Finished Training
cpu
Finished Training
cpu
Finished Training
  seed 4: pretrain on scenario4 (1493 samples), zero-shot eval on scenario2 (595 held-out test samples)
cpu
-----------------------------------------------------------------------
      Layer (type)        Output Shape         Param #     Tr. Param #
=======================================================================
          Linear-1           [32, 256]           1,280           1,280
            ReLU-2           [32, 256]               0               0
          Linear-3           [32, 256]          65,792          65,792
          Linear-4           [32, 256]          65,792          65,792
          Linear-5            [32, 16]           4,112           4,112
=======================================================================
Total params: 136,976
Trainable params: 136,976
Non-trainable params: 0
-----------------------------------------------------------------------
val_loss=11.8576
accuracy
[0.         0.         0.01680672 0.03361345]
val_loss=14.7196
accuracy
[0.         0.         0.         0.00672269]
val_loss=14.6007
accuracy
[0.         0.00672269 0.00840336 0.01344538]
val_loss=11.2432
accuracy
[0.00672269 0.02857143 0.04705882 0.06722689]
val_loss=14.0247
accuracy
[0.00168067 0.01008403 0.0302521  0.07394958]
val_loss=10.6877
accuracy
[0.00504202 0.00840336 0.02857143 0.08907563]
val_loss=10.0817
accuracy
[0.02857143 0.04369748 0.06722689 0.09579832]
val_loss=9.6016
accuracy
[0.01680672 0.0487395  0.07058824 0.1210084 ]
val_loss=9.3421
accuracy
[0.02521008 0.05210084 0.08067227 0.11932773]
val_loss=10.1617
accuracy
[0.00504202 0.02689076 0.03361345 0.06218487]
val_loss=9.2183
accuracy
[0.00168067 0.04705882 0.08571429 0.12773109]
val_loss=8.7700
accuracy
[0.01680672 0.05546218 0.08571429 0.13613445]
val_loss=10.8156
accuracy
[0.         0.03361345 0.04537815 0.12773109]
val_loss=9.5619
accuracy
[0.         0.03193277 0.0487395  0.07058824]
val_loss=10.5957
accuracy
[0.03697479 0.05546218 0.12436975 0.20504202]
val_loss=12.0762
accuracy
[0.         0.04369748 0.06386555 0.19495798]
val_loss=11.2095
accuracy
[0.         0.00672269 0.03697479 0.10420168]
val_loss=11.2972
accuracy
[0.         0.01344538 0.05210084 0.15630252]
val_loss=12.6720
accuracy
[0.01176471 0.05042017 0.0907563  0.15798319]
val_loss=10.8219
accuracy
[0.01680672 0.05210084 0.06218487 0.17310924]
val_loss=11.4658
accuracy
[0.01512605 0.05210084 0.06386555 0.1512605 ]
val_loss=12.1167
accuracy
[0.01344538 0.05210084 0.05378151 0.13781513]
val_loss=11.5374
accuracy
[0.01680672 0.05210084 0.05378151 0.11932773]
val_loss=12.3823
accuracy
[0.01512605 0.05042017 0.05378151 0.10084034]
val_loss=11.8331
accuracy
[0.01680672 0.0487395  0.05378151 0.10588235]
val_loss=11.9223
accuracy
[0.00672269 0.05042017 0.05378151 0.11260504]
val_loss=11.7067
accuracy
[0.01680672 0.05042017 0.05378151 0.10420168]
val_loss=11.5806
accuracy
[0.01848739 0.05042017 0.05378151 0.1092437 ]
val_loss=12.2882
accuracy
[0.01176471 0.0487395  0.05378151 0.09915966]
val_loss=12.1210
accuracy
[0.01848739 0.0487395  0.05378151 0.09579832]
val_loss=11.9008
accuracy
[0.01176471 0.05210084 0.05882353 0.10084034]
val_loss=12.4701
accuracy
[0.02016807 0.05042017 0.05378151 0.10252101]
val_loss=12.7707
accuracy
[0.01344538 0.05546218 0.0605042  0.09411765]
val_loss=12.3084
accuracy
[0.01176471 0.05714286 0.07226891 0.10084034]
val_loss=12.8490
accuracy
[0.01008403 0.05546218 0.06554622 0.0907563 ]
val_loss=12.8410
accuracy
[0.01344538 0.0605042  0.07226891 0.09915966]
val_loss=12.9624
accuracy
[0.01848739 0.0605042  0.0789916  0.11092437]
val_loss=12.6635
accuracy
[0.01512605 0.06218487 0.09243697 0.11260504]
val_loss=13.0254
accuracy
[0.02184874 0.06386555 0.08739496 0.11092437]
val_loss=13.0518
accuracy
[0.02016807 0.06218487 0.09411765 0.11260504]
val_loss=13.1335
accuracy
[0.02016807 0.06218487 0.0907563  0.11260504]
val_loss=13.2778
accuracy
[0.02016807 0.06386555 0.0907563  0.11260504]
val_loss=13.4934
accuracy
[0.02016807 0.06218487 0.0907563  0.11260504]
val_loss=13.5848
accuracy
[0.02016807 0.06218487 0.0907563  0.11260504]
val_loss=13.6349
accuracy
[0.02184874 0.06386555 0.09411765 0.11260504]
val_loss=13.7183
accuracy
[0.02016807 0.06218487 0.0907563  0.11260504]
val_loss=13.7520
accuracy
[0.02016807 0.06218487 0.09243697 0.11260504]
val_loss=13.8520
accuracy
[0.02016807 0.06218487 0.09411765 0.11260504]
val_loss=13.9160
accuracy
[0.02016807 0.06218487 0.0907563  0.11092437]
val_loss=13.9345
accuracy
[0.02016807 0.06218487 0.0907563  0.11260504]
val_loss=13.8371
accuracy
[0.02016807 0.06218487 0.09747899 0.11260504]
val_loss=13.8709
accuracy
[0.02184874 0.06218487 0.09579832 0.11260504]
val_loss=13.9456
accuracy
[0.02184874 0.06218487 0.09411765 0.11260504]
val_loss=13.9891
accuracy
[0.02184874 0.0605042  0.09915966 0.11260504]
val_loss=14.0620
accuracy
[0.02016807 0.06218487 0.09915966 0.11260504]
val_loss=14.1874
accuracy
[0.02016807 0.0605042  0.09747899 0.11260504]
val_loss=14.1896
accuracy
[0.02184874 0.0605042  0.09915966 0.11260504]
val_loss=14.2153
accuracy
[0.02016807 0.0605042  0.09915966 0.11260504]
val_loss=14.1598
accuracy
[0.02521008 0.06218487 0.10420168 0.11260504]
val_loss=14.3599
accuracy
[0.02016807 0.05882353 0.10084034 0.11260504]
val_loss=14.3238
accuracy
[0.02016807 0.0605042  0.10420168 0.11260504]
val_loss=14.3310
accuracy
[0.02016807 0.0605042  0.10252101 0.11260504]
val_loss=14.3509
accuracy
[0.02016807 0.0605042  0.10252101 0.11260504]
val_loss=14.3626
accuracy
[0.02016807 0.0605042  0.10420168 0.11260504]
val_loss=14.3957
accuracy
[0.02016807 0.0605042  0.10252101 0.11260504]
val_loss=14.3951
accuracy
[0.02016807 0.0605042  0.10420168 0.11260504]
val_loss=14.3931
accuracy
[0.02016807 0.0605042  0.10252101 0.11260504]
val_loss=14.4034
accuracy
[0.02016807 0.0605042  0.10420168 0.11260504]
val_loss=14.4422
accuracy
[0.02184874 0.0605042  0.10252101 0.11260504]
val_loss=14.4255
accuracy
[0.02184874 0.0605042  0.10420168 0.11260504]
val_loss=14.4367
accuracy
[0.02184874 0.0605042  0.10252101 0.11260504]
val_loss=14.4605
accuracy
[0.02184874 0.0605042  0.10588235 0.11260504]
val_loss=14.4750
accuracy
[0.02184874 0.0605042  0.10420168 0.11260504]
val_loss=14.4680
accuracy
[0.02184874 0.0605042  0.10588235 0.11260504]
val_loss=14.4777
accuracy
[0.02352941 0.0605042  0.10588235 0.11260504]
val_loss=14.4875
accuracy
[0.02352941 0.06218487 0.10588235 0.11260504]
val_loss=14.5178
accuracy
[0.02521008 0.0605042  0.10588235 0.11260504]
val_loss=14.5256
accuracy
[0.02352941 0.0605042  0.10588235 0.11260504]
val_loss=14.5421
accuracy
[0.02352941 0.06218487 0.10588235 0.11260504]
val_loss=14.5465
accuracy
[0.02521008 0.06218487 0.10588235 0.11260504]
Finished Training
    rehearsal replay buffer: 500 of 1493 source samples
cpu
Finished Training
cpu
Finished Training
cpu
Finished Training
cpu
Finished Training
cpu
Finished Training
cpu
Finished Training
cpu
Finished Training
cpu
Finished Training
cpu
Finished Training
cpu
Finished Training
cpu
Finished Training
cpu
Finished Training
cpu
Finished Training
cpu
Finished Training
cpu
Finished Training
cpu
Finished Training
cpu
Finished Training
cpu
Finished Training
cpu
Finished Training
cpu
Finished Training
cpu
Finished Training
cpu
Finished Training
  seed 5: pretrain on scenario4 (1493 samples), zero-shot eval on scenario2 (595 held-out test samples)
cpu
-----------------------------------------------------------------------
      Layer (type)        Output Shape         Param #     Tr. Param #
=======================================================================
          Linear-1           [32, 256]           1,280           1,280
            ReLU-2           [32, 256]               0               0
          Linear-3           [32, 256]          65,792          65,792
          Linear-4           [32, 256]          65,792          65,792
          Linear-5            [32, 16]           4,112           4,112
=======================================================================
Total params: 136,976
Trainable params: 136,976
Non-trainable params: 0
-----------------------------------------------------------------------
val_loss=6.6712
accuracy
[0.02352941 0.02521008 0.04369748 0.06890756]
val_loss=10.7116
accuracy
[0.         0.         0.         0.00504202]
val_loss=7.4686
accuracy
[0.00504202 0.01008403 0.01680672 0.10084034]
val_loss=8.1943
accuracy
[0.02016807 0.03361345 0.05042017 0.21008403]
val_loss=7.8462
accuracy
[0.00168067 0.00504202 0.10252101 0.17310924]
val_loss=7.7756
accuracy
[0.00336134 0.02352941 0.02521008 0.17310924]
val_loss=8.1982
accuracy
[0.00672269 0.02352941 0.02857143 0.1512605 ]
val_loss=7.8763
accuracy
[0.         0.00672269 0.03697479 0.17647059]
val_loss=10.0283
accuracy
[0.         0.01680672 0.03529412 0.14621849]
val_loss=9.3029
accuracy
[0.         0.01008403 0.02352941 0.15294118]
val_loss=7.8666
accuracy
[0.         0.00504202 0.06722689 0.22521008]
val_loss=10.5845
accuracy
[0.         0.02689076 0.06386555 0.19663866]
val_loss=9.9015
accuracy
[0.         0.01008403 0.02521008 0.2907563 ]
val_loss=9.5249
accuracy
[0.         0.00504202 0.03361345 0.21848739]
val_loss=11.9206
accuracy
[0.         0.03697479 0.09579832 0.23361345]
val_loss=9.1581
accuracy
[0.         0.05210084 0.07226891 0.1512605 ]
val_loss=10.0697
accuracy
[0.03529412 0.05210084 0.05882353 0.16806723]
val_loss=12.3215
accuracy
[0.05042017 0.05378151 0.05546218 0.12941176]
val_loss=13.5218
accuracy
[0.         0.05378151 0.05546218 0.1210084 ]
val_loss=12.2881
accuracy
[0.05210084 0.05378151 0.05378151 0.10588235]
val_loss=13.3109
accuracy
[0.04537815 0.05378151 0.05378151 0.11428571]
val_loss=14.2476
accuracy
[0.03697479 0.05378151 0.05378151 0.11428571]
val_loss=13.9335
accuracy
[0.03697479 0.05378151 0.05378151 0.12268908]
val_loss=13.8985
accuracy
[0.02521008 0.05378151 0.05378151 0.13781513]
val_loss=13.7887
accuracy
[0.04369748 0.05378151 0.05378151 0.13781513]
val_loss=14.3104
accuracy
[0.0487395  0.05378151 0.05378151 0.12941176]
val_loss=15.1656
accuracy
[0.04537815 0.05378151 0.05378151 0.11764706]
val_loss=15.1406
accuracy
[0.05042017 0.05378151 0.05378151 0.12605042]
val_loss=16.0406
accuracy
[0.05378151 0.05378151 0.05378151 0.1092437 ]
val_loss=15.6896
accuracy
[0.05210084 0.05378151 0.05378151 0.11596639]
val_loss=15.7749
accuracy
[0.05210084 0.05378151 0.05378151 0.12268908]
val_loss=16.4075
accuracy
[0.04705882 0.05378151 0.05714286 0.11260504]
val_loss=16.8753
accuracy
[0.05210084 0.05378151 0.05378151 0.09579832]
val_loss=16.6412
accuracy
[0.05378151 0.05378151 0.0605042  0.1092437 ]
val_loss=16.8250
accuracy
[0.04537815 0.05378151 0.0605042  0.12773109]
val_loss=16.8853
accuracy
[0.05378151 0.05378151 0.05714286 0.12605042]
val_loss=18.3788
accuracy
[0.05378151 0.05378151 0.05714286 0.12268908]
val_loss=17.1950
accuracy
[0.05378151 0.05378151 0.0605042  0.11932773]
val_loss=17.9094
accuracy
[0.05378151 0.05378151 0.0605042  0.13613445]
val_loss=17.9856
accuracy
[0.05378151 0.05378151 0.06386555 0.1210084 ]
val_loss=18.3017
accuracy
[0.05378151 0.05378151 0.06218487 0.12773109]
val_loss=18.7031
accuracy
[0.05378151 0.05378151 0.06218487 0.13613445]
val_loss=18.8606
accuracy
[0.05378151 0.05378151 0.06218487 0.13445378]
val_loss=19.0074
accuracy
[0.05378151 0.05378151 0.06218487 0.13277311]
val_loss=19.2800
accuracy
[0.05378151 0.05378151 0.06218487 0.13277311]
val_loss=19.4409
accuracy
[0.05378151 0.05378151 0.06218487 0.13277311]
val_loss=19.6520
accuracy
[0.05378151 0.05378151 0.06218487 0.13445378]
val_loss=19.4241
accuracy
[0.05378151 0.05378151 0.06218487 0.13613445]
val_loss=19.8472
accuracy
[0.05378151 0.05378151 0.06218487 0.13445378]
val_loss=19.6926
accuracy
[0.05378151 0.05378151 0.06218487 0.13445378]
val_loss=19.8551
accuracy
[0.05378151 0.05378151 0.06218487 0.13613445]
val_loss=19.9536
accuracy
[0.05378151 0.05378151 0.06218487 0.13445378]
val_loss=19.9194
accuracy
[0.05378151 0.05378151 0.06218487 0.13445378]
val_loss=19.9250
accuracy
[0.05378151 0.05378151 0.06218487 0.13445378]
val_loss=20.0076
accuracy
[0.05378151 0.05378151 0.06218487 0.13613445]
val_loss=20.1595
accuracy
[0.05378151 0.05378151 0.06218487 0.13445378]
val_loss=20.1653
accuracy
[0.05378151 0.05378151 0.06386555 0.1394958 ]
val_loss=20.2750
accuracy
[0.05378151 0.05378151 0.06218487 0.14285714]
val_loss=20.5118
accuracy
[0.05378151 0.05378151 0.06218487 0.14285714]
val_loss=20.5929
accuracy
[0.05378151 0.05378151 0.06386555 0.14285714]
val_loss=20.5994
accuracy
[0.05378151 0.05378151 0.06386555 0.14285714]
val_loss=20.6546
accuracy
[0.05378151 0.05378151 0.06218487 0.14285714]
val_loss=20.6601
accuracy
[0.05378151 0.05378151 0.06218487 0.14285714]
val_loss=20.7082
accuracy
[0.05378151 0.05378151 0.06218487 0.14285714]
val_loss=20.6795
accuracy
[0.05378151 0.05378151 0.06218487 0.14285714]
val_loss=20.7168
accuracy
[0.05378151 0.05378151 0.06386555 0.14285714]
val_loss=20.7509
accuracy
[0.05378151 0.05378151 0.06386555 0.14285714]
val_loss=20.7467
accuracy
[0.05378151 0.05378151 0.06218487 0.14285714]
val_loss=20.7958
accuracy
[0.05378151 0.05378151 0.06386555 0.14453782]
val_loss=20.7861
accuracy
[0.05378151 0.05378151 0.06386555 0.14621849]
val_loss=20.8153
accuracy
[0.05378151 0.05378151 0.06386555 0.14453782]
val_loss=20.8404
accuracy
[0.05378151 0.05378151 0.06386555 0.14621849]
val_loss=20.8413
accuracy
[0.05378151 0.05378151 0.06386555 0.14621849]
val_loss=20.8571
accuracy
[0.05378151 0.05378151 0.06386555 0.14621849]
val_loss=20.8754
accuracy
[0.05378151 0.05378151 0.06386555 0.14621849]
val_loss=20.8623
accuracy
[0.05378151 0.05378151 0.06386555 0.14621849]
val_loss=20.8878
accuracy
[0.05378151 0.05378151 0.06386555 0.14621849]
val_loss=20.9284
accuracy
[0.05378151 0.05378151 0.06386555 0.14621849]
val_loss=20.9275
accuracy
[0.05378151 0.05378151 0.06386555 0.14789916]
val_loss=20.9572
accuracy
[0.05378151 0.05378151 0.06386555 0.14789916]
Finished Training
    rehearsal replay buffer: 500 of 1493 source samples
cpu
Finished Training
cpu
Finished Training
cpu
Finished Training
cpu
Finished Training
cpu
Finished Training
cpu
Finished Training
cpu
Finished Training
cpu
Finished Training
cpu
Finished Training
cpu
Finished Training
cpu
Finished Training
cpu
Finished Training
cpu
Finished Training
cpu
Finished Training
cpu
Finished Training
cpu
Finished Training
cpu
Finished Training
cpu
Finished Training
cpu
Finished Training
cpu
Finished Training
cpu
Finished Training
cpu
Finished Training
  seed 6: pretrain on scenario4 (1493 samples), zero-shot eval on scenario2 (595 held-out test samples)
cpu
-----------------------------------------------------------------------
      Layer (type)        Output Shape         Param #     Tr. Param #
=======================================================================
          Linear-1           [32, 256]           1,280           1,280
            ReLU-2           [32, 256]               0               0
          Linear-3           [32, 256]          65,792          65,792
          Linear-4           [32, 256]          65,792          65,792
          Linear-5            [32, 16]           4,112           4,112
=======================================================================
Total params: 136,976
Trainable params: 136,976
Non-trainable params: 0
-----------------------------------------------------------------------
val_loss=12.1950
accuracy
[0.         0.         0.         0.01680672]
val_loss=12.8680
accuracy
[0.         0.00168067 0.00168067 0.01176471]
val_loss=12.4281
accuracy
[0.         0.         0.00168067 0.05378151]
val_loss=10.3274
accuracy
[0.         0.         0.         0.12773109]
val_loss=9.7256
accuracy
[0.         0.         0.08907563 0.12268908]
val_loss=9.2607
accuracy
[0.         0.00168067 0.00168067 0.12941176]
val_loss=9.3877
accuracy
[0.         0.00504202 0.01680672 0.14789916]
val_loss=9.7421
accuracy
[0.         0.00336134 0.03361345 0.15294118]
val_loss=11.2469
accuracy
[0.00168067 0.00504202 0.03361345 0.14789916]
val_loss=8.9477
accuracy
[0.00168067 0.00168067 0.01176471 0.12773109]
val_loss=10.7145
accuracy
[0.00168067 0.00336134 0.01512605 0.13445378]
val_loss=9.3495
accuracy
[0.00504202 0.01344538 0.04201681 0.14453782]
val_loss=9.0243
accuracy
[0.00336134 0.02016807 0.05042017 0.1697479 ]
val_loss=10.7065
accuracy
[0.00168067 0.01680672 0.0302521  0.15294118]
val_loss=11.3209
accuracy
[0.00168067 0.01512605 0.02521008 0.1697479 ]
val_loss=11.1831
accuracy
[0.00168067 0.01512605 0.0302521  0.15798319]
val_loss=11.0349
accuracy
[0.00336134 0.01344538 0.03361345 0.16638655]
val_loss=10.6047
accuracy
[0.00168067 0.01512605 0.03361345 0.15966387]
val_loss=10.6226
accuracy
[0.00504202 0.01344538 0.0302521  0.15966387]
val_loss=13.0861
accuracy
[0.02016807 0.03529412 0.04369748 0.1512605 ]
val_loss=13.1766
accuracy
[0.02689076 0.04537815 0.04537815 0.14621849]
val_loss=13.5423
accuracy
[0.02184874 0.03865546 0.04537815 0.14285714]
val_loss=12.8715
accuracy
[0.02184874 0.03865546 0.04705882 0.14285714]
val_loss=13.4766
accuracy
[0.02184874 0.03361345 0.04537815 0.1394958 ]
val_loss=13.0507
accuracy
[0.01848739 0.03529412 0.0487395  0.14453782]
val_loss=13.2686
accuracy
[0.02184874 0.03361345 0.03865546 0.14285714]
val_loss=13.2034
accuracy
[0.02016807 0.0302521  0.04201681 0.1394958 ]
val_loss=12.9791
accuracy
[0.01848739 0.03697479 0.04705882 0.14117647]
val_loss=13.5608
accuracy
[0.01680672 0.02689076 0.04537815 0.12436975]
val_loss=13.0701
accuracy
[0.02857143 0.04033613 0.05210084 0.13613445]
val_loss=13.1773
accuracy
[0.02689076 0.03697479 0.04705882 0.1394958 ]
val_loss=13.7943
accuracy
[0.02016807 0.03193277 0.04201681 0.09411765]
val_loss=13.3342
accuracy
[0.02857143 0.03865546 0.04705882 0.11092437]
val_loss=13.6509
accuracy
[0.02857143 0.03529412 0.0487395  0.13277311]
val_loss=13.6948
accuracy
[0.02016807 0.03697479 0.04537815 0.11932773]
val_loss=14.1353
accuracy
[0.02521008 0.04201681 0.04537815 0.11428571]
val_loss=13.5713
accuracy
[0.03193277 0.03865546 0.04705882 0.09915966]
val_loss=13.9141
accuracy
[0.02689076 0.03697479 0.0487395  0.11764706]
val_loss=13.5001
accuracy
[0.02689076 0.03865546 0.05210084 0.12773109]
val_loss=14.1600
accuracy
[0.02352941 0.03529412 0.04537815 0.0789916 ]
val_loss=14.1178
accuracy
[0.02521008 0.03697479 0.05042017 0.0789916 ]
val_loss=14.0829
accuracy
[0.02689076 0.03697479 0.05042017 0.09747899]
val_loss=14.0025
accuracy
[0.02352941 0.03697479 0.0487395  0.09411765]
val_loss=14.0209
accuracy
[0.02521008 0.03529412 0.05042017 0.09411765]
val_loss=14.0367
accuracy
[0.02352941 0.03529412 0.0487395  0.09579832]
val_loss=14.1630
accuracy
[0.02521008 0.03529412 0.05042017 0.09411765]
val_loss=14.1557
accuracy
[0.02352941 0.03529412 0.05042017 0.08235294]
val_loss=14.2338
accuracy
[0.02184874 0.03529412 0.0487395  0.0907563 ]
val_loss=14.2493
accuracy
[0.02352941 0.03529412 0.0487395  0.0907563 ]
val_loss=14.2954
accuracy
[0.02352941 0.03529412 0.05042017 0.08235294]
val_loss=14.2724
accuracy
[0.02521008 0.03529412 0.05042017 0.08235294]
val_loss=14.2885
accuracy
[0.02352941 0.03529412 0.05042017 0.08067227]
val_loss=14.2597
accuracy
[0.02352941 0.03529412 0.05042017 0.08067227]
val_loss=14.3158
accuracy
[0.02352941 0.03529412 0.05042017 0.0789916 ]
val_loss=14.2655
accuracy
[0.02521008 0.03697479 0.05042017 0.08067227]
val_loss=14.2231
accuracy
[0.02352941 0.03529412 0.05042017 0.08067227]
val_loss=14.3886
accuracy
[0.02352941 0.03697479 0.05042017 0.08067227]
val_loss=14.3367
accuracy
[0.02521008 0.03697479 0.05042017 0.08067227]
val_loss=14.3453
accuracy
[0.02352941 0.03697479 0.05042017 0.08067227]
val_loss=14.4447
accuracy
[0.02352941 0.03697479 0.05042017 0.0789916 ]
val_loss=14.4229
accuracy
[0.02521008 0.03697479 0.05042017 0.0789916 ]
val_loss=14.4140
accuracy
[0.02521008 0.03697479 0.05042017 0.0789916 ]
val_loss=14.4141
accuracy
[0.02521008 0.03697479 0.05042017 0.0789916 ]
val_loss=14.3859
accuracy
[0.02521008 0.03529412 0.05042017 0.0789916 ]
val_loss=14.4070
accuracy
[0.02521008 0.03529412 0.05042017 0.0789916 ]
val_loss=14.4145
accuracy
[0.02521008 0.03529412 0.05042017 0.0789916 ]
val_loss=14.4218
accuracy
[0.02521008 0.03529412 0.05042017 0.0789916 ]
val_loss=14.4696
accuracy
[0.02521008 0.03529412 0.05042017 0.0789916 ]
val_loss=14.4366
accuracy
[0.02521008 0.03529412 0.05042017 0.0789916 ]
val_loss=14.4674
accuracy
[0.02521008 0.03529412 0.05042017 0.0789916 ]
val_loss=14.4587
accuracy
[0.02521008 0.03529412 0.05042017 0.0789916 ]
val_loss=14.4604
accuracy
[0.02521008 0.03529412 0.05042017 0.0789916 ]
val_loss=14.4866
accuracy
[0.02521008 0.03529412 0.05042017 0.0789916 ]
val_loss=14.4853
accuracy
[0.02521008 0.03529412 0.05042017 0.0789916 ]
val_loss=14.5022
accuracy
[0.02521008 0.03529412 0.05042017 0.0789916 ]
val_loss=14.4853
accuracy
[0.02521008 0.03529412 0.05042017 0.0789916 ]
val_loss=14.4997
accuracy
[0.02521008 0.03529412 0.05042017 0.0789916 ]
val_loss=14.4958
accuracy
[0.02521008 0.03529412 0.05042017 0.0789916 ]
val_loss=14.5067
accuracy
[0.02521008 0.03529412 0.05042017 0.0789916 ]
val_loss=14.5198
accuracy
[0.02521008 0.03529412 0.05042017 0.0789916 ]
Finished Training
    rehearsal replay buffer: 500 of 1493 source samples
cpu
Finished Training
cpu
Finished Training
cpu
Finished Training
cpu
Finished Training
cpu
Finished Training
cpu
Finished Training
cpu
Finished Training
cpu
Finished Training
cpu
Finished Training
cpu
Finished Training
cpu
Finished Training
cpu
Finished Training
cpu
Finished Training
cpu
Finished Training
cpu
Finished Training
cpu
Finished Training
cpu
Finished Training
cpu
Finished Training
cpu
Finished Training
cpu
Finished Training
cpu
Finished Training
cpu
Finished Training
  seed 7: pretrain on scenario4 (1493 samples), zero-shot eval on scenario2 (595 held-out test samples)
cpu
-----------------------------------------------------------------------
      Layer (type)        Output Shape         Param #     Tr. Param #
=======================================================================
          Linear-1           [32, 256]           1,280           1,280
            ReLU-2           [32, 256]               0               0
          Linear-3           [32, 256]          65,792          65,792
          Linear-4           [32, 256]          65,792          65,792
          Linear-5            [32, 16]           4,112           4,112
=======================================================================
Total params: 136,976
Trainable params: 136,976
Non-trainable params: 0
-----------------------------------------------------------------------
val_loss=10.6689
accuracy
[0.         0.         0.         0.00168067]
val_loss=10.0110
accuracy
[0. 0. 0. 0.]
val_loss=10.0666
accuracy
[0.         0.00336134 0.00840336 0.11092437]
val_loss=8.7265
accuracy
[0.00168067 0.00168067 0.00168067 0.09747899]
val_loss=9.0488
accuracy
[0.         0.01008403 0.01848739 0.16638655]
val_loss=11.2567
accuracy
[0.         0.00672269 0.01848739 0.14621849]
val_loss=11.1019
accuracy
[0.00504202 0.00840336 0.02184874 0.14957983]
val_loss=11.3445
accuracy
[0.00504202 0.00672269 0.02352941 0.14957983]
val_loss=9.1549
accuracy
[0.01512605 0.04033613 0.05210084 0.1092437 ]
val_loss=9.3239
accuracy
[0.01512605 0.04033613 0.04537815 0.16470588]
val_loss=11.7938
accuracy
[0.02352941 0.03865546 0.0487395  0.14621849]
val_loss=8.9969
accuracy
[0.02352941 0.03193277 0.07058824 0.17815126]
val_loss=10.5158
accuracy
[0.02016807 0.0302521  0.04537815 0.1394958 ]
val_loss=10.1710
accuracy
[0.01848739 0.03865546 0.08067227 0.17647059]
val_loss=8.7717
accuracy
[0.02857143 0.05714286 0.05882353 0.19159664]
val_loss=10.0892
accuracy
[0.01344538 0.0302521  0.05210084 0.11092437]
val_loss=10.6056
accuracy
[0.01176471 0.03361345 0.06554622 0.11260504]
val_loss=9.1743
accuracy
[0.02689076 0.0487395  0.05882353 0.11092437]
val_loss=10.5907
accuracy
[0.00840336 0.0302521  0.07058824 0.17647059]
val_loss=9.1603
accuracy
[0.02184874 0.03865546 0.06218487 0.16806723]
val_loss=9.6646
accuracy
[0.02521008 0.03697479 0.05882353 0.14789916]
val_loss=9.9295
accuracy
[0.02689076 0.03865546 0.06890756 0.14453782]
val_loss=9.6689
accuracy
[0.02016807 0.05042017 0.05882353 0.1394958 ]
val_loss=9.9528
accuracy
[0.02016807 0.03529412 0.05546218 0.11092437]
val_loss=10.0974
accuracy
[0.02689076 0.03865546 0.05546218 0.13445378]
val_loss=9.8776
accuracy
[0.02689076 0.04369748 0.05882353 0.13277311]
val_loss=10.0291
accuracy
[0.02521008 0.03529412 0.04537815 0.09243697]
val_loss=10.1119
accuracy
[0.02016807 0.03193277 0.04033613 0.08571429]
val_loss=10.1277
accuracy
[0.01512605 0.03865546 0.04537815 0.0907563 ]
val_loss=10.1775
accuracy
[0.00336134 0.03529412 0.04201681 0.08907563]
val_loss=10.0171
accuracy
[0.01848739 0.04201681 0.0487395  0.09243697]
val_loss=10.0910
accuracy
[0.01848739 0.03865546 0.0487395  0.08907563]
val_loss=10.2278
accuracy
[0.00336134 0.0302521  0.04537815 0.08907563]
val_loss=10.4399
accuracy
[0.01680672 0.03361345 0.0487395  0.09243697]
val_loss=10.2354
accuracy
[0.00336134 0.03193277 0.05210084 0.09747899]
val_loss=10.1815
accuracy
[0.02184874 0.03529412 0.05042017 0.09243697]
val_loss=10.3851
accuracy
[0.01512605 0.03865546 0.0487395  0.09579832]
val_loss=10.3078
accuracy
[0.00840336 0.03865546 0.05546218 0.09579832]
val_loss=10.6293
accuracy
[0.01680672 0.04033613 0.0605042  0.09579832]
val_loss=10.6740
accuracy
[0.02352941 0.03865546 0.06722689 0.10084034]
val_loss=10.6499
accuracy
[0.02521008 0.0487395  0.0605042  0.10084034]
val_loss=10.6813
accuracy
[0.02521008 0.0487395  0.0605042  0.10252101]
val_loss=10.7365
accuracy
[0.02521008 0.0487395  0.06218487 0.10252101]
val_loss=10.7596
accuracy
[0.02521008 0.05042017 0.0605042  0.10420168]
val_loss=10.8422
accuracy
[0.02689076 0.05210084 0.06218487 0.10420168]
val_loss=10.8363
accuracy
[0.02521008 0.0487395  0.06218487 0.10588235]
val_loss=10.9185
accuracy
[0.02689076 0.05210084 0.06218487 0.10756303]
val_loss=10.8219
accuracy
[0.02521008 0.05210084 0.06218487 0.10588235]
val_loss=10.7738
accuracy
[0.02689076 0.05378151 0.06218487 0.1092437 ]
val_loss=10.9503
accuracy
[0.02521008 0.0487395  0.0605042  0.10420168]
val_loss=10.9544
accuracy
[0.02521008 0.05042017 0.06218487 0.11092437]
val_loss=10.9744
accuracy
[0.02689076 0.05378151 0.06218487 0.11092437]
val_loss=10.9226
accuracy
[0.02689076 0.05378151 0.06218487 0.11092437]
val_loss=10.8954
accuracy
[0.02689076 0.05210084 0.06218487 0.1092437 ]
val_loss=10.9463
accuracy
[0.02689076 0.05378151 0.06218487 0.11092437]
val_loss=10.9293
accuracy
[0.02689076 0.05378151 0.06218487 0.11092437]
val_loss=10.9530
accuracy
[0.02689076 0.05210084 0.06218487 0.1092437 ]
val_loss=11.0633
accuracy
[0.02689076 0.05042017 0.06218487 0.11092437]
val_loss=11.0337
accuracy
[0.02689076 0.05378151 0.06386555 0.1092437 ]
val_loss=11.0966
accuracy
[0.02689076 0.05042017 0.06218487 0.11092437]
val_loss=11.1155
accuracy
[0.02689076 0.05042017 0.06386555 0.1092437 ]
val_loss=11.1109
accuracy
[0.02689076 0.05210084 0.06218487 0.1092437 ]
val_loss=11.0984
accuracy
[0.02689076 0.05378151 0.06554622 0.1092437 ]
val_loss=11.1164
accuracy
[0.02689076 0.05210084 0.06554622 0.1092437 ]
val_loss=11.1160
accuracy
[0.02689076 0.05042017 0.06218487 0.1092437 ]
val_loss=11.1188
accuracy
[0.02689076 0.05042017 0.06554622 0.1092437 ]
val_loss=11.1209
accuracy
[0.02689076 0.05042017 0.06554622 0.1092437 ]
val_loss=11.1450
accuracy
[0.02689076 0.05210084 0.06554622 0.1092437 ]
val_loss=11.1294
accuracy
[0.02689076 0.05210084 0.06554622 0.1092437 ]
val_loss=11.1437
accuracy
[0.02689076 0.05210084 0.06554622 0.1092437 ]
val_loss=11.1708
accuracy
[0.02689076 0.05042017 0.06554622 0.1092437 ]
val_loss=11.1426
accuracy
[0.02689076 0.05042017 0.06554622 0.1092437 ]
val_loss=11.1533
accuracy
[0.02689076 0.05042017 0.06554622 0.1092437 ]
val_loss=11.1496
accuracy
[0.02689076 0.05042017 0.06554622 0.1092437 ]
val_loss=11.1752
accuracy
[0.02689076 0.05042017 0.06554622 0.1092437 ]
val_loss=11.1856
accuracy
[0.02689076 0.05042017 0.06722689 0.1092437 ]
val_loss=11.1734
accuracy
[0.02689076 0.05042017 0.06554622 0.1092437 ]
val_loss=11.2041
accuracy
[0.02689076 0.05210084 0.06722689 0.1092437 ]
val_loss=11.1796
accuracy
[0.02689076 0.05042017 0.06554622 0.1092437 ]
val_loss=11.1969
accuracy
[0.02689076 0.05210084 0.06722689 0.1092437 ]
Finished Training
    rehearsal replay buffer: 500 of 1493 source samples
cpu
Finished Training
cpu
Finished Training
cpu
Finished Training
cpu
Finished Training
cpu
Finished Training
cpu
Finished Training
cpu
Finished Training
cpu
Finished Training
cpu
Finished Training
cpu
Finished Training
cpu
Finished Training
cpu
Finished Training
cpu
Finished Training
cpu
Finished Training
cpu
Finished Training
cpu
Finished Training
cpu
Finished Training
cpu
Finished Training
cpu
Finished Training
cpu
Finished Training
cpu
Finished Training
cpu
Finished Training
  seed 8: pretrain on scenario4 (1493 samples), zero-shot eval on scenario2 (595 held-out test samples)
cpu
-----------------------------------------------------------------------
      Layer (type)        Output Shape         Param #     Tr. Param #
=======================================================================
          Linear-1           [32, 256]           1,280           1,280
            ReLU-2           [32, 256]               0               0
          Linear-3           [32, 256]          65,792          65,792
          Linear-4           [32, 256]          65,792          65,792
          Linear-5            [32, 16]           4,112           4,112
=======================================================================
Total params: 136,976
Trainable params: 136,976
Non-trainable params: 0
-----------------------------------------------------------------------
val_loss=9.5445
accuracy
[0.00168067 0.00336134 0.00504202 0.01680672]
val_loss=10.6513
accuracy
[0. 0. 0. 0.]
val_loss=11.0565
accuracy
[0.         0.00168067 0.00168067 0.00168067]
val_loss=7.1292
accuracy
[0.         0.         0.         0.06722689]
val_loss=7.5737
accuracy
[0.00336134 0.01008403 0.01176471 0.08235294]
val_loss=7.4032
accuracy
[0.         0.         0.         0.08235294]
val_loss=6.9645
accuracy
[0.00168067 0.00504202 0.01848739 0.18487395]
val_loss=8.7753
accuracy
[0.         0.00504202 0.01176471 0.12268908]
val_loss=8.4620
accuracy
[0.01512605 0.03697479 0.05378151 0.10588235]
val_loss=7.4089
accuracy
[0.02352941 0.05546218 0.08067227 0.11764706]
val_loss=7.7237
accuracy
[0.02016807 0.06722689 0.08067227 0.17478992]
val_loss=7.0039
accuracy
[0.02184874 0.06218487 0.07226891 0.11596639]
val_loss=8.3211
accuracy
[0.02352941 0.05882353 0.06386555 0.1394958 ]
val_loss=7.2588
accuracy
[0.0302521  0.06890756 0.08067227 0.2       ]
val_loss=7.0650
accuracy
[0.02016807 0.05546218 0.07058824 0.18991597]
val_loss=8.0449
accuracy
[0.02521008 0.06554622 0.06722689 0.17983193]
val_loss=8.8954
accuracy
[0.01848739 0.05210084 0.07394958 0.18823529]
val_loss=8.2931
accuracy
[0.04033613 0.05378151 0.0789916  0.17478992]
val_loss=8.1466
accuracy
[0.02857143 0.05546218 0.08571429 0.18319328]
val_loss=8.7926
accuracy
[0.02857143 0.04033613 0.08571429 0.17983193]
val_loss=8.8585
accuracy
[0.0302521  0.04033613 0.09243697 0.18823529]
val_loss=8.8508
accuracy
[0.02689076 0.04201681 0.08067227 0.16806723]
val_loss=8.9583
accuracy
[0.0302521  0.04201681 0.08739496 0.18151261]
val_loss=9.0569
accuracy
[0.02689076 0.04033613 0.07394958 0.16638655]
val_loss=9.5099
accuracy
[0.02352941 0.03193277 0.04705882 0.15462185]
val_loss=9.4730
accuracy
[0.02352941 0.03361345 0.06218487 0.16134454]
val_loss=9.3747
accuracy
[0.02689076 0.03529412 0.04537815 0.14621849]
val_loss=9.5661
accuracy
[0.02016807 0.03361345 0.04369748 0.14285714]
val_loss=10.0568
accuracy
[0.01176471 0.03361345 0.05210084 0.15294118]
val_loss=10.4766
accuracy
[0.00672269 0.0302521  0.04537815 0.15294118]
val_loss=10.0994
accuracy
[0.01008403 0.03529412 0.05042017 0.15462185]
val_loss=10.0072
accuracy
[0.02184874 0.02857143 0.0487395  0.15966387]
val_loss=10.1570
accuracy
[0.01848739 0.03529412 0.05714286 0.15630252]
val_loss=10.1154
accuracy
[0.02016807 0.03193277 0.05210084 0.15798319]
val_loss=10.4167
accuracy
[0.01344538 0.04201681 0.06218487 0.15966387]
val_loss=10.7577
accuracy
[0.00840336 0.0302521  0.05042017 0.15630252]
val_loss=11.0221
accuracy
[0.00840336 0.03193277 0.0605042  0.15798319]
val_loss=10.9461
accuracy
[0.00504202 0.03193277 0.06218487 0.1512605 ]
val_loss=11.3558
accuracy
[0.00504202 0.0302521  0.06218487 0.15630252]
val_loss=11.2115
accuracy
[0.00672269 0.03529412 0.05882353 0.16470588]
val_loss=11.3629
accuracy
[0.00672269 0.03193277 0.05714286 0.15966387]
val_loss=11.5298
accuracy
[0.00840336 0.03529412 0.0605042  0.16302521]
val_loss=11.5569
accuracy
[0.00840336 0.03529412 0.05714286 0.16470588]
val_loss=11.6413
accuracy
[0.00672269 0.03193277 0.0605042  0.15966387]
val_loss=11.6489
accuracy
[0.00672269 0.03193277 0.06218487 0.15798319]
val_loss=11.8104
accuracy
[0.00672269 0.03193277 0.06218487 0.15966387]
val_loss=11.7814
accuracy
[0.00672269 0.03193277 0.05882353 0.15798319]
val_loss=11.7654
accuracy
[0.00672269 0.0302521  0.05882353 0.15966387]
val_loss=11.8572
accuracy
[0.00840336 0.03193277 0.0605042  0.16134454]
val_loss=11.9368
accuracy
[0.00672269 0.03193277 0.06218487 0.15966387]
val_loss=12.0241
accuracy
[0.00672269 0.03193277 0.0605042  0.15966387]
val_loss=12.0795
accuracy
[0.00672269 0.03193277 0.0605042  0.15630252]
val_loss=12.0178
accuracy
[0.00672269 0.03193277 0.06554622 0.15966387]
val_loss=11.9329
accuracy
[0.00672269 0.03193277 0.06554622 0.15966387]
val_loss=11.9654
accuracy
[0.00672269 0.03193277 0.06386555 0.16302521]
val_loss=12.0201
accuracy
[0.00672269 0.03193277 0.06554622 0.16470588]
val_loss=12.1325
accuracy
[0.00504202 0.03193277 0.06554622 0.16470588]
val_loss=12.1592
accuracy
[0.00672269 0.03193277 0.06554622 0.16470588]
val_loss=12.1982
accuracy
[0.00672269 0.03193277 0.06722689 0.16302521]
val_loss=12.2508
accuracy
[0.00672269 0.03193277 0.06554622 0.16470588]
val_loss=12.2463
accuracy
[0.00672269 0.03193277 0.06554622 0.16470588]
val_loss=12.2384
accuracy
[0.00672269 0.03193277 0.06554622 0.16470588]
val_loss=12.2520
accuracy
[0.00672269 0.03193277 0.06554622 0.16470588]
val_loss=12.2577
accuracy
[0.00672269 0.03193277 0.06554622 0.16470588]
val_loss=12.2611
accuracy
[0.00672269 0.03193277 0.06554622 0.16470588]
val_loss=12.2732
accuracy
[0.00672269 0.03193277 0.06554622 0.16470588]
val_loss=12.2817
accuracy
[0.00672269 0.03193277 0.06554622 0.16470588]
val_loss=12.2912
accuracy
[0.00672269 0.03193277 0.06554622 0.16470588]
val_loss=12.2933
accuracy
[0.00672269 0.03193277 0.06386555 0.16470588]
val_loss=12.3114
accuracy
[0.00672269 0.03193277 0.06554622 0.16470588]
val_loss=12.3175
accuracy
[0.00672269 0.03193277 0.06554622 0.16470588]
val_loss=12.3426
accuracy
[0.00672269 0.03193277 0.06554622 0.16470588]
val_loss=12.3503
accuracy
[0.00672269 0.03193277 0.06386555 0.16470588]
val_loss=12.3313
accuracy
[0.00672269 0.03193277 0.06554622 0.16470588]
val_loss=12.3735
accuracy
[0.00672269 0.03193277 0.06554622 0.16470588]
val_loss=12.3519
accuracy
[0.00672269 0.03193277 0.06722689 0.16470588]
val_loss=12.3717
accuracy
[0.00672269 0.03193277 0.06554622 0.16470588]
val_loss=12.3908
accuracy
[0.00672269 0.03193277 0.06386555 0.16470588]
val_loss=12.3787
accuracy
[0.00672269 0.03193277 0.06386555 0.16638655]
val_loss=12.3961
accuracy
[0.00672269 0.03193277 0.06554622 0.16470588]
Finished Training
    rehearsal replay buffer: 500 of 1493 source samples
cpu
Finished Training
cpu
Finished Training
cpu
Finished Training
cpu
Finished Training
cpu
Finished Training
cpu
Finished Training
cpu
Finished Training
cpu
Finished Training
cpu
Finished Training
cpu
Finished Training
cpu
Finished Training
cpu
Finished Training
cpu
Finished Training
cpu
Finished Training
cpu
Finished Training
cpu
Finished Training
cpu
Finished Training
cpu
Finished Training
cpu
Finished Training
cpu
Finished Training
cpu
Finished Training
cpu
Finished Training
  seed 9: pretrain on scenario4 (1493 samples), zero-shot eval on scenario2 (595 held-out test samples)
cpu
-----------------------------------------------------------------------
      Layer (type)        Output Shape         Param #     Tr. Param #
=======================================================================
          Linear-1           [32, 256]           1,280           1,280
            ReLU-2           [32, 256]               0               0
          Linear-3           [32, 256]          65,792          65,792
          Linear-4           [32, 256]          65,792          65,792
          Linear-5            [32, 16]           4,112           4,112
=======================================================================
Total params: 136,976
Trainable params: 136,976
Non-trainable params: 0
-----------------------------------------------------------------------
val_loss=7.6195
accuracy
[0.00168067 0.00168067 0.00504202 0.00840336]
val_loss=8.8340
accuracy
[0.         0.         0.         0.01008403]
val_loss=10.1914
accuracy
[0.         0.         0.         0.07226891]
val_loss=6.5050
accuracy
[0.         0.00504202 0.02857143 0.20336134]
val_loss=8.0634
accuracy
[0.00840336 0.02689076 0.03865546 0.17142857]
val_loss=7.4016
accuracy
[0.01512605 0.04705882 0.06218487 0.27058824]
val_loss=8.8283
accuracy
[0.01680672 0.03865546 0.0605042  0.18319328]
val_loss=8.0344
accuracy
[0.02521008 0.05714286 0.0789916  0.17142857]
val_loss=7.8740
accuracy
[0.04369748 0.0605042  0.07563025 0.20504202]
val_loss=8.4953
accuracy
[0.04537815 0.07394958 0.08235294 0.17647059]
val_loss=10.0547
accuracy
[0.03529412 0.06722689 0.08571429 0.1697479 ]
val_loss=9.5866
accuracy
[0.03193277 0.0789916  0.10252101 0.18655462]
val_loss=9.0325
accuracy
[0.02521008 0.05378151 0.07058824 0.1512605 ]
val_loss=10.0290
accuracy
[0.03193277 0.06722689 0.07731092 0.17647059]
val_loss=9.4744
accuracy
[0.01512605 0.05378151 0.08235294 0.15294118]
val_loss=10.4943
accuracy
[0.01848739 0.04201681 0.05042017 0.17310924]
val_loss=9.9689
accuracy
[0.02689076 0.06554622 0.08403361 0.17647059]
val_loss=8.9025
accuracy
[0.04201681 0.06890756 0.08907563 0.16470588]
val_loss=9.7841
accuracy
[0.02521008 0.05042017 0.0789916  0.18823529]
val_loss=9.1525
accuracy
[0.04201681 0.06890756 0.0907563  0.18151261]
val_loss=10.4836
accuracy
[0.02689076 0.07226891 0.09579832 0.19831933]
val_loss=10.6854
accuracy
[0.02689076 0.07058824 0.0907563  0.2       ]
val_loss=10.6725
accuracy
[0.0302521  0.07563025 0.0907563  0.2       ]
val_loss=10.5861
accuracy
[0.03697479 0.07226891 0.09243697 0.18991597]
val_loss=10.9351
accuracy
[0.03697479 0.07394958 0.09411765 0.18991597]
val_loss=10.6889
accuracy
[0.03697479 0.07058824 0.09411765 0.19831933]
val_loss=10.8284
accuracy
[0.03865546 0.06890756 0.0907563  0.18991597]
val_loss=10.9899
accuracy
[0.03697479 0.06218487 0.09579832 0.20504202]
val_loss=10.6507
accuracy
[0.03865546 0.05714286 0.09747899 0.20168067]
val_loss=11.3998
accuracy
[0.03529412 0.05714286 0.0907563  0.20336134]
val_loss=11.5050
accuracy
[0.03697479 0.05546218 0.08067227 0.19327731]
val_loss=11.3957
accuracy
[0.03697479 0.05210084 0.08571429 0.21680672]
val_loss=11.5108
accuracy
[0.03697479 0.05378151 0.08739496 0.21680672]
val_loss=11.6342
accuracy
[0.03697479 0.04705882 0.08739496 0.22016807]
val_loss=12.1699
accuracy
[0.0302521  0.0487395  0.0907563  0.20672269]
val_loss=12.5136
accuracy
[0.03697479 0.05042017 0.08907563 0.20672269]
val_loss=12.9313
accuracy
[0.02521008 0.04705882 0.09747899 0.20336134]
val_loss=12.9941
accuracy
[0.02689076 0.04201681 0.09915966 0.20840336]
val_loss=12.6649
accuracy
[0.02689076 0.05042017 0.09915966 0.21176471]
val_loss=12.9094
accuracy
[0.02857143 0.04537815 0.09411765 0.21344538]
val_loss=13.1449
accuracy
[0.02689076 0.04033613 0.09411765 0.21176471]
val_loss=13.3462
accuracy
[0.02521008 0.04201681 0.09579832 0.21176471]
val_loss=13.4211
accuracy
[0.02689076 0.03529412 0.09747899 0.21344538]
val_loss=13.5554
accuracy
[0.02521008 0.03865546 0.09915966 0.21176471]
val_loss=13.6730
accuracy
[0.02689076 0.04033613 0.10084034 0.21008403]
val_loss=13.6866
accuracy
[0.02689076 0.04033613 0.10084034 0.21176471]
val_loss=13.8314
accuracy
[0.02689076 0.04033613 0.10084034 0.21176471]
val_loss=13.8901
accuracy
[0.02689076 0.04201681 0.10252101 0.21176471]
val_loss=13.9392
accuracy
[0.02689076 0.04033613 0.10084034 0.21176471]
val_loss=14.0848
accuracy
[0.02857143 0.04201681 0.09747899 0.21176471]
val_loss=14.1698
accuracy
[0.02857143 0.04369748 0.10084034 0.21008403]
val_loss=14.1564
accuracy
[0.02857143 0.04369748 0.10084034 0.21008403]
val_loss=14.2481
accuracy
[0.02857143 0.04201681 0.09747899 0.21008403]
val_loss=14.4235
accuracy
[0.02857143 0.04369748 0.09747899 0.21008403]
val_loss=14.4169
accuracy
[0.02857143 0.04201681 0.09915966 0.21008403]
val_loss=14.3972
accuracy
[0.02857143 0.04369748 0.09915966 0.21008403]
val_loss=14.5134
accuracy
[0.0302521  0.04369748 0.09915966 0.21008403]
val_loss=14.5910
accuracy
[0.02857143 0.04537815 0.09747899 0.21008403]
val_loss=14.7979
accuracy
[0.0302521  0.04369748 0.09243697 0.21008403]
val_loss=14.7078
accuracy
[0.02857143 0.04369748 0.09915966 0.21008403]
val_loss=14.7895
accuracy
[0.02857143 0.04369748 0.09915966 0.21008403]
val_loss=14.7824
accuracy
[0.02857143 0.04369748 0.09747899 0.21008403]
val_loss=14.8377
accuracy
[0.0302521  0.04369748 0.09747899 0.21008403]
val_loss=14.8638
accuracy
[0.0302521  0.04369748 0.09747899 0.21008403]
val_loss=14.8994
accuracy
[0.0302521  0.04369748 0.09579832 0.21008403]
val_loss=14.9243
accuracy
[0.0302521  0.04369748 0.09579832 0.21008403]
val_loss=14.9193
accuracy
[0.0302521  0.04369748 0.09747899 0.21008403]
val_loss=14.9421
accuracy
[0.0302521  0.04369748 0.09747899 0.21008403]
val_loss=14.9579
accuracy
[0.0302521  0.04369748 0.09579832 0.21008403]
val_loss=14.9912
accuracy
[0.0302521  0.04369748 0.09579832 0.21008403]
val_loss=15.0026
accuracy
[0.0302521  0.04369748 0.09411765 0.21008403]
val_loss=15.0262
accuracy
[0.0302521  0.04369748 0.09411765 0.21008403]
val_loss=15.0322
accuracy
[0.0302521  0.04369748 0.09411765 0.21008403]
val_loss=15.0615
accuracy
[0.0302521  0.04369748 0.09411765 0.21008403]
val_loss=15.0734
accuracy
[0.0302521  0.04369748 0.09411765 0.21008403]
val_loss=15.1018
accuracy
[0.0302521  0.04369748 0.09411765 0.21008403]
val_loss=15.1168
accuracy
[0.0302521  0.04369748 0.09411765 0.21008403]
val_loss=15.1633
accuracy
[0.0302521  0.04201681 0.09411765 0.21008403]
val_loss=15.1628
accuracy
[0.0302521  0.04369748 0.09411765 0.21008403]
val_loss=15.1586
accuracy
[0.0302521  0.04369748 0.09411765 0.21008403]
Finished Training
    rehearsal replay buffer: 500 of 1493 source samples
cpu
Finished Training
cpu
Finished Training
cpu
Finished Training
cpu
Finished Training
cpu
Finished Training
cpu
Finished Training
cpu
Finished Training
cpu
Finished Training
cpu
Finished Training
cpu
Finished Training
cpu
Finished Training
cpu
Finished Training
cpu
Finished Training
cpu
Finished Training
cpu
Finished Training
cpu
Finished Training
cpu
Finished Training
cpu
Finished Training
cpu
Finished Training
cpu
Finished Training
cpu
Finished Training
cpu
Finished Training
Saved result\stage1_s4_to_s2_rehearsal_acc.mat and result\stage1_s4_to_s2_rehearsal_pwr.mat (10/10 seeds completed)

======================================================================
Rehearsal comparison: scenario7 -> scenario1  (s7_to_s1)
======================================================================
  seed 0: pretrain on scenario7 (683 samples), zero-shot eval on scenario1 (483 held-out test samples)
cpu
-----------------------------------------------------------------------
      Layer (type)        Output Shape         Param #     Tr. Param #
=======================================================================
          Linear-1           [32, 256]           1,280           1,280
            ReLU-2           [32, 256]               0               0
          Linear-3           [32, 256]          65,792          65,792
          Linear-4           [32, 256]          65,792          65,792
          Linear-5            [32, 16]           4,112           4,112
=======================================================================
Total params: 136,976
Trainable params: 136,976
Non-trainable params: 0
-----------------------------------------------------------------------
val_loss=4.4493
accuracy
[0.03312629 0.05175983 0.13250518 0.20703934]
val_loss=7.6993
accuracy
[0.02898551 0.03312629 0.03726708 0.13043478]
val_loss=12.8672
accuracy
[0.01242236 0.0310559  0.07660455 0.1573499 ]
val_loss=14.3897
accuracy
[0.04140787 0.0621118  0.08281573 0.1552795 ]
val_loss=18.2059
accuracy
[0.00414079 0.04140787 0.06625259 0.17184265]
val_loss=17.1803
accuracy
[0.         0.00207039 0.0621118  0.11387164]
val_loss=18.6244
accuracy
[0.00414079 0.00828157 0.02898551 0.12836439]
val_loss=17.7743
accuracy
[0.02277433 0.02277433 0.08488613 0.09937888]
val_loss=15.7659
accuracy
[0.01449275 0.01656315 0.03519669 0.13250518]
val_loss=13.8005
accuracy
[0.         0.         0.06004141 0.11387164]
val_loss=14.6384
accuracy
[0.00828157 0.01449275 0.06625259 0.13043478]
val_loss=15.5104
accuracy
[0.         0.         0.05797101 0.12008282]
val_loss=14.5889
accuracy
[0.         0.00621118 0.05797101 0.12008282]
val_loss=16.1167
accuracy
[0.00828157 0.02070393 0.07246377 0.13664596]
val_loss=18.6430
accuracy
[0.00621118 0.01863354 0.07039337 0.13664596]
val_loss=14.7911
accuracy
[0.         0.00621118 0.05590062 0.10973085]
val_loss=12.1791
accuracy
[0.         0.         0.02691511 0.10351967]
val_loss=14.0612
accuracy
[0.         0.         0.04968944 0.15942029]
val_loss=18.5758
accuracy
[0.00621118 0.00828157 0.05797101 0.11801242]
val_loss=18.7043
accuracy
[0.         0.00207039 0.05590062 0.11801242]
val_loss=19.4605
accuracy
[0.         0.         0.05383023 0.11387164]
val_loss=19.4506
accuracy
[0.         0.         0.05175983 0.11387164]
val_loss=20.5775
accuracy
[0.00414079 0.00828157 0.05797101 0.07660455]
val_loss=20.3830
accuracy
[0.         0.00621118 0.05797101 0.07660455]
val_loss=20.2030
accuracy
[0.         0.00207039 0.05383023 0.0931677 ]
val_loss=20.7934
accuracy
[0.         0.00414079 0.05797101 0.08281573]
val_loss=20.6937
accuracy
[0.         0.00414079 0.05383023 0.10766046]
val_loss=20.8271
accuracy
[0.         0.00621118 0.05797101 0.18219462]
val_loss=21.0946
accuracy
[0.00207039 0.00828157 0.05797101 0.18219462]
val_loss=21.6494
accuracy
[0.         0.00414079 0.05797101 0.18426501]
val_loss=21.7233
accuracy
[0.         0.00621118 0.05797101 0.18426501]
val_loss=21.3164
accuracy
[0.         0.00414079 0.05797101 0.18426501]
val_loss=21.9059
accuracy
[0.         0.00414079 0.05590062 0.18426501]
val_loss=22.6797
accuracy
[0.00207039 0.00828157 0.05797101 0.18426501]
val_loss=22.8719
accuracy
[0.         0.00621118 0.05797101 0.18426501]
val_loss=22.7325
accuracy
[0.00414079 0.00828157 0.05797101 0.1884058 ]
val_loss=22.6319
accuracy
[0.         0.00828157 0.05797101 0.18426501]
val_loss=22.8593
accuracy
[0.         0.00828157 0.05797101 0.18426501]
val_loss=22.9556
accuracy
[0.         0.00207039 0.05383023 0.18219462]
val_loss=23.0932
accuracy
[0.         0.00414079 0.05590062 0.18426501]
val_loss=22.9259
accuracy
[0.         0.00414079 0.05590062 0.18426501]
val_loss=22.9143
accuracy
[0.         0.00414079 0.05590062 0.18426501]
val_loss=23.2203
accuracy
[0.         0.00414079 0.05590062 0.18426501]
val_loss=23.2108
accuracy
[0.         0.00414079 0.05590062 0.18426501]
val_loss=23.1721
accuracy
[0.         0.00414079 0.05383023 0.18426501]
val_loss=23.3035
accuracy
[0.         0.00414079 0.05590062 0.18426501]
val_loss=23.2927
accuracy
[0.         0.00414079 0.05383023 0.18219462]
val_loss=23.3915
accuracy
[0.         0.00414079 0.05590062 0.18426501]
val_loss=23.5343
accuracy
[0.         0.00414079 0.05383023 0.18426501]
val_loss=23.3519
accuracy
[0.         0.00414079 0.05383023 0.18219462]
val_loss=23.4394
accuracy
[0.         0.00414079 0.05590062 0.18426501]
val_loss=23.5114
accuracy
[0.         0.00414079 0.05590062 0.18426501]
val_loss=23.4604
accuracy
[0.         0.00414079 0.05383023 0.18426501]
val_loss=23.4384
accuracy
[0.         0.00207039 0.05383023 0.18219462]
val_loss=23.6426
accuracy
[0.         0.00414079 0.05590062 0.18426501]
val_loss=23.7256
accuracy
[0.         0.00414079 0.05590062 0.18426501]
val_loss=23.7899
accuracy
[0.         0.00414079 0.05590062 0.18426501]
val_loss=23.8986
accuracy
[0.         0.00414079 0.05590062 0.18426501]
val_loss=23.7946
accuracy
[0.         0.00414079 0.05383023 0.18426501]
val_loss=23.8859
accuracy
[0.         0.00414079 0.05383023 0.18426501]
val_loss=23.8870
accuracy
[0.         0.00414079 0.05383023 0.18426501]
val_loss=23.8876
accuracy
[0.         0.00414079 0.05383023 0.18426501]
val_loss=23.9047
accuracy
[0.         0.00414079 0.05383023 0.18426501]
val_loss=23.9394
accuracy
[0.         0.00414079 0.05383023 0.18219462]
val_loss=23.9707
accuracy
[0.         0.00414079 0.05383023 0.18426501]
val_loss=23.9850
accuracy
[0.         0.00414079 0.05383023 0.18426501]
val_loss=24.0071
accuracy
[0.         0.00414079 0.05383023 0.18426501]
val_loss=23.9934
accuracy
[0.         0.00414079 0.05383023 0.18426501]
val_loss=23.9955
accuracy
[0.         0.00414079 0.05383023 0.18426501]
val_loss=24.0055
accuracy
[0.         0.00414079 0.05383023 0.18426501]
val_loss=24.0106
accuracy
[0.         0.00414079 0.05383023 0.18426501]
val_loss=24.0405
accuracy
[0.         0.00414079 0.05383023 0.18426501]
val_loss=23.9940
accuracy
[0.         0.00414079 0.05383023 0.18219462]
val_loss=24.0596
accuracy
[0.         0.00414079 0.05383023 0.18426501]
val_loss=24.0689
accuracy
[0.         0.00414079 0.05383023 0.18426501]
val_loss=24.1074
accuracy
[0.         0.00414079 0.05383023 0.18426501]
val_loss=24.0510
accuracy
[0.         0.00414079 0.05383023 0.18426501]
val_loss=24.0754
accuracy
[0.         0.00414079 0.05383023 0.18426501]
val_loss=24.1121
accuracy
[0.         0.00414079 0.05383023 0.18426501]
val_loss=24.1151
accuracy
[0.         0.00414079 0.05383023 0.18426501]
Finished Training
    rehearsal replay buffer: 500 of 683 source samples
cpu
Finished Training
cpu
Finished Training
cpu
Finished Training
cpu
Finished Training
cpu
Finished Training
cpu
Finished Training
cpu
Finished Training
cpu
Finished Training
cpu
Finished Training
cpu
Finished Training
cpu
Finished Training
cpu
Finished Training
cpu
Finished Training
cpu
Finished Training
cpu
Finished Training
cpu
Finished Training
cpu
Finished Training
cpu
Finished Training
cpu
Finished Training
cpu
Finished Training
cpu
Finished Training
cpu
Finished Training
  seed 1: pretrain on scenario7 (683 samples), zero-shot eval on scenario1 (483 held-out test samples)
cpu
-----------------------------------------------------------------------
      Layer (type)        Output Shape         Param #     Tr. Param #
=======================================================================
          Linear-1           [32, 256]           1,280           1,280
            ReLU-2           [32, 256]               0               0
          Linear-3           [32, 256]          65,792          65,792
          Linear-4           [32, 256]          65,792          65,792
          Linear-5            [32, 16]           4,112           4,112
=======================================================================
Total params: 136,976
Trainable params: 136,976
Non-trainable params: 0
-----------------------------------------------------------------------
val_loss=5.0914
accuracy
[0.         0.00207039 0.02277433 0.09937888]
val_loss=11.9343
accuracy
[0.07867495 0.13871636 0.21118012 0.28571429]
val_loss=16.2981
accuracy
[0.08074534 0.13871636 0.21118012 0.28571429]
val_loss=14.8284
accuracy
[0.07867495 0.1242236  0.21118012 0.2815735 ]
val_loss=18.8290
accuracy
[0.0310559  0.13664596 0.22153209 0.28571429]
val_loss=18.3733
accuracy
[0.07867495 0.1242236  0.15942029 0.29192547]
val_loss=19.9485
accuracy
[0.01242236 0.10559006 0.13871636 0.27536232]
val_loss=17.7954
accuracy
[0.07246377 0.08902692 0.1242236  0.27743271]
val_loss=21.1423
accuracy
[0.03312629 0.08902692 0.11801242 0.25879917]
val_loss=15.4891
accuracy
[0.04554865 0.13664596 0.15942029 0.29399586]
val_loss=19.1694
accuracy
[0.00828157 0.08488613 0.12008282 0.2484472 ]
val_loss=18.7615
accuracy
[0.04968944 0.08695652 0.11387164 0.21532091]
val_loss=18.4855
accuracy
[0.07660455 0.07867495 0.10766046 0.21118012]
val_loss=17.1312
accuracy
[0.02070393 0.11180124 0.13457557 0.20703934]
val_loss=15.0583
accuracy
[0.         0.05590062 0.08074534 0.17184265]
val_loss=20.6927
accuracy
[0.01656315 0.07039337 0.09937888 0.22774327]
val_loss=19.4221
accuracy
[0.03726708 0.08902692 0.126294   0.19254658]
val_loss=20.8570
accuracy
[0.01242236 0.08488613 0.11180124 0.18012422]
val_loss=19.3713
accuracy
[0.05175983 0.08281573 0.10766046 0.19254658]
val_loss=16.8935
accuracy
[0.06004141 0.07039337 0.09730849 0.19668737]
val_loss=17.2472
accuracy
[0.04347826 0.07453416 0.09730849 0.19668737]
val_loss=18.2165
accuracy
[0.02070393 0.07660455 0.09937888 0.19047619]
val_loss=19.3601
accuracy
[0.02484472 0.08074534 0.10559006 0.19875776]
val_loss=19.5138
accuracy
[0.01449275 0.07660455 0.09937888 0.18426501]
val_loss=19.7071
accuracy
[0.01035197 0.07660455 0.09937888 0.16563147]
val_loss=20.7682
accuracy
[0.00828157 0.08281573 0.10766046 0.17391304]
val_loss=20.5273
accuracy
[0.00828157 0.08281573 0.10766046 0.17391304]
val_loss=20.9535
accuracy
[0.01863354 0.07660455 0.09937888 0.16563147]
val_loss=20.9416
accuracy
[0.00621118 0.08281573 0.10766046 0.24223602]
val_loss=21.6964
accuracy
[0.00828157 0.08281573 0.10559006 0.18012422]
val_loss=21.5267
accuracy
[0.01656315 0.07660455 0.09937888 0.23395445]
val_loss=21.7413
accuracy
[0.00621118 0.07660455 0.09937888 0.17184265]
val_loss=22.2568
accuracy
[0.00414079 0.08281573 0.10766046 0.24223602]
val_loss=22.5713
accuracy
[0.00621118 0.07867495 0.10144928 0.22153209]
val_loss=22.0659
accuracy
[0.00828157 0.07660455 0.09937888 0.23395445]
val_loss=22.9718
accuracy
[0.00621118 0.07453416 0.09937888 0.21532091]
val_loss=22.8525
accuracy
[0.00828157 0.07660455 0.09937888 0.23602484]
val_loss=23.4005
accuracy
[0.00828157 0.07660455 0.09937888 0.23602484]
val_loss=23.7926
accuracy
[0.00414079 0.07660455 0.09937888 0.23602484]
val_loss=23.2070
accuracy
[0.00621118 0.07246377 0.09937888 0.23395445]
val_loss=23.5845
accuracy
[0.00621118 0.07660455 0.09937888 0.23395445]
val_loss=23.6021
accuracy
[0.00828157 0.07453416 0.09937888 0.23395445]
val_loss=23.4139
accuracy
[0.00621118 0.07246377 0.09937888 0.23395445]
val_loss=23.9196
accuracy
[0.00621118 0.07660455 0.09937888 0.23395445]
val_loss=23.7022
accuracy
[0.00621118 0.07660455 0.09937888 0.23395445]
val_loss=23.9157
accuracy
[0.00828157 0.07660455 0.09937888 0.23395445]
val_loss=23.9480
accuracy
[0.00621118 0.07660455 0.09937888 0.23395445]
val_loss=23.9254
accuracy
[0.00621118 0.07660455 0.09937888 0.23395445]
val_loss=24.0102
accuracy
[0.00621118 0.07246377 0.09937888 0.23395445]
val_loss=24.0674
accuracy
[0.00621118 0.07246377 0.09937888 0.23395445]
val_loss=24.0657
accuracy
[0.00414079 0.07453416 0.09937888 0.23395445]
val_loss=24.2890
accuracy
[0.00828157 0.07246377 0.09937888 0.23395445]
val_loss=24.4547
accuracy
[0.00621118 0.07246377 0.09937888 0.23395445]
val_loss=24.2341
accuracy
[0.00621118 0.06832298 0.09937888 0.23395445]
val_loss=24.5281
accuracy
[0.00621118 0.07039337 0.09937888 0.23395445]
val_loss=24.5525
accuracy
[0.00621118 0.07039337 0.09937888 0.23395445]
val_loss=24.5728
accuracy
[0.00414079 0.06832298 0.09937888 0.23395445]
val_loss=24.4539
accuracy
[0.00621118 0.07039337 0.09937888 0.23395445]
val_loss=24.5850
accuracy
[0.00621118 0.06832298 0.09937888 0.23395445]
val_loss=24.6330
accuracy
[0.00621118 0.07039337 0.09937888 0.23395445]
val_loss=24.5237
accuracy
[0.00828157 0.06832298 0.09937888 0.23395445]
val_loss=24.5407
accuracy
[0.00621118 0.06832298 0.09937888 0.23395445]
val_loss=24.5570
accuracy
[0.00828157 0.06832298 0.09937888 0.23395445]
val_loss=24.6016
accuracy
[0.00621118 0.06832298 0.09937888 0.23395445]
val_loss=24.6195
accuracy
[0.00621118 0.06832298 0.09937888 0.23395445]
val_loss=24.6365
accuracy
[0.00621118 0.06832298 0.09937888 0.23395445]
val_loss=24.5933
accuracy
[0.00828157 0.06832298 0.09937888 0.23395445]
val_loss=24.6197
accuracy
[0.00828157 0.06832298 0.09937888 0.23395445]
val_loss=24.6624
accuracy
[0.00621118 0.06832298 0.09937888 0.23395445]
val_loss=24.6865
accuracy
[0.00621118 0.06832298 0.09937888 0.23395445]
val_loss=24.6834
accuracy
[0.00828157 0.06832298 0.09937888 0.23395445]
val_loss=24.7225
accuracy
[0.00621118 0.06832298 0.09937888 0.23395445]
val_loss=24.7599
accuracy
[0.00621118 0.06832298 0.09937888 0.23395445]
val_loss=24.7270
accuracy
[0.00828157 0.06832298 0.09937888 0.23395445]
val_loss=24.7391
accuracy
[0.00828157 0.06832298 0.09937888 0.23395445]
val_loss=24.7550
accuracy
[0.00621118 0.06832298 0.09937888 0.23395445]
val_loss=24.7827
accuracy
[0.00621118 0.06832298 0.09937888 0.23395445]
val_loss=24.7725
accuracy
[0.00828157 0.06832298 0.09937888 0.23395445]
val_loss=24.8121
accuracy
[0.00828157 0.06832298 0.09937888 0.23395445]
val_loss=24.8082
accuracy
[0.00621118 0.06832298 0.09937888 0.23395445]
Finished Training
    rehearsal replay buffer: 500 of 683 source samples
cpu
Finished Training
cpu
Finished Training
cpu
Finished Training
cpu
Finished Training
cpu
Finished Training
cpu
Finished Training
cpu
Finished Training
cpu
Finished Training
cpu
Finished Training
cpu
Finished Training
cpu
Finished Training
cpu
Finished Training
cpu
Finished Training
cpu
Finished Training
cpu
Finished Training
cpu
Finished Training
cpu
Finished Training
cpu
Finished Training
cpu
Finished Training
cpu
Finished Training
cpu
Finished Training
cpu
Finished Training
  seed 2: pretrain on scenario7 (683 samples), zero-shot eval on scenario1 (483 held-out test samples)
cpu
-----------------------------------------------------------------------
      Layer (type)        Output Shape         Param #     Tr. Param #
=======================================================================
          Linear-1           [32, 256]           1,280           1,280
            ReLU-2           [32, 256]               0               0
          Linear-3           [32, 256]          65,792          65,792
          Linear-4           [32, 256]          65,792          65,792
          Linear-5            [32, 16]           4,112           4,112
=======================================================================
Total params: 136,976
Trainable params: 136,976
Non-trainable params: 0
-----------------------------------------------------------------------
val_loss=6.0672
accuracy
[0.         0.00621118 0.01035197 0.01449275]
val_loss=7.5176
accuracy
[0.00414079 0.08074534 0.17598344 0.20289855]
val_loss=17.5375
accuracy
[0.06004141 0.126294   0.19047619 0.27536232]
val_loss=21.2899
accuracy
[0.04761905 0.12008282 0.19047619 0.27536232]
val_loss=18.2460
accuracy
[0.02277433 0.10973085 0.13871636 0.27329193]
val_loss=13.3122
accuracy
[0.05590062 0.06004141 0.11387164 0.2194617 ]
val_loss=15.6011
accuracy
[0.05797101 0.0931677  0.12008282 0.25879917]
val_loss=17.0260
accuracy
[0.03312629 0.0621118  0.14285714 0.24016563]
val_loss=17.3106
accuracy
[0.05797101 0.0621118  0.15113872 0.24016563]
val_loss=17.4058
accuracy
[0.05797101 0.09730849 0.11801242 0.25672878]
val_loss=21.3926
accuracy
[0.00621118 0.08902692 0.12008282 0.2484472 ]
val_loss=20.3928
accuracy
[0.05175983 0.08695652 0.11387164 0.24223602]
val_loss=21.4725
accuracy
[0.00207039 0.04140787 0.1242236  0.2815735 ]
val_loss=19.0897
accuracy
[0.02691511 0.07246377 0.14906832 0.22774327]
val_loss=22.6807
accuracy
[0.00207039 0.04761905 0.13871636 0.29813665]
val_loss=23.0369
accuracy
[0.02691511 0.04761905 0.11387164 0.27743271]
val_loss=20.1672
accuracy
[0.         0.0310559  0.11180124 0.26915114]
val_loss=20.5056
accuracy
[0.00621118 0.06004141 0.13043478 0.28985507]
val_loss=26.2597
accuracy
[0.         0.02484472 0.12215321 0.28571429]
val_loss=23.0668
accuracy
[0.         0.00207039 0.0931677  0.26293996]
val_loss=23.6921
accuracy
[0.         0.00414079 0.09109731 0.25879917]
val_loss=25.2601
accuracy
[0.         0.00207039 0.09109731 0.25879917]
val_loss=25.8971
accuracy
[0.         0.00207039 0.09109731 0.25465839]
val_loss=26.3408
accuracy
[0.         0.00207039 0.08695652 0.25258799]
val_loss=26.3719
accuracy
[0.         0.00207039 0.08695652 0.2505176 ]
val_loss=27.0933
accuracy
[0.         0.00207039 0.09109731 0.25672878]
val_loss=27.1450
accuracy
[0.         0.00207039 0.09109731 0.25465839]
val_loss=27.7763
accuracy
[0.         0.00207039 0.08902692 0.2505176 ]
val_loss=28.6987
accuracy
[0.         0.00207039 0.09109731 0.25672878]
val_loss=27.1034
accuracy
[0.         0.00207039 0.08488613 0.2484472 ]
val_loss=28.4586
accuracy
[0.         0.00207039 0.09109731 0.25465839]
val_loss=28.2980
accuracy
[0.         0.00207039 0.08902692 0.25465839]
val_loss=28.4763
accuracy
[0.         0.02277433 0.08902692 0.25465839]
val_loss=28.5566
accuracy
[0.         0.02691511 0.08695652 0.25258799]
val_loss=29.4697
accuracy
[0.         0.0621118  0.06418219 0.2484472 ]
val_loss=28.9440
accuracy
[0.         0.06418219 0.06625259 0.2505176 ]
val_loss=30.1835
accuracy
[0.         0.0621118  0.06625259 0.25672878]
val_loss=30.3764
accuracy
[0.         0.0621118  0.06418219 0.2505176 ]
val_loss=30.4786
accuracy
[0.         0.0621118  0.06418219 0.2484472 ]
val_loss=30.3622
accuracy
[0.         0.02691511 0.06625259 0.24430642]
val_loss=30.2382
accuracy
[0.         0.00828157 0.06625259 0.24430642]
val_loss=30.3819
accuracy
[0.         0.02691511 0.06625259 0.24430642]
val_loss=30.5190
accuracy
[0.         0.02691511 0.06418219 0.24430642]
val_loss=30.4728
accuracy
[0.         0.04761905 0.06418219 0.24430642]
val_loss=30.6829
accuracy
[0.         0.02691511 0.06418219 0.24430642]
val_loss=30.4901
accuracy
[0.         0.06418219 0.06418219 0.24223602]
val_loss=30.8386
accuracy
[0.         0.0621118  0.06418219 0.24430642]
val_loss=30.9449
accuracy
[0.         0.0621118  0.06418219 0.24223602]
val_loss=31.1507
accuracy
[0.         0.0621118  0.06418219 0.24223602]
val_loss=31.0652
accuracy
[0.         0.0621118  0.06418219 0.24223602]
val_loss=31.3086
accuracy
[0.         0.0621118  0.06418219 0.24223602]
val_loss=31.2254
accuracy
[0.         0.0621118  0.06418219 0.24430642]
val_loss=31.4675
accuracy
[0.         0.0621118  0.06418219 0.24430642]
val_loss=31.2445
accuracy
[0.         0.0621118  0.06418219 0.24223602]
val_loss=31.6313
accuracy
[0.         0.0621118  0.06418219 0.24430642]
val_loss=31.7467
accuracy
[0.         0.0621118  0.06418219 0.24430642]
val_loss=31.6224
accuracy
[0.         0.0621118  0.06418219 0.24223602]
val_loss=31.6655
accuracy
[0.         0.0621118  0.06418219 0.24223602]
val_loss=31.8697
accuracy
[0.         0.0621118  0.06418219 0.24430642]
val_loss=31.8192
accuracy
[0.         0.0621118  0.06418219 0.24223602]
val_loss=31.8904
accuracy
[0.         0.0621118  0.06418219 0.24223602]
val_loss=31.8380
accuracy
[0.         0.0621118  0.06418219 0.24223602]
val_loss=31.8377
accuracy
[0.         0.0621118  0.06418219 0.24223602]
val_loss=31.8679
accuracy
[0.         0.0621118  0.06418219 0.24223602]
val_loss=31.8590
accuracy
[0.         0.0621118  0.06418219 0.24223602]
val_loss=31.9146
accuracy
[0.         0.0621118  0.06418219 0.24223602]
val_loss=31.9037
accuracy
[0.         0.0621118  0.06418219 0.24223602]
val_loss=31.8748
accuracy
[0.         0.0621118  0.06418219 0.24223602]
val_loss=31.9429
accuracy
[0.         0.0621118  0.06418219 0.24223602]
val_loss=31.9601
accuracy
[0.         0.0621118  0.06418219 0.24223602]
val_loss=31.9667
accuracy
[0.         0.0621118  0.06418219 0.24223602]
val_loss=32.0288
accuracy
[0.         0.0621118  0.06418219 0.24223602]
val_loss=32.0747
accuracy
[0.         0.0621118  0.06418219 0.24223602]
val_loss=32.0314
accuracy
[0.         0.0621118  0.06418219 0.24223602]
val_loss=32.0735
accuracy
[0.         0.0621118  0.06418219 0.24223602]
val_loss=32.0943
accuracy
[0.         0.0621118  0.06418219 0.24223602]
val_loss=32.1034
accuracy
[0.         0.0621118  0.06418219 0.24223602]
val_loss=32.1020
accuracy
[0.         0.0621118  0.06418219 0.24223602]
val_loss=32.0938
accuracy
[0.         0.0621118  0.06418219 0.24223602]
val_loss=32.1918
accuracy
[0.         0.0621118  0.06418219 0.24223602]
Finished Training
    rehearsal replay buffer: 500 of 683 source samples
cpu
Finished Training
cpu
Finished Training
cpu
Finished Training
cpu
Finished Training
cpu
Finished Training
cpu
Finished Training
cpu
Finished Training
cpu
Finished Training
cpu
Finished Training
cpu
Finished Training
cpu
Finished Training
cpu
Finished Training
cpu
Finished Training
cpu
Finished Training
cpu
Finished Training
cpu
Finished Training
cpu
Finished Training
cpu
Finished Training
cpu
Finished Training
cpu
Finished Training
cpu
Finished Training
cpu
Finished Training
  seed 3: pretrain on scenario7 (683 samples), zero-shot eval on scenario1 (483 held-out test samples)
cpu
-----------------------------------------------------------------------
      Layer (type)        Output Shape         Param #     Tr. Param #
=======================================================================
          Linear-1           [32, 256]           1,280           1,280
            ReLU-2           [32, 256]               0               0
          Linear-3           [32, 256]          65,792          65,792
          Linear-4           [32, 256]          65,792          65,792
          Linear-5            [32, 16]           4,112           4,112
=======================================================================
Total params: 136,976
Trainable params: 136,976
Non-trainable params: 0
-----------------------------------------------------------------------
val_loss=4.7333
accuracy
[0.04140787 0.04761905 0.05590062 0.07867495]
val_loss=9.2205
accuracy
[0.03312629 0.14492754 0.14699793 0.2815735 ]
val_loss=15.7747
accuracy
[0.07453416 0.14492754 0.2173913  0.3126294 ]
val_loss=16.9549
accuracy
[0.05590062 0.10351967 0.21325052 0.29192547]
val_loss=13.3840
accuracy
[0.06004141 0.07453416 0.1242236  0.25465839]
val_loss=15.5830
accuracy
[0.00414079 0.03933747 0.09109731 0.22981366]
val_loss=14.1155
accuracy
[0.02898551 0.10559006 0.13457557 0.25258799]
val_loss=15.4653
accuracy
[0.01035197 0.08902692 0.126294   0.25258799]
val_loss=12.4837
accuracy
[0.05383023 0.0621118  0.08902692 0.20910973]
val_loss=13.9236
accuracy
[0.01242236 0.10766046 0.14492754 0.26086957]
val_loss=15.9864
accuracy
[0.03312629 0.10766046 0.13457557 0.2505176 ]
val_loss=16.4516
accuracy
[0.03726708 0.12008282 0.14492754 0.22567288]
val_loss=20.7405
accuracy
[0.07039337 0.14078675 0.19254658 0.2505176 ]
val_loss=16.0053
accuracy
[0.00621118 0.07453416 0.13664596 0.22774327]
val_loss=15.8775
accuracy
[0.01449275 0.10559006 0.16356108 0.25672878]
val_loss=19.7669
accuracy
[0.02484472 0.09937888 0.1573499  0.23188406]
val_loss=22.0038
accuracy
[0.02484472 0.07660455 0.16149068 0.26086957]
val_loss=16.8633
accuracy
[0.04140787 0.07246377 0.126294   0.1863354 ]
val_loss=23.6535
accuracy
[0.01035197 0.10351967 0.15320911 0.28778468]
val_loss=25.1637
accuracy
[0.02484472 0.12008282 0.17805383 0.30020704]
val_loss=24.3522
accuracy
[0.01449275 0.10351967 0.16977226 0.29399586]
val_loss=26.5008
accuracy
[0.00828157 0.10766046 0.17184265 0.29606625]
val_loss=26.4287
accuracy
[0.01035197 0.09730849 0.15942029 0.28571429]
val_loss=26.5584
accuracy
[0.01242236 0.0931677  0.15942029 0.28778468]
val_loss=26.4911
accuracy
[0.01242236 0.07867495 0.14492754 0.27122153]
val_loss=26.8746
accuracy
[0.01035197 0.08695652 0.1573499  0.2815735 ]
val_loss=27.6866
accuracy
[0.01035197 0.08695652 0.1573499  0.27950311]
val_loss=28.1034
accuracy
[0.00828157 0.0931677  0.1573499  0.2815735 ]
val_loss=27.5902
accuracy
[0.01449275 0.08695652 0.1573499  0.27950311]
val_loss=27.5724
accuracy
[0.01449275 0.09937888 0.15113872 0.27950311]
val_loss=27.9958
accuracy
[0.01035197 0.09109731 0.15942029 0.28778468]
val_loss=28.2427
accuracy
[0.01449275 0.08695652 0.15113872 0.27950311]
val_loss=28.0477
accuracy
[0.01242236 0.08074534 0.14906832 0.27329193]
val_loss=27.8923
accuracy
[0.01242236 0.07867495 0.14906832 0.27329193]
val_loss=28.4624
accuracy
[0.01449275 0.09109731 0.1573499  0.27950311]
val_loss=28.9394
accuracy
[0.01449275 0.0952381  0.15113872 0.27536232]
val_loss=28.6666
accuracy
[0.01242236 0.08074534 0.14699793 0.27122153]
val_loss=30.2989
accuracy
[0.01035197 0.14285714 0.16563147 0.28778468]
val_loss=30.3718
accuracy
[0.01449275 0.0931677  0.14906832 0.27329193]
val_loss=29.9384
accuracy
[0.01035197 0.10144928 0.15113872 0.27536232]
val_loss=30.1358
accuracy
[0.01035197 0.10351967 0.15113872 0.27950311]
val_loss=30.1853
accuracy
[0.01035197 0.10351967 0.14906832 0.27536232]
val_loss=30.1668
accuracy
[0.01449275 0.09937888 0.14906832 0.27329193]
val_loss=30.2805
accuracy
[0.01449275 0.09937888 0.14906832 0.27329193]
val_loss=30.1082
accuracy
[0.01449275 0.09937888 0.14906832 0.27122153]
val_loss=30.4774
accuracy
[0.01242236 0.09937888 0.14906832 0.27122153]
val_loss=30.4628
accuracy
[0.01656315 0.09937888 0.14906832 0.27122153]
val_loss=30.7787
accuracy
[0.01449275 0.09937888 0.14906832 0.27122153]
val_loss=30.3607
accuracy
[0.01656315 0.0952381  0.14699793 0.27122153]
val_loss=30.5056
accuracy
[0.01656315 0.09730849 0.14906832 0.27122153]
val_loss=30.7484
accuracy
[0.01449275 0.09937888 0.14906832 0.27122153]
val_loss=30.5991
accuracy
[0.01449275 0.09730849 0.14699793 0.27122153]
val_loss=30.5770
accuracy
[0.01656315 0.0931677  0.14699793 0.26915114]
val_loss=31.0721
accuracy
[0.01242236 0.09937888 0.14906832 0.27329193]
val_loss=30.7831
accuracy
[0.01656315 0.0931677  0.14492754 0.26915114]
val_loss=31.1373
accuracy
[0.01656315 0.09730849 0.14906832 0.27122153]
val_loss=30.8917
accuracy
[0.01656315 0.09730849 0.14906832 0.27122153]
val_loss=30.9708
accuracy
[0.01656315 0.09730849 0.14699793 0.27122153]
val_loss=31.0670
accuracy
[0.01656315 0.0931677  0.14699793 0.26915114]
val_loss=31.1027
accuracy
[0.01656315 0.09730849 0.14699793 0.27122153]
val_loss=31.0753
accuracy
[0.01656315 0.09730849 0.14699793 0.27122153]
val_loss=31.1672
accuracy
[0.01656315 0.09730849 0.14906832 0.27122153]
val_loss=31.1840
accuracy
[0.01656315 0.09730849 0.14699793 0.27122153]
val_loss=31.1458
accuracy
[0.01656315 0.09730849 0.14699793 0.27122153]
val_loss=31.2014
accuracy
[0.01656315 0.09730849 0.14699793 0.27122153]
val_loss=31.1860
accuracy
[0.01656315 0.0952381  0.14699793 0.27122153]
val_loss=31.1028
accuracy
[0.01656315 0.0931677  0.14699793 0.26915114]
val_loss=31.1815
accuracy
[0.01656315 0.0952381  0.14699793 0.27122153]
val_loss=31.1460
accuracy
[0.01656315 0.0931677  0.14699793 0.26915114]
val_loss=31.1312
accuracy
[0.01449275 0.0931677  0.14699793 0.26915114]
val_loss=31.1668
accuracy
[0.01656315 0.0931677  0.14699793 0.26915114]
val_loss=31.1716
accuracy
[0.01656315 0.0931677  0.14699793 0.26915114]
val_loss=31.2643
accuracy
[0.01656315 0.0931677  0.14699793 0.26915114]
val_loss=31.2625
accuracy
[0.01656315 0.0931677  0.14699793 0.26915114]
val_loss=31.2587
accuracy
[0.01656315 0.0931677  0.14699793 0.26915114]
val_loss=31.2697
accuracy
[0.01656315 0.0931677  0.14699793 0.26915114]
val_loss=31.3032
accuracy
[0.01656315 0.0931677  0.14699793 0.27122153]
val_loss=31.3129
accuracy
[0.01656315 0.0931677  0.14699793 0.26915114]
val_loss=31.3358
accuracy
[0.01656315 0.0931677  0.14699793 0.26915114]
val_loss=31.2610
accuracy
[0.01449275 0.0931677  0.14492754 0.26915114]
Finished Training
    rehearsal replay buffer: 500 of 683 source samples
cpu
Finished Training
cpu
Finished Training
cpu
Finished Training
cpu
Finished Training
cpu
Finished Training
cpu
Finished Training
cpu
Finished Training
cpu
Finished Training
cpu
Finished Training
cpu
Finished Training
cpu
Finished Training
cpu
Finished Training
cpu
Finished Training
cpu
Finished Training
cpu
Finished Training
cpu
Finished Training
cpu
Finished Training
cpu
Finished Training
cpu
Finished Training
cpu
Finished Training
cpu
Finished Training
cpu
Finished Training
  seed 4: pretrain on scenario7 (683 samples), zero-shot eval on scenario1 (483 held-out test samples)
cpu
-----------------------------------------------------------------------
      Layer (type)        Output Shape         Param #     Tr. Param #
=======================================================================
          Linear-1           [32, 256]           1,280           1,280
            ReLU-2           [32, 256]               0               0
          Linear-3           [32, 256]          65,792          65,792
          Linear-4           [32, 256]          65,792          65,792
          Linear-5            [32, 16]           4,112           4,112
=======================================================================
Total params: 136,976
Trainable params: 136,976
Non-trainable params: 0
-----------------------------------------------------------------------
val_loss=4.9359
accuracy
[0.04347826 0.06625259 0.17805383 0.19461698]
val_loss=13.8717
accuracy
[0.06418219 0.10144928 0.12215321 0.33333333]
val_loss=16.4692
accuracy
[0.06418219 0.11594203 0.16356108 0.27122153]
val_loss=22.8669
accuracy
[0.06625259 0.13043478 0.16356108 0.26708075]
val_loss=24.9901
accuracy
[0.06625259 0.13043478 0.16356108 0.26708075]
val_loss=22.7198
accuracy
[0.06625259 0.13043478 0.16356108 0.26708075]
val_loss=15.8237
accuracy
[0.05383023 0.1242236  0.1573499  0.26293996]
val_loss=20.7964
accuracy
[0.0621118  0.13043478 0.19254658 0.26708075]
val_loss=18.2922
accuracy
[0.06004141 0.126294   0.16149068 0.3126294 ]
val_loss=24.2382
accuracy
[0.06418219 0.13043478 0.17598344 0.20910973]
val_loss=22.9113
accuracy
[0.05797101 0.126294   0.17184265 0.25672878]
val_loss=23.1726
accuracy
[0.01863354 0.0931677  0.13871636 0.20082816]
val_loss=20.9680
accuracy
[0.02898551 0.11387164 0.16356108 0.30848861]
val_loss=20.6291
accuracy
[0.         0.00828157 0.05797101 0.12215321]
val_loss=21.6497
accuracy
[0.         0.02277433 0.07039337 0.22360248]
val_loss=23.3076
accuracy
[0.         0.         0.05797101 0.2173913 ]
val_loss=22.6974
accuracy
[0.         0.02070393 0.10559006 0.24430642]
val_loss=17.2352
accuracy
[0.         0.         0.03519669 0.08488613]
val_loss=20.9524
accuracy
[0.         0.00621118 0.04968944 0.10973085]
val_loss=24.6993
accuracy
[0.         0.         0.03933747 0.11801242]
val_loss=23.3479
accuracy
[0.         0.         0.03726708 0.1242236 ]
val_loss=23.4954
accuracy
[0.         0.         0.03519669 0.1863354 ]
val_loss=25.2327
accuracy
[0.         0.         0.03933747 0.20289855]
val_loss=23.6622
accuracy
[0.         0.         0.03726708 0.19254658]
val_loss=23.9216
accuracy
[0.         0.         0.03726708 0.20082816]
val_loss=25.6537
accuracy
[0.         0.         0.04140787 0.21118012]
val_loss=25.6435
accuracy
[0.         0.         0.02691511 0.20703934]
val_loss=26.4198
accuracy
[0.         0.         0.03519669 0.20082816]
val_loss=26.9847
accuracy
[0.         0.         0.05175983 0.20703934]
val_loss=27.5308
accuracy
[0.         0.         0.05383023 0.21325052]
val_loss=27.5909
accuracy
[0.         0.         0.06625259 0.21532091]
val_loss=26.6499
accuracy
[0.         0.         0.05590062 0.20910973]
val_loss=28.0087
accuracy
[0.         0.00207039 0.06004141 0.22360248]
val_loss=27.5474
accuracy
[0.         0.         0.05383023 0.21532091]
val_loss=28.0088
accuracy
[0.         0.         0.05590062 0.20910973]
val_loss=28.2564
accuracy
[0.         0.         0.05590062 0.21532091]
val_loss=29.3823
accuracy
[0.         0.         0.14078675 0.21532091]
val_loss=29.2438
accuracy
[0.         0.00207039 0.14078675 0.21532091]
val_loss=28.8169
accuracy
[0.         0.         0.11387164 0.21325052]
val_loss=29.7795
accuracy
[0.         0.         0.11594203 0.20910973]
val_loss=29.6282
accuracy
[0.         0.         0.126294   0.20703934]
val_loss=30.0113
accuracy
[0.         0.         0.13871636 0.21325052]
val_loss=29.9552
accuracy
[0.         0.         0.11387164 0.21325052]
val_loss=30.1589
accuracy
[0.         0.         0.11594203 0.21325052]
val_loss=30.1876
accuracy
[0.         0.         0.11594203 0.21325052]
val_loss=30.1428
accuracy
[0.         0.         0.11594203 0.21325052]
val_loss=30.3038
accuracy
[0.         0.         0.11387164 0.21325052]
val_loss=30.2950
accuracy
[0.         0.         0.11387164 0.21325052]
val_loss=30.5163
accuracy
[0.         0.         0.11594203 0.21325052]
val_loss=30.6178
accuracy
[0.         0.         0.11594203 0.21325052]
val_loss=30.9715
accuracy
[0.         0.         0.11594203 0.21325052]
val_loss=30.7672
accuracy
[0.         0.         0.11387164 0.21325052]
val_loss=30.9480
accuracy
[0.         0.         0.11594203 0.21325052]
val_loss=31.1465
accuracy
[0.         0.         0.11594203 0.21325052]
val_loss=30.9947
accuracy
[0.         0.         0.11387164 0.21325052]
val_loss=31.0287
accuracy
[0.         0.         0.11387164 0.21325052]
val_loss=30.9289
accuracy
[0.         0.         0.11387164 0.21325052]
val_loss=31.0329
accuracy
[0.         0.         0.11387164 0.21325052]
val_loss=31.0166
accuracy
[0.         0.         0.11387164 0.21325052]
val_loss=31.4348
accuracy
[0.         0.         0.11594203 0.21325052]
val_loss=31.4804
accuracy
[0.         0.         0.11594203 0.21325052]
val_loss=31.4560
accuracy
[0.         0.         0.11387164 0.21325052]
val_loss=31.4850
accuracy
[0.         0.         0.11387164 0.21325052]
val_loss=31.5740
accuracy
[0.         0.         0.11387164 0.21325052]
val_loss=31.5339
accuracy
[0.         0.         0.11387164 0.21325052]
val_loss=31.4897
accuracy
[0.         0.         0.11387164 0.21325052]
val_loss=31.5687
accuracy
[0.         0.         0.11387164 0.21325052]
val_loss=31.5628
accuracy
[0.         0.         0.11387164 0.21325052]
val_loss=31.6247
accuracy
[0.         0.         0.11387164 0.21325052]
val_loss=31.6319
accuracy
[0.         0.         0.11387164 0.21325052]
val_loss=31.6563
accuracy
[0.         0.         0.11387164 0.21325052]
val_loss=31.7377
accuracy
[0.         0.         0.11387164 0.21325052]
val_loss=31.6775
accuracy
[0.         0.         0.11387164 0.21325052]
val_loss=31.7152
accuracy
[0.         0.         0.11387164 0.21325052]
val_loss=31.6475
accuracy
[0.         0.         0.11387164 0.21118012]
val_loss=31.7744
accuracy
[0.         0.         0.11387164 0.21325052]
val_loss=31.7703
accuracy
[0.         0.         0.11387164 0.21325052]
val_loss=31.7930
accuracy
[0.         0.         0.11387164 0.21325052]
val_loss=31.7782
accuracy
[0.         0.         0.11387164 0.21325052]
val_loss=31.8652
accuracy
[0.         0.         0.11387164 0.21325052]
Finished Training
    rehearsal replay buffer: 500 of 683 source samples
cpu
Finished Training
cpu
Finished Training
cpu
Finished Training
cpu
Finished Training
cpu
Finished Training
cpu
Finished Training
cpu
Finished Training
cpu
Finished Training
cpu
Finished Training
cpu
Finished Training
cpu
Finished Training
cpu
Finished Training
cpu
Finished Training
cpu
Finished Training
cpu
Finished Training
cpu
Finished Training
cpu
Finished Training
cpu
Finished Training
cpu
Finished Training
cpu
Finished Training
cpu
Finished Training
cpu
Finished Training
  seed 5: pretrain on scenario7 (683 samples), zero-shot eval on scenario1 (483 held-out test samples)
cpu
-----------------------------------------------------------------------
      Layer (type)        Output Shape         Param #     Tr. Param #
=======================================================================
          Linear-1           [32, 256]           1,280           1,280
            ReLU-2           [32, 256]               0               0
          Linear-3           [32, 256]          65,792          65,792
          Linear-4           [32, 256]          65,792          65,792
          Linear-5            [32, 16]           4,112           4,112
=======================================================================
Total params: 136,976
Trainable params: 136,976
Non-trainable params: 0
-----------------------------------------------------------------------
val_loss=5.8156
accuracy
[0.02691511 0.03312629 0.05175983 0.07039337]
val_loss=12.4596
accuracy
[0.07867495 0.08281573 0.17391304 0.27743271]
val_loss=18.1298
accuracy
[0.08074534 0.14078675 0.19461698 0.27743271]
val_loss=16.8316
accuracy
[0.08074534 0.08695652 0.18219462 0.27329193]
val_loss=20.3946
accuracy
[0.00414079 0.14285714 0.17391304 0.31469979]
val_loss=20.6693
accuracy
[0.04140787 0.14285714 0.17391304 0.28571429]
val_loss=20.3625
accuracy
[0.03519669 0.10351967 0.13664596 0.25258799]
val_loss=21.5088
accuracy
[0.03933747 0.11801242 0.15320911 0.26915114]
val_loss=21.9403
accuracy
[0.00621118 0.09730849 0.13664596 0.24637681]
val_loss=13.3306
accuracy
[0.08074534 0.10559006 0.19461698 0.25672878]
val_loss=18.4746
accuracy
[0.07453416 0.10559006 0.13664596 0.24637681]
val_loss=19.1758
accuracy
[0.         0.01656315 0.06418219 0.13871636]
val_loss=19.8257
accuracy
[0.00207039 0.09730849 0.13457557 0.24637681]
val_loss=18.9503
accuracy
[0.02898551 0.0621118  0.09730849 0.20910973]
val_loss=18.6805
accuracy
[0.         0.02898551 0.0621118  0.14078675]
val_loss=19.7104
accuracy
[0.         0.04554865 0.07660455 0.17184265]
val_loss=19.5690
accuracy
[0.07867495 0.08281573 0.11387164 0.22981366]
val_loss=22.1420
accuracy
[0.         0.04761905 0.06832298 0.15113872]
val_loss=23.2285
accuracy
[0.         0.04761905 0.08074534 0.17805383]
val_loss=20.4149
accuracy
[0.         0.04140787 0.07453416 0.15113872]
val_loss=22.2004
accuracy
[0.         0.04968944 0.08488613 0.19875776]
val_loss=24.0938
accuracy
[0.         0.05590062 0.08695652 0.20496894]
val_loss=24.5569
accuracy
[0.         0.04140787 0.07246377 0.17184265]
val_loss=25.4815
accuracy
[0.         0.04140787 0.07453416 0.17598344]
val_loss=26.4253
accuracy
[0.         0.04554865 0.07867495 0.17598344]
val_loss=26.3082
accuracy
[0.         0.03312629 0.07039337 0.1573499 ]
val_loss=26.8309
accuracy
[0.         0.04554865 0.07867495 0.18219462]
val_loss=26.9575
accuracy
[0.         0.03726708 0.07246377 0.16770186]
val_loss=27.2577
accuracy
[0.         0.03312629 0.07039337 0.16977226]
val_loss=27.7240
accuracy
[0.         0.04140787 0.07246377 0.15942029]
val_loss=27.6776
accuracy
[0.         0.03933747 0.07246377 0.16356108]
val_loss=28.0710
accuracy
[0.         0.03312629 0.07246377 0.15320911]
val_loss=28.7611
accuracy
[0.         0.04140787 0.07246377 0.16356108]
val_loss=28.0259
accuracy
[0.         0.03726708 0.07453416 0.16977226]
val_loss=28.3931
accuracy
[0.         0.03312629 0.07039337 0.16149068]
val_loss=28.3938
accuracy
[0.         0.03312629 0.06832298 0.1552795 ]
val_loss=28.3822
accuracy
[0.         0.03312629 0.07246377 0.1552795 ]
val_loss=28.4265
accuracy
[0.         0.0310559  0.06418219 0.14492754]
val_loss=29.0727
accuracy
[0.         0.03312629 0.06625259 0.15113872]
val_loss=28.7736
accuracy
[0.         0.03312629 0.06832298 0.1552795 ]
val_loss=28.5958
accuracy
[0.         0.03312629 0.05797101 0.14906832]
val_loss=29.0379
accuracy
[0.         0.03312629 0.0621118  0.15113872]
val_loss=29.0774
accuracy
[0.         0.03312629 0.06418219 0.14699793]
val_loss=29.2477
accuracy
[0.         0.03312629 0.06418219 0.14906832]
val_loss=29.3174
accuracy
[0.         0.03312629 0.06418219 0.14906832]
val_loss=29.4798
accuracy
[0.         0.03312629 0.06418219 0.15320911]
val_loss=29.3997
accuracy
[0.         0.0310559  0.06418219 0.14699793]
val_loss=29.5967
accuracy
[0.         0.03312629 0.06418219 0.14699793]
val_loss=29.5116
accuracy
[0.         0.0310559  0.06418219 0.14492754]
val_loss=29.4600
accuracy
[0.         0.0310559  0.06418219 0.14492754]
val_loss=29.5882
accuracy
[0.         0.0310559  0.06418219 0.14906832]
val_loss=29.8361
accuracy
[0.         0.03312629 0.06418219 0.14699793]
val_loss=29.8651
accuracy
[0.         0.0310559  0.06418219 0.14492754]
val_loss=30.0310
accuracy
[0.         0.0310559  0.06418219 0.14699793]
val_loss=30.1949
accuracy
[0.         0.03312629 0.06418219 0.14699793]
val_loss=29.9596
accuracy
[0.         0.0310559  0.06418219 0.14285714]
val_loss=30.0226
accuracy
[0.         0.0310559  0.06418219 0.14492754]
val_loss=30.3136
accuracy
[0.         0.03312629 0.06418219 0.14699793]
val_loss=30.1687
accuracy
[0.         0.02898551 0.06418219 0.14285714]
val_loss=30.4697
accuracy
[0.         0.0310559  0.06418219 0.14285714]
val_loss=30.3950
accuracy
[0.         0.02898551 0.06418219 0.14285714]
val_loss=30.4037
accuracy
[0.         0.0310559  0.06418219 0.14285714]
val_loss=30.4006
accuracy
[0.         0.02898551 0.06418219 0.14078675]
val_loss=30.4530
accuracy
[0.         0.0310559  0.06418219 0.14285714]
val_loss=30.4252
accuracy
[0.         0.02898551 0.06418219 0.14285714]
val_loss=30.4554
accuracy
[0.         0.0310559  0.06418219 0.14492754]
val_loss=30.4623
accuracy
[0.         0.0310559  0.06418219 0.14492754]
val_loss=30.5076
accuracy
[0.         0.0310559  0.06418219 0.14492754]
val_loss=30.4555
accuracy
[0.         0.02898551 0.06418219 0.14078675]
val_loss=30.4732
accuracy
[0.         0.0310559  0.06418219 0.14285714]
val_loss=30.4621
accuracy
[0.         0.02898551 0.06418219 0.14078675]
val_loss=30.4704
accuracy
[0.         0.02898551 0.06418219 0.14078675]
val_loss=30.5121
accuracy
[0.         0.0310559  0.06418219 0.14285714]
val_loss=30.5733
accuracy
[0.         0.0310559  0.06418219 0.14285714]
val_loss=30.5606
accuracy
[0.         0.0310559  0.06418219 0.14285714]
val_loss=30.5812
accuracy
[0.         0.0310559  0.06418219 0.14285714]
val_loss=30.6386
accuracy
[0.         0.0310559  0.06418219 0.14285714]
val_loss=30.6022
accuracy
[0.         0.02898551 0.06418219 0.14285714]
val_loss=30.5850
accuracy
[0.         0.02898551 0.06418219 0.14078675]
val_loss=30.6387
accuracy
[0.         0.02898551 0.06418219 0.14285714]
Finished Training
    rehearsal replay buffer: 500 of 683 source samples
cpu
Finished Training
cpu
Finished Training
cpu
Finished Training
cpu
Finished Training
cpu
Finished Training
cpu
Finished Training
cpu
Finished Training
cpu
Finished Training
cpu
Finished Training
cpu
Finished Training
cpu
Finished Training
cpu
Finished Training
cpu
Finished Training
cpu
Finished Training
cpu
Finished Training
cpu
Finished Training
cpu
Finished Training
cpu
Finished Training
cpu
Finished Training
cpu
Finished Training
cpu
Finished Training
cpu
Finished Training
  seed 6: pretrain on scenario7 (683 samples), zero-shot eval on scenario1 (483 held-out test samples)
cpu
-----------------------------------------------------------------------
      Layer (type)        Output Shape         Param #     Tr. Param #
=======================================================================
          Linear-1           [32, 256]           1,280           1,280
            ReLU-2           [32, 256]               0               0
          Linear-3           [32, 256]          65,792          65,792
          Linear-4           [32, 256]          65,792          65,792
          Linear-5            [32, 16]           4,112           4,112
=======================================================================
Total params: 136,976
Trainable params: 136,976
Non-trainable params: 0
-----------------------------------------------------------------------
val_loss=4.3350
accuracy
[0.00207039 0.00621118 0.00621118 0.01449275]
val_loss=9.0899
accuracy
[0.05383023 0.0952381  0.17391304 0.26293996]
val_loss=15.2018
accuracy
[0.         0.02484472 0.11594203 0.24430642]
val_loss=13.6739
accuracy
[0.02898551 0.0621118  0.10144928 0.2173913 ]
val_loss=18.4199
accuracy
[0.00621118 0.04761905 0.12215321 0.24016563]
val_loss=17.5420
accuracy
[0.00621118 0.06832298 0.10973085 0.22567288]
val_loss=16.7448
accuracy
[0.01242236 0.06625259 0.10559006 0.22153209]
val_loss=14.0648
accuracy
[0.03933747 0.05797101 0.09109731 0.19047619]
val_loss=16.0669
accuracy
[0.02070393 0.05797101 0.08281573 0.19875776]
val_loss=12.6762
accuracy
[0.05797101 0.06625259 0.08488613 0.17598344]
val_loss=12.8706
accuracy
[0.05383023 0.06418219 0.0952381  0.19047619]
val_loss=13.9478
accuracy
[0.04347826 0.07660455 0.0952381  0.2173913 ]
val_loss=12.6800
accuracy
[0.         0.03726708 0.06832298 0.17184265]
val_loss=12.7229
accuracy
[0.         0.02898551 0.05590062 0.17184265]
val_loss=9.1670
accuracy
[0.00621118 0.00828157 0.03933747 0.09109731]
val_loss=10.2336
accuracy
[0.         0.00207039 0.02691511 0.18012422]
val_loss=12.5088
accuracy
[0.00414079 0.02898551 0.05175983 0.21325052]
val_loss=12.0157
accuracy
[0.         0.0310559  0.11180124 0.21325052]
val_loss=13.0033
accuracy
[0.00414079 0.03726708 0.10559006 0.2194617 ]
val_loss=10.9225
accuracy
[0.01656315 0.02277433 0.14078675 0.20289855]
val_loss=11.0084
accuracy
[0.00414079 0.00621118 0.08902692 0.1863354 ]
val_loss=11.3368
accuracy
[0.         0.00621118 0.0621118  0.18426501]
val_loss=11.7879
accuracy
[0.         0.00414079 0.06004141 0.18426501]
val_loss=11.9422
accuracy
[0.         0.00414079 0.06004141 0.18426501]
val_loss=12.4553
accuracy
[0.         0.00414079 0.0621118  0.18426501]
val_loss=12.7356
accuracy
[0.         0.00414079 0.0621118  0.18426501]
val_loss=12.4995
accuracy
[0.         0.00207039 0.0621118  0.18219462]
val_loss=12.5070
accuracy
[0.         0.00414079 0.0621118  0.18219462]
val_loss=13.1374
accuracy
[0.         0.00207039 0.11180124 0.18426501]
val_loss=12.9168
accuracy
[0.         0.00207039 0.10144928 0.18426501]
val_loss=12.4143
accuracy
[0.         0.00207039 0.10351967 0.18219462]
val_loss=12.7978
accuracy
[0.         0.00207039 0.09937888 0.18219462]
val_loss=13.1852
accuracy
[0.         0.00207039 0.10973085 0.18426501]
val_loss=13.1810
accuracy
[0.         0.00207039 0.10766046 0.18426501]
val_loss=12.9906
accuracy
[0.         0.00207039 0.10144928 0.18219462]
val_loss=13.3066
accuracy
[0.         0.00207039 0.10351967 0.18219462]
val_loss=13.6262
accuracy
[0.         0.00207039 0.10351967 0.18426501]
val_loss=14.1855
accuracy
[0.         0.00207039 0.10973085 0.18219462]
val_loss=13.6405
accuracy
[0.         0.         0.10351967 0.18219462]
val_loss=14.4720
accuracy
[0.         0.00207039 0.10351967 0.18219462]
val_loss=13.8692
accuracy
[0.         0.         0.10351967 0.18426501]
val_loss=14.0589
accuracy
[0.         0.00207039 0.10351967 0.18219462]
val_loss=14.0105
accuracy
[0.         0.00207039 0.10351967 0.18219462]
val_loss=14.2609
accuracy
[0.         0.00207039 0.10351967 0.18219462]
val_loss=14.2326
accuracy
[0.         0.00207039 0.10351967 0.18426501]
val_loss=14.2398
accuracy
[0.         0.00207039 0.10351967 0.18219462]
val_loss=14.3114
accuracy
[0.         0.00207039 0.10351967 0.18219462]
val_loss=14.3500
accuracy
[0.         0.00207039 0.10351967 0.18426501]
val_loss=14.5076
accuracy
[0.         0.00207039 0.10351967 0.18219462]
val_loss=14.3898
accuracy
[0.         0.00207039 0.10351967 0.18426501]
val_loss=14.5444
accuracy
[0.         0.00207039 0.10351967 0.18219462]
val_loss=14.5045
accuracy
[0.         0.00207039 0.10351967 0.18219462]
val_loss=14.5268
accuracy
[0.         0.00207039 0.10351967 0.18012422]
val_loss=14.4635
accuracy
[0.         0.00207039 0.10351967 0.18219462]
val_loss=14.5988
accuracy
[0.         0.00207039 0.10351967 0.18219462]
val_loss=14.6380
accuracy
[0.         0.00207039 0.10351967 0.18219462]
val_loss=14.8990
accuracy
[0.         0.00207039 0.10351967 0.18219462]
val_loss=14.7145
accuracy
[0.         0.00207039 0.10351967 0.18219462]
val_loss=14.7733
accuracy
[0.         0.         0.10351967 0.18219462]
val_loss=14.9034
accuracy
[0.         0.         0.10351967 0.18219462]
val_loss=14.8187
accuracy
[0.         0.         0.10351967 0.18219462]
val_loss=14.7801
accuracy
[0.         0.         0.10351967 0.18219462]
val_loss=14.8130
accuracy
[0.         0.         0.10351967 0.18219462]
val_loss=14.8216
accuracy
[0.         0.         0.10351967 0.18219462]
val_loss=14.8325
accuracy
[0.         0.         0.10351967 0.18219462]
val_loss=14.8590
accuracy
[0.         0.         0.10351967 0.18219462]
val_loss=14.8624
accuracy
[0.         0.         0.10351967 0.18219462]
val_loss=14.8751
accuracy
[0.         0.         0.10351967 0.18219462]
val_loss=14.8425
accuracy
[0.         0.         0.10351967 0.18219462]
val_loss=14.9038
accuracy
[0.         0.         0.10351967 0.18219462]
val_loss=14.8586
accuracy
[0.         0.         0.10351967 0.18219462]
val_loss=14.8893
accuracy
[0.         0.         0.10351967 0.18219462]
val_loss=14.9076
accuracy
[0.         0.         0.10351967 0.18219462]
val_loss=14.9167
accuracy
[0.         0.         0.10351967 0.18219462]
val_loss=14.9134
accuracy
[0.         0.         0.10351967 0.18219462]
val_loss=14.9321
accuracy
[0.         0.         0.10351967 0.18219462]
val_loss=14.9070
accuracy
[0.         0.         0.10351967 0.18012422]
val_loss=14.9285
accuracy
[0.         0.         0.10351967 0.18219462]
val_loss=14.9190
accuracy
[0.         0.         0.10351967 0.18012422]
val_loss=14.9394
accuracy
[0.         0.         0.10351967 0.18012422]
Finished Training
    rehearsal replay buffer: 500 of 683 source samples
cpu
Finished Training
cpu
Finished Training
cpu
Finished Training
cpu
Finished Training
cpu
Finished Training
cpu
Finished Training
cpu
Finished Training
cpu
Finished Training
cpu
Finished Training
cpu
Finished Training
cpu
Finished Training
cpu
Finished Training
cpu
Finished Training
cpu
Finished Training
cpu
Finished Training
cpu
Finished Training
cpu
Finished Training
cpu
Finished Training
cpu
Finished Training
cpu
Finished Training
cpu
Finished Training
cpu
Finished Training
  seed 7: pretrain on scenario7 (683 samples), zero-shot eval on scenario1 (483 held-out test samples)
cpu
-----------------------------------------------------------------------
      Layer (type)        Output Shape         Param #     Tr. Param #
=======================================================================
          Linear-1           [32, 256]           1,280           1,280
            ReLU-2           [32, 256]               0               0
          Linear-3           [32, 256]          65,792          65,792
          Linear-4           [32, 256]          65,792          65,792
          Linear-5            [32, 16]           4,112           4,112
=======================================================================
Total params: 136,976
Trainable params: 136,976
Non-trainable params: 0
-----------------------------------------------------------------------
val_loss=4.2589
accuracy
[0.         0.00414079 0.00414079 0.04761905]
val_loss=9.0128
accuracy
[0.06418219 0.11180124 0.16977226 0.25879917]
val_loss=17.0275
accuracy
[0.06418219 0.1242236  0.17184265 0.26915114]
val_loss=21.6190
accuracy
[0.03933747 0.1242236  0.17184265 0.26915114]
val_loss=21.3770
accuracy
[0.06418219 0.1242236  0.17184265 0.26086957]
val_loss=19.1043
accuracy
[0.02070393 0.09109731 0.13664596 0.2484472 ]
val_loss=20.5830
accuracy
[0.06004141 0.1242236  0.14285714 0.26086957]
val_loss=22.4961
accuracy
[0.02691511 0.11387164 0.15113872 0.24637681]
val_loss=24.1724
accuracy
[0.02691511 0.12008282 0.14906832 0.25672878]
val_loss=22.4402
accuracy
[0.06004141 0.1242236  0.15113872 0.25672878]
val_loss=22.7676
accuracy
[0.05175983 0.11801242 0.15113872 0.25672878]
val_loss=23.2329
accuracy
[0.04554865 0.11180124 0.14492754 0.26708075]
val_loss=23.3874
accuracy
[0.01656315 0.07660455 0.14078675 0.25465839]
val_loss=22.7591
accuracy
[0.04140787 0.11180124 0.14078675 0.25672878]
val_loss=22.8303
accuracy
[0.03519669 0.10973085 0.14078675 0.2505176 ]
val_loss=21.5158
accuracy
[0.00828157 0.05383023 0.12215321 0.24430642]
val_loss=24.9137
accuracy
[0.00414079 0.04761905 0.09730849 0.1884058 ]
val_loss=24.6029
accuracy
[0.00207039 0.04968944 0.0952381  0.1884058 ]
val_loss=25.3655
accuracy
[0.01035197 0.03726708 0.08902692 0.24637681]
val_loss=23.9756
accuracy
[0.01656315 0.07039337 0.11594203 0.22153209]
val_loss=25.8196
accuracy
[0.02691511 0.08488613 0.12008282 0.27122153]
val_loss=25.9925
accuracy
[0.01863354 0.07867495 0.11801242 0.26915114]
val_loss=27.4567
accuracy
[0.02484472 0.07867495 0.11801242 0.26915114]
val_loss=28.3122
accuracy
[0.02898551 0.08488613 0.12215321 0.27536232]
val_loss=28.6814
accuracy
[0.02898551 0.07246377 0.12008282 0.27536232]
val_loss=29.2203
accuracy
[0.02691511 0.07246377 0.11801242 0.27122153]
val_loss=29.3576
accuracy
[0.02484472 0.07246377 0.11801242 0.28985507]
val_loss=28.9326
accuracy
[0.01863354 0.07246377 0.11801242 0.30848861]
val_loss=29.2154
accuracy
[0.01863354 0.06625259 0.11387164 0.32298137]
val_loss=28.8109
accuracy
[0.01863354 0.07039337 0.11387164 0.31055901]
val_loss=29.6033
accuracy
[0.02070393 0.07246377 0.11594203 0.31055901]
val_loss=30.0304
accuracy
[0.02277433 0.07246377 0.11594203 0.31055901]
val_loss=29.0498
accuracy
[0.01035197 0.05383023 0.10351967 0.30227743]
val_loss=30.0731
accuracy
[0.02277433 0.07453416 0.11594203 0.31055901]
val_loss=29.7336
accuracy
[0.01242236 0.05383023 0.10351967 0.30227743]
val_loss=30.2468
accuracy
[0.01863354 0.05383023 0.10766046 0.30848861]
val_loss=30.0978
accuracy
[0.01449275 0.05383023 0.10351967 0.30434783]
val_loss=30.7060
accuracy
[0.01863354 0.05590062 0.10973085 0.30848861]
val_loss=30.2392
accuracy
[0.01035197 0.04347826 0.0952381  0.29606625]
val_loss=30.9960
accuracy
[0.01863354 0.05383023 0.10351967 0.29813665]
val_loss=30.6097
accuracy
[0.01242236 0.05175983 0.10351967 0.29813665]
val_loss=30.8312
accuracy
[0.01242236 0.05383023 0.10351967 0.29813665]
val_loss=30.9376
accuracy
[0.01242236 0.05383023 0.10351967 0.29813665]
val_loss=30.8446
accuracy
[0.01242236 0.05383023 0.10351967 0.29813665]
val_loss=30.9161
accuracy
[0.01035197 0.05175983 0.10351967 0.29813665]
val_loss=30.9981
accuracy
[0.01035197 0.05175983 0.10144928 0.29813665]
val_loss=31.0143
accuracy
[0.01035197 0.04554865 0.0952381  0.29813665]
val_loss=31.1187
accuracy
[0.01035197 0.05175983 0.10144928 0.29813665]
val_loss=31.3488
accuracy
[0.01035197 0.05175983 0.10144928 0.29813665]
val_loss=31.3135
accuracy
[0.01035197 0.05175983 0.10144928 0.29813665]
val_loss=31.4028
accuracy
[0.01035197 0.05175983 0.10144928 0.29813665]
val_loss=31.6215
accuracy
[0.01242236 0.05175983 0.10144928 0.29813665]
val_loss=31.5421
accuracy
[0.01035197 0.04554865 0.09730849 0.29813665]
val_loss=31.7600
accuracy
[0.01242236 0.05175983 0.10144928 0.29813665]
val_loss=31.5770
accuracy
[0.01035197 0.04554865 0.09730849 0.29813665]
val_loss=31.8578
accuracy
[0.01035197 0.04968944 0.09937888 0.29813665]
val_loss=31.8088
accuracy
[0.01035197 0.04761905 0.09730849 0.29813665]
val_loss=31.8204
accuracy
[0.01035197 0.04554865 0.0952381  0.29813665]
val_loss=32.0009
accuracy
[0.01035197 0.04761905 0.0952381  0.29813665]
val_loss=31.7548
accuracy
[0.01035197 0.04761905 0.0952381  0.29813665]
val_loss=31.8310
accuracy
[0.01035197 0.04761905 0.0952381  0.29813665]
val_loss=31.8887
accuracy
[0.01035197 0.04761905 0.0952381  0.29813665]
val_loss=31.8852
accuracy
[0.01035197 0.04761905 0.0952381  0.29813665]
val_loss=31.8958
accuracy
[0.01035197 0.04761905 0.0952381  0.29813665]
val_loss=31.9177
accuracy
[0.01035197 0.04761905 0.0952381  0.29813665]
val_loss=31.9489
accuracy
[0.01035197 0.04761905 0.0952381  0.29813665]
val_loss=31.9652
accuracy
[0.01035197 0.04761905 0.0952381  0.29813665]
val_loss=31.9654
accuracy
[0.01035197 0.04761905 0.0952381  0.29813665]
val_loss=31.9251
accuracy
[0.01035197 0.04761905 0.0952381  0.29813665]
val_loss=31.9578
accuracy
[0.01035197 0.04761905 0.0952381  0.29813665]
val_loss=31.9897
accuracy
[0.01035197 0.04761905 0.0952381  0.29813665]
val_loss=31.9228
accuracy
[0.01035197 0.04761905 0.0952381  0.29813665]
val_loss=32.0560
accuracy
[0.01035197 0.04761905 0.0952381  0.29813665]
val_loss=31.9945
accuracy
[0.01035197 0.04761905 0.0952381  0.29813665]
val_loss=32.0041
accuracy
[0.01035197 0.04761905 0.0952381  0.29813665]
val_loss=32.0539
accuracy
[0.01035197 0.04761905 0.0952381  0.29813665]
val_loss=32.1055
accuracy
[0.01035197 0.04761905 0.0952381  0.29813665]
val_loss=32.0852
accuracy
[0.01035197 0.04761905 0.0952381  0.29813665]
val_loss=32.0602
accuracy
[0.01035197 0.04761905 0.0952381  0.29813665]
val_loss=32.0834
accuracy
[0.01035197 0.04761905 0.0952381  0.29813665]
Finished Training
    rehearsal replay buffer: 500 of 683 source samples
cpu
Finished Training
cpu
Finished Training
cpu
Finished Training
cpu
Finished Training
cpu
Finished Training
cpu
Finished Training
cpu
Finished Training
cpu
Finished Training
cpu
Finished Training
cpu
Finished Training
cpu
Finished Training
cpu
Finished Training
cpu
Finished Training
cpu
Finished Training
cpu
Finished Training
cpu
Finished Training
cpu
Finished Training
cpu
Finished Training
cpu
Finished Training
cpu
Finished Training
cpu
Finished Training
cpu
Finished Training
  seed 8: pretrain on scenario7 (683 samples), zero-shot eval on scenario1 (483 held-out test samples)
cpu
-----------------------------------------------------------------------
      Layer (type)        Output Shape         Param #     Tr. Param #
=======================================================================
          Linear-1           [32, 256]           1,280           1,280
            ReLU-2           [32, 256]               0               0
          Linear-3           [32, 256]          65,792          65,792
          Linear-4           [32, 256]          65,792          65,792
          Linear-5            [32, 16]           4,112           4,112
=======================================================================
Total params: 136,976
Trainable params: 136,976
Non-trainable params: 0
-----------------------------------------------------------------------
val_loss=5.3832
accuracy
[0.04761905 0.05797101 0.06832298 0.16770186]
val_loss=11.4587
accuracy
[0.05797101 0.07039337 0.15320911 0.26293996]
val_loss=17.7666
accuracy
[0.05797101 0.1242236  0.1884058  0.26293996]
val_loss=20.6180
accuracy
[0.05797101 0.11801242 0.14285714 0.26293996]
val_loss=22.1664
accuracy
[0.05797101 0.11180124 0.14285714 0.26293996]
val_loss=20.8786
accuracy
[0.05797101 0.11180124 0.14285714 0.30434783]
val_loss=23.0881
accuracy
[0.03726708 0.1242236  0.14285714 0.29399586]
val_loss=24.9011
accuracy
[0.0621118  0.12008282 0.14078675 0.29192547]
val_loss=23.1833
accuracy
[0.03519669 0.11801242 0.13871636 0.29192547]
val_loss=20.7134
accuracy
[0.01863354 0.05797101 0.07867495 0.24223602]
val_loss=23.4976
accuracy
[0.03519669 0.09109731 0.11180124 0.26915114]
val_loss=18.6435
accuracy
[0.03519669 0.0931677  0.11180124 0.26501035]
val_loss=20.5355
accuracy
[0.02070393 0.07246377 0.09109731 0.23395445]
val_loss=18.1513
accuracy
[0.05590062 0.05797101 0.08074534 0.21118012]
val_loss=18.7248
accuracy
[0.05590062 0.06418219 0.08902692 0.27122153]
val_loss=22.4255
accuracy
[0.03312629 0.12008282 0.13871636 0.31469979]
val_loss=19.8858
accuracy
[0.03726708 0.06625259 0.08695652 0.25672878]
val_loss=21.7033
accuracy
[0.00621118 0.06004141 0.08281573 0.25258799]
val_loss=18.9361
accuracy
[0.01863354 0.05797101 0.07660455 0.23809524]
val_loss=21.2415
accuracy
[0.00207039 0.05590062 0.16770186 0.2484472 ]
val_loss=22.0254
accuracy
[0.00207039 0.06004141 0.17184265 0.25672878]
val_loss=22.8891
accuracy
[0.00207039 0.0621118  0.17391304 0.26086957]
val_loss=23.6861
accuracy
[0.00207039 0.05590062 0.16977226 0.24430642]
val_loss=24.8549
accuracy
[0.00207039 0.06004141 0.17391304 0.25672878]
val_loss=24.7131
accuracy
[0.00414079 0.0621118  0.17598344 0.2505176 ]
val_loss=25.4150
accuracy
[0.00414079 0.0621118  0.17391304 0.25879917]
val_loss=25.1389
accuracy
[0.00207039 0.05797101 0.16977226 0.24016563]
val_loss=26.0453
accuracy
[0.00414079 0.0621118  0.17598344 0.25879917]
val_loss=25.8465
accuracy
[0.00207039 0.05590062 0.16977226 0.24430642]
val_loss=25.9585
accuracy
[0.00414079 0.05590062 0.16770186 0.23395445]
val_loss=26.6602
accuracy
[0.00207039 0.06004141 0.17391304 0.2484472 ]
val_loss=26.4758
accuracy
[0.00414079 0.05590062 0.16770186 0.23809524]
val_loss=26.4207
accuracy
[0.00207039 0.05383023 0.16770186 0.23395445]
val_loss=27.2213
accuracy
[0.00621118 0.0621118  0.17805383 0.2505176 ]
val_loss=27.1671
accuracy
[0.00207039 0.06004141 0.17598344 0.25465839]
val_loss=26.6173
accuracy
[0.00207039 0.05383023 0.16563147 0.23188406]
val_loss=26.9741
accuracy
[0.00621118 0.0621118  0.17805383 0.24637681]
val_loss=26.1347
accuracy
[0.00207039 0.05383023 0.16770186 0.23188406]
val_loss=28.1441
accuracy
[0.00621118 0.0621118  0.17805383 0.2505176 ]
val_loss=27.8486
accuracy
[0.00207039 0.05383023 0.16977226 0.24430642]
val_loss=28.3869
accuracy
[0.00414079 0.05590062 0.16977226 0.24430642]
val_loss=28.4853
accuracy
[0.00414079 0.05797101 0.16977226 0.24223602]
val_loss=28.6556
accuracy
[0.00414079 0.05797101 0.17184265 0.24430642]
val_loss=28.5407
accuracy
[0.00414079 0.05590062 0.16977226 0.24016563]
val_loss=28.7238
accuracy
[0.00414079 0.05590062 0.16977226 0.24016563]
val_loss=28.8859
accuracy
[0.00414079 0.05590062 0.16977226 0.24016563]
val_loss=28.6567
accuracy
[0.00207039 0.05590062 0.16770186 0.24016563]
val_loss=29.0218
accuracy
[0.00414079 0.05590062 0.16770186 0.24223602]
val_loss=29.2279
accuracy
[0.00414079 0.05590062 0.16977226 0.24430642]
val_loss=29.3579
accuracy
[0.00414079 0.05797101 0.17184265 0.2484472 ]
val_loss=29.2571
accuracy
[0.00414079 0.05797101 0.16977226 0.24430642]
val_loss=29.5665
accuracy
[0.00414079 0.05797101 0.17184265 0.2484472 ]
val_loss=29.4227
accuracy
[0.00414079 0.05590062 0.16770186 0.24016563]
val_loss=29.5099
accuracy
[0.00414079 0.05590062 0.16770186 0.24016563]
val_loss=29.6200
accuracy
[0.00414079 0.05590062 0.16977226 0.24223602]
val_loss=29.5451
accuracy
[0.00414079 0.05590062 0.16770186 0.24016563]
val_loss=29.7428
accuracy
[0.00414079 0.05590062 0.16770186 0.24016563]
val_loss=29.6873
accuracy
[0.00414079 0.05590062 0.16770186 0.24016563]
val_loss=29.8527
accuracy
[0.00414079 0.05590062 0.16770186 0.24016563]
val_loss=30.0174
accuracy
[0.00414079 0.05590062 0.16770186 0.24016563]
val_loss=29.9378
accuracy
[0.00414079 0.05590062 0.16770186 0.24016563]
val_loss=29.8726
accuracy
[0.00414079 0.05590062 0.16770186 0.24016563]
val_loss=29.9213
accuracy
[0.00414079 0.05590062 0.16770186 0.24016563]
val_loss=29.9088
accuracy
[0.00414079 0.05590062 0.16770186 0.24016563]
val_loss=29.9022
accuracy
[0.00414079 0.05590062 0.16770186 0.24016563]
val_loss=29.9027
accuracy
[0.00414079 0.05590062 0.16770186 0.24016563]
val_loss=29.9777
accuracy
[0.00414079 0.05590062 0.16770186 0.24016563]
val_loss=29.9764
accuracy
[0.00414079 0.05590062 0.16770186 0.24016563]
val_loss=30.0059
accuracy
[0.00414079 0.05590062 0.16770186 0.24016563]
val_loss=29.9953
accuracy
[0.00414079 0.05590062 0.16770186 0.24016563]
val_loss=30.0726
accuracy
[0.00414079 0.05590062 0.16770186 0.24016563]
val_loss=30.0178
accuracy
[0.00414079 0.05590062 0.16770186 0.24016563]
val_loss=30.0160
accuracy
[0.00414079 0.05590062 0.16770186 0.24016563]
val_loss=30.0930
accuracy
[0.00414079 0.05590062 0.16770186 0.24016563]
val_loss=30.0630
accuracy
[0.00414079 0.05590062 0.16770186 0.24016563]
val_loss=30.0998
accuracy
[0.00414079 0.05590062 0.16770186 0.24016563]
val_loss=30.1513
accuracy
[0.00414079 0.05590062 0.16770186 0.24016563]
val_loss=30.1542
accuracy
[0.00414079 0.05590062 0.16770186 0.24223602]
val_loss=30.1981
accuracy
[0.00414079 0.05590062 0.16770186 0.24223602]
val_loss=30.1944
accuracy
[0.00414079 0.05590062 0.16770186 0.24016563]
Finished Training
    rehearsal replay buffer: 500 of 683 source samples
cpu
Finished Training
cpu
Finished Training
cpu
Finished Training
cpu
Finished Training
cpu
Finished Training
cpu
Finished Training
cpu
Finished Training
cpu
Finished Training
cpu
Finished Training
cpu
Finished Training
cpu
Finished Training
cpu
Finished Training
cpu
Finished Training
cpu
Finished Training
cpu
Finished Training
cpu
Finished Training
cpu
Finished Training
cpu
Finished Training
cpu
Finished Training
cpu
Finished Training
cpu
Finished Training
cpu
Finished Training
  seed 9: pretrain on scenario7 (683 samples), zero-shot eval on scenario1 (483 held-out test samples)
cpu
-----------------------------------------------------------------------
      Layer (type)        Output Shape         Param #     Tr. Param #
=======================================================================
          Linear-1           [32, 256]           1,280           1,280
            ReLU-2           [32, 256]               0               0
          Linear-3           [32, 256]          65,792          65,792
          Linear-4           [32, 256]          65,792          65,792
          Linear-5            [32, 16]           4,112           4,112
=======================================================================
Total params: 136,976
Trainable params: 136,976
Non-trainable params: 0
-----------------------------------------------------------------------
val_loss=4.2818
accuracy
[0. 0. 0. 0.]
val_loss=7.7977
accuracy
[0.06625259 0.12008282 0.18012422 0.27743271]
val_loss=13.3914
accuracy
[0.07453416 0.14078675 0.16563147 0.27743271]
val_loss=18.0432
accuracy
[0.06625259 0.14078675 0.16563147 0.26915114]
val_loss=17.4319
accuracy
[0.06625259 0.14078675 0.2194617  0.26915114]
val_loss=18.5221
accuracy
[0.04968944 0.12008282 0.14699793 0.26708075]
val_loss=17.5287
accuracy
[0.         0.05175983 0.08695652 0.20496894]
val_loss=18.6213
accuracy
[0.0621118  0.10351967 0.15942029 0.24016563]
val_loss=17.0029
accuracy
[0.01242236 0.08281573 0.13664596 0.23395445]
val_loss=19.6527
accuracy
[0.04554865 0.11594203 0.14492754 0.24430642]
val_loss=20.6005
accuracy
[0.01863354 0.07867495 0.13457557 0.23188406]
val_loss=22.3589
accuracy
[0.0310559  0.10766046 0.12836439 0.25465839]
val_loss=17.8226
accuracy
[0.01035197 0.05175983 0.10559006 0.1884058 ]
val_loss=16.9933
accuracy
[0.         0.01449275 0.06832298 0.15320911]
val_loss=19.9969
accuracy
[0.         0.02484472 0.08074534 0.1884058 ]
val_loss=23.7226
accuracy
[0.01035197 0.05383023 0.08488613 0.21325052]
val_loss=23.2088
accuracy
[0.00207039 0.04347826 0.10973085 0.22567288]
val_loss=21.4160
accuracy
[0.         0.00207039 0.05383023 0.18012422]
val_loss=18.4671
accuracy
[0.         0.00207039 0.05383023 0.17391304]
val_loss=23.0113
accuracy
[0.         0.00621118 0.06418219 0.18219462]
val_loss=22.4690
accuracy
[0.         0.00621118 0.06418219 0.18426501]
val_loss=23.5138
accuracy
[0.         0.00621118 0.06418219 0.18426501]
val_loss=24.5464
accuracy
[0.         0.00414079 0.05797101 0.18012422]
val_loss=24.0721
accuracy
[0.         0.00207039 0.05383023 0.17184265]
val_loss=25.1415
accuracy
[0.         0.00207039 0.05797101 0.17805383]
val_loss=23.9406
accuracy
[0.         0.         0.05383023 0.16977226]
val_loss=24.6578
accuracy
[0.         0.         0.05383023 0.16977226]
val_loss=24.7579
accuracy
[0.         0.         0.05175983 0.16770186]
val_loss=25.1374
accuracy
[0.         0.         0.05175983 0.16770186]
val_loss=25.6251
accuracy
[0.         0.         0.05175983 0.16770186]
val_loss=25.3762
accuracy
[0.         0.         0.04968944 0.16770186]
val_loss=26.2987
accuracy
[0.         0.         0.05175983 0.16977226]
val_loss=25.8792
accuracy
[0.         0.         0.05175983 0.16770186]
val_loss=26.3363
accuracy
[0.         0.         0.04968944 0.16770186]
val_loss=27.2317
accuracy
[0.         0.         0.05175983 0.16770186]
val_loss=26.6308
accuracy
[0.         0.         0.04968944 0.16770186]
val_loss=27.0295
accuracy
[0.         0.         0.04968944 0.16563147]
val_loss=25.9508
accuracy
[0.         0.         0.04968944 0.16563147]
val_loss=26.3753
accuracy
[0.         0.         0.05175983 0.18219462]
val_loss=27.0446
accuracy
[0.         0.         0.04968944 0.18012422]
val_loss=27.1437
accuracy
[0.         0.         0.04968944 0.1884058 ]
val_loss=27.2570
accuracy
[0.         0.         0.04968944 0.19254658]
val_loss=27.3097
accuracy
[0.         0.         0.04968944 0.17805383]
val_loss=27.2944
accuracy
[0.         0.         0.04968944 0.19047619]
val_loss=27.3003
accuracy
[0.         0.         0.04968944 0.19461698]
val_loss=27.6673
accuracy
[0.         0.         0.04968944 0.19461698]
val_loss=27.3865
accuracy
[0.         0.         0.04968944 0.19461698]
val_loss=27.7518
accuracy
[0.         0.         0.04968944 0.19461698]
val_loss=27.6049
accuracy
[0.         0.         0.04968944 0.19461698]
val_loss=27.7209
accuracy
[0.         0.         0.04968944 0.19461698]
val_loss=27.8310
accuracy
[0.         0.         0.04968944 0.19461698]
val_loss=27.8991
accuracy
[0.         0.         0.04968944 0.19461698]
val_loss=27.6126
accuracy
[0.         0.         0.04554865 0.19461698]
val_loss=27.5902
accuracy
[0.         0.         0.04968944 0.19047619]
val_loss=27.3862
accuracy
[0.         0.         0.04968944 0.19461698]
val_loss=27.8423
accuracy
[0.         0.         0.04968944 0.19461698]
val_loss=27.8670
accuracy
[0.         0.         0.04968944 0.19461698]
val_loss=28.0435
accuracy
[0.         0.         0.04968944 0.1863354 ]
val_loss=27.8179
accuracy
[0.         0.         0.04968944 0.19047619]
val_loss=27.8873
accuracy
[0.         0.         0.04968944 0.1863354 ]
val_loss=27.9197
accuracy
[0.         0.         0.04968944 0.19047619]
val_loss=27.9399
accuracy
[0.         0.         0.04968944 0.1884058 ]
val_loss=27.9742
accuracy
[0.         0.         0.04968944 0.19047619]
val_loss=27.9362
accuracy
[0.         0.         0.04968944 0.19047619]
val_loss=27.9704
accuracy
[0.         0.         0.04968944 0.19047619]
val_loss=28.0133
accuracy
[0.         0.         0.04968944 0.19047619]
val_loss=27.9660
accuracy
[0.         0.         0.04968944 0.19047619]
val_loss=28.0443
accuracy
[0.         0.         0.04968944 0.1863354 ]
val_loss=28.0022
accuracy
[0.         0.         0.04968944 0.19047619]
val_loss=28.0026
accuracy
[0.         0.         0.04968944 0.19047619]
val_loss=28.0237
accuracy
[0.         0.         0.04968944 0.1884058 ]
val_loss=28.0228
accuracy
[0.         0.         0.04968944 0.19047619]
val_loss=28.0100
accuracy
[0.         0.         0.04968944 0.19047619]
val_loss=27.9997
accuracy
[0.         0.         0.04968944 0.1863354 ]
val_loss=28.0491
accuracy
[0.         0.         0.04968944 0.1863354 ]
val_loss=28.0521
accuracy
[0.         0.         0.04968944 0.19047619]
val_loss=28.1075
accuracy
[0.         0.         0.04968944 0.19047619]
val_loss=28.0534
accuracy
[0.         0.         0.04968944 0.19047619]
val_loss=28.0930
accuracy
[0.         0.         0.04968944 0.1863354 ]
val_loss=28.1323
accuracy
[0.         0.         0.04968944 0.19047619]
Finished Training
    rehearsal replay buffer: 500 of 683 source samples
cpu
Finished Training
cpu
Finished Training
cpu
Finished Training
cpu
Finished Training
cpu
Finished Training
cpu
Finished Training
cpu
Finished Training
cpu
Finished Training
cpu
Finished Training
cpu
Finished Training
cpu
Finished Training
cpu
Finished Training
cpu
Finished Training
cpu
Finished Training
cpu
Finished Training
cpu
Finished Training
cpu
Finished Training
cpu
Finished Training
cpu
Finished Training
cpu
Finished Training
cpu
Finished Training
cpu
Finished Training
Saved result\stage1_s7_to_s1_rehearsal_acc.mat and result\stage1_s7_to_s1_rehearsal_pwr.mat (10/10 seeds completed)

=== Rehearsal-extended batch-4 summary: mean top-2 accuracy per comparison ===
s1_to_s7         0=  2.75%  100= 21.64%  200= 26.84%
s2_to_s1         0= 50.66%  100= 53.71%  200= 55.67%
s32straight_to_s1 0= 10.83%  100= 16.42%  200= 29.81%
s33straight_to_s1 0= 10.95%  100= 25.65%  200= 31.57%
s4_to_s2         0=  4.32%  100= 30.24%  200= 43.29%
s7_to_s1         0=  3.60%  100= 26.15%  200= 47.93%

Completed 6/6 comparisons successfully.
Rehearsal-extended batch-4 complete.
