Using global (7-scenario) normalization: max_xy=52.5987, max_dist=53.2021
Running 4 MLP rehearsal comparisons, 10 seeds each.
Source replay cap: 500 samples per seed; zero-shot uses the full source pool.

======================================================================
Rehearsal comparison: scenario1 -> scenario2  (s1_to_s2)
======================================================================
  seed 0: pretrain on scenario1 (1928 samples), zero-shot eval on scenario2 (595 held-out test samples)
cpu
-----------------------------------------------------------------------
      Layer (type)        Output Shape         Param #     Tr. Param #
=======================================================================
          Linear-1           [32, 256]           1,280           1,280
            ReLU-2           [32, 256]               0               0
          Linear-3           [32, 256]          65,792          65,792
          Linear-4           [32, 256]          65,792          65,792
          Linear-5            [32, 16]           4,112           4,112
=======================================================================
Total params: 136,976
Trainable params: 136,976
Non-trainable params: 0
-----------------------------------------------------------------------
val_loss=2.3008
accuracy
[0.21848739 0.43697479 0.71428571 0.95798319]
val_loss=3.3002
accuracy
[0.25378151 0.52773109 0.74957983 0.93277311]
val_loss=3.9587
accuracy
[0.29411765 0.45546218 0.68403361 0.88571429]
val_loss=4.8962
accuracy
[0.26386555 0.42689076 0.58319328 0.83529412]
val_loss=3.8944
accuracy
[0.27058824 0.48907563 0.71932773 0.89915966]
val_loss=3.4184
accuracy
[0.2487395  0.54789916 0.77142857 0.9092437 ]
val_loss=4.9732
accuracy
[0.23361345 0.43865546 0.63193277 0.8487395 ]
val_loss=5.3228
accuracy
[0.25042017 0.51764706 0.71260504 0.81512605]
val_loss=4.3067
accuracy
[0.23697479 0.54117647 0.73781513 0.82352941]
val_loss=5.2675
accuracy
[0.25882353 0.4605042  0.66890756 0.83361345]
val_loss=6.0452
accuracy
[0.28907563 0.44537815 0.62521008 0.78487395]
val_loss=4.5952
accuracy
[0.25882353 0.50756303 0.68403361 0.85042017]
val_loss=5.7540
accuracy
[0.23865546 0.45378151 0.65210084 0.79327731]
val_loss=4.5375
accuracy
[0.25042017 0.44369748 0.67058824 0.83361345]
val_loss=4.0179
accuracy
[0.24033613 0.55798319 0.72941176 0.85714286]
val_loss=5.1016
accuracy
[0.24201681 0.4789916  0.7210084  0.85714286]
val_loss=5.1622
accuracy
[0.24201681 0.51596639 0.66386555 0.81680672]
val_loss=4.9639
accuracy
[0.21512605 0.53445378 0.71428571 0.83193277]
val_loss=6.2024
accuracy
[0.27563025 0.44369748 0.63697479 0.78991597]
val_loss=5.5665
accuracy
[0.26386555 0.47058824 0.69243697 0.79327731]
val_loss=6.0289
accuracy
[0.28235294 0.51092437 0.66554622 0.78487395]
val_loss=6.3230
accuracy
[0.28571429 0.46890756 0.65714286 0.77983193]
val_loss=6.2665
accuracy
[0.28235294 0.51596639 0.65714286 0.77983193]
val_loss=6.4742
accuracy
[0.28739496 0.50084034 0.64369748 0.76638655]
val_loss=6.1299
accuracy
[0.25378151 0.51092437 0.67394958 0.80168067]
val_loss=6.6532
accuracy
[0.27394958 0.49915966 0.64705882 0.77142857]
val_loss=6.8318
accuracy
[0.28739496 0.4907563  0.6302521  0.76638655]
val_loss=6.8301
accuracy
[0.28571429 0.50084034 0.63193277 0.7697479 ]
val_loss=7.0007
accuracy
[0.28067227 0.49411765 0.62857143 0.76470588]
val_loss=6.6783
accuracy
[0.27226891 0.51260504 0.64033613 0.77983193]
val_loss=6.5643
accuracy
[0.26386555 0.49579832 0.65378151 0.78991597]
val_loss=6.8381
accuracy
[0.2789916  0.49915966 0.65042017 0.77983193]
val_loss=6.8575
accuracy
[0.27058824 0.50084034 0.64201681 0.78655462]
val_loss=6.8979
accuracy
[0.27731092 0.4605042  0.6487395  0.77983193]
val_loss=6.9146
accuracy
[0.27563025 0.4789916  0.64201681 0.77310924]
val_loss=7.3610
accuracy
[0.28739496 0.4487395  0.62521008 0.76638655]
val_loss=7.3473
accuracy
[0.28907563 0.44369748 0.61848739 0.75294118]
val_loss=6.7537
accuracy
[0.26554622 0.50420168 0.6605042  0.78991597]
val_loss=7.1306
accuracy
[0.28235294 0.46722689 0.62857143 0.77142857]
val_loss=7.3651
accuracy
[0.29579832 0.49411765 0.61680672 0.75966387]
val_loss=7.1245
accuracy
[0.28235294 0.49915966 0.63697479 0.77142857]
val_loss=6.9915
accuracy
[0.27563025 0.50252101 0.64369748 0.77983193]
val_loss=7.3301
accuracy
[0.28907563 0.46386555 0.62352941 0.7697479 ]
val_loss=7.2068
accuracy
[0.2789916  0.48235294 0.6302521  0.77478992]
val_loss=7.3275
accuracy
[0.28907563 0.46386555 0.62352941 0.77142857]
val_loss=7.2011
accuracy
[0.28067227 0.48907563 0.63193277 0.77647059]
val_loss=7.3279
accuracy
[0.28403361 0.4907563  0.62857143 0.77310924]
val_loss=7.1929
accuracy
[0.28067227 0.49411765 0.63865546 0.78487395]
val_loss=7.2996
accuracy
[0.28235294 0.48907563 0.63193277 0.77815126]
val_loss=7.3891
accuracy
[0.28907563 0.47563025 0.62689076 0.7697479 ]
val_loss=7.3342
accuracy
[0.28571429 0.49747899 0.63193277 0.77142857]
val_loss=7.3325
accuracy
[0.28571429 0.50252101 0.62689076 0.77310924]
val_loss=7.3895
accuracy
[0.28235294 0.4907563  0.62184874 0.76806723]
val_loss=7.4332
accuracy
[0.28571429 0.47226891 0.62857143 0.77142857]
val_loss=7.4292
accuracy
[0.28571429 0.49243697 0.62857143 0.76806723]
val_loss=7.3900
accuracy
[0.28067227 0.47563025 0.62857143 0.78151261]
val_loss=7.3880
accuracy
[0.2789916  0.49411765 0.63361345 0.77478992]
val_loss=7.4008
accuracy
[0.28235294 0.48571429 0.6302521  0.77815126]
val_loss=7.5376
accuracy
[0.28907563 0.4789916  0.62184874 0.77310924]
val_loss=7.4631
accuracy
[0.28235294 0.50084034 0.62689076 0.76470588]
val_loss=7.4202
accuracy
[0.28067227 0.49411765 0.6302521  0.77310924]
val_loss=7.4341
accuracy
[0.28235294 0.48907563 0.62689076 0.77310924]
val_loss=7.4553
accuracy
[0.28403361 0.49243697 0.62689076 0.77310924]
val_loss=7.4699
accuracy
[0.28403361 0.4907563  0.62689076 0.77310924]
val_loss=7.4232
accuracy
[0.28235294 0.48907563 0.62857143 0.77815126]
val_loss=7.4493
accuracy
[0.28235294 0.4907563  0.62689076 0.77647059]
val_loss=7.4559
accuracy
[0.28235294 0.4907563  0.62857143 0.77310924]
val_loss=7.4975
accuracy
[0.28403361 0.49243697 0.62689076 0.77142857]
val_loss=7.4476
accuracy
[0.28235294 0.48907563 0.62689076 0.77815126]
val_loss=7.4805
accuracy
[0.28571429 0.4907563  0.62689076 0.77478992]
val_loss=7.4712
accuracy
[0.28403361 0.49243697 0.62689076 0.77815126]
val_loss=7.4667
accuracy
[0.28235294 0.48907563 0.62857143 0.77647059]
val_loss=7.5333
accuracy
[0.28403361 0.49243697 0.62689076 0.77142857]
val_loss=7.5031
accuracy
[0.28571429 0.48907563 0.62689076 0.77478992]
val_loss=7.5084
accuracy
[0.28403361 0.4907563  0.62521008 0.77310924]
val_loss=7.4959
accuracy
[0.28403361 0.4907563  0.62521008 0.77310924]
val_loss=7.5353
accuracy
[0.28571429 0.4907563  0.62689076 0.77310924]
val_loss=7.5107
accuracy
[0.28403361 0.49243697 0.62689076 0.77647059]
val_loss=7.5327
accuracy
[0.28403361 0.48571429 0.62689076 0.77310924]
val_loss=7.4797
accuracy
[0.28067227 0.48907563 0.62689076 0.77310924]
Finished Training
    rehearsal replay buffer: 500 of 1928 source samples
cpu
Finished Training
cpu
Finished Training
cpu
Finished Training
cpu
Finished Training
cpu
Finished Training
cpu
Finished Training
cpu
Finished Training
cpu
Finished Training
cpu
Finished Training
cpu
Finished Training
cpu
Finished Training
cpu
Finished Training
cpu
Finished Training
cpu
Finished Training
cpu
Finished Training
cpu
Finished Training
cpu
Finished Training
cpu
Finished Training
cpu
Finished Training
cpu
Finished Training
cpu
Finished Training
cpu
Finished Training
  seed 1: pretrain on scenario1 (1928 samples), zero-shot eval on scenario2 (595 held-out test samples)
cpu
-----------------------------------------------------------------------
      Layer (type)        Output Shape         Param #     Tr. Param #
=======================================================================
          Linear-1           [32, 256]           1,280           1,280
            ReLU-2           [32, 256]               0               0
          Linear-3           [32, 256]          65,792          65,792
          Linear-4           [32, 256]          65,792          65,792
          Linear-5            [32, 16]           4,112           4,112
=======================================================================
Total params: 136,976
Trainable params: 136,976
Non-trainable params: 0
-----------------------------------------------------------------------
val_loss=2.2803
accuracy
[0.23361345 0.45210084 0.70588235 0.94957983]
val_loss=2.4046
accuracy
[0.24705882 0.48235294 0.6907563  0.95294118]
val_loss=3.3696
accuracy
[0.24705882 0.49411765 0.72436975 0.91932773]
val_loss=3.9132
accuracy
[0.2487395  0.4605042  0.68571429 0.86722689]
val_loss=5.8568
accuracy
[0.29411765 0.41008403 0.47058824 0.76638655]
val_loss=4.2675
accuracy
[0.21008403 0.48907563 0.68907563 0.85882353]
val_loss=4.7978
accuracy
[0.26722689 0.44369748 0.68235294 0.87731092]
val_loss=5.4446
accuracy
[0.25882353 0.42352941 0.61008403 0.84705882]
val_loss=4.7628
accuracy
[0.26890756 0.44033613 0.63865546 0.83697479]
val_loss=5.0224
accuracy
[0.2605042  0.42016807 0.57647059 0.78823529]
val_loss=4.2507
accuracy
[0.22016807 0.52436975 0.73445378 0.86554622]
val_loss=5.4516
accuracy
[0.24033613 0.4789916  0.64537815 0.82689076]
val_loss=4.8976
accuracy
[0.24705882 0.50084034 0.71596639 0.87058824]
val_loss=5.8459
accuracy
[0.27731092 0.43193277 0.60672269 0.81344538]
val_loss=5.3638
accuracy
[0.27563025 0.45714286 0.61680672 0.82857143]
val_loss=5.3601
accuracy
[0.24201681 0.52941176 0.69411765 0.85210084]
val_loss=6.2811
accuracy
[0.25378151 0.41344538 0.53781513 0.76302521]
val_loss=5.5104
accuracy
[0.26722689 0.47226891 0.66386555 0.84537815]
val_loss=4.7240
accuracy
[0.24537815 0.4487395  0.6789916  0.83865546]
val_loss=6.3171
accuracy
[0.27394958 0.42521008 0.58151261 0.77478992]
val_loss=5.8718
accuracy
[0.26386555 0.44537815 0.65546218 0.82689076]
val_loss=6.1340
accuracy
[0.26386555 0.45546218 0.64705882 0.8       ]
val_loss=6.4058
accuracy
[0.26218487 0.46554622 0.64705882 0.81512605]
val_loss=6.4514
accuracy
[0.25882353 0.46722689 0.65714286 0.80840336]
val_loss=7.0910
accuracy
[0.28739496 0.42521008 0.57142857 0.76638655]
val_loss=6.6089
accuracy
[0.26890756 0.44201681 0.64369748 0.79159664]
val_loss=6.8578
accuracy
[0.25546218 0.47226891 0.61344538 0.78655462]
val_loss=6.7490
accuracy
[0.2789916  0.44033613 0.63529412 0.79327731]
val_loss=6.5872
accuracy
[0.25378151 0.4789916  0.67394958 0.82016807]
val_loss=6.9986
accuracy
[0.2789916  0.43529412 0.63193277 0.78151261]
val_loss=6.9848
accuracy
[0.27731092 0.44201681 0.64705882 0.78655462]
val_loss=7.0964
accuracy
[0.27394958 0.43697479 0.62016807 0.77815126]
val_loss=6.9605
accuracy
[0.2605042  0.47563025 0.64369748 0.79327731]
val_loss=6.9849
accuracy
[0.27731092 0.46386555 0.64201681 0.80168067]
val_loss=7.2050
accuracy
[0.27058824 0.44033613 0.64369748 0.79663866]
val_loss=6.6629
accuracy
[0.25882353 0.47058824 0.68907563 0.81848739]
val_loss=7.0284
accuracy
[0.27394958 0.44537815 0.63529412 0.79663866]
val_loss=7.3954
accuracy
[0.28571429 0.43529412 0.60168067 0.75462185]
val_loss=7.1834
accuracy
[0.25882353 0.44369748 0.64033613 0.78487395]
val_loss=6.9951
accuracy
[0.26218487 0.45042017 0.65882353 0.79663866]
val_loss=7.0087
accuracy
[0.26554622 0.47394958 0.64201681 0.80168067]
val_loss=7.1520
accuracy
[0.27394958 0.45210084 0.6302521  0.78991597]
val_loss=7.1673
accuracy
[0.26890756 0.47058824 0.64201681 0.78991597]
val_loss=7.2310
accuracy
[0.27563025 0.44537815 0.63361345 0.78319328]
val_loss=7.1577
accuracy
[0.26554622 0.45546218 0.64369748 0.79663866]
val_loss=7.1895
accuracy
[0.27058824 0.47226891 0.64201681 0.80168067]
val_loss=7.3349
accuracy
[0.27563025 0.44033613 0.63193277 0.78319328]
val_loss=7.2328
accuracy
[0.26554622 0.4605042  0.64201681 0.79495798]
val_loss=7.2108
accuracy
[0.26722689 0.47226891 0.64033613 0.80504202]
val_loss=7.3687
accuracy
[0.27394958 0.45210084 0.62857143 0.78991597]
val_loss=7.4156
accuracy
[0.27563025 0.43865546 0.63361345 0.78319328]
val_loss=7.3785
accuracy
[0.2789916  0.43697479 0.62857143 0.79159664]
val_loss=7.2952
accuracy
[0.27058824 0.45378151 0.64033613 0.79663866]
val_loss=7.4511
accuracy
[0.27731092 0.44201681 0.62857143 0.78319328]
val_loss=7.4207
accuracy
[0.2789916  0.44369748 0.63361345 0.78487395]
val_loss=7.3932
accuracy
[0.27058824 0.45546218 0.63193277 0.79663866]
val_loss=7.3837
accuracy
[0.27563025 0.47058824 0.63697479 0.79663866]
val_loss=7.4983
accuracy
[0.27731092 0.43697479 0.62689076 0.78151261]
val_loss=7.4403
accuracy
[0.26386555 0.45714286 0.63361345 0.8       ]
val_loss=7.4744
accuracy
[0.27394958 0.44705882 0.62857143 0.78823529]
val_loss=7.5135
accuracy
[0.27394958 0.44705882 0.62521008 0.78655462]
val_loss=7.5258
accuracy
[0.27563025 0.44369748 0.62689076 0.78487395]
val_loss=7.4955
accuracy
[0.27394958 0.44705882 0.62857143 0.78823529]
val_loss=7.5450
accuracy
[0.27731092 0.44537815 0.62689076 0.78319328]
val_loss=7.5254
accuracy
[0.27394958 0.44705882 0.62857143 0.78655462]
val_loss=7.4948
accuracy
[0.27563025 0.4487395  0.63193277 0.78823529]
val_loss=7.5362
accuracy
[0.27563025 0.44369748 0.62857143 0.78487395]
val_loss=7.5057
accuracy
[0.27563025 0.44705882 0.63193277 0.78823529]
val_loss=7.5524
accuracy
[0.27563025 0.44369748 0.62857143 0.78319328]
val_loss=7.5173
accuracy
[0.27394958 0.4487395  0.6302521  0.78991597]
val_loss=7.5403
accuracy
[0.27563025 0.44369748 0.6302521  0.78655462]
val_loss=7.5433
accuracy
[0.2789916  0.4487395  0.6302521  0.78655462]
val_loss=7.5719
accuracy
[0.27731092 0.44201681 0.62857143 0.78319328]
val_loss=7.5632
accuracy
[0.27563025 0.44369748 0.62857143 0.78655462]
val_loss=7.5511
accuracy
[0.27731092 0.44537815 0.62857143 0.78655462]
val_loss=7.5877
accuracy
[0.27563025 0.44369748 0.62857143 0.78655462]
val_loss=7.5804
accuracy
[0.27731092 0.44369748 0.62689076 0.78655462]
val_loss=7.5747
accuracy
[0.27563025 0.44369748 0.62857143 0.78655462]
val_loss=7.5647
accuracy
[0.27731092 0.44201681 0.6302521  0.78823529]
val_loss=7.5678
accuracy
[0.27563025 0.4487395  0.62857143 0.78823529]
Finished Training
    rehearsal replay buffer: 500 of 1928 source samples
cpu
Finished Training
cpu
Finished Training
cpu
Finished Training
cpu
Finished Training
cpu
Finished Training
cpu
Finished Training
cpu
Finished Training
cpu
Finished Training
cpu
Finished Training
cpu
Finished Training
cpu
Finished Training
cpu
Finished Training
cpu
Finished Training
cpu
Finished Training
cpu
Finished Training
cpu
Finished Training
cpu
Finished Training
cpu
Finished Training
cpu
Finished Training
cpu
Finished Training
cpu
Finished Training
cpu
Finished Training
  seed 2: pretrain on scenario1 (1928 samples), zero-shot eval on scenario2 (595 held-out test samples)
cpu
-----------------------------------------------------------------------
      Layer (type)        Output Shape         Param #     Tr. Param #
=======================================================================
          Linear-1           [32, 256]           1,280           1,280
            ReLU-2           [32, 256]               0               0
          Linear-3           [32, 256]          65,792          65,792
          Linear-4           [32, 256]          65,792          65,792
          Linear-5            [32, 16]           4,112           4,112
=======================================================================
Total params: 136,976
Trainable params: 136,976
Non-trainable params: 0
-----------------------------------------------------------------------
val_loss=2.5114
accuracy
[0.22857143 0.42521008 0.57310924 0.81176471]
val_loss=2.9655
accuracy
[0.28067227 0.51428571 0.71260504 0.91764706]
val_loss=4.1942
accuracy
[0.24537815 0.4605042  0.64201681 0.89579832]
val_loss=4.5951
accuracy
[0.25714286 0.50756303 0.66386555 0.86554622]
val_loss=4.5599
accuracy
[0.25882353 0.55630252 0.71260504 0.87731092]
val_loss=4.8071
accuracy
[0.25714286 0.48907563 0.68403361 0.87563025]
val_loss=4.6637
accuracy
[0.28403361 0.42689076 0.61008403 0.84705882]
val_loss=3.8788
accuracy
[0.28067227 0.5394958  0.72436975 0.90252101]
val_loss=4.5223
accuracy
[0.25882353 0.47563025 0.71428571 0.91092437]
val_loss=4.9933
accuracy
[0.27226891 0.4907563  0.65210084 0.84705882]
val_loss=4.7867
accuracy
[0.24705882 0.51596639 0.67058824 0.85882353]
val_loss=5.1423
accuracy
[0.29579832 0.45714286 0.62689076 0.83529412]
val_loss=6.1426
accuracy
[0.27226891 0.41512605 0.56806723 0.80672269]
val_loss=5.2129
accuracy
[0.26722689 0.43529412 0.66722689 0.87394958]
val_loss=5.7231
accuracy
[0.27731092 0.50084034 0.66890756 0.79831933]
val_loss=5.2475
accuracy
[0.27394958 0.47563025 0.68907563 0.86554622]
val_loss=5.6466
accuracy
[0.2605042  0.49747899 0.66554622 0.84369748]
val_loss=5.7632
accuracy
[0.27563025 0.44033613 0.65210084 0.83529412]
val_loss=5.0865
accuracy
[0.26890756 0.47731092 0.64369748 0.84369748]
val_loss=4.2118
accuracy
[0.25042017 0.55966387 0.75294118 0.90420168]
val_loss=5.0181
accuracy
[0.26722689 0.49579832 0.69243697 0.87394958]
val_loss=5.5917
accuracy
[0.2907563  0.50084034 0.6605042  0.84705882]
val_loss=5.7103
accuracy
[0.28571429 0.4907563  0.6605042  0.85042017]
val_loss=5.6059
accuracy
[0.27226891 0.51260504 0.6907563  0.86218487]
val_loss=6.1308
accuracy
[0.28907563 0.48739496 0.65546218 0.81848739]
val_loss=6.1908
accuracy
[0.28739496 0.45882353 0.6487395  0.81512605]
val_loss=6.1124
accuracy
[0.27731092 0.49915966 0.67058824 0.83361345]
val_loss=6.0121
accuracy
[0.28235294 0.49243697 0.68235294 0.83193277]
val_loss=5.7459
accuracy
[0.27394958 0.51092437 0.69915966 0.8605042 ]
val_loss=5.9277
accuracy
[0.27226891 0.51764706 0.69915966 0.83193277]
val_loss=6.1956
accuracy
[0.28571429 0.52268908 0.67226891 0.80504202]
val_loss=6.4894
accuracy
[0.28571429 0.45882353 0.65210084 0.79495798]
val_loss=6.1022
accuracy
[0.27394958 0.48403361 0.67731092 0.82689076]
val_loss=6.1286
accuracy
[0.27394958 0.51596639 0.68235294 0.81848739]
val_loss=5.9059
accuracy
[0.26554622 0.52268908 0.70420168 0.83193277]
val_loss=6.1740
accuracy
[0.28571429 0.49915966 0.69747899 0.82689076]
val_loss=6.2308
accuracy
[0.28235294 0.50756303 0.68739496 0.81344538]
val_loss=5.9731
accuracy
[0.28067227 0.52941176 0.69243697 0.82352941]
val_loss=6.1667
accuracy
[0.28235294 0.49747899 0.68403361 0.81680672]
val_loss=5.9851
accuracy
[0.2789916  0.49915966 0.69579832 0.84033613]
val_loss=6.0762
accuracy
[0.2789916  0.51260504 0.68907563 0.82689076]
val_loss=6.2189
accuracy
[0.28235294 0.50756303 0.68067227 0.82016807]
val_loss=6.2575
accuracy
[0.28235294 0.50252101 0.67731092 0.82184874]
val_loss=6.3625
accuracy
[0.28571429 0.50588235 0.67394958 0.82016807]
val_loss=6.2836
accuracy
[0.2789916  0.5092437  0.68067227 0.82184874]
val_loss=6.4408
accuracy
[0.28403361 0.50420168 0.67226891 0.81680672]
val_loss=6.2964
accuracy
[0.28067227 0.51764706 0.68739496 0.82352941]
val_loss=6.4768
accuracy
[0.28571429 0.49915966 0.66890756 0.81512605]
val_loss=6.3851
accuracy
[0.28571429 0.50252101 0.67731092 0.82016807]
val_loss=6.3366
accuracy
[0.27563025 0.49915966 0.67731092 0.82184874]
val_loss=6.4179
accuracy
[0.28235294 0.49747899 0.6789916  0.82184874]
val_loss=6.4818
accuracy
[0.28571429 0.5092437  0.67394958 0.81848739]
val_loss=6.3320
accuracy
[0.27226891 0.50756303 0.68067227 0.82857143]
val_loss=6.6156
accuracy
[0.28571429 0.49915966 0.66722689 0.81008403]
val_loss=6.4467
accuracy
[0.2789916  0.51092437 0.67731092 0.82352941]
val_loss=6.5321
accuracy
[0.28067227 0.50756303 0.6789916  0.82016807]
val_loss=6.5075
accuracy
[0.28403361 0.50756303 0.67394958 0.81848739]
val_loss=6.4831
accuracy
[0.28235294 0.50588235 0.67731092 0.81512605]
val_loss=6.3529
accuracy
[0.27563025 0.51260504 0.69243697 0.82689076]
val_loss=6.5269
accuracy
[0.28235294 0.50588235 0.68067227 0.82184874]
val_loss=6.5049
accuracy
[0.2789916  0.50756303 0.68067227 0.82184874]
val_loss=6.5693
accuracy
[0.28067227 0.50420168 0.67563025 0.82016807]
val_loss=6.5602
accuracy
[0.28571429 0.50756303 0.68067227 0.82016807]
val_loss=6.5908
accuracy
[0.28571429 0.50756303 0.67563025 0.82016807]
val_loss=6.5798
accuracy
[0.28403361 0.50420168 0.67731092 0.82184874]
val_loss=6.5853
accuracy
[0.28571429 0.50420168 0.67563025 0.82184874]
val_loss=6.5923
accuracy
[0.28571429 0.50588235 0.6789916  0.82016807]
val_loss=6.6075
accuracy
[0.28571429 0.50588235 0.67563025 0.81848739]
val_loss=6.5777
accuracy
[0.28067227 0.50588235 0.67731092 0.82184874]
val_loss=6.5907
accuracy
[0.28403361 0.50588235 0.6789916  0.82016807]
val_loss=6.6032
accuracy
[0.28403361 0.50756303 0.67563025 0.81848739]
val_loss=6.6144
accuracy
[0.28403361 0.50588235 0.67563025 0.81848739]
val_loss=6.6097
accuracy
[0.28403361 0.50588235 0.67731092 0.82016807]
val_loss=6.6073
accuracy
[0.28571429 0.5092437  0.6789916  0.82016807]
val_loss=6.6329
accuracy
[0.28739496 0.50420168 0.67394958 0.81680672]
val_loss=6.6188
accuracy
[0.28571429 0.50756303 0.67563025 0.81848739]
val_loss=6.6091
accuracy
[0.28235294 0.50756303 0.67731092 0.82016807]
val_loss=6.5960
accuracy
[0.28571429 0.51092437 0.68067227 0.82184874]
val_loss=6.6164
accuracy
[0.28403361 0.50588235 0.6789916  0.82184874]
val_loss=6.6314
accuracy
[0.28403361 0.50588235 0.67563025 0.81848739]
Finished Training
    rehearsal replay buffer: 500 of 1928 source samples
cpu
Finished Training
cpu
Finished Training
cpu
Finished Training
cpu
Finished Training
cpu
Finished Training
cpu
Finished Training
cpu
Finished Training
cpu
Finished Training
cpu
Finished Training
cpu
Finished Training
cpu
Finished Training
cpu
Finished Training
cpu
Finished Training
cpu
Finished Training
cpu
Finished Training
cpu
Finished Training
cpu
Finished Training
cpu
Finished Training
cpu
Finished Training
cpu
Finished Training
cpu
Finished Training
cpu
Finished Training
  seed 3: pretrain on scenario1 (1928 samples), zero-shot eval on scenario2 (595 held-out test samples)
cpu
-----------------------------------------------------------------------
      Layer (type)        Output Shape         Param #     Tr. Param #
=======================================================================
          Linear-1           [32, 256]           1,280           1,280
            ReLU-2           [32, 256]               0               0
          Linear-3           [32, 256]          65,792          65,792
          Linear-4           [32, 256]          65,792          65,792
          Linear-5            [32, 16]           4,112           4,112
=======================================================================
Total params: 136,976
Trainable params: 136,976
Non-trainable params: 0
-----------------------------------------------------------------------
val_loss=2.5591
accuracy
[0.23865546 0.36638655 0.46722689 0.81680672]
val_loss=4.1112
accuracy
[0.21512605 0.3512605  0.50252101 0.79327731]
val_loss=2.3145
accuracy
[0.27058824 0.59663866 0.83865546 0.95966387]
val_loss=3.5561
accuracy
[0.2487395  0.48067227 0.65210084 0.88907563]
val_loss=3.6616
accuracy
[0.2907563  0.58991597 0.77310924 0.87226891]
val_loss=4.4328
accuracy
[0.24369748 0.48235294 0.65042017 0.89243697]
val_loss=4.2459
accuracy
[0.23865546 0.43193277 0.61008403 0.85882353]
val_loss=4.9780
accuracy
[0.24537815 0.43529412 0.59831933 0.82857143]
val_loss=4.1326
accuracy
[0.24201681 0.52436975 0.69747899 0.86722689]
val_loss=4.4737
accuracy
[0.24369748 0.53445378 0.71932773 0.90588235]
val_loss=5.3302
accuracy
[0.23193277 0.45546218 0.65210084 0.88571429]
val_loss=5.0055
accuracy
[0.25882353 0.54117647 0.70756303 0.85882353]
val_loss=5.6599
accuracy
[0.24369748 0.46218487 0.65546218 0.84201681]
val_loss=4.6944
accuracy
[0.25042017 0.51260504 0.69411765 0.83697479]
val_loss=5.8374
accuracy
[0.22016807 0.49243697 0.64537815 0.79663866]
val_loss=6.7481
accuracy
[0.2302521  0.45714286 0.60168067 0.76302521]
val_loss=5.8785
accuracy
[0.26722689 0.47563025 0.62689076 0.80504202]
val_loss=4.9460
accuracy
[0.24369748 0.5092437  0.67731092 0.82521008]
val_loss=5.8494
accuracy
[0.26386555 0.45210084 0.60504202 0.79663866]
val_loss=5.5734
accuracy
[0.2302521  0.44705882 0.62016807 0.81848739]
val_loss=6.0360
accuracy
[0.25882353 0.45210084 0.62689076 0.80336134]
val_loss=5.7993
accuracy
[0.23697479 0.50252101 0.65714286 0.82521008]
val_loss=6.1192
accuracy
[0.24201681 0.46890756 0.63529412 0.81344538]
val_loss=5.9941
accuracy
[0.23697479 0.49747899 0.66386555 0.8302521 ]
val_loss=6.2391
accuracy
[0.25210084 0.49411765 0.6487395  0.80672269]
val_loss=6.4719
accuracy
[0.24537815 0.48235294 0.64201681 0.79831933]
val_loss=6.5669
accuracy
[0.2487395  0.48739496 0.62352941 0.78991597]
val_loss=6.2822
accuracy
[0.24033613 0.51092437 0.65714286 0.80672269]
val_loss=6.5897
accuracy
[0.24705882 0.4907563  0.6302521  0.78991597]
val_loss=6.7143
accuracy
[0.25210084 0.50084034 0.64369748 0.78991597]
val_loss=6.5703
accuracy
[0.25882353 0.49915966 0.64705882 0.80672269]
val_loss=6.9724
accuracy
[0.2605042  0.46386555 0.61848739 0.78655462]
val_loss=6.7118
accuracy
[0.2487395  0.48739496 0.64033613 0.80168067]
val_loss=6.7241
accuracy
[0.26386555 0.49243697 0.64201681 0.79495798]
val_loss=6.7956
accuracy
[0.24201681 0.4789916  0.64201681 0.80168067]
val_loss=6.6523
accuracy
[0.25210084 0.50756303 0.65210084 0.81008403]
val_loss=7.0663
accuracy
[0.2487395  0.48739496 0.63361345 0.78655462]
val_loss=6.6391
accuracy
[0.2487395  0.48403361 0.63697479 0.80168067]
val_loss=7.3170
accuracy
[0.26890756 0.47226891 0.58487395 0.76638655]
val_loss=7.2881
accuracy
[0.26722689 0.47226891 0.60168067 0.77310924]
val_loss=6.8486
accuracy
[0.25882353 0.4907563  0.62857143 0.79159664]
val_loss=6.9242
accuracy
[0.25546218 0.49411765 0.63193277 0.78487395]
val_loss=6.9941
accuracy
[0.2605042  0.49243697 0.63193277 0.78151261]
val_loss=6.9813
accuracy
[0.25714286 0.49243697 0.63361345 0.78319328]
val_loss=6.9921
accuracy
[0.25210084 0.49579832 0.63865546 0.78487395]
val_loss=6.9809
accuracy
[0.25882353 0.49243697 0.63193277 0.78655462]
val_loss=7.0474
accuracy
[0.25546218 0.48907563 0.62689076 0.78319328]
val_loss=7.0945
accuracy
[0.26218487 0.48739496 0.62689076 0.77983193]
val_loss=7.1538
accuracy
[0.26218487 0.48403361 0.62184874 0.78655462]
val_loss=7.0887
accuracy
[0.25546218 0.4907563  0.63193277 0.78655462]
val_loss=7.0067
accuracy
[0.24705882 0.49243697 0.64033613 0.78991597]
val_loss=7.1208
accuracy
[0.2605042  0.48907563 0.63193277 0.78151261]
val_loss=7.1013
accuracy
[0.24369748 0.48907563 0.64033613 0.79159664]
val_loss=7.0774
accuracy
[0.25714286 0.49411765 0.63361345 0.78823529]
val_loss=7.1063
accuracy
[0.25546218 0.4907563  0.63193277 0.78487395]
val_loss=7.1659
accuracy
[0.25378151 0.48907563 0.63361345 0.78823529]
val_loss=7.0389
accuracy
[0.25210084 0.49747899 0.64201681 0.78991597]
val_loss=7.1872
accuracy
[0.25546218 0.4907563  0.6302521  0.78151261]
val_loss=7.3311
accuracy
[0.2605042  0.48571429 0.62689076 0.77983193]
val_loss=7.0789
accuracy
[0.2487395  0.49411765 0.63697479 0.78991597]
val_loss=7.1907
accuracy
[0.25546218 0.4907563  0.63361345 0.78319328]
val_loss=7.1834
accuracy
[0.25378151 0.4907563  0.63361345 0.78487395]
val_loss=7.2074
accuracy
[0.25378151 0.48907563 0.63361345 0.78487395]
val_loss=7.2428
accuracy
[0.25714286 0.4907563  0.63361345 0.78151261]
val_loss=7.2037
accuracy
[0.25546218 0.49243697 0.63193277 0.78151261]
val_loss=7.2062
accuracy
[0.25210084 0.49243697 0.63529412 0.78319328]
val_loss=7.1929
accuracy
[0.25378151 0.49243697 0.63361345 0.78319328]
val_loss=7.2142
accuracy
[0.25378151 0.49243697 0.63529412 0.78487395]
val_loss=7.2357
accuracy
[0.25546218 0.49243697 0.63361345 0.78151261]
val_loss=7.1920
accuracy
[0.25378151 0.49243697 0.63361345 0.78319328]
val_loss=7.2324
accuracy
[0.25714286 0.4907563  0.63193277 0.78151261]
val_loss=7.2853
accuracy
[0.25378151 0.48739496 0.63193277 0.78151261]
val_loss=7.3113
accuracy
[0.25882353 0.48739496 0.62857143 0.77983193]
val_loss=7.2508
accuracy
[0.25714286 0.4907563  0.63193277 0.78319328]
val_loss=7.2545
accuracy
[0.25882353 0.49243697 0.63193277 0.78151261]
val_loss=7.2851
accuracy
[0.25378151 0.48739496 0.63193277 0.78151261]
val_loss=7.2403
accuracy
[0.25210084 0.49243697 0.63361345 0.78319328]
val_loss=7.2351
accuracy
[0.25042017 0.49243697 0.63529412 0.78487395]
val_loss=7.3061
accuracy
[0.25882353 0.4907563  0.6302521  0.77983193]
val_loss=7.2819
accuracy
[0.25882353 0.49243697 0.63361345 0.77983193]
Finished Training
    rehearsal replay buffer: 500 of 1928 source samples
cpu
Finished Training
cpu
Finished Training
cpu
Finished Training
cpu
Finished Training
cpu
Finished Training
cpu
Finished Training
cpu
Finished Training
cpu
Finished Training
cpu
Finished Training
cpu
Finished Training
cpu
Finished Training
cpu
Finished Training
cpu
Finished Training
cpu
Finished Training
cpu
Finished Training
cpu
Finished Training
cpu
Finished Training
cpu
Finished Training
cpu
Finished Training
cpu
Finished Training
cpu
Finished Training
cpu
Finished Training
  seed 4: pretrain on scenario1 (1928 samples), zero-shot eval on scenario2 (595 held-out test samples)
cpu
-----------------------------------------------------------------------
      Layer (type)        Output Shape         Param #     Tr. Param #
=======================================================================
          Linear-1           [32, 256]           1,280           1,280
            ReLU-2           [32, 256]               0               0
          Linear-3           [32, 256]          65,792          65,792
          Linear-4           [32, 256]          65,792          65,792
          Linear-5            [32, 16]           4,112           4,112
=======================================================================
Total params: 136,976
Trainable params: 136,976
Non-trainable params: 0
-----------------------------------------------------------------------
val_loss=1.9267
accuracy
[0.29579832 0.55630252 0.78487395 0.97983193]
val_loss=2.2211
accuracy
[0.24201681 0.4789916  0.7210084  0.96134454]
val_loss=3.6744
accuracy
[0.21848739 0.42857143 0.6789916  0.92605042]
val_loss=4.2432
accuracy
[0.29579832 0.49747899 0.64033613 0.90084034]
val_loss=4.1938
accuracy
[0.25714286 0.48907563 0.67394958 0.91260504]
val_loss=5.6128
accuracy
[0.23697479 0.41512605 0.54957983 0.83697479]
val_loss=4.4392
accuracy
[0.2605042  0.4907563  0.67226891 0.88571429]
val_loss=4.0080
accuracy
[0.2605042  0.46386555 0.67394958 0.89411765]
val_loss=4.4405
accuracy
[0.2487395  0.51092437 0.70756303 0.88907563]
val_loss=5.1498
accuracy
[0.29915966 0.4487395  0.61512605 0.87731092]
val_loss=4.5445
accuracy
[0.20840336 0.51596639 0.71092437 0.87394958]
val_loss=6.0335
accuracy
[0.26554622 0.42857143 0.57983193 0.84537815]
val_loss=4.8954
accuracy
[0.31428571 0.43193277 0.58991597 0.84369748]
val_loss=5.7466
accuracy
[0.23865546 0.47226891 0.65882353 0.83697479]
val_loss=5.6611
accuracy
[0.28067227 0.42352941 0.58151261 0.85546218]
val_loss=5.3460
accuracy
[0.26554622 0.4302521  0.63361345 0.84537815]
val_loss=4.7817
accuracy
[0.22857143 0.48739496 0.74789916 0.92268908]
val_loss=4.5620
accuracy
[0.25882353 0.55630252 0.75798319 0.87226891]
val_loss=5.7276
accuracy
[0.28403361 0.42521008 0.57647059 0.83193277]
val_loss=4.7583
accuracy
[0.21680672 0.47226891 0.72773109 0.88571429]
val_loss=5.5255
accuracy
[0.25378151 0.47058824 0.64705882 0.8487395 ]
val_loss=5.7985
accuracy
[0.25714286 0.45714286 0.65210084 0.85378151]
val_loss=5.8166
accuracy
[0.26554622 0.47731092 0.65210084 0.8605042 ]
val_loss=6.1520
accuracy
[0.2605042  0.4605042  0.64537815 0.85546218]
val_loss=6.4542
accuracy
[0.27394958 0.45882353 0.62016807 0.84201681]
val_loss=6.4514
accuracy
[0.26218487 0.45882353 0.62689076 0.84201681]
val_loss=6.4770
accuracy
[0.25042017 0.48235294 0.65042017 0.84033613]
val_loss=6.3172
accuracy
[0.25714286 0.48571429 0.65546218 0.8487395 ]
val_loss=6.4681
accuracy
[0.26890756 0.44537815 0.63193277 0.83529412]
val_loss=6.2204
accuracy
[0.25546218 0.48571429 0.66218487 0.85546218]
val_loss=6.3974
accuracy
[0.25882353 0.47394958 0.6487395  0.83865546]
val_loss=6.6096
accuracy
[0.27226891 0.47394958 0.62857143 0.82521008]
val_loss=6.7768
accuracy
[0.26890756 0.47731092 0.61848739 0.82689076]
val_loss=6.5826
accuracy
[0.26218487 0.48235294 0.65378151 0.82857143]
val_loss=6.6611
accuracy
[0.25714286 0.46386555 0.63697479 0.82016807]
val_loss=6.4972
accuracy
[0.24705882 0.49579832 0.6487395  0.81848739]
val_loss=6.6002
accuracy
[0.25882353 0.48235294 0.64705882 0.81176471]
val_loss=6.4357
accuracy
[0.25042017 0.49243697 0.66218487 0.82352941]
val_loss=6.7494
accuracy
[0.26554622 0.46890756 0.63529412 0.80840336]
val_loss=6.4595
accuracy
[0.2605042  0.48571429 0.63529412 0.80336134]
val_loss=6.4551
accuracy
[0.25714286 0.48907563 0.65378151 0.81344538]
val_loss=6.5327
accuracy
[0.25882353 0.48235294 0.64537815 0.81344538]
val_loss=6.5818
accuracy
[0.2605042  0.46890756 0.64201681 0.81344538]
val_loss=6.6994
accuracy
[0.2605042  0.4789916  0.64201681 0.80504202]
val_loss=6.5543
accuracy
[0.25714286 0.48403361 0.65546218 0.81008403]
val_loss=6.6481
accuracy
[0.2605042  0.47563025 0.64369748 0.80840336]
val_loss=6.6768
accuracy
[0.26554622 0.47731092 0.64537815 0.80504202]
val_loss=6.6320
accuracy
[0.2605042  0.48571429 0.65210084 0.80840336]
val_loss=6.7043
accuracy
[0.2605042  0.4789916  0.64201681 0.80840336]
val_loss=6.6881
accuracy
[0.25882353 0.48235294 0.64705882 0.80672269]
val_loss=6.7049
accuracy
[0.26218487 0.48403361 0.6487395  0.81176471]
val_loss=6.8091
accuracy
[0.2605042  0.47058824 0.63697479 0.80840336]
val_loss=6.9403
accuracy
[0.26722689 0.47731092 0.63697479 0.79663866]
val_loss=6.7951
accuracy
[0.25714286 0.48235294 0.6487395  0.80504202]
val_loss=6.6337
accuracy
[0.25378151 0.49411765 0.66218487 0.81512605]
val_loss=6.7728
accuracy
[0.25714286 0.48403361 0.6487395  0.80504202]
val_loss=6.8226
accuracy
[0.2605042  0.47394958 0.63865546 0.81176471]
val_loss=6.6220
accuracy
[0.25546218 0.49243697 0.66890756 0.81680672]
val_loss=6.8221
accuracy
[0.26386555 0.48067227 0.64201681 0.80840336]
val_loss=6.8381
accuracy
[0.25882353 0.48235294 0.64369748 0.80672269]
val_loss=6.8250
accuracy
[0.2605042  0.48235294 0.64705882 0.80840336]
val_loss=6.8180
accuracy
[0.26218487 0.48067227 0.64537815 0.80840336]
val_loss=6.8421
accuracy
[0.25882353 0.48067227 0.64705882 0.80672269]
val_loss=6.8385
accuracy
[0.26218487 0.48067227 0.64705882 0.80840336]
val_loss=6.8459
accuracy
[0.26218487 0.48067227 0.64369748 0.80840336]
val_loss=6.8240
accuracy
[0.2605042  0.48067227 0.6487395  0.80840336]
val_loss=6.8404
accuracy
[0.26218487 0.48067227 0.64705882 0.80840336]
val_loss=6.8683
accuracy
[0.25714286 0.48067227 0.64369748 0.80672269]
val_loss=6.8393
accuracy
[0.26218487 0.48067227 0.64537815 0.80840336]
val_loss=6.8537
accuracy
[0.26218487 0.48067227 0.64705882 0.80672269]
val_loss=6.8470
accuracy
[0.2605042  0.48235294 0.6487395  0.80840336]
val_loss=6.8782
accuracy
[0.26218487 0.4789916  0.64369748 0.80840336]
val_loss=6.8635
accuracy
[0.26386555 0.48067227 0.64537815 0.80840336]
val_loss=6.8950
accuracy
[0.2605042  0.48067227 0.64369748 0.80840336]
val_loss=6.8416
accuracy
[0.25882353 0.48403361 0.6487395  0.80840336]
val_loss=6.8413
accuracy
[0.25882353 0.48403361 0.6487395  0.80840336]
val_loss=6.8706
accuracy
[0.25882353 0.48067227 0.6487395  0.80840336]
val_loss=6.8501
accuracy
[0.25882353 0.48235294 0.6487395  0.80840336]
val_loss=6.8671
accuracy
[0.26218487 0.48067227 0.64705882 0.80840336]
val_loss=6.8480
accuracy
[0.25882353 0.48235294 0.6487395  0.80840336]
Finished Training
    rehearsal replay buffer: 500 of 1928 source samples
cpu
Finished Training
cpu
Finished Training
cpu
Finished Training
cpu
Finished Training
cpu
Finished Training
cpu
Finished Training
cpu
Finished Training
cpu
Finished Training
cpu
Finished Training
cpu
Finished Training
cpu
Finished Training
cpu
Finished Training
cpu
Finished Training
cpu
Finished Training
cpu
Finished Training
cpu
Finished Training
cpu
Finished Training
cpu
Finished Training
cpu
Finished Training
cpu
Finished Training
cpu
Finished Training
cpu
Finished Training
  seed 5: pretrain on scenario1 (1928 samples), zero-shot eval on scenario2 (595 held-out test samples)
cpu
-----------------------------------------------------------------------
      Layer (type)        Output Shape         Param #     Tr. Param #
=======================================================================
          Linear-1           [32, 256]           1,280           1,280
            ReLU-2           [32, 256]               0               0
          Linear-3           [32, 256]          65,792          65,792
          Linear-4           [32, 256]          65,792          65,792
          Linear-5            [32, 16]           4,112           4,112
=======================================================================
Total params: 136,976
Trainable params: 136,976
Non-trainable params: 0
-----------------------------------------------------------------------
val_loss=2.6168
accuracy
[0.22016807 0.45210084 0.66218487 0.85882353]
val_loss=2.8244
accuracy
[0.25042017 0.51260504 0.71596639 0.94453782]
val_loss=2.9007
accuracy
[0.25882353 0.5092437  0.70084034 0.90756303]
val_loss=3.2705
accuracy
[0.21680672 0.53277311 0.76470588 0.93781513]
val_loss=4.0143
accuracy
[0.28403361 0.4605042  0.64033613 0.87058824]
val_loss=4.1404
accuracy
[0.24369748 0.4789916  0.6789916  0.8907563 ]
val_loss=4.5092
accuracy
[0.22857143 0.49579832 0.66554622 0.89915966]
val_loss=4.5415
accuracy
[0.2789916  0.54117647 0.73109244 0.91092437]
val_loss=4.8827
accuracy
[0.24369748 0.45714286 0.68571429 0.88067227]
val_loss=4.3554
accuracy
[0.22521008 0.54453782 0.71596639 0.89747899]
val_loss=5.0122
accuracy
[0.25042017 0.48571429 0.62184874 0.79327731]
val_loss=5.8452
accuracy
[0.26386555 0.48235294 0.60504202 0.81848739]
val_loss=5.6680
accuracy
[0.2789916  0.45546218 0.64537815 0.80840336]
val_loss=5.5927
accuracy
[0.27226891 0.46554622 0.65210084 0.79663866]
val_loss=4.9932
accuracy
[0.24201681 0.48571429 0.67226891 0.85882353]
val_loss=6.4982
accuracy
[0.26890756 0.42857143 0.56134454 0.74789916]
val_loss=4.4937
accuracy
[0.23529412 0.47226891 0.67058824 0.83193277]
val_loss=5.3245
accuracy
[0.2789916  0.49411765 0.64705882 0.80504202]
val_loss=5.7371
accuracy
[0.2789916  0.45714286 0.62184874 0.78991597]
val_loss=4.9729
accuracy
[0.25714286 0.51596639 0.66890756 0.82352941]
val_loss=5.4024
accuracy
[0.26386555 0.48571429 0.65042017 0.82184874]
val_loss=5.7319
accuracy
[0.24705882 0.48235294 0.65546218 0.81680672]
val_loss=6.0305
accuracy
[0.26890756 0.48067227 0.64537815 0.80840336]
val_loss=6.0915
accuracy
[0.26554622 0.46890756 0.67226891 0.82352941]
val_loss=6.2281
accuracy
[0.27394958 0.47563025 0.64201681 0.81680672]
val_loss=6.0222
accuracy
[0.26218487 0.48907563 0.67226891 0.82352941]
val_loss=6.4362
accuracy
[0.27226891 0.4605042  0.63529412 0.8       ]
val_loss=6.2863
accuracy
[0.25882353 0.45714286 0.64537815 0.81680672]
val_loss=6.3307
accuracy
[0.25042017 0.48067227 0.66386555 0.81848739]
val_loss=6.4521
accuracy
[0.27394958 0.45210084 0.62857143 0.79159664]
val_loss=6.4839
accuracy
[0.26554622 0.48403361 0.6487395  0.81008403]
val_loss=6.7667
accuracy
[0.26554622 0.4605042  0.62521008 0.77647059]
val_loss=6.2603
accuracy
[0.2605042  0.49243697 0.6605042  0.81680672]
val_loss=6.6634
accuracy
[0.26722689 0.47058824 0.65378151 0.80504202]
val_loss=6.3464
accuracy
[0.26890756 0.48907563 0.65378151 0.81176471]
val_loss=6.6425
accuracy
[0.26890756 0.49579832 0.63865546 0.80168067]
val_loss=6.4371
accuracy
[0.2605042  0.48571429 0.65042017 0.79663866]
val_loss=6.2371
accuracy
[0.25546218 0.49579832 0.66554622 0.81176471]
val_loss=6.9716
accuracy
[0.28067227 0.48403361 0.62352941 0.77310924]
val_loss=6.7339
accuracy
[0.26890756 0.47394958 0.63865546 0.79159664]
val_loss=6.7290
accuracy
[0.26218487 0.45546218 0.63193277 0.78319328]
val_loss=6.6164
accuracy
[0.26554622 0.48067227 0.64537815 0.79495798]
val_loss=6.7357
accuracy
[0.26386555 0.47731092 0.63529412 0.78655462]
val_loss=6.7163
accuracy
[0.26554622 0.47731092 0.63529412 0.78823529]
val_loss=6.7126
accuracy
[0.26386555 0.48067227 0.64537815 0.79159664]
val_loss=6.6223
accuracy
[0.2605042  0.4907563  0.65210084 0.80336134]
val_loss=6.6816
accuracy
[0.2605042  0.48235294 0.64033613 0.79495798]
val_loss=6.8203
accuracy
[0.26554622 0.47394958 0.63361345 0.78655462]
val_loss=6.7840
accuracy
[0.26218487 0.47394958 0.63193277 0.78487395]
val_loss=6.8823
accuracy
[0.26890756 0.48067227 0.63529412 0.79159664]
val_loss=6.9188
accuracy
[0.26722689 0.48235294 0.63529412 0.78823529]
val_loss=6.8614
accuracy
[0.27731092 0.47563025 0.63529412 0.78487395]
val_loss=6.9275
accuracy
[0.26386555 0.4605042  0.62689076 0.77815126]
val_loss=6.7701
accuracy
[0.26386555 0.48571429 0.63697479 0.79327731]
val_loss=6.8738
accuracy
[0.26554622 0.48235294 0.64033613 0.78823529]
val_loss=6.7902
accuracy
[0.25882353 0.48571429 0.64537815 0.79831933]
val_loss=6.8774
accuracy
[0.27563025 0.48739496 0.64201681 0.79495798]
val_loss=6.9747
accuracy
[0.26722689 0.4789916  0.6302521  0.79159664]
val_loss=6.9341
accuracy
[0.2605042  0.47394958 0.63193277 0.78319328]
val_loss=7.0561
accuracy
[0.27058824 0.46386555 0.62184874 0.77310924]
val_loss=6.9104
accuracy
[0.26890756 0.48067227 0.63361345 0.78487395]
val_loss=6.9012
accuracy
[0.26386555 0.48067227 0.63361345 0.78655462]
val_loss=6.9289
accuracy
[0.26554622 0.48403361 0.63361345 0.78655462]
val_loss=6.9365
accuracy
[0.26554622 0.47394958 0.6302521  0.78487395]
val_loss=6.9393
accuracy
[0.26554622 0.47731092 0.6302521  0.78655462]
val_loss=6.9525
accuracy
[0.26386555 0.48571429 0.63361345 0.78655462]
val_loss=6.9112
accuracy
[0.26554622 0.48403361 0.63361345 0.78823529]
val_loss=6.9120
accuracy
[0.26554622 0.48403361 0.63529412 0.78823529]
val_loss=6.9535
accuracy
[0.26722689 0.48235294 0.6302521  0.78655462]
val_loss=6.9536
accuracy
[0.26890756 0.48235294 0.6302521  0.78655462]
val_loss=6.9889
accuracy
[0.26722689 0.47731092 0.6302521  0.78487395]
val_loss=6.9812
accuracy
[0.26554622 0.48235294 0.63193277 0.78487395]
val_loss=6.9775
accuracy
[0.26722689 0.48067227 0.6302521  0.78655462]
val_loss=6.9825
accuracy
[0.26722689 0.48067227 0.6302521  0.78655462]
val_loss=6.9995
accuracy
[0.26722689 0.47731092 0.6302521  0.78487395]
val_loss=6.9585
accuracy
[0.26554622 0.47731092 0.6302521  0.78655462]
val_loss=6.9856
accuracy
[0.26554622 0.47731092 0.6302521  0.78487395]
val_loss=6.9881
accuracy
[0.26722689 0.48235294 0.63193277 0.78655462]
val_loss=6.9728
accuracy
[0.26554622 0.48403361 0.63361345 0.78655462]
val_loss=7.0074
accuracy
[0.26722689 0.48067227 0.6302521  0.78655462]
Finished Training
    rehearsal replay buffer: 500 of 1928 source samples
cpu
Finished Training
cpu
Finished Training
cpu
Finished Training
cpu
Finished Training
cpu
Finished Training
cpu
Finished Training
cpu
Finished Training
cpu
Finished Training
cpu
Finished Training
cpu
Finished Training
cpu
Finished Training
cpu
Finished Training
cpu
Finished Training
cpu
Finished Training
cpu
Finished Training
cpu
Finished Training
cpu
Finished Training
cpu
Finished Training
cpu
Finished Training
cpu
Finished Training
cpu
Finished Training
cpu
Finished Training
  seed 6: pretrain on scenario1 (1928 samples), zero-shot eval on scenario2 (595 held-out test samples)
cpu
-----------------------------------------------------------------------
      Layer (type)        Output Shape         Param #     Tr. Param #
=======================================================================
          Linear-1           [32, 256]           1,280           1,280
            ReLU-2           [32, 256]               0               0
          Linear-3           [32, 256]          65,792          65,792
          Linear-4           [32, 256]          65,792          65,792
          Linear-5            [32, 16]           4,112           4,112
=======================================================================
Total params: 136,976
Trainable params: 136,976
Non-trainable params: 0
-----------------------------------------------------------------------
val_loss=2.3772
accuracy
[0.25546218 0.42184874 0.64201681 0.90588235]
val_loss=3.2792
accuracy
[0.25882353 0.47563025 0.64705882 0.92941176]
val_loss=3.2180
accuracy
[0.22016807 0.47731092 0.76302521 0.9394958 ]
val_loss=3.7269
accuracy
[0.27226891 0.51428571 0.70756303 0.89579832]
val_loss=3.6726
accuracy
[0.27394958 0.49747899 0.69747899 0.90420168]
val_loss=4.5198
accuracy
[0.29915966 0.51092437 0.66890756 0.85714286]
val_loss=4.0802
accuracy
[0.25882353 0.59159664 0.7512605  0.88235294]
val_loss=4.4691
accuracy
[0.26218487 0.52268908 0.66554622 0.81848739]
val_loss=5.6924
accuracy
[0.28235294 0.44705882 0.64369748 0.82016807]
val_loss=5.8947
accuracy
[0.27226891 0.43529412 0.59159664 0.77142857]
val_loss=4.9670
accuracy
[0.27731092 0.4789916  0.66554622 0.85378151]
val_loss=5.0754
accuracy
[0.26890756 0.45546218 0.66722689 0.82352941]
val_loss=4.9008
accuracy
[0.25210084 0.52268908 0.70588235 0.80168067]
val_loss=4.9937
accuracy
[0.2789916  0.43529412 0.61176471 0.77478992]
val_loss=6.3584
accuracy
[0.26386555 0.4302521  0.58319328 0.73445378]
val_loss=4.9764
accuracy
[0.27731092 0.51428571 0.69243697 0.82016807]
val_loss=3.9944
accuracy
[0.24201681 0.54621849 0.74285714 0.8789916 ]
val_loss=4.6113
accuracy
[0.26386555 0.5512605  0.74285714 0.86218487]
val_loss=4.9126
accuracy
[0.2789916  0.45378151 0.70084034 0.81848739]
val_loss=4.7053
accuracy
[0.25042017 0.54285714 0.7394958  0.84537815]
val_loss=5.1760
accuracy
[0.27394958 0.53613445 0.70252101 0.83193277]
val_loss=5.5157
accuracy
[0.28067227 0.4605042  0.68571429 0.82016807]
val_loss=5.8488
accuracy
[0.26722689 0.50588235 0.66890756 0.80504202]
val_loss=5.8466
accuracy
[0.28235294 0.48067227 0.68403361 0.81512605]
val_loss=6.0501
accuracy
[0.28739496 0.47394958 0.68235294 0.80504202]
val_loss=5.9311
accuracy
[0.26554622 0.49915966 0.68571429 0.81512605]
val_loss=5.7169
accuracy
[0.27394958 0.52436975 0.69243697 0.81848739]
val_loss=6.1916
accuracy
[0.29747899 0.46218487 0.66386555 0.78823529]
val_loss=6.2364
accuracy
[0.28067227 0.46554622 0.67226891 0.79831933]
val_loss=6.2343
accuracy
[0.27394958 0.50252101 0.66386555 0.79663866]
val_loss=5.9252
accuracy
[0.27563025 0.52436975 0.69915966 0.82689076]
val_loss=5.9001
accuracy
[0.2605042  0.53445378 0.70084034 0.82857143]
val_loss=6.0139
accuracy
[0.28235294 0.48403361 0.68907563 0.81512605]
val_loss=6.1994
accuracy
[0.2907563  0.47394958 0.68571429 0.81176471]
val_loss=6.4179
accuracy
[0.29411765 0.46554622 0.66722689 0.79495798]
val_loss=6.0623
accuracy
[0.28907563 0.46554622 0.69915966 0.81344538]
val_loss=6.4103
accuracy
[0.28067227 0.47226891 0.68403361 0.80168067]
val_loss=6.3826
accuracy
[0.29579832 0.47394958 0.67058824 0.79159664]
val_loss=6.7528
accuracy
[0.29243697 0.45882353 0.65882353 0.78319328]
val_loss=6.4966
accuracy
[0.28571429 0.47731092 0.68235294 0.79831933]
val_loss=6.1812
accuracy
[0.28067227 0.51932773 0.69747899 0.80672269]
val_loss=6.4106
accuracy
[0.27563025 0.5092437  0.68403361 0.79663866]
val_loss=6.3846
accuracy
[0.28403361 0.49915966 0.6907563  0.80336134]
val_loss=6.5520
accuracy
[0.28571429 0.48739496 0.68067227 0.79327731]
val_loss=6.3795
accuracy
[0.27563025 0.51260504 0.68739496 0.79663866]
val_loss=6.6479
accuracy
[0.2907563  0.47058824 0.68067227 0.78823529]
val_loss=6.4196
accuracy
[0.28571429 0.5092437  0.68739496 0.79831933]
val_loss=6.6548
accuracy
[0.29243697 0.46722689 0.68067227 0.79327731]
val_loss=6.4912
accuracy
[0.28235294 0.50588235 0.68403361 0.79831933]
val_loss=6.4233
accuracy
[0.27731092 0.51260504 0.68739496 0.80168067]
val_loss=6.6425
accuracy
[0.28739496 0.47394958 0.68403361 0.79495798]
val_loss=6.6012
accuracy
[0.28907563 0.49411765 0.6789916  0.79663866]
val_loss=6.5744
accuracy
[0.28067227 0.5092437  0.68571429 0.79831933]
val_loss=6.5353
accuracy
[0.28571429 0.51260504 0.68403361 0.79831933]
val_loss=6.6378
accuracy
[0.28067227 0.50084034 0.68067227 0.79495798]
val_loss=6.8413
accuracy
[0.28571429 0.49579832 0.67058824 0.78823529]
val_loss=6.5615
accuracy
[0.28571429 0.5092437  0.68907563 0.80168067]
val_loss=6.6948
accuracy
[0.28067227 0.49411765 0.68067227 0.79663866]
val_loss=6.6217
accuracy
[0.28571429 0.50588235 0.68571429 0.79663866]
val_loss=6.7488
accuracy
[0.29243697 0.48571429 0.67731092 0.79327731]
val_loss=6.6888
accuracy
[0.28907563 0.49915966 0.68067227 0.79495798]
val_loss=6.6541
accuracy
[0.28739496 0.50420168 0.68403361 0.79663866]
val_loss=6.6823
accuracy
[0.28403361 0.50420168 0.68235294 0.79663866]
val_loss=6.6550
accuracy
[0.28907563 0.50252101 0.68403361 0.79663866]
val_loss=6.7135
accuracy
[0.28403361 0.50084034 0.68067227 0.79495798]
val_loss=6.6842
accuracy
[0.28571429 0.50588235 0.68235294 0.79663866]
val_loss=6.6921
accuracy
[0.28907563 0.50420168 0.68403361 0.79663866]
val_loss=6.7080
accuracy
[0.28571429 0.50252101 0.68067227 0.79663866]
val_loss=6.7093
accuracy
[0.28403361 0.50588235 0.68235294 0.79663866]
val_loss=6.6708
accuracy
[0.28739496 0.50756303 0.68403361 0.79663866]
val_loss=6.6839
accuracy
[0.28739496 0.51092437 0.68403361 0.79663866]
val_loss=6.7138
accuracy
[0.28907563 0.49579832 0.68235294 0.79663866]
val_loss=6.7511
accuracy
[0.28403361 0.50084034 0.68067227 0.79495798]
val_loss=6.7178
accuracy
[0.28739496 0.50084034 0.68067227 0.79663866]
val_loss=6.7218
accuracy
[0.28907563 0.49747899 0.68571429 0.79663866]
val_loss=6.7180
accuracy
[0.28739496 0.50756303 0.68235294 0.79663866]
val_loss=6.7091
accuracy
[0.28907563 0.5092437  0.68403361 0.79663866]
val_loss=6.7076
accuracy
[0.28739496 0.50756303 0.68403361 0.79663866]
val_loss=6.7164
accuracy
[0.28739496 0.49915966 0.68403361 0.8       ]
val_loss=6.7406
accuracy
[0.28739496 0.49915966 0.68235294 0.79663866]
Finished Training
    rehearsal replay buffer: 500 of 1928 source samples
cpu
Finished Training
cpu
Finished Training
cpu
Finished Training
cpu
Finished Training
cpu
Finished Training
cpu
Finished Training
cpu
Finished Training
cpu
Finished Training
cpu
Finished Training
cpu
Finished Training
cpu
Finished Training
cpu
Finished Training
cpu
Finished Training
cpu
Finished Training
cpu
Finished Training
cpu
Finished Training
cpu
Finished Training
cpu
Finished Training
cpu
Finished Training
cpu
Finished Training
cpu
Finished Training
cpu
Finished Training
  seed 7: pretrain on scenario1 (1928 samples), zero-shot eval on scenario2 (595 held-out test samples)
cpu
-----------------------------------------------------------------------
      Layer (type)        Output Shape         Param #     Tr. Param #
=======================================================================
          Linear-1           [32, 256]           1,280           1,280
            ReLU-2           [32, 256]               0               0
          Linear-3           [32, 256]          65,792          65,792
          Linear-4           [32, 256]          65,792          65,792
          Linear-5            [32, 16]           4,112           4,112
=======================================================================
Total params: 136,976
Trainable params: 136,976
Non-trainable params: 0
-----------------------------------------------------------------------
val_loss=2.1293
accuracy
[0.26218487 0.54957983 0.78823529 0.95966387]
val_loss=2.9631
accuracy
[0.20504202 0.4907563  0.72605042 0.94453782]
val_loss=3.5810
accuracy
[0.21344538 0.46386555 0.69411765 0.93613445]
val_loss=5.0307
accuracy
[0.25882353 0.43697479 0.58151261 0.88907563]
val_loss=4.0949
accuracy
[0.2487395  0.45042017 0.72436975 0.88067227]
val_loss=4.0094
accuracy
[0.2605042  0.49411765 0.69579832 0.85714286]
val_loss=4.4231
accuracy
[0.26722689 0.53613445 0.7210084  0.88067227]
val_loss=4.4504
accuracy
[0.22184874 0.52268908 0.7512605  0.89747899]
val_loss=3.9913
accuracy
[0.24201681 0.49747899 0.74453782 0.91428571]
val_loss=6.0694
accuracy
[0.22689076 0.41512605 0.5697479  0.79495798]
val_loss=4.6692
accuracy
[0.2487395  0.48739496 0.71260504 0.87731092]
val_loss=6.6853
accuracy
[0.26722689 0.42016807 0.55798319 0.77310924]
val_loss=5.1481
accuracy
[0.25210084 0.46722689 0.70252101 0.86218487]
val_loss=6.2084
accuracy
[0.25546218 0.44537815 0.66218487 0.82352941]
val_loss=5.0583
accuracy
[0.25210084 0.48235294 0.66554622 0.84033613]
val_loss=4.3029
accuracy
[0.24033613 0.53277311 0.74285714 0.87563025]
val_loss=5.6266
accuracy
[0.25546218 0.44201681 0.65378151 0.83361345]
val_loss=5.4936
accuracy
[0.23529412 0.48235294 0.71596639 0.84537815]
val_loss=4.3638
accuracy
[0.25210084 0.46722689 0.69243697 0.83697479]
val_loss=5.3761
accuracy
[0.25210084 0.48907563 0.70420168 0.85882353]
val_loss=5.7946
accuracy
[0.2605042  0.4605042  0.6789916  0.83697479]
val_loss=6.0818
accuracy
[0.25714286 0.45882353 0.67058824 0.83193277]
val_loss=6.3650
accuracy
[0.26218487 0.44369748 0.65546218 0.81680672]
val_loss=5.8534
accuracy
[0.2605042  0.49579832 0.71428571 0.85546218]
val_loss=6.3247
accuracy
[0.26722689 0.48235294 0.68067227 0.82689076]
val_loss=6.2900
accuracy
[0.26722689 0.48739496 0.68907563 0.83529412]
val_loss=6.3485
accuracy
[0.2605042  0.48739496 0.68235294 0.82016807]
val_loss=6.7896
accuracy
[0.26554622 0.44369748 0.64537815 0.81008403]
val_loss=6.4358
accuracy
[0.2605042  0.4789916  0.68571429 0.8302521 ]
val_loss=6.1976
accuracy
[0.2605042  0.50252101 0.71092437 0.84033613]
val_loss=6.2204
accuracy
[0.26218487 0.50420168 0.69747899 0.84201681]
val_loss=6.9012
accuracy
[0.27058824 0.44537815 0.62689076 0.78151261]
val_loss=6.2369
accuracy
[0.25882353 0.49915966 0.69747899 0.82689076]
val_loss=6.4392
accuracy
[0.26890756 0.48907563 0.68403361 0.82016807]
val_loss=6.5687
accuracy
[0.26890756 0.48235294 0.68571429 0.81176471]
val_loss=6.2121
accuracy
[0.25210084 0.49915966 0.70084034 0.8302521 ]
val_loss=6.6312
accuracy
[0.26890756 0.47226891 0.66554622 0.80168067]
val_loss=6.2256
accuracy
[0.25882353 0.51092437 0.69747899 0.82857143]
val_loss=6.7284
accuracy
[0.2605042  0.48739496 0.66554622 0.81344538]
val_loss=6.2781
accuracy
[0.25378151 0.50084034 0.69579832 0.84033613]
val_loss=6.3318
accuracy
[0.25882353 0.50420168 0.70084034 0.83193277]
val_loss=6.6236
accuracy
[0.26386555 0.48907563 0.66890756 0.81848739]
val_loss=6.5774
accuracy
[0.26554622 0.48907563 0.67058824 0.83193277]
val_loss=6.5942
accuracy
[0.25882353 0.48067227 0.66386555 0.83529412]
val_loss=6.5398
accuracy
[0.25882353 0.4907563  0.67394958 0.83697479]
val_loss=6.6748
accuracy
[0.26890756 0.48067227 0.67394958 0.82016807]
val_loss=6.7445
accuracy
[0.26386555 0.48739496 0.66722689 0.81176471]
val_loss=6.6648
accuracy
[0.26890756 0.48571429 0.67394958 0.82521008]
val_loss=6.8156
accuracy
[0.26554622 0.48235294 0.66218487 0.81176471]
val_loss=6.8558
accuracy
[0.26218487 0.48235294 0.66554622 0.81512605]
val_loss=6.5355
accuracy
[0.25714286 0.49915966 0.68571429 0.83865546]
val_loss=6.6960
accuracy
[0.26218487 0.48739496 0.67226891 0.82857143]
val_loss=6.7636
accuracy
[0.26890756 0.48907563 0.66554622 0.82184874]
val_loss=6.7220
accuracy
[0.25882353 0.48907563 0.67058824 0.82521008]
val_loss=6.5784
accuracy
[0.26386555 0.50252101 0.68907563 0.83697479]
val_loss=6.8037
accuracy
[0.2605042  0.48739496 0.67226891 0.81344538]
val_loss=6.7355
accuracy
[0.26386555 0.48739496 0.67394958 0.8302521 ]
val_loss=6.7627
accuracy
[0.26218487 0.48907563 0.67058824 0.82521008]
val_loss=6.7832
accuracy
[0.26218487 0.48907563 0.66890756 0.82689076]
val_loss=6.7829
accuracy
[0.26890756 0.48403361 0.67563025 0.83193277]
val_loss=6.8836
accuracy
[0.26722689 0.48571429 0.66218487 0.82016807]
val_loss=6.8557
accuracy
[0.2605042  0.48739496 0.66722689 0.8302521 ]
val_loss=6.8885
accuracy
[0.26554622 0.48571429 0.66386555 0.82352941]
val_loss=6.9096
accuracy
[0.26386555 0.48403361 0.66218487 0.81848739]
val_loss=6.9152
accuracy
[0.26218487 0.48571429 0.6605042  0.81848739]
val_loss=6.8817
accuracy
[0.26218487 0.48571429 0.66554622 0.82521008]
val_loss=6.9130
accuracy
[0.26554622 0.48571429 0.66218487 0.82521008]
val_loss=6.8774
accuracy
[0.26218487 0.48571429 0.66386555 0.82521008]
val_loss=6.8924
accuracy
[0.2605042  0.48571429 0.66554622 0.82857143]
val_loss=6.9253
accuracy
[0.26386555 0.48571429 0.66386555 0.82184874]
val_loss=6.8696
accuracy
[0.26386555 0.48907563 0.66386555 0.82857143]
val_loss=6.9445
accuracy
[0.26386555 0.48571429 0.6605042  0.81848739]
val_loss=6.8846
accuracy
[0.2605042  0.48739496 0.66554622 0.8302521 ]
val_loss=6.9224
accuracy
[0.26386555 0.48571429 0.66218487 0.82352941]
val_loss=6.9392
accuracy
[0.26218487 0.48571429 0.6605042  0.82184874]
val_loss=6.8868
accuracy
[0.2605042  0.48739496 0.66554622 0.8302521 ]
val_loss=6.8881
accuracy
[0.26218487 0.48907563 0.66554622 0.82689076]
val_loss=6.8739
accuracy
[0.2605042  0.48739496 0.66554622 0.83193277]
val_loss=6.9323
accuracy
[0.26554622 0.48571429 0.66386555 0.82184874]
val_loss=6.9686
accuracy
[0.26386555 0.48571429 0.65882353 0.82184874]
Finished Training
    rehearsal replay buffer: 500 of 1928 source samples
cpu
Finished Training
cpu
Finished Training
cpu
Finished Training
cpu
Finished Training
cpu
Finished Training
cpu
Finished Training
cpu
Finished Training
cpu
Finished Training
cpu
Finished Training
cpu
Finished Training
cpu
Finished Training
cpu
Finished Training
cpu
Finished Training
cpu
Finished Training
cpu
Finished Training
cpu
Finished Training
cpu
Finished Training
cpu
Finished Training
cpu
Finished Training
cpu
Finished Training
cpu
Finished Training
cpu
Finished Training
  seed 8: pretrain on scenario1 (1928 samples), zero-shot eval on scenario2 (595 held-out test samples)
cpu
-----------------------------------------------------------------------
      Layer (type)        Output Shape         Param #     Tr. Param #
=======================================================================
          Linear-1           [32, 256]           1,280           1,280
            ReLU-2           [32, 256]               0               0
          Linear-3           [32, 256]          65,792          65,792
          Linear-4           [32, 256]          65,792          65,792
          Linear-5            [32, 16]           4,112           4,112
=======================================================================
Total params: 136,976
Trainable params: 136,976
Non-trainable params: 0
-----------------------------------------------------------------------
val_loss=2.5830
accuracy
[0.21848739 0.4605042  0.71764706 0.94453782]
val_loss=3.2787
accuracy
[0.22352941 0.45042017 0.71260504 0.92773109]
val_loss=3.3557
accuracy
[0.24369748 0.50420168 0.72773109 0.92605042]
val_loss=3.7842
accuracy
[0.21512605 0.45210084 0.71932773 0.93613445]
val_loss=4.0190
accuracy
[0.21008403 0.49243697 0.70252101 0.8605042 ]
val_loss=4.1013
accuracy
[0.25882353 0.48067227 0.69411765 0.87058824]
val_loss=3.4479
accuracy
[0.2789916  0.54285714 0.71260504 0.88907563]
val_loss=5.5764
accuracy
[0.27394958 0.45042017 0.60840336 0.82184874]
val_loss=4.8876
accuracy
[0.29411765 0.43865546 0.63529412 0.87731092]
val_loss=4.7374
accuracy
[0.25882353 0.44705882 0.61008403 0.8487395 ]
val_loss=4.8779
accuracy
[0.29411765 0.47731092 0.63697479 0.87394958]
val_loss=6.0313
accuracy
[0.26722689 0.42352941 0.5697479  0.79831933]
val_loss=4.1744
accuracy
[0.28571429 0.52941176 0.68403361 0.87226891]
val_loss=5.2399
accuracy
[0.25546218 0.45042017 0.68907563 0.86890756]
val_loss=5.9936
accuracy
[0.28067227 0.44705882 0.62184874 0.81848739]
val_loss=5.6358
accuracy
[0.2907563  0.50756303 0.64201681 0.81344538]
val_loss=4.9473
accuracy
[0.2789916  0.53613445 0.7210084  0.85210084]
val_loss=5.8854
accuracy
[0.27058824 0.49411765 0.65546218 0.78991597]
val_loss=5.2191
accuracy
[0.27058824 0.49915966 0.6907563  0.85378151]
val_loss=4.9047
accuracy
[0.27731092 0.50252101 0.64369748 0.86218487]
val_loss=5.5597
accuracy
[0.29579832 0.46722689 0.6487395  0.87226891]
val_loss=5.5742
accuracy
[0.28907563 0.51260504 0.68235294 0.85378151]
val_loss=6.1452
accuracy
[0.29411765 0.44705882 0.64033613 0.84537815]
val_loss=6.1422
accuracy
[0.29747899 0.48067227 0.6605042  0.84033613]
val_loss=6.2212
accuracy
[0.2907563  0.50420168 0.67058824 0.83697479]
val_loss=6.0773
accuracy
[0.28067227 0.50420168 0.67731092 0.85378151]
val_loss=6.4402
accuracy
[0.28571429 0.46218487 0.65210084 0.8302521 ]
val_loss=6.6456
accuracy
[0.28235294 0.49411765 0.65714286 0.82016807]
val_loss=6.2315
accuracy
[0.28403361 0.51428571 0.68235294 0.84201681]
val_loss=6.5917
accuracy
[0.28235294 0.49747899 0.65378151 0.8302521 ]
val_loss=6.5546
accuracy
[0.2907563  0.50252101 0.66218487 0.83193277]
val_loss=6.3504
accuracy
[0.28403361 0.50588235 0.68739496 0.83865546]
val_loss=6.5193
accuracy
[0.28235294 0.50084034 0.66386555 0.83697479]
val_loss=6.4789
accuracy
[0.30420168 0.50252101 0.65378151 0.82521008]
val_loss=6.5475
accuracy
[0.28403361 0.50420168 0.66554622 0.82521008]
val_loss=6.8417
accuracy
[0.28403361 0.49747899 0.64033613 0.82184874]
val_loss=6.5543
accuracy
[0.28739496 0.50756303 0.66722689 0.83529412]
val_loss=6.8476
accuracy
[0.29243697 0.46386555 0.64033613 0.82184874]
val_loss=6.7329
accuracy
[0.30084034 0.4487395  0.63193277 0.81848739]
val_loss=7.1258
accuracy
[0.28235294 0.45210084 0.62857143 0.80672269]
val_loss=6.8117
accuracy
[0.29579832 0.49915966 0.65378151 0.82352941]
val_loss=6.8788
accuracy
[0.29915966 0.49747899 0.64537815 0.81848739]
val_loss=6.8429
accuracy
[0.29579832 0.50084034 0.65042017 0.82184874]
val_loss=6.8739
accuracy
[0.29915966 0.49579832 0.64705882 0.82521008]
val_loss=7.0036
accuracy
[0.29411765 0.4907563  0.64033613 0.82016807]
val_loss=6.8710
accuracy
[0.29747899 0.49579832 0.65210084 0.82521008]
val_loss=7.0145
accuracy
[0.30084034 0.49579832 0.64369748 0.82184874]
val_loss=6.8853
accuracy
[0.30252101 0.50252101 0.64705882 0.82521008]
val_loss=6.9432
accuracy
[0.30084034 0.49579832 0.64705882 0.82689076]
val_loss=7.0588
accuracy
[0.29411765 0.49915966 0.63865546 0.82016807]
val_loss=6.9490
accuracy
[0.2907563  0.49747899 0.65378151 0.82857143]
val_loss=6.9863
accuracy
[0.29411765 0.49915966 0.65210084 0.82184874]
val_loss=6.9950
accuracy
[0.29747899 0.49915966 0.65042017 0.82689076]
val_loss=6.9837
accuracy
[0.30084034 0.49579832 0.64537815 0.82184874]
val_loss=7.0884
accuracy
[0.29243697 0.49747899 0.64537815 0.82184874]
val_loss=6.9826
accuracy
[0.29915966 0.50084034 0.64537815 0.82689076]
val_loss=6.9645
accuracy
[0.30084034 0.50084034 0.65042017 0.82521008]
val_loss=7.0412
accuracy
[0.30588235 0.50084034 0.64537815 0.82184874]
val_loss=7.0946
accuracy
[0.2907563  0.50084034 0.64705882 0.82352941]
val_loss=6.9487
accuracy
[0.30084034 0.50252101 0.65210084 0.82857143]
val_loss=7.0921
accuracy
[0.29579832 0.49747899 0.64369748 0.82352941]
val_loss=7.0653
accuracy
[0.29915966 0.49747899 0.64705882 0.82521008]
val_loss=7.1243
accuracy
[0.29579832 0.49915966 0.64705882 0.82521008]
val_loss=7.0636
accuracy
[0.29915966 0.49747899 0.6487395  0.82521008]
val_loss=7.0770
accuracy
[0.29915966 0.49747899 0.64705882 0.82521008]
val_loss=7.1099
accuracy
[0.29747899 0.49747899 0.64705882 0.82521008]
val_loss=7.0953
accuracy
[0.29915966 0.49915966 0.64705882 0.82521008]
val_loss=7.0894
accuracy
[0.30084034 0.49915966 0.64705882 0.82352941]
val_loss=7.1137
accuracy
[0.29915966 0.49915966 0.6487395  0.82521008]
val_loss=7.1230
accuracy
[0.29747899 0.49915966 0.64705882 0.82521008]
val_loss=7.1071
accuracy
[0.29915966 0.49747899 0.6487395  0.82521008]
val_loss=7.1407
accuracy
[0.29747899 0.49915966 0.64705882 0.82352941]
val_loss=7.1633
accuracy
[0.29747899 0.49915966 0.64705882 0.82352941]
val_loss=7.1727
accuracy
[0.29411765 0.49747899 0.64705882 0.82352941]
val_loss=7.1383
accuracy
[0.29915966 0.49915966 0.6487395  0.82521008]
val_loss=7.1727
accuracy
[0.29579832 0.49915966 0.64705882 0.82521008]
val_loss=7.1414
accuracy
[0.29915966 0.50084034 0.6487395  0.82521008]
val_loss=7.1468
accuracy
[0.30252101 0.49915966 0.64537815 0.82352941]
val_loss=7.1614
accuracy
[0.29747899 0.50084034 0.64705882 0.82352941]
val_loss=7.1153
accuracy
[0.29915966 0.49915966 0.64537815 0.82689076]
Finished Training
    rehearsal replay buffer: 500 of 1928 source samples
cpu
Finished Training
cpu
Finished Training
cpu
Finished Training
cpu
Finished Training
cpu
Finished Training
cpu
Finished Training
cpu
Finished Training
cpu
Finished Training
cpu
Finished Training
cpu
Finished Training
cpu
Finished Training
cpu
Finished Training
cpu
Finished Training
cpu
Finished Training
cpu
Finished Training
cpu
Finished Training
cpu
Finished Training
cpu
Finished Training
cpu
Finished Training
cpu
Finished Training
cpu
Finished Training
cpu
Finished Training
  seed 9: pretrain on scenario1 (1928 samples), zero-shot eval on scenario2 (595 held-out test samples)
cpu
-----------------------------------------------------------------------
      Layer (type)        Output Shape         Param #     Tr. Param #
=======================================================================
          Linear-1           [32, 256]           1,280           1,280
            ReLU-2           [32, 256]               0               0
          Linear-3           [32, 256]          65,792          65,792
          Linear-4           [32, 256]          65,792          65,792
          Linear-5            [32, 16]           4,112           4,112
=======================================================================
Total params: 136,976
Trainable params: 136,976
Non-trainable params: 0
-----------------------------------------------------------------------
val_loss=3.1010
accuracy
[0.18151261 0.36302521 0.48403361 0.83193277]
val_loss=2.3811
accuracy
[0.2302521  0.47226891 0.74789916 0.9697479 ]
val_loss=2.6881
accuracy
[0.26218487 0.53613445 0.73109244 0.93445378]
val_loss=3.2118
accuracy
[0.25378151 0.43529412 0.62016807 0.89747899]
val_loss=4.5346
accuracy
[0.2789916  0.41008403 0.62352941 0.85882353]
val_loss=3.6080
accuracy
[0.2907563  0.5512605  0.72941176 0.90420168]
val_loss=5.4294
accuracy
[0.25546218 0.41680672 0.54285714 0.82521008]
val_loss=5.0209
accuracy
[0.26386555 0.44705882 0.63361345 0.86386555]
val_loss=4.7347
accuracy
[0.23193277 0.4789916  0.69243697 0.88067227]
val_loss=4.9883
accuracy
[0.24537815 0.43697479 0.64033613 0.84369748]
val_loss=5.6632
accuracy
[0.24705882 0.43529412 0.65042017 0.82857143]
val_loss=4.8589
accuracy
[0.25042017 0.4605042  0.66554622 0.86890756]
val_loss=6.1442
accuracy
[0.25546218 0.42184874 0.57983193 0.79159664]
val_loss=5.4050
accuracy
[0.26554622 0.46386555 0.60672269 0.81680672]
val_loss=5.5535
accuracy
[0.27563025 0.41344538 0.61512605 0.86554622]
val_loss=5.5540
accuracy
[0.27058824 0.4789916  0.61344538 0.83529412]
val_loss=3.7668
accuracy
[0.26890756 0.52773109 0.70756303 0.87563025]
val_loss=5.0842
accuracy
[0.2605042  0.4907563  0.66386555 0.85546218]
val_loss=6.3199
accuracy
[0.24537815 0.41008403 0.56806723 0.81848739]
val_loss=4.8658
accuracy
[0.2605042  0.50588235 0.67226891 0.83697479]
val_loss=5.5556
accuracy
[0.26890756 0.4789916  0.63529412 0.8302521 ]
val_loss=5.4894
accuracy
[0.26890756 0.48403361 0.65714286 0.84369748]
val_loss=6.0128
accuracy
[0.26722689 0.46890756 0.62689076 0.83193277]
val_loss=5.5665
accuracy
[0.26386555 0.49579832 0.68403361 0.85546218]
val_loss=6.0200
accuracy
[0.27226891 0.48235294 0.65210084 0.83193277]
val_loss=5.9526
accuracy
[0.27226891 0.49243697 0.6605042  0.84369748]
val_loss=5.7818
accuracy
[0.26218487 0.4907563  0.68067227 0.84369748]
val_loss=6.8701
accuracy
[0.25210084 0.47731092 0.62184874 0.78823529]
val_loss=6.2708
accuracy
[0.26554622 0.47731092 0.66386555 0.82689076]
val_loss=6.2031
accuracy
[0.26722689 0.50252101 0.67563025 0.83193277]
val_loss=6.5077
accuracy
[0.2605042  0.46386555 0.64201681 0.80336134]
val_loss=6.6981
accuracy
[0.27058824 0.42521008 0.6        0.79663866]
val_loss=6.8217
accuracy
[0.2789916  0.43193277 0.60504202 0.78487395]
val_loss=6.7720
accuracy
[0.26554622 0.45546218 0.64033613 0.79327731]
val_loss=6.2563
accuracy
[0.26386555 0.49579832 0.67563025 0.82184874]
val_loss=6.3078
accuracy
[0.26218487 0.48739496 0.6789916  0.82857143]
val_loss=6.8726
accuracy
[0.26554622 0.43361345 0.64201681 0.79159664]
val_loss=6.5341
accuracy
[0.27058824 0.48907563 0.66722689 0.80672269]
val_loss=6.4768
accuracy
[0.26722689 0.47563025 0.64705882 0.80336134]
val_loss=6.5121
accuracy
[0.26722689 0.48235294 0.66890756 0.81176471]
val_loss=6.5963
accuracy
[0.26722689 0.48403361 0.6605042  0.80840336]
val_loss=6.7463
accuracy
[0.27226891 0.4789916  0.65042017 0.80168067]
val_loss=6.6908
accuracy
[0.26722689 0.48571429 0.65714286 0.80504202]
val_loss=6.7498
accuracy
[0.27058824 0.48571429 0.6605042  0.80504202]
val_loss=6.7117
accuracy
[0.27058824 0.47731092 0.65882353 0.79831933]
val_loss=6.8522
accuracy
[0.27226891 0.4789916  0.64537815 0.8       ]
val_loss=6.8059
accuracy
[0.26890756 0.48235294 0.65378151 0.80168067]
val_loss=6.6165
accuracy
[0.26890756 0.49411765 0.67563025 0.81680672]
val_loss=6.6608
accuracy
[0.26722689 0.4907563  0.67058824 0.81008403]
val_loss=6.7975
accuracy
[0.27226891 0.48571429 0.66554622 0.80336134]
val_loss=6.9740
accuracy
[0.26722689 0.47226891 0.65042017 0.79495798]
val_loss=6.7654
accuracy
[0.26890756 0.48739496 0.67226891 0.80504202]
val_loss=6.8362
accuracy
[0.27226891 0.48235294 0.66386555 0.80336134]
val_loss=6.8526
accuracy
[0.27226891 0.48571429 0.66386555 0.80504202]
val_loss=6.8058
accuracy
[0.26890756 0.48907563 0.67226891 0.80840336]
val_loss=6.8711
accuracy
[0.27226891 0.47563025 0.6605042  0.79831933]
val_loss=6.8765
accuracy
[0.26890756 0.47731092 0.6605042  0.79831933]
val_loss=7.0425
accuracy
[0.27226891 0.47226891 0.65210084 0.79327731]
val_loss=6.9516
accuracy
[0.27058824 0.47394958 0.65714286 0.79495798]
val_loss=6.8121
accuracy
[0.26890756 0.48235294 0.66890756 0.80168067]
val_loss=6.9422
accuracy
[0.27226891 0.48403361 0.66554622 0.80168067]
val_loss=6.9201
accuracy
[0.27226891 0.48403361 0.66554622 0.79831933]
val_loss=6.9077
accuracy
[0.27226891 0.48403361 0.66722689 0.80168067]
val_loss=6.9750
accuracy
[0.26890756 0.48235294 0.66218487 0.79663866]
val_loss=6.8883
accuracy
[0.26890756 0.48739496 0.67058824 0.80672269]
val_loss=6.9268
accuracy
[0.27226891 0.48235294 0.66554622 0.79831933]
val_loss=6.9089
accuracy
[0.27058824 0.48235294 0.66554622 0.8       ]
val_loss=6.9171
accuracy
[0.27058824 0.48571429 0.66890756 0.80672269]
val_loss=6.9324
accuracy
[0.27226891 0.48403361 0.66554622 0.8       ]
val_loss=6.9388
accuracy
[0.27226891 0.48403361 0.66386555 0.79831933]
val_loss=6.9521
accuracy
[0.27058824 0.48235294 0.66554622 0.8       ]
val_loss=6.9886
accuracy
[0.27058824 0.48403361 0.66218487 0.79831933]
val_loss=6.9044
accuracy
[0.27226891 0.48403361 0.67058824 0.80504202]
val_loss=7.0219
accuracy
[0.27226891 0.48571429 0.66218487 0.8       ]
val_loss=6.9292
accuracy
[0.27226891 0.48235294 0.66218487 0.79831933]
val_loss=7.0073
accuracy
[0.27058824 0.48235294 0.66386555 0.79663866]
val_loss=6.9752
accuracy
[0.27226891 0.48739496 0.66554622 0.80336134]
val_loss=6.9970
accuracy
[0.27058824 0.48403361 0.66218487 0.8       ]
val_loss=6.9758
accuracy
[0.26890756 0.48235294 0.66554622 0.79831933]
val_loss=6.9623
accuracy
[0.26890756 0.48739496 0.66890756 0.80672269]
Finished Training
    rehearsal replay buffer: 500 of 1928 source samples
cpu
Finished Training
cpu
Finished Training
cpu
Finished Training
cpu
Finished Training
cpu
Finished Training
cpu
Finished Training
cpu
Finished Training
cpu
Finished Training
cpu
Finished Training
cpu
Finished Training
cpu
Finished Training
cpu
Finished Training
cpu
Finished Training
cpu
Finished Training
cpu
Finished Training
cpu
Finished Training
cpu
Finished Training
cpu
Finished Training
cpu
Finished Training
cpu
Finished Training
cpu
Finished Training
cpu
Finished Training
Saved result\stage1_s1_to_s2_rehearsal_acc.mat and result\stage1_s1_to_s2_rehearsal_pwr.mat (10/10 seeds completed)

======================================================================
Rehearsal comparison: scenario1 -> scenario3  (s1_to_s3)
======================================================================
  seed 0: pretrain on scenario1 (1928 samples), zero-shot eval on scenario3 (298 held-out test samples)
cpu
-----------------------------------------------------------------------
      Layer (type)        Output Shape         Param #     Tr. Param #
=======================================================================
          Linear-1           [32, 256]           1,280           1,280
            ReLU-2           [32, 256]               0               0
          Linear-3           [32, 256]          65,792          65,792
          Linear-4           [32, 256]          65,792          65,792
          Linear-5            [32, 16]           4,112           4,112
=======================================================================
Total params: 136,976
Trainable params: 136,976
Non-trainable params: 0
-----------------------------------------------------------------------
val_loss=33.2741
accuracy
[0.00671141 0.00671141 0.02348993 0.07718121]
val_loss=31.6508
accuracy
[0.         0.00671141 0.02348993 0.10067114]
val_loss=28.9337
accuracy
[0.         0.00671141 0.02348993 0.08724832]
val_loss=27.9680
accuracy
[0.00671141 0.00671141 0.02348993 0.08724832]
val_loss=31.0568
accuracy
[0.         0.00671141 0.01342282 0.08724832]
val_loss=28.2424
accuracy
[0.00671141 0.00671141 0.01006711 0.08724832]
val_loss=32.7549
accuracy
[0.00671141 0.01006711 0.03355705 0.12416107]
val_loss=37.0723
accuracy
[0.00671141 0.00671141 0.04026846 0.12416107]
val_loss=35.3561
accuracy
[0.00671141 0.00671141 0.03355705 0.13087248]
val_loss=32.1307
accuracy
[0.0033557  0.03020134 0.03691275 0.12416107]
val_loss=35.4318
accuracy
[0.0033557  0.00671141 0.01342282 0.13087248]
val_loss=37.5346
accuracy
[0.00671141 0.00671141 0.03355705 0.13422819]
val_loss=37.6539
accuracy
[0.         0.00671141 0.03355705 0.13758389]
val_loss=30.8356
accuracy
[0.00671141 0.00671141 0.02348993 0.10067114]
val_loss=29.9935
accuracy
[0.0033557  0.00671141 0.02348993 0.13758389]
val_loss=32.8691
accuracy
[0.0033557  0.00671141 0.02348993 0.1442953 ]
val_loss=30.1653
accuracy
[0.00671141 0.00671141 0.03355705 0.13422819]
val_loss=34.9916
accuracy
[0.0033557  0.00671141 0.01342282 0.15100671]
val_loss=30.8409
accuracy
[0.         0.01006711 0.03355705 0.1409396 ]
val_loss=34.0298
accuracy
[0.         0.00671141 0.01006711 0.1442953 ]
val_loss=35.7605
accuracy
[0.         0.00671141 0.01006711 0.14765101]
val_loss=37.9114
accuracy
[0.         0.00671141 0.01006711 0.1409396 ]
val_loss=39.0516
accuracy
[0.         0.00671141 0.01342282 0.1409396 ]
val_loss=39.5529
accuracy
[0.         0.01006711 0.01342282 0.1409396 ]
val_loss=40.9147
accuracy
[0.         0.01006711 0.01006711 0.1442953 ]
val_loss=41.5216
accuracy
[0.         0.00671141 0.01342282 0.14765101]
val_loss=42.4753
accuracy
[0.         0.00671141 0.01342282 0.1442953 ]
val_loss=42.9967
accuracy
[0.         0.01006711 0.01342282 0.1442953 ]
val_loss=44.0351
accuracy
[0.         0.01006711 0.01342282 0.1442953 ]
val_loss=44.1912
accuracy
[0.         0.00671141 0.01677852 0.14765101]
val_loss=44.5268
accuracy
[0.         0.01006711 0.01342282 0.1409396 ]
val_loss=45.2831
accuracy
[0.0033557  0.01006711 0.01342282 0.1409396 ]
val_loss=45.1364
accuracy
[0.         0.01006711 0.01342282 0.1442953 ]
val_loss=45.1839
accuracy
[0.         0.01006711 0.03691275 0.1409396 ]
val_loss=45.2485
accuracy
[0.0033557  0.01006711 0.01677852 0.1442953 ]
val_loss=45.8393
accuracy
[0.         0.00671141 0.01677852 0.14765101]
val_loss=45.7905
accuracy
[0.0033557  0.00671141 0.03355705 0.1409396 ]
val_loss=46.5765
accuracy
[0.0033557  0.00671141 0.01342282 0.1409396 ]
val_loss=47.0138
accuracy
[0.         0.01006711 0.01342282 0.1442953 ]
val_loss=47.1945
accuracy
[0.         0.01006711 0.01342282 0.1442953 ]
val_loss=47.5901
accuracy
[0.         0.01006711 0.01342282 0.1442953 ]
val_loss=47.7785
accuracy
[0.0033557  0.01006711 0.01342282 0.1409396 ]
val_loss=47.6789
accuracy
[0.0033557  0.01006711 0.01342282 0.1442953 ]
val_loss=48.0405
accuracy
[0.         0.01006711 0.01342282 0.1442953 ]
val_loss=47.9145
accuracy
[0.0033557  0.01006711 0.01342282 0.1442953 ]
val_loss=48.0404
accuracy
[0.0033557  0.01006711 0.01342282 0.1442953 ]
val_loss=48.2831
accuracy
[0.0033557  0.01006711 0.01342282 0.1442953 ]
val_loss=48.2141
accuracy
[0.0033557  0.01006711 0.01342282 0.1409396 ]
val_loss=48.1796
accuracy
[0.0033557  0.01006711 0.01342282 0.1442953 ]
val_loss=48.3145
accuracy
[0.0033557  0.01006711 0.01677852 0.1409396 ]
val_loss=48.6727
accuracy
[0.0033557  0.01006711 0.01342282 0.1442953 ]
val_loss=48.2336
accuracy
[0.0033557  0.01006711 0.01342282 0.1409396 ]
val_loss=48.2479
accuracy
[0.0033557  0.01006711 0.01677852 0.1409396 ]
val_loss=48.7263
accuracy
[0.0033557  0.01006711 0.01342282 0.1442953 ]
val_loss=48.7086
accuracy
[0.0033557  0.01006711 0.01342282 0.1442953 ]
val_loss=48.7026
accuracy
[0.0033557  0.01006711 0.01342282 0.1409396 ]
val_loss=49.1262
accuracy
[0.0033557  0.01006711 0.01342282 0.1442953 ]
val_loss=49.3338
accuracy
[0.         0.01006711 0.01342282 0.1442953 ]
val_loss=49.2455
accuracy
[0.0033557  0.01006711 0.01342282 0.1442953 ]
val_loss=49.0586
accuracy
[0.0033557  0.01006711 0.01342282 0.1442953 ]
val_loss=49.1868
accuracy
[0.0033557  0.01006711 0.01342282 0.1442953 ]
val_loss=49.2362
accuracy
[0.0033557  0.01006711 0.01342282 0.1442953 ]
val_loss=49.1755
accuracy
[0.0033557  0.01006711 0.01342282 0.1442953 ]
val_loss=49.2769
accuracy
[0.0033557  0.01006711 0.01342282 0.1442953 ]
val_loss=49.2048
accuracy
[0.0033557  0.01006711 0.01342282 0.1442953 ]
val_loss=49.3235
accuracy
[0.0033557  0.01006711 0.01342282 0.1442953 ]
val_loss=49.3509
accuracy
[0.0033557  0.01006711 0.01342282 0.1409396 ]
val_loss=49.3174
accuracy
[0.0033557  0.01006711 0.01342282 0.1442953 ]
val_loss=49.3523
accuracy
[0.0033557  0.01006711 0.01342282 0.1442953 ]
val_loss=49.4319
accuracy
[0.0033557  0.01006711 0.01342282 0.1442953 ]
val_loss=49.3892
accuracy
[0.0033557  0.01006711 0.01342282 0.1442953 ]
val_loss=49.4265
accuracy
[0.0033557  0.01006711 0.01342282 0.1442953 ]
val_loss=49.4162
accuracy
[0.0033557  0.01006711 0.01342282 0.1442953 ]
val_loss=49.4256
accuracy
[0.0033557  0.01006711 0.01342282 0.1442953 ]
val_loss=49.4102
accuracy
[0.0033557  0.01006711 0.01342282 0.1442953 ]
val_loss=49.4454
accuracy
[0.0033557  0.01006711 0.01342282 0.1442953 ]
val_loss=49.5576
accuracy
[0.0033557  0.01006711 0.01342282 0.1442953 ]
val_loss=49.4820
accuracy
[0.0033557  0.01006711 0.01342282 0.1442953 ]
val_loss=49.5566
accuracy
[0.0033557  0.01006711 0.01342282 0.1442953 ]
val_loss=49.6223
accuracy
[0.0033557  0.01006711 0.01342282 0.1442953 ]
Finished Training
    rehearsal replay buffer: 500 of 1928 source samples
cpu
Finished Training
cpu
Finished Training
cpu
Finished Training
cpu
Finished Training
cpu
Finished Training
cpu
Finished Training
cpu
Finished Training
cpu
Finished Training
cpu
Finished Training
cpu
Finished Training
cpu
Finished Training
cpu
Finished Training
cpu
Finished Training
cpu
Finished Training
cpu
Finished Training
cpu
Finished Training
cpu
Finished Training
cpu
Finished Training
cpu
Finished Training
cpu
Finished Training
cpu
Finished Training
cpu
Finished Training
  seed 1: pretrain on scenario1 (1928 samples), zero-shot eval on scenario3 (298 held-out test samples)
cpu
-----------------------------------------------------------------------
      Layer (type)        Output Shape         Param #     Tr. Param #
=======================================================================
          Linear-1           [32, 256]           1,280           1,280
            ReLU-2           [32, 256]               0               0
          Linear-3           [32, 256]          65,792          65,792
          Linear-4           [32, 256]          65,792          65,792
          Linear-5            [32, 16]           4,112           4,112
=======================================================================
Total params: 136,976
Trainable params: 136,976
Non-trainable params: 0
-----------------------------------------------------------------------
val_loss=43.0226
accuracy
[0.         0.00671141 0.01677852 0.06040268]
val_loss=26.6662
accuracy
[0.00671141 0.01006711 0.01677852 0.1409396 ]
val_loss=32.7746
accuracy
[0.         0.00671141 0.01677852 0.14765101]
val_loss=35.4345
accuracy
[0.         0.00671141 0.01677852 0.12080537]
val_loss=36.5309
accuracy
[0.         0.00671141 0.03691275 0.12080537]
val_loss=36.3103
accuracy
[0.         0.00671141 0.03691275 0.12080537]
val_loss=32.3573
accuracy
[0.         0.00671141 0.03020134 0.15100671]
val_loss=33.6084
accuracy
[0.         0.00671141 0.03691275 0.18456376]
val_loss=34.7308
accuracy
[0.         0.00671141 0.03691275 0.15436242]
val_loss=37.0351
accuracy
[0.         0.02013423 0.03691275 0.14765101]
val_loss=32.6927
accuracy
[0.         0.00671141 0.03691275 0.15436242]
val_loss=36.0775
accuracy
[0.         0.00671141 0.03691275 0.19798658]
val_loss=42.2234
accuracy
[0.         0.00671141 0.03691275 0.19798658]
val_loss=40.3628
accuracy
[0.         0.02684564 0.03691275 0.19463087]
val_loss=42.2265
accuracy
[0.         0.00671141 0.03691275 0.18791946]
val_loss=36.2908
accuracy
[0.         0.01006711 0.03691275 0.18456376]
val_loss=38.3223
accuracy
[0.         0.00671141 0.03691275 0.12751678]
val_loss=43.3026
accuracy
[0.         0.00671141 0.03691275 0.13087248]
val_loss=41.2096
accuracy
[0.         0.00671141 0.03691275 0.12751678]
val_loss=40.5062
accuracy
[0.         0.00671141 0.03691275 0.15771812]
val_loss=41.4133
accuracy
[0.         0.01677852 0.03691275 0.13758389]
val_loss=42.2746
accuracy
[0.         0.00671141 0.03691275 0.13087248]
val_loss=42.5921
accuracy
[0.         0.02684564 0.03691275 0.13422819]
val_loss=43.2526
accuracy
[0.         0.01677852 0.03691275 0.13422819]
val_loss=44.1368
accuracy
[0.         0.02348993 0.03691275 0.13422819]
val_loss=44.0356
accuracy
[0.         0.00671141 0.03691275 0.13422819]
val_loss=44.9411
accuracy
[0.         0.01677852 0.03691275 0.15771812]
val_loss=44.9106
accuracy
[0.         0.01677852 0.03691275 0.15771812]
val_loss=45.4484
accuracy
[0.         0.01342282 0.03691275 0.13087248]
val_loss=45.4475
accuracy
[0.         0.00671141 0.03691275 0.15100671]
val_loss=44.9918
accuracy
[0.         0.00671141 0.03691275 0.13087248]
val_loss=45.3425
accuracy
[0.         0.01677852 0.03691275 0.15100671]
val_loss=45.2400
accuracy
[0.         0.01677852 0.03691275 0.15100671]
val_loss=45.7895
accuracy
[0.         0.00671141 0.03691275 0.15100671]
val_loss=45.8406
accuracy
[0.         0.00671141 0.03691275 0.12751678]
val_loss=45.7372
accuracy
[0.         0.01677852 0.03691275 0.12751678]
val_loss=46.1422
accuracy
[0.         0.00671141 0.03691275 0.16107383]
val_loss=46.5917
accuracy
[0.         0.01677852 0.03691275 0.15100671]
val_loss=45.3972
accuracy
[0.         0.00671141 0.03691275 0.15100671]
val_loss=46.0886
accuracy
[0.         0.00671141 0.03691275 0.15100671]
val_loss=45.7755
accuracy
[0.         0.00671141 0.03691275 0.15100671]
val_loss=46.1319
accuracy
[0.         0.00671141 0.03691275 0.15100671]
val_loss=46.1379
accuracy
[0.         0.00671141 0.03691275 0.15100671]
val_loss=46.0964
accuracy
[0.         0.00671141 0.03691275 0.15100671]
val_loss=46.4967
accuracy
[0.         0.00671141 0.03691275 0.15100671]
val_loss=46.5101
accuracy
[0.         0.00671141 0.03691275 0.15100671]
val_loss=46.6557
accuracy
[0.         0.00671141 0.03691275 0.15100671]
val_loss=46.8940
accuracy
[0.         0.00671141 0.03691275 0.15100671]
val_loss=46.8682
accuracy
[0.         0.00671141 0.03691275 0.15100671]
val_loss=46.9880
accuracy
[0.         0.00671141 0.03691275 0.15100671]
val_loss=47.1367
accuracy
[0.         0.00671141 0.03691275 0.15100671]
val_loss=47.2423
accuracy
[0.         0.00671141 0.03691275 0.15100671]
val_loss=47.1606
accuracy
[0.         0.00671141 0.03691275 0.15100671]
val_loss=47.3928
accuracy
[0.         0.00671141 0.03691275 0.15100671]
val_loss=47.2681
accuracy
[0.         0.00671141 0.03691275 0.15100671]
val_loss=47.5413
accuracy
[0.         0.00671141 0.03691275 0.15100671]
val_loss=47.7497
accuracy
[0.         0.01342282 0.03691275 0.15436242]
val_loss=47.5699
accuracy
[0.         0.00671141 0.03691275 0.15100671]
val_loss=47.6699
accuracy
[0.         0.00671141 0.03691275 0.15100671]
val_loss=47.8884
accuracy
[0.         0.00671141 0.03691275 0.15100671]
val_loss=47.8792
accuracy
[0.         0.00671141 0.03691275 0.15100671]
val_loss=47.8176
accuracy
[0.         0.00671141 0.03691275 0.15100671]
val_loss=47.8450
accuracy
[0.         0.00671141 0.03691275 0.15100671]
val_loss=47.9165
accuracy
[0.         0.00671141 0.03691275 0.15100671]
val_loss=47.9752
accuracy
[0.         0.00671141 0.03691275 0.15100671]
val_loss=47.8912
accuracy
[0.         0.00671141 0.03691275 0.15100671]
val_loss=47.9968
accuracy
[0.         0.00671141 0.03691275 0.15100671]
val_loss=48.0003
accuracy
[0.         0.00671141 0.03691275 0.15100671]
val_loss=47.9866
accuracy
[0.         0.00671141 0.03691275 0.15100671]
val_loss=48.0122
accuracy
[0.         0.00671141 0.03691275 0.15100671]
val_loss=48.0830
accuracy
[0.         0.00671141 0.03691275 0.15100671]
val_loss=48.0839
accuracy
[0.         0.00671141 0.03691275 0.15100671]
val_loss=48.0700
accuracy
[0.         0.00671141 0.03691275 0.15100671]
val_loss=48.0975
accuracy
[0.         0.00671141 0.03691275 0.15100671]
val_loss=48.1849
accuracy
[0.         0.00671141 0.03691275 0.15100671]
val_loss=48.1400
accuracy
[0.         0.00671141 0.03691275 0.15100671]
val_loss=48.1781
accuracy
[0.         0.00671141 0.03691275 0.15100671]
val_loss=48.1671
accuracy
[0.         0.00671141 0.03691275 0.15100671]
val_loss=48.2001
accuracy
[0.         0.00671141 0.03691275 0.15100671]
val_loss=48.1767
accuracy
[0.         0.00671141 0.03691275 0.15100671]
Finished Training
    rehearsal replay buffer: 500 of 1928 source samples
cpu
Finished Training
cpu
Finished Training
cpu
Finished Training
cpu
Finished Training
cpu
Finished Training
cpu
Finished Training
cpu
Finished Training
cpu
Finished Training
cpu
Finished Training
cpu
Finished Training
cpu
Finished Training
cpu
Finished Training
cpu
Finished Training
cpu
Finished Training
cpu
Finished Training
cpu
Finished Training
cpu
Finished Training
cpu
Finished Training
cpu
Finished Training
cpu
Finished Training
cpu
Finished Training
cpu
Finished Training
  seed 2: pretrain on scenario1 (1928 samples), zero-shot eval on scenario3 (298 held-out test samples)
cpu
-----------------------------------------------------------------------
      Layer (type)        Output Shape         Param #     Tr. Param #
=======================================================================
          Linear-1           [32, 256]           1,280           1,280
            ReLU-2           [32, 256]               0               0
          Linear-3           [32, 256]          65,792          65,792
          Linear-4           [32, 256]          65,792          65,792
          Linear-5            [32, 16]           4,112           4,112
=======================================================================
Total params: 136,976
Trainable params: 136,976
Non-trainable params: 0
-----------------------------------------------------------------------
val_loss=49.9548
accuracy
[0.         0.00671141 0.02013423 0.05369128]
val_loss=50.8280
accuracy
[0.         0.00671141 0.02013423 0.11073826]
val_loss=40.5476
accuracy
[0.         0.00671141 0.07718121 0.16107383]
val_loss=29.2802
accuracy
[0.         0.00671141 0.02013423 0.15771812]
val_loss=40.8692
accuracy
[0.         0.00671141 0.02348993 0.2114094 ]
val_loss=40.2006
accuracy
[0.         0.00671141 0.03355705 0.11073826]
val_loss=42.7507
accuracy
[0.00671141 0.00671141 0.02013423 0.09060403]
val_loss=44.6216
accuracy
[0.         0.00671141 0.02013423 0.09060403]
val_loss=50.1150
accuracy
[0.         0.00671141 0.03355705 0.09060403]
val_loss=55.8964
accuracy
[0.         0.00671141 0.02013423 0.09060403]
val_loss=49.8020
accuracy
[0.         0.00671141 0.03355705 0.09060403]
val_loss=51.2550
accuracy
[0.         0.00671141 0.02013423 0.09060403]
val_loss=45.6187
accuracy
[0.         0.01342282 0.02013423 0.08724832]
val_loss=46.6228
accuracy
[0.         0.00671141 0.02013423 0.09731544]
val_loss=46.8373
accuracy
[0.         0.01677852 0.02013423 0.1442953 ]
val_loss=53.4701
accuracy
[0.         0.00671141 0.02013423 0.15100671]
val_loss=52.2007
accuracy
[0.         0.01006711 0.01342282 0.19798658]
val_loss=51.0017
accuracy
[0.         0.01006711 0.02013423 0.15100671]
val_loss=43.5827
accuracy
[0.         0.00671141 0.03355705 0.19463087]
val_loss=44.7396
accuracy
[0.         0.01006711 0.02348993 0.24161074]
val_loss=46.5917
accuracy
[0.         0.01006711 0.02348993 0.20805369]
val_loss=47.9970
accuracy
[0.         0.01006711 0.02348993 0.2147651 ]
val_loss=49.9420
accuracy
[0.         0.01006711 0.02684564 0.19798658]
val_loss=50.4512
accuracy
[0.         0.01006711 0.02348993 0.19463087]
val_loss=51.0779
accuracy
[0.         0.01006711 0.02348993 0.19463087]
val_loss=51.0909
accuracy
[0.         0.01006711 0.02348993 0.19463087]
val_loss=51.9971
accuracy
[0.         0.01006711 0.03691275 0.19463087]
val_loss=52.9507
accuracy
[0.         0.01006711 0.03691275 0.19798658]
val_loss=52.5834
accuracy
[0.         0.01006711 0.02348993 0.19463087]
val_loss=53.3613
accuracy
[0.         0.02348993 0.03691275 0.19463087]
val_loss=53.0529
accuracy
[0.         0.01006711 0.03691275 0.19463087]
val_loss=54.2427
accuracy
[0.         0.01342282 0.03691275 0.19798658]
val_loss=54.2297
accuracy
[0.         0.01006711 0.03691275 0.19798658]
val_loss=54.1940
accuracy
[0.         0.01006711 0.02348993 0.19798658]
val_loss=54.8133
accuracy
[0.         0.01006711 0.03691275 0.19798658]
val_loss=54.6398
accuracy
[0.         0.01006711 0.03691275 0.19798658]
val_loss=54.1757
accuracy
[0.         0.01006711 0.03691275 0.19798658]
val_loss=54.1161
accuracy
[0.         0.01006711 0.03691275 0.19798658]
val_loss=54.1230
accuracy
[0.         0.01006711 0.03691275 0.19798658]
val_loss=54.5389
accuracy
[0.         0.01006711 0.03355705 0.19798658]
val_loss=54.6389
accuracy
[0.         0.01006711 0.03355705 0.19798658]
val_loss=54.5217
accuracy
[0.         0.01006711 0.03691275 0.19798658]
val_loss=54.7027
accuracy
[0.         0.01006711 0.03691275 0.19798658]
val_loss=54.7153
accuracy
[0.         0.01006711 0.03691275 0.19798658]
val_loss=54.9843
accuracy
[0.         0.01006711 0.03691275 0.19798658]
val_loss=54.8493
accuracy
[0.         0.01006711 0.03691275 0.19798658]
val_loss=55.3191
accuracy
[0.         0.01006711 0.03691275 0.19798658]
val_loss=55.8820
accuracy
[0.         0.01006711 0.03691275 0.19798658]
val_loss=55.5459
accuracy
[0.         0.01006711 0.03691275 0.19798658]
val_loss=55.5914
accuracy
[0.         0.01006711 0.03691275 0.19798658]
val_loss=56.0985
accuracy
[0.         0.01006711 0.03691275 0.19798658]
val_loss=56.2061
accuracy
[0.         0.01006711 0.03691275 0.19798658]
val_loss=55.9412
accuracy
[0.         0.01006711 0.03691275 0.19798658]
val_loss=55.9253
accuracy
[0.         0.01006711 0.03691275 0.19798658]
val_loss=56.5325
accuracy
[0.         0.01006711 0.03691275 0.19798658]
val_loss=56.6535
accuracy
[0.         0.01006711 0.03691275 0.19798658]
val_loss=56.6306
accuracy
[0.         0.01006711 0.03691275 0.19798658]
val_loss=56.8235
accuracy
[0.         0.01006711 0.03691275 0.19798658]
val_loss=56.5910
accuracy
[0.         0.01006711 0.03691275 0.19798658]
val_loss=56.8594
accuracy
[0.         0.01006711 0.03691275 0.19798658]
val_loss=56.8067
accuracy
[0.         0.01006711 0.03691275 0.19798658]
val_loss=56.8220
accuracy
[0.         0.01006711 0.03691275 0.19798658]
val_loss=56.8411
accuracy
[0.         0.01006711 0.03691275 0.19798658]
val_loss=56.8531
accuracy
[0.         0.01006711 0.03691275 0.19798658]
val_loss=56.9966
accuracy
[0.         0.01006711 0.03691275 0.19798658]
val_loss=56.8923
accuracy
[0.         0.01006711 0.03691275 0.19798658]
val_loss=56.8942
accuracy
[0.         0.01006711 0.03691275 0.19798658]
val_loss=57.0560
accuracy
[0.         0.01006711 0.03691275 0.19798658]
val_loss=57.0950
accuracy
[0.         0.01006711 0.03691275 0.19798658]
val_loss=57.0982
accuracy
[0.         0.01006711 0.03691275 0.19798658]
val_loss=57.1496
accuracy
[0.         0.01006711 0.03691275 0.19798658]
val_loss=57.2119
accuracy
[0.         0.01006711 0.03691275 0.19798658]
val_loss=57.2227
accuracy
[0.         0.01006711 0.03691275 0.19798658]
val_loss=57.1990
accuracy
[0.         0.01006711 0.03691275 0.19798658]
val_loss=57.1809
accuracy
[0.         0.01006711 0.03691275 0.19798658]
val_loss=57.3069
accuracy
[0.         0.01006711 0.03691275 0.19798658]
val_loss=57.3226
accuracy
[0.         0.01006711 0.03691275 0.19798658]
val_loss=57.3935
accuracy
[0.         0.01006711 0.03691275 0.19798658]
val_loss=57.3208
accuracy
[0.         0.01006711 0.03691275 0.19798658]
val_loss=57.3096
accuracy
[0.         0.01006711 0.03691275 0.19798658]
Finished Training
    rehearsal replay buffer: 500 of 1928 source samples
cpu
Finished Training
cpu
Finished Training
cpu
Finished Training
cpu
Finished Training
cpu
Finished Training
cpu
Finished Training
cpu
Finished Training
cpu
Finished Training
cpu
Finished Training
cpu
Finished Training
cpu
Finished Training
cpu
Finished Training
cpu
Finished Training
cpu
Finished Training
cpu
Finished Training
cpu
Finished Training
cpu
Finished Training
cpu
Finished Training
cpu
Finished Training
cpu
Finished Training
cpu
Finished Training
cpu
Finished Training
  seed 3: pretrain on scenario1 (1928 samples), zero-shot eval on scenario3 (298 held-out test samples)
cpu
-----------------------------------------------------------------------
      Layer (type)        Output Shape         Param #     Tr. Param #
=======================================================================
          Linear-1           [32, 256]           1,280           1,280
            ReLU-2           [32, 256]               0               0
          Linear-3           [32, 256]          65,792          65,792
          Linear-4           [32, 256]          65,792          65,792
          Linear-5            [32, 16]           4,112           4,112
=======================================================================
Total params: 136,976
Trainable params: 136,976
Non-trainable params: 0
-----------------------------------------------------------------------
val_loss=26.7521
accuracy
[0.01006711 0.01006711 0.03020134 0.08053691]
val_loss=45.2516
accuracy
[0.         0.01006711 0.03020134 0.12751678]
val_loss=44.2894
accuracy
[0.         0.01006711 0.03020134 0.14765101]
val_loss=45.2766
accuracy
[0.0033557  0.01006711 0.04026846 0.1442953 ]
val_loss=38.7843
accuracy
[0.         0.01006711 0.04026846 0.1442953 ]
val_loss=37.0068
accuracy
[0.         0.01006711 0.04026846 0.1442953 ]
val_loss=37.9199
accuracy
[0.         0.00671141 0.04026846 0.12080537]
val_loss=37.3381
accuracy
[0.         0.01006711 0.04026846 0.12080537]
val_loss=29.8526
accuracy
[0.         0.01006711 0.04026846 0.16442953]
val_loss=35.4223
accuracy
[0.         0.01006711 0.04026846 0.15771812]
val_loss=35.1954
accuracy
[0.         0.00671141 0.03020134 0.15771812]
val_loss=34.9877
accuracy
[0.         0.00671141 0.03020134 0.13422819]
val_loss=34.9830
accuracy
[0.         0.00671141 0.04026846 0.17114094]
val_loss=33.0139
accuracy
[0.         0.00671141 0.03355705 0.16442953]
val_loss=36.9986
accuracy
[0.         0.01006711 0.02684564 0.13087248]
val_loss=35.4862
accuracy
[0.         0.01006711 0.04026846 0.12751678]
val_loss=34.1725
accuracy
[0.         0.01006711 0.04362416 0.15436242]
val_loss=39.8305
accuracy
[0.         0.01006711 0.04026846 0.15771812]
val_loss=36.2563
accuracy
[0.         0.01677852 0.04697987 0.13422819]
val_loss=38.7812
accuracy
[0.         0.03691275 0.04026846 0.11409396]
val_loss=39.1105
accuracy
[0.         0.02013423 0.04026846 0.11409396]
val_loss=40.9646
accuracy
[0.         0.02348993 0.03691275 0.11073826]
val_loss=42.0336
accuracy
[0.         0.03691275 0.03691275 0.11073826]
val_loss=43.0545
accuracy
[0.         0.03691275 0.04026846 0.11073826]
val_loss=43.9349
accuracy
[0.         0.02348993 0.03691275 0.11744966]
val_loss=44.4057
accuracy
[0.         0.01677852 0.03691275 0.11073826]
val_loss=45.4511
accuracy
[0.         0.01342282 0.04697987 0.11073826]
val_loss=45.9520
accuracy
[0.         0.03691275 0.04697987 0.11073826]
val_loss=46.2440
accuracy
[0.         0.03691275 0.04026846 0.11073826]
val_loss=46.2950
accuracy
[0.         0.03691275 0.04697987 0.12080537]
val_loss=47.1598
accuracy
[0.         0.03355705 0.05704698 0.11409396]
val_loss=47.1562
accuracy
[0.         0.03355705 0.04026846 0.12080537]
val_loss=49.1410
accuracy
[0.         0.03691275 0.04697987 0.11409396]
val_loss=48.4476
accuracy
[0.         0.03020134 0.03691275 0.11744966]
val_loss=48.6173
accuracy
[0.         0.03691275 0.04026846 0.11073826]
val_loss=48.3443
accuracy
[0.         0.03691275 0.03691275 0.11744966]
val_loss=48.7859
accuracy
[0.         0.03355705 0.04362416 0.12080537]
val_loss=49.1228
accuracy
[0.         0.03691275 0.05033557 0.11073826]
val_loss=49.9598
accuracy
[0.         0.03691275 0.04026846 0.11073826]
val_loss=49.8903
accuracy
[0.         0.03691275 0.04362416 0.11409396]
val_loss=49.9880
accuracy
[0.         0.03691275 0.04026846 0.11073826]
val_loss=49.7346
accuracy
[0.         0.03691275 0.03691275 0.11409396]
val_loss=49.7868
accuracy
[0.         0.03691275 0.03691275 0.12080537]
val_loss=50.3216
accuracy
[0.         0.03691275 0.04026846 0.11073826]
val_loss=50.1404
accuracy
[0.         0.03691275 0.04026846 0.11744966]
val_loss=50.4459
accuracy
[0.         0.03691275 0.04026846 0.11073826]
val_loss=50.4871
accuracy
[0.         0.03691275 0.04026846 0.11409396]
val_loss=50.6477
accuracy
[0.         0.03691275 0.04026846 0.11073826]
val_loss=50.8905
accuracy
[0.         0.03691275 0.04362416 0.11073826]
val_loss=50.8567
accuracy
[0.         0.03691275 0.04026846 0.11073826]
val_loss=50.7888
accuracy
[0.         0.03691275 0.04026846 0.11409396]
val_loss=51.1177
accuracy
[0.         0.03691275 0.04026846 0.11073826]
val_loss=51.2797
accuracy
[0.         0.03691275 0.04026846 0.11073826]
val_loss=51.0321
accuracy
[0.         0.03691275 0.04026846 0.11744966]
val_loss=51.6458
accuracy
[0.         0.03691275 0.04362416 0.11073826]
val_loss=51.4058
accuracy
[0.         0.03691275 0.04026846 0.11409396]
val_loss=51.3845
accuracy
[0.         0.03691275 0.04026846 0.11744966]
val_loss=51.5713
accuracy
[0.         0.03691275 0.04026846 0.11744966]
val_loss=51.7497
accuracy
[0.         0.03691275 0.04026846 0.11409396]
val_loss=51.7990
accuracy
[0.         0.03691275 0.04026846 0.11744966]
val_loss=51.8919
accuracy
[0.         0.03691275 0.04026846 0.11744966]
val_loss=51.8285
accuracy
[0.         0.03691275 0.04026846 0.11744966]
val_loss=51.8879
accuracy
[0.         0.03691275 0.04026846 0.11744966]
val_loss=51.9918
accuracy
[0.         0.03691275 0.04026846 0.11744966]
val_loss=51.9414
accuracy
[0.         0.03691275 0.04026846 0.11744966]
val_loss=52.0526
accuracy
[0.         0.03691275 0.04026846 0.11744966]
val_loss=51.9462
accuracy
[0.         0.03691275 0.04026846 0.11744966]
val_loss=52.0232
accuracy
[0.         0.03691275 0.04026846 0.11744966]
val_loss=51.9842
accuracy
[0.         0.03691275 0.04026846 0.11744966]
val_loss=51.9732
accuracy
[0.         0.03691275 0.04026846 0.11744966]
val_loss=52.0226
accuracy
[0.         0.03691275 0.04026846 0.11744966]
val_loss=52.0740
accuracy
[0.         0.03691275 0.04026846 0.11744966]
val_loss=52.1105
accuracy
[0.         0.03691275 0.04026846 0.11744966]
val_loss=52.0673
accuracy
[0.         0.03691275 0.04026846 0.11744966]
val_loss=52.1730
accuracy
[0.         0.03691275 0.04026846 0.11744966]
val_loss=52.1873
accuracy
[0.         0.03691275 0.04026846 0.11744966]
val_loss=52.1899
accuracy
[0.         0.03691275 0.04026846 0.11744966]
val_loss=52.2641
accuracy
[0.         0.03691275 0.04026846 0.11744966]
val_loss=52.2581
accuracy
[0.         0.03691275 0.04026846 0.11744966]
val_loss=52.2399
accuracy
[0.         0.03691275 0.04026846 0.11744966]
Finished Training
    rehearsal replay buffer: 500 of 1928 source samples
cpu
Finished Training
cpu
Finished Training
cpu
Finished Training
cpu
Finished Training
cpu
Finished Training
cpu
Finished Training
cpu
Finished Training
cpu
Finished Training
cpu
Finished Training
cpu
Finished Training
cpu
Finished Training
cpu
Finished Training
cpu
Finished Training
cpu
Finished Training
cpu
Finished Training
cpu
Finished Training
cpu
Finished Training
cpu
Finished Training
cpu
Finished Training
cpu
Finished Training
cpu
Finished Training
cpu
Finished Training
  seed 4: pretrain on scenario1 (1928 samples), zero-shot eval on scenario3 (298 held-out test samples)
cpu
-----------------------------------------------------------------------
      Layer (type)        Output Shape         Param #     Tr. Param #
=======================================================================
          Linear-1           [32, 256]           1,280           1,280
            ReLU-2           [32, 256]               0               0
          Linear-3           [32, 256]          65,792          65,792
          Linear-4           [32, 256]          65,792          65,792
          Linear-5            [32, 16]           4,112           4,112
=======================================================================
Total params: 136,976
Trainable params: 136,976
Non-trainable params: 0
-----------------------------------------------------------------------
val_loss=36.5135
accuracy
[0.         0.00671141 0.02348993 0.0704698 ]
val_loss=31.6408
accuracy
[0.         0.00671141 0.02348993 0.11073826]
val_loss=30.6293
accuracy
[0.         0.00671141 0.03355705 0.11073826]
val_loss=32.1526
accuracy
[0.         0.00671141 0.03020134 0.14765101]
val_loss=31.9206
accuracy
[0.         0.00671141 0.02684564 0.08389262]
val_loss=33.8007
accuracy
[0.         0.00671141 0.02684564 0.11744966]
val_loss=23.8789
accuracy
[0.         0.00671141 0.02684564 0.16107383]
val_loss=30.5642
accuracy
[0.         0.00671141 0.02684564 0.1409396 ]
val_loss=33.1926
accuracy
[0.         0.02348993 0.04362416 0.15100671]
val_loss=34.5006
accuracy
[0.         0.00671141 0.01342282 0.15100671]
val_loss=30.0687
accuracy
[0.         0.02348993 0.03020134 0.15100671]
val_loss=33.2590
accuracy
[0.         0.02013423 0.03020134 0.13422819]
val_loss=37.9442
accuracy
[0.         0.00671141 0.02684564 0.13422819]
val_loss=34.7933
accuracy
[0.         0.00671141 0.02348993 0.11409396]
val_loss=42.5387
accuracy
[0.         0.00671141 0.03020134 0.11409396]
val_loss=37.8697
accuracy
[0.         0.00671141 0.02684564 0.11409396]
val_loss=45.8686
accuracy
[0.         0.00671141 0.02684564 0.11744966]
val_loss=44.8855
accuracy
[0.         0.01342282 0.02684564 0.11744966]
val_loss=40.2694
accuracy
[0.         0.02684564 0.04362416 0.11744966]
val_loss=44.9800
accuracy
[0.         0.02013423 0.05033557 0.11744966]
val_loss=45.9495
accuracy
[0.         0.02013423 0.04697987 0.11409396]
val_loss=47.2415
accuracy
[0.         0.02013423 0.04697987 0.11409396]
val_loss=48.4848
accuracy
[0.         0.02013423 0.05033557 0.11744966]
val_loss=49.2632
accuracy
[0.         0.02013423 0.04362416 0.11409396]
val_loss=50.0099
accuracy
[0.         0.02013423 0.05033557 0.12080537]
val_loss=49.8798
accuracy
[0.         0.02013423 0.04362416 0.12416107]
val_loss=51.1112
accuracy
[0.         0.02013423 0.04362416 0.11744966]
val_loss=49.9645
accuracy
[0.         0.02013423 0.04362416 0.12080537]
val_loss=51.1115
accuracy
[0.         0.02013423 0.04362416 0.11744966]
val_loss=51.4916
accuracy
[0.         0.02013423 0.05033557 0.11073826]
val_loss=51.7619
accuracy
[0.         0.02348993 0.05033557 0.11744966]
val_loss=51.6289
accuracy
[0.         0.02013423 0.05033557 0.10402685]
val_loss=52.3527
accuracy
[0.         0.02013423 0.04362416 0.11073826]
val_loss=51.8830
accuracy
[0.         0.02013423 0.05033557 0.11744966]
val_loss=51.6180
accuracy
[0.         0.02013423 0.05033557 0.10738255]
val_loss=51.4840
accuracy
[0.         0.01677852 0.04697987 0.11744966]
val_loss=52.5698
accuracy
[0.         0.02013423 0.05033557 0.10402685]
val_loss=52.3181
accuracy
[0.         0.02013423 0.05033557 0.10738255]
val_loss=52.4026
accuracy
[0.         0.02013423 0.05033557 0.11744966]
val_loss=52.5425
accuracy
[0.         0.02013423 0.04697987 0.11409396]
val_loss=52.6862
accuracy
[0.         0.02013423 0.04697987 0.11744966]
val_loss=52.7671
accuracy
[0.         0.02013423 0.05033557 0.11744966]
val_loss=53.0010
accuracy
[0.         0.02013423 0.05033557 0.11409396]
val_loss=53.0162
accuracy
[0.         0.02013423 0.05033557 0.11744966]
val_loss=53.2595
accuracy
[0.         0.02013423 0.05033557 0.11409396]
val_loss=53.3964
accuracy
[0.         0.02013423 0.05033557 0.11409396]
val_loss=53.4781
accuracy
[0.         0.02013423 0.05033557 0.11409396]
val_loss=53.6544
accuracy
[0.         0.02013423 0.05033557 0.11409396]
val_loss=53.7326
accuracy
[0.         0.02013423 0.05033557 0.11409396]
val_loss=53.7555
accuracy
[0.         0.02013423 0.05033557 0.11409396]
val_loss=53.8240
accuracy
[0.         0.02013423 0.05033557 0.11409396]
val_loss=54.0699
accuracy
[0.         0.02013423 0.04697987 0.11409396]
val_loss=54.4452
accuracy
[0.         0.02013423 0.05033557 0.11409396]
val_loss=54.0243
accuracy
[0.         0.02348993 0.05033557 0.11409396]
val_loss=54.0566
accuracy
[0.         0.02013423 0.05033557 0.11409396]
val_loss=54.3596
accuracy
[0.         0.02013423 0.05033557 0.11409396]
val_loss=54.3683
accuracy
[0.         0.02013423 0.05033557 0.11409396]
val_loss=54.3805
accuracy
[0.         0.02013423 0.05033557 0.11409396]
val_loss=54.4509
accuracy
[0.         0.02013423 0.05033557 0.11409396]
val_loss=54.5784
accuracy
[0.         0.02013423 0.05033557 0.11409396]
val_loss=54.6453
accuracy
[0.         0.02013423 0.05033557 0.11409396]
val_loss=54.6826
accuracy
[0.         0.02013423 0.05033557 0.11409396]
val_loss=54.7173
accuracy
[0.         0.02013423 0.05033557 0.11409396]
val_loss=54.6587
accuracy
[0.         0.02013423 0.05033557 0.11409396]
val_loss=54.7338
accuracy
[0.         0.02013423 0.05033557 0.11409396]
val_loss=54.7178
accuracy
[0.         0.02013423 0.05033557 0.11409396]
val_loss=54.8441
accuracy
[0.         0.02013423 0.05033557 0.11409396]
val_loss=54.8356
accuracy
[0.         0.02013423 0.05033557 0.11409396]
val_loss=54.8200
accuracy
[0.         0.02013423 0.05033557 0.11409396]
val_loss=54.9390
accuracy
[0.         0.02013423 0.05033557 0.11409396]
val_loss=54.8979
accuracy
[0.         0.02013423 0.05033557 0.11409396]
val_loss=54.9919
accuracy
[0.         0.02013423 0.05033557 0.11409396]
val_loss=54.8306
accuracy
[0.         0.02013423 0.05033557 0.11409396]
val_loss=54.9368
accuracy
[0.         0.02013423 0.05033557 0.11409396]
val_loss=54.9232
accuracy
[0.         0.02013423 0.05033557 0.11409396]
val_loss=54.9531
accuracy
[0.         0.02348993 0.05033557 0.11409396]
val_loss=54.9714
accuracy
[0.         0.02013423 0.05033557 0.11409396]
val_loss=54.9081
accuracy
[0.         0.02348993 0.05033557 0.11409396]
val_loss=55.0159
accuracy
[0.         0.02013423 0.05033557 0.11409396]
val_loss=54.9717
accuracy
[0.         0.02013423 0.05033557 0.11409396]
Finished Training
    rehearsal replay buffer: 500 of 1928 source samples
cpu
Finished Training
cpu
Finished Training
cpu
Finished Training
cpu
Finished Training
cpu
Finished Training
cpu
Finished Training
cpu
Finished Training
cpu
Finished Training
cpu
Finished Training
cpu
Finished Training
cpu
Finished Training
cpu
Finished Training
cpu
Finished Training
cpu
Finished Training
cpu
Finished Training
cpu
Finished Training
cpu
Finished Training
cpu
Finished Training
cpu
Finished Training
cpu
Finished Training
cpu
Finished Training
cpu
Finished Training
  seed 5: pretrain on scenario1 (1928 samples), zero-shot eval on scenario3 (298 held-out test samples)
cpu
-----------------------------------------------------------------------
      Layer (type)        Output Shape         Param #     Tr. Param #
=======================================================================
          Linear-1           [32, 256]           1,280           1,280
            ReLU-2           [32, 256]               0               0
          Linear-3           [32, 256]          65,792          65,792
          Linear-4           [32, 256]          65,792          65,792
          Linear-5            [32, 16]           4,112           4,112
=======================================================================
Total params: 136,976
Trainable params: 136,976
Non-trainable params: 0
-----------------------------------------------------------------------
val_loss=44.9544
accuracy
[0.00671141 0.00671141 0.02013423 0.06375839]
val_loss=49.7085
accuracy
[0.         0.00671141 0.02684564 0.10067114]
val_loss=39.5176
accuracy
[0.         0.00671141 0.02684564 0.1409396 ]
val_loss=44.9728
accuracy
[0.         0.00671141 0.02684564 0.13758389]
val_loss=29.0304
accuracy
[0.         0.00671141 0.02684564 0.09731544]
val_loss=33.3532
accuracy
[0.         0.00671141 0.02684564 0.15100671]
val_loss=28.3727
accuracy
[0.         0.0033557  0.02684564 0.11744966]
val_loss=40.0930
accuracy
[0.         0.00671141 0.02684564 0.11744966]
val_loss=33.4852
accuracy
[0.         0.00671141 0.02684564 0.11744966]
val_loss=41.7513
accuracy
[0.         0.0033557  0.02684564 0.12751678]
val_loss=38.6397
accuracy
[0.         0.00671141 0.02684564 0.11744966]
val_loss=38.4538
accuracy
[0.         0.02013423 0.02684564 0.16107383]
val_loss=34.4283
accuracy
[0.         0.0033557  0.02684564 0.18456376]
val_loss=41.4016
accuracy
[0.         0.00671141 0.02684564 0.10067114]
val_loss=47.3327
accuracy
[0.         0.02013423 0.02684564 0.23154362]
val_loss=42.7802
accuracy
[0.         0.02013423 0.02684564 0.24832215]
val_loss=44.3197
accuracy
[0.         0.00671141 0.02684564 0.18456376]
val_loss=46.7199
accuracy
[0.         0.00671141 0.02684564 0.23154362]
val_loss=48.6209
accuracy
[0.         0.00671141 0.02684564 0.23489933]
val_loss=47.1879
accuracy
[0.         0.0033557  0.02684564 0.23489933]
val_loss=49.0567
accuracy
[0.         0.0033557  0.02684564 0.23825503]
val_loss=51.4639
accuracy
[0.         0.0033557  0.02684564 0.23154362]
val_loss=52.8359
accuracy
[0.         0.0033557  0.02684564 0.23489933]
val_loss=53.0522
accuracy
[0.         0.02013423 0.02684564 0.22818792]
val_loss=54.5209
accuracy
[0.         0.0033557  0.02684564 0.23489933]
val_loss=54.7401
accuracy
[0.         0.0033557  0.02684564 0.23489933]
val_loss=54.4431
accuracy
[0.         0.02013423 0.02684564 0.22818792]
val_loss=54.9946
accuracy
[0.         0.01342282 0.02684564 0.23489933]
val_loss=55.0118
accuracy
[0.         0.01342282 0.02684564 0.23489933]
val_loss=56.4889
accuracy
[0.         0.01006711 0.02684564 0.23489933]
val_loss=56.1294
accuracy
[0.         0.02013423 0.02684564 0.23489933]
val_loss=56.8762
accuracy
[0.         0.0033557  0.02684564 0.24161074]
val_loss=54.7359
accuracy
[0.         0.01342282 0.02684564 0.23825503]
val_loss=56.9270
accuracy
[0.         0.01342282 0.02684564 0.23825503]
val_loss=56.2134
accuracy
[0.         0.02013423 0.02684564 0.23489933]
val_loss=57.3338
accuracy
[0.         0.0033557  0.02684564 0.25167785]
val_loss=58.3190
accuracy
[0.         0.01006711 0.02684564 0.24161074]
val_loss=57.7435
accuracy
[0.         0.02013423 0.02684564 0.23825503]
val_loss=58.6866
accuracy
[0.         0.0033557  0.02684564 0.25167785]
val_loss=58.3493
accuracy
[0.         0.01006711 0.02684564 0.24832215]
val_loss=58.4296
accuracy
[0.         0.01006711 0.02684564 0.24832215]
val_loss=58.7099
accuracy
[0.         0.0033557  0.02684564 0.25167785]
val_loss=58.6510
accuracy
[0.         0.0033557  0.02684564 0.25167785]
val_loss=58.8392
accuracy
[0.         0.0033557  0.02684564 0.25167785]
val_loss=59.0616
accuracy
[0.         0.00671141 0.02684564 0.25167785]
val_loss=59.5814
accuracy
[0.         0.01006711 0.02684564 0.25167785]
val_loss=59.1587
accuracy
[0.         0.01006711 0.02684564 0.24832215]
val_loss=59.4847
accuracy
[0.         0.0033557  0.02684564 0.25167785]
val_loss=59.3899
accuracy
[0.         0.0033557  0.02684564 0.24832215]
val_loss=59.8851
accuracy
[0.         0.00671141 0.02684564 0.25167785]
val_loss=59.5687
accuracy
[0.         0.01006711 0.02684564 0.25167785]
val_loss=59.7169
accuracy
[0.         0.01342282 0.02684564 0.24832215]
val_loss=59.9743
accuracy
[0.         0.01006711 0.02684564 0.25167785]
val_loss=60.2373
accuracy
[0.         0.0033557  0.02684564 0.25167785]
val_loss=59.8636
accuracy
[0.         0.0033557  0.02684564 0.24832215]
val_loss=60.4122
accuracy
[0.         0.0033557  0.02684564 0.24832215]
val_loss=60.2873
accuracy
[0.         0.00671141 0.02684564 0.24832215]
val_loss=60.7339
accuracy
[0.         0.0033557  0.02684564 0.24832215]
val_loss=60.4541
accuracy
[0.         0.01006711 0.02684564 0.25167785]
val_loss=60.7306
accuracy
[0.         0.01006711 0.02684564 0.24832215]
val_loss=60.5958
accuracy
[0.         0.00671141 0.02684564 0.24832215]
val_loss=60.6369
accuracy
[0.         0.01006711 0.02684564 0.24832215]
val_loss=60.6324
accuracy
[0.         0.00671141 0.02684564 0.24832215]
val_loss=60.7413
accuracy
[0.         0.01006711 0.02684564 0.24832215]
val_loss=60.7079
accuracy
[0.         0.01006711 0.02684564 0.24832215]
val_loss=60.7481
accuracy
[0.         0.00671141 0.02684564 0.24832215]
val_loss=60.7452
accuracy
[0.         0.01006711 0.02684564 0.24832215]
val_loss=60.7941
accuracy
[0.         0.01006711 0.02684564 0.24832215]
val_loss=60.8055
accuracy
[0.         0.00671141 0.02684564 0.24832215]
val_loss=60.7822
accuracy
[0.         0.00671141 0.02684564 0.24832215]
val_loss=60.8711
accuracy
[0.         0.01006711 0.02684564 0.24832215]
val_loss=60.8909
accuracy
[0.         0.00671141 0.02684564 0.24832215]
val_loss=60.9125
accuracy
[0.         0.01006711 0.02684564 0.24832215]
val_loss=60.9254
accuracy
[0.         0.01006711 0.02684564 0.24832215]
val_loss=60.9715
accuracy
[0.         0.01006711 0.02684564 0.24832215]
val_loss=60.9527
accuracy
[0.         0.01006711 0.02684564 0.24496644]
val_loss=61.0681
accuracy
[0.         0.01006711 0.02684564 0.24832215]
val_loss=60.9890
accuracy
[0.         0.01006711 0.02684564 0.24832215]
val_loss=61.1226
accuracy
[0.         0.01006711 0.02684564 0.24496644]
val_loss=61.1212
accuracy
[0.         0.01006711 0.02684564 0.24832215]
Finished Training
    rehearsal replay buffer: 500 of 1928 source samples
cpu
Finished Training
cpu
Finished Training
cpu
Finished Training
cpu
Finished Training
cpu
Finished Training
cpu
Finished Training
cpu
Finished Training
cpu
Finished Training
cpu
Finished Training
cpu
Finished Training
cpu
Finished Training
cpu
Finished Training
cpu
Finished Training
cpu
Finished Training
cpu
Finished Training
cpu
Finished Training
cpu
Finished Training
cpu
Finished Training
cpu
Finished Training
cpu
Finished Training
cpu
Finished Training
cpu
Finished Training
  seed 6: pretrain on scenario1 (1928 samples), zero-shot eval on scenario3 (298 held-out test samples)
cpu
-----------------------------------------------------------------------
      Layer (type)        Output Shape         Param #     Tr. Param #
=======================================================================
          Linear-1           [32, 256]           1,280           1,280
            ReLU-2           [32, 256]               0               0
          Linear-3           [32, 256]          65,792          65,792
          Linear-4           [32, 256]          65,792          65,792
          Linear-5            [32, 16]           4,112           4,112
=======================================================================
Total params: 136,976
Trainable params: 136,976
Non-trainable params: 0
-----------------------------------------------------------------------
val_loss=40.0975
accuracy
[0.         0.0033557  0.01006711 0.06711409]
val_loss=49.6013
accuracy
[0.         0.0033557  0.05033557 0.07718121]
val_loss=48.9431
accuracy
[0.         0.01006711 0.01342282 0.07718121]
val_loss=49.0167
accuracy
[0.         0.0033557  0.03020134 0.14765101]
val_loss=45.0142
accuracy
[0.         0.0033557  0.01342282 0.14765101]
val_loss=36.1732
accuracy
[0.         0.0033557  0.02684564 0.14765101]
val_loss=44.3032
accuracy
[0.         0.0033557  0.03020134 0.13087248]
val_loss=44.6258
accuracy
[0.         0.0033557  0.01342282 0.08724832]
val_loss=45.4900
accuracy
[0.         0.00671141 0.03020134 0.08724832]
val_loss=49.8359
accuracy
[0.         0.02348993 0.03020134 0.08724832]
val_loss=45.8021
accuracy
[0.         0.0033557  0.03020134 0.14765101]
val_loss=49.8179
accuracy
[0.         0.0033557  0.03020134 0.08724832]
val_loss=45.8813
accuracy
[0.         0.0033557  0.01677852 0.0738255 ]
val_loss=49.0812
accuracy
[0.         0.0033557  0.01342282 0.0738255 ]
val_loss=53.6561
accuracy
[0.         0.0033557  0.00671141 0.14765101]
val_loss=54.3146
accuracy
[0.         0.0033557  0.03020134 0.14765101]
val_loss=52.5619
accuracy
[0.         0.0033557  0.01342282 0.14765101]
val_loss=53.3558
accuracy
[0.         0.0033557  0.03020134 0.14765101]
val_loss=58.8648
accuracy
[0.         0.0033557  0.03020134 0.14765101]
val_loss=58.5057
accuracy
[0.         0.0033557  0.02684564 0.14765101]
val_loss=59.2113
accuracy
[0.         0.0033557  0.03020134 0.14765101]
val_loss=59.4238
accuracy
[0.         0.0033557  0.03020134 0.14765101]
val_loss=61.0831
accuracy
[0.         0.02348993 0.03020134 0.15771812]
val_loss=61.8023
accuracy
[0.         0.0033557  0.03020134 0.13087248]
val_loss=63.5351
accuracy
[0.         0.00671141 0.03020134 0.13087248]
val_loss=63.9618
accuracy
[0.         0.01677852 0.03020134 0.13758389]
val_loss=65.2002
accuracy
[0.         0.01677852 0.03020134 0.12416107]
val_loss=66.1370
accuracy
[0.         0.02348993 0.03020134 0.13087248]
val_loss=66.5926
accuracy
[0.         0.02684564 0.03020134 0.13087248]
val_loss=67.1676
accuracy
[0.         0.02684564 0.03020134 0.13087248]
val_loss=66.9856
accuracy
[0.         0.00671141 0.03020134 0.08724832]
val_loss=66.8872
accuracy
[0.         0.01677852 0.03020134 0.08389262]
val_loss=67.3622
accuracy
[0.         0.02348993 0.03020134 0.08724832]
val_loss=67.8599
accuracy
[0.         0.02684564 0.03020134 0.12416107]
val_loss=66.6806
accuracy
[0.         0.02348993 0.03020134 0.12416107]
val_loss=68.1010
accuracy
[0.         0.02348993 0.03020134 0.09731544]
val_loss=68.4271
accuracy
[0.         0.02013423 0.03020134 0.13087248]
val_loss=67.9347
accuracy
[0.         0.0033557  0.03020134 0.08724832]
val_loss=67.5110
accuracy
[0.         0.02684564 0.03020134 0.08389262]
val_loss=67.8724
accuracy
[0.         0.0033557  0.03020134 0.0738255 ]
val_loss=67.7601
accuracy
[0.         0.0033557  0.03020134 0.07718121]
val_loss=68.1611
accuracy
[0.         0.01677852 0.03020134 0.08389262]
val_loss=68.1698
accuracy
[0.         0.01677852 0.03020134 0.08389262]
val_loss=69.0781
accuracy
[0.         0.02013423 0.03020134 0.08389262]
val_loss=68.6289
accuracy
[0.         0.01677852 0.03020134 0.07718121]
val_loss=69.1330
accuracy
[0.         0.02348993 0.03020134 0.0738255 ]
val_loss=68.9561
accuracy
[0.         0.01677852 0.03020134 0.0738255 ]
val_loss=69.2880
accuracy
[0.         0.01677852 0.03020134 0.0738255 ]
val_loss=69.7331
accuracy
[0.         0.02348993 0.03020134 0.07718121]
val_loss=70.0860
accuracy
[0.         0.02348993 0.03020134 0.0738255 ]
val_loss=69.9714
accuracy
[0.         0.02348993 0.03020134 0.0738255 ]
val_loss=70.2848
accuracy
[0.         0.02348993 0.03020134 0.07718121]
val_loss=70.7667
accuracy
[0.         0.02348993 0.03020134 0.0738255 ]
val_loss=70.1950
accuracy
[0.         0.02348993 0.03020134 0.07718121]
val_loss=70.5570
accuracy
[0.         0.02013423 0.03020134 0.0738255 ]
val_loss=70.5780
accuracy
[0.         0.02348993 0.03020134 0.07718121]
val_loss=70.8151
accuracy
[0.         0.02348993 0.03020134 0.0738255 ]
val_loss=71.2088
accuracy
[0.         0.02348993 0.03020134 0.07718121]
val_loss=70.7623
accuracy
[0.         0.02348993 0.03020134 0.0738255 ]
val_loss=71.4057
accuracy
[0.         0.02013423 0.03020134 0.0738255 ]
val_loss=71.0730
accuracy
[0.         0.02348993 0.03020134 0.0738255 ]
val_loss=71.0858
accuracy
[0.         0.02348993 0.03020134 0.0738255 ]
val_loss=71.1447
accuracy
[0.         0.02348993 0.03020134 0.0738255 ]
val_loss=71.1874
accuracy
[0.         0.02013423 0.03020134 0.0738255 ]
val_loss=71.2376
accuracy
[0.         0.02013423 0.03020134 0.0738255 ]
val_loss=71.2303
accuracy
[0.         0.02348993 0.03020134 0.0738255 ]
val_loss=71.2227
accuracy
[0.         0.02348993 0.03020134 0.0738255 ]
val_loss=71.3357
accuracy
[0.         0.02348993 0.03020134 0.0738255 ]
val_loss=71.2539
accuracy
[0.         0.02348993 0.03020134 0.0738255 ]
val_loss=71.4280
accuracy
[0.         0.02348993 0.03020134 0.0738255 ]
val_loss=71.4324
accuracy
[0.         0.02348993 0.03020134 0.0738255 ]
val_loss=71.3445
accuracy
[0.         0.02348993 0.03020134 0.0738255 ]
val_loss=71.5174
accuracy
[0.         0.02348993 0.03020134 0.0738255 ]
val_loss=71.5108
accuracy
[0.         0.02348993 0.03020134 0.0738255 ]
val_loss=71.5293
accuracy
[0.         0.02348993 0.03020134 0.0738255 ]
val_loss=71.5719
accuracy
[0.         0.02348993 0.03020134 0.0738255 ]
val_loss=71.5746
accuracy
[0.         0.02348993 0.03020134 0.0738255 ]
val_loss=71.6181
accuracy
[0.         0.02013423 0.03020134 0.0738255 ]
val_loss=71.5985
accuracy
[0.         0.02348993 0.03020134 0.0738255 ]
val_loss=71.6240
accuracy
[0.         0.02348993 0.03020134 0.0738255 ]
Finished Training
    rehearsal replay buffer: 500 of 1928 source samples
cpu
Finished Training
cpu
Finished Training
cpu
Finished Training
cpu
Finished Training
cpu
Finished Training
cpu
Finished Training
cpu
Finished Training
cpu
Finished Training
cpu
Finished Training
cpu
Finished Training
cpu
Finished Training
cpu
Finished Training
cpu
Finished Training
cpu
Finished Training
cpu
Finished Training
cpu
Finished Training
cpu
Finished Training
cpu
Finished Training
cpu
Finished Training
cpu
Finished Training
cpu
Finished Training
cpu
Finished Training
  seed 7: pretrain on scenario1 (1928 samples), zero-shot eval on scenario3 (298 held-out test samples)
cpu
-----------------------------------------------------------------------
      Layer (type)        Output Shape         Param #     Tr. Param #
=======================================================================
          Linear-1           [32, 256]           1,280           1,280
            ReLU-2           [32, 256]               0               0
          Linear-3           [32, 256]          65,792          65,792
          Linear-4           [32, 256]          65,792          65,792
          Linear-5            [32, 16]           4,112           4,112
=======================================================================
Total params: 136,976
Trainable params: 136,976
Non-trainable params: 0
-----------------------------------------------------------------------
val_loss=43.0075
accuracy
[0.00671141 0.02684564 0.03020134 0.05704698]
val_loss=32.5959
accuracy
[0.00671141 0.01342282 0.02684564 0.07718121]
val_loss=33.4284
accuracy
[0.0033557  0.00671141 0.02684564 0.12080537]
val_loss=33.0443
accuracy
[0.0033557  0.00671141 0.01677852 0.13758389]
val_loss=31.5277
accuracy
[0.         0.00671141 0.01677852 0.09395973]
val_loss=34.1112
accuracy
[0.0033557  0.00671141 0.01342282 0.10738255]
val_loss=33.5170
accuracy
[0.         0.00671141 0.01677852 0.11409396]
val_loss=34.0075
accuracy
[0.         0.00671141 0.01677852 0.11409396]
val_loss=36.0582
accuracy
[0.         0.00671141 0.01342282 0.12416107]
val_loss=34.6716
accuracy
[0.0033557  0.00671141 0.03691275 0.11409396]
val_loss=37.8825
accuracy
[0.         0.00671141 0.01342282 0.12080537]
val_loss=39.8631
accuracy
[0.         0.00671141 0.01342282 0.12751678]
val_loss=39.4661
accuracy
[0.         0.00671141 0.01342282 0.11409396]
val_loss=44.8938
accuracy
[0.         0.00671141 0.03355705 0.10738255]
val_loss=49.5187
accuracy
[0.         0.0033557  0.01342282 0.10738255]
val_loss=48.7834
accuracy
[0.         0.00671141 0.01342282 0.08053691]
val_loss=48.6441
accuracy
[0.         0.00671141 0.01342282 0.08053691]
val_loss=52.8254
accuracy
[0.         0.00671141 0.01342282 0.08053691]
val_loss=57.7993
accuracy
[0.         0.00671141 0.01342282 0.08053691]
val_loss=59.6007
accuracy
[0.         0.00671141 0.01342282 0.11073826]
val_loss=62.0494
accuracy
[0.         0.00671141 0.01342282 0.11073826]
val_loss=63.0944
accuracy
[0.         0.00671141 0.01342282 0.11073826]
val_loss=65.5490
accuracy
[0.         0.0033557  0.01342282 0.11073826]
val_loss=66.3997
accuracy
[0.         0.00671141 0.01342282 0.11073826]
val_loss=66.5632
accuracy
[0.         0.00671141 0.01342282 0.11073826]
val_loss=66.0210
accuracy
[0.         0.0033557  0.01342282 0.11073826]
val_loss=65.9308
accuracy
[0.         0.0033557  0.01342282 0.11073826]
val_loss=66.0847
accuracy
[0.         0.01677852 0.03020134 0.11073826]
val_loss=67.6125
accuracy
[0.         0.00671141 0.01342282 0.11073826]
val_loss=68.2859
accuracy
[0.         0.01006711 0.01342282 0.11073826]
val_loss=67.5535
accuracy
[0.         0.0033557  0.01342282 0.11073826]
val_loss=66.9977
accuracy
[0.         0.00671141 0.01342282 0.11073826]
val_loss=66.7195
accuracy
[0.         0.0033557  0.01342282 0.11073826]
val_loss=67.8555
accuracy
[0.         0.00671141 0.01342282 0.11073826]
val_loss=67.9220
accuracy
[0.         0.01006711 0.01342282 0.11073826]
val_loss=67.9076
accuracy
[0.         0.00671141 0.01342282 0.11073826]
val_loss=68.6433
accuracy
[0.         0.00671141 0.01342282 0.11073826]
val_loss=66.9509
accuracy
[0.         0.00671141 0.01342282 0.11073826]
val_loss=66.9698
accuracy
[0.         0.02348993 0.03020134 0.11073826]
val_loss=68.5170
accuracy
[0.         0.0033557  0.01342282 0.11073826]
val_loss=67.6589
accuracy
[0.         0.0033557  0.01342282 0.11073826]
val_loss=68.2716
accuracy
[0.         0.0033557  0.01342282 0.11073826]
val_loss=68.2552
accuracy
[0.         0.00671141 0.01342282 0.11073826]
val_loss=68.6548
accuracy
[0.         0.00671141 0.01342282 0.11073826]
val_loss=68.6223
accuracy
[0.         0.00671141 0.01342282 0.11073826]
val_loss=68.4957
accuracy
[0.         0.00671141 0.01342282 0.11073826]
val_loss=68.6832
accuracy
[0.         0.00671141 0.01342282 0.11073826]
val_loss=68.6074
accuracy
[0.         0.00671141 0.01342282 0.11073826]
val_loss=68.8799
accuracy
[0.         0.00671141 0.01677852 0.11073826]
val_loss=68.7974
accuracy
[0.         0.00671141 0.01677852 0.11073826]
val_loss=69.0976
accuracy
[0.         0.00671141 0.01342282 0.11073826]
val_loss=69.3361
accuracy
[0.         0.00671141 0.01342282 0.11073826]
val_loss=69.8188
accuracy
[0.         0.00671141 0.01342282 0.11073826]
val_loss=69.6221
accuracy
[0.         0.00671141 0.01342282 0.11073826]
val_loss=69.7203
accuracy
[0.         0.00671141 0.01342282 0.11073826]
val_loss=69.6576
accuracy
[0.         0.00671141 0.01342282 0.11073826]
val_loss=70.1339
accuracy
[0.         0.00671141 0.01677852 0.11073826]
val_loss=69.1554
accuracy
[0.         0.00671141 0.01342282 0.11073826]
val_loss=69.4368
accuracy
[0.         0.00671141 0.01677852 0.11073826]
val_loss=69.6897
accuracy
[0.         0.00671141 0.01342282 0.11073826]
val_loss=70.0111
accuracy
[0.         0.00671141 0.01342282 0.11073826]
val_loss=69.9035
accuracy
[0.         0.00671141 0.01342282 0.11073826]
val_loss=70.0659
accuracy
[0.         0.00671141 0.01342282 0.11073826]
val_loss=70.0738
accuracy
[0.         0.00671141 0.01677852 0.11073826]
val_loss=70.0021
accuracy
[0.         0.00671141 0.01342282 0.11073826]
val_loss=69.9792
accuracy
[0.         0.00671141 0.01342282 0.11073826]
val_loss=70.0368
accuracy
[0.         0.00671141 0.01342282 0.11073826]
val_loss=70.0479
accuracy
[0.         0.00671141 0.01342282 0.11073826]
val_loss=69.9837
accuracy
[0.         0.00671141 0.01342282 0.11073826]
val_loss=70.0042
accuracy
[0.         0.01006711 0.01677852 0.11073826]
val_loss=70.1231
accuracy
[0.         0.01006711 0.01677852 0.11073826]
val_loss=70.0434
accuracy
[0.         0.00671141 0.01342282 0.11073826]
val_loss=70.1745
accuracy
[0.         0.00671141 0.01342282 0.11073826]
val_loss=70.0984
accuracy
[0.         0.00671141 0.01342282 0.11073826]
val_loss=70.0551
accuracy
[0.         0.00671141 0.01342282 0.11073826]
val_loss=70.1633
accuracy
[0.         0.00671141 0.01677852 0.11073826]
val_loss=70.2790
accuracy
[0.         0.00671141 0.01342282 0.11073826]
val_loss=70.3292
accuracy
[0.         0.00671141 0.01342282 0.11073826]
val_loss=70.3508
accuracy
[0.         0.00671141 0.01342282 0.11073826]
val_loss=70.3689
accuracy
[0.         0.00671141 0.01342282 0.11073826]
Finished Training
    rehearsal replay buffer: 500 of 1928 source samples
cpu
Finished Training
cpu
Finished Training
cpu
Finished Training
cpu
Finished Training
cpu
Finished Training
cpu
Finished Training
cpu
Finished Training
cpu
Finished Training
cpu
Finished Training
cpu
Finished Training
cpu
Finished Training
cpu
Finished Training
cpu
Finished Training
cpu
Finished Training
cpu
Finished Training
cpu
Finished Training
cpu
Finished Training
cpu
Finished Training
cpu
Finished Training
cpu
Finished Training
cpu
Finished Training
cpu
Finished Training
  seed 8: pretrain on scenario1 (1928 samples), zero-shot eval on scenario3 (298 held-out test samples)
cpu
-----------------------------------------------------------------------
      Layer (type)        Output Shape         Param #     Tr. Param #
=======================================================================
          Linear-1           [32, 256]           1,280           1,280
            ReLU-2           [32, 256]               0               0
          Linear-3           [32, 256]          65,792          65,792
          Linear-4           [32, 256]          65,792          65,792
          Linear-5            [32, 16]           4,112           4,112
=======================================================================
Total params: 136,976
Trainable params: 136,976
Non-trainable params: 0
-----------------------------------------------------------------------
val_loss=33.9990
accuracy
[0.0033557  0.0033557  0.01342282 0.06375839]
val_loss=45.8945
accuracy
[0.         0.0033557  0.01342282 0.09731544]
val_loss=38.9734
accuracy
[0.         0.0033557  0.02348993 0.08724832]
val_loss=54.7439
accuracy
[0.         0.0033557  0.01342282 0.08724832]
val_loss=38.5548
accuracy
[0.         0.0033557  0.02013423 0.20134228]
val_loss=44.0415
accuracy
[0.         0.0033557  0.01342282 0.16778523]
val_loss=42.1825
accuracy
[0.         0.01677852 0.02013423 0.16778523]
val_loss=47.0559
accuracy
[0.         0.0033557  0.03355705 0.16778523]
val_loss=50.0363
accuracy
[0.         0.0033557  0.02013423 0.16778523]
val_loss=48.3248
accuracy
[0.         0.0033557  0.02013423 0.16778523]
val_loss=49.7873
accuracy
[0.         0.         0.02013423 0.16778523]
val_loss=53.6229
accuracy
[0.         0.0033557  0.02013423 0.16778523]
val_loss=51.8612
accuracy
[0.         0.0033557  0.01342282 0.16778523]
val_loss=56.1148
accuracy
[0.         0.0033557  0.02684564 0.16778523]
val_loss=45.1953
accuracy
[0.         0.0033557  0.03020134 0.16778523]
val_loss=50.7367
accuracy
[0.         0.         0.02013423 0.16778523]
val_loss=48.6584
accuracy
[0.         0.0033557  0.02013423 0.16778523]
val_loss=53.1011
accuracy
[0.         0.         0.01342282 0.16778523]
val_loss=49.8938
accuracy
[0.         0.01006711 0.02348993 0.16778523]
val_loss=50.6619
accuracy
[0.         0.0033557  0.02013423 0.16778523]
val_loss=54.5947
accuracy
[0.         0.         0.02013423 0.16778523]
val_loss=56.5920
accuracy
[0.         0.0033557  0.02013423 0.16778523]
val_loss=58.0776
accuracy
[0.         0.0033557  0.02013423 0.16778523]
val_loss=60.0093
accuracy
[0.         0.0033557  0.02684564 0.16778523]
val_loss=60.6663
accuracy
[0.         0.         0.01342282 0.16778523]
val_loss=61.7852
accuracy
[0.         0.0033557  0.02348993 0.16778523]
val_loss=61.8435
accuracy
[0.         0.01006711 0.03355705 0.16778523]
val_loss=62.8909
accuracy
[0.         0.01677852 0.03355705 0.16778523]
val_loss=63.2905
accuracy
[0.         0.01006711 0.03355705 0.16778523]
val_loss=63.1830
accuracy
[0.         0.0033557  0.02684564 0.16778523]
val_loss=64.2851
accuracy
[0.         0.01006711 0.03355705 0.16778523]
val_loss=63.8614
accuracy
[0.         0.01006711 0.03355705 0.16778523]
val_loss=64.6512
accuracy
[0.         0.01006711 0.03355705 0.16778523]
val_loss=65.0634
accuracy
[0.         0.01006711 0.03355705 0.16778523]
val_loss=65.5062
accuracy
[0.         0.01006711 0.03355705 0.16778523]
val_loss=65.2936
accuracy
[0.         0.01006711 0.03355705 0.16778523]
val_loss=65.5954
accuracy
[0.         0.01006711 0.03355705 0.16778523]
val_loss=64.6287
accuracy
[0.         0.01006711 0.03355705 0.16778523]
val_loss=66.0835
accuracy
[0.         0.01006711 0.03355705 0.16778523]
val_loss=66.7259
accuracy
[0.         0.01677852 0.03355705 0.16778523]
val_loss=66.1285
accuracy
[0.         0.01006711 0.03355705 0.16778523]
val_loss=66.6141
accuracy
[0.         0.01006711 0.03355705 0.16778523]
val_loss=66.5201
accuracy
[0.         0.01006711 0.03355705 0.16778523]
val_loss=67.0624
accuracy
[0.         0.01006711 0.03355705 0.16778523]
val_loss=67.2197
accuracy
[0.         0.01342282 0.03355705 0.16778523]
val_loss=67.2592
accuracy
[0.         0.01342282 0.03355705 0.16778523]
val_loss=67.3338
accuracy
[0.         0.01006711 0.03355705 0.16778523]
val_loss=67.3402
accuracy
[0.         0.01006711 0.03355705 0.16778523]
val_loss=67.6806
accuracy
[0.         0.01006711 0.03355705 0.16778523]
val_loss=67.5372
accuracy
[0.         0.01006711 0.03355705 0.16778523]
val_loss=67.9440
accuracy
[0.         0.01006711 0.03355705 0.16778523]
val_loss=67.7379
accuracy
[0.         0.01006711 0.03355705 0.16778523]
val_loss=68.4217
accuracy
[0.         0.01677852 0.03355705 0.16778523]
val_loss=68.1341
accuracy
[0.         0.01677852 0.03355705 0.16778523]
val_loss=68.2518
accuracy
[0.         0.01677852 0.03355705 0.16778523]
val_loss=68.6884
accuracy
[0.         0.01006711 0.03355705 0.16778523]
val_loss=68.6286
accuracy
[0.         0.01006711 0.03355705 0.16778523]
val_loss=68.5838
accuracy
[0.         0.01006711 0.03355705 0.16778523]
val_loss=68.5005
accuracy
[0.         0.01006711 0.03355705 0.16778523]
val_loss=68.8711
accuracy
[0.         0.01006711 0.03355705 0.16778523]
val_loss=68.8788
accuracy
[0.         0.01006711 0.03355705 0.16778523]
val_loss=68.8049
accuracy
[0.         0.01006711 0.03355705 0.16778523]
val_loss=68.9882
accuracy
[0.         0.01006711 0.03355705 0.16778523]
val_loss=68.9149
accuracy
[0.         0.01006711 0.03355705 0.16778523]
val_loss=68.9246
accuracy
[0.         0.01006711 0.03355705 0.16778523]
val_loss=68.9627
accuracy
[0.         0.01006711 0.03355705 0.16778523]
val_loss=69.0393
accuracy
[0.         0.01006711 0.03355705 0.16778523]
val_loss=69.1069
accuracy
[0.         0.01006711 0.03355705 0.16778523]
val_loss=68.9499
accuracy
[0.         0.01006711 0.03355705 0.16778523]
val_loss=69.1534
accuracy
[0.         0.01006711 0.03355705 0.16778523]
val_loss=69.0560
accuracy
[0.         0.01006711 0.03355705 0.16778523]
val_loss=69.1320
accuracy
[0.         0.01006711 0.03355705 0.16778523]
val_loss=69.1836
accuracy
[0.         0.01006711 0.03355705 0.16778523]
val_loss=69.1113
accuracy
[0.         0.01006711 0.03355705 0.16778523]
val_loss=69.2721
accuracy
[0.         0.01006711 0.03355705 0.16778523]
val_loss=69.2433
accuracy
[0.         0.01006711 0.03355705 0.16778523]
val_loss=69.2656
accuracy
[0.         0.01006711 0.03355705 0.16778523]
val_loss=69.2692
accuracy
[0.         0.01006711 0.03355705 0.16778523]
val_loss=69.3448
accuracy
[0.         0.01006711 0.03355705 0.16778523]
val_loss=69.2989
accuracy
[0.         0.01006711 0.03355705 0.16778523]
Finished Training
    rehearsal replay buffer: 500 of 1928 source samples
cpu
Finished Training
cpu
Finished Training
cpu
Finished Training
cpu
Finished Training
cpu
Finished Training
cpu
Finished Training
cpu
Finished Training
cpu
Finished Training
cpu
Finished Training
cpu
Finished Training
cpu
Finished Training
cpu
Finished Training
cpu
Finished Training
cpu
Finished Training
cpu
Finished Training
cpu
Finished Training
cpu
Finished Training
cpu
Finished Training
cpu
Finished Training
cpu
Finished Training
cpu
Finished Training
cpu
Finished Training
  seed 9: pretrain on scenario1 (1928 samples), zero-shot eval on scenario3 (298 held-out test samples)
cpu
-----------------------------------------------------------------------
      Layer (type)        Output Shape         Param #     Tr. Param #
=======================================================================
          Linear-1           [32, 256]           1,280           1,280
            ReLU-2           [32, 256]               0               0
          Linear-3           [32, 256]          65,792          65,792
          Linear-4           [32, 256]          65,792          65,792
          Linear-5            [32, 16]           4,112           4,112
=======================================================================
Total params: 136,976
Trainable params: 136,976
Non-trainable params: 0
-----------------------------------------------------------------------
val_loss=40.6123
accuracy
[0.         0.0033557  0.01677852 0.06375839]
val_loss=41.1842
accuracy
[0.         0.01006711 0.01677852 0.11073826]
val_loss=40.6123
accuracy
[0.         0.0033557  0.03020134 0.09060403]
val_loss=32.7764
accuracy
[0.         0.0033557  0.03020134 0.08389262]
val_loss=39.2950
accuracy
[0.         0.0033557  0.02348993 0.08389262]
val_loss=36.9358
accuracy
[0.         0.0033557  0.02348993 0.08389262]
val_loss=43.5480
accuracy
[0.         0.0033557  0.02348993 0.09395973]
val_loss=43.0803
accuracy
[0.         0.         0.02348993 0.08389262]
val_loss=43.1053
accuracy
[0.         0.0033557  0.01677852 0.07718121]
val_loss=49.0899
accuracy
[0.         0.00671141 0.03020134 0.09395973]
val_loss=44.9453
accuracy
[0.         0.0033557  0.02348993 0.10738255]
val_loss=50.6056
accuracy
[0.         0.01006711 0.01342282 0.10738255]
val_loss=51.4909
accuracy
[0.         0.         0.02013423 0.10738255]
val_loss=47.5708
accuracy
[0.         0.02013423 0.02013423 0.10738255]
val_loss=50.8276
accuracy
[0.         0.         0.01677852 0.10738255]
val_loss=40.9978
accuracy
[0.         0.         0.00671141 0.13422819]
val_loss=43.2849
accuracy
[0.         0.0033557  0.02348993 0.16442953]
val_loss=44.8706
accuracy
[0.         0.0033557  0.01342282 0.16442953]
val_loss=44.4169
accuracy
[0.         0.         0.01677852 0.16442953]
val_loss=48.5908
accuracy
[0.         0.0033557  0.01342282 0.16107383]
val_loss=49.8084
accuracy
[0.         0.0033557  0.01677852 0.15771812]
val_loss=50.7995
accuracy
[0.         0.0033557  0.01677852 0.16107383]
val_loss=51.5161
accuracy
[0.         0.01006711 0.02348993 0.16778523]
val_loss=52.0419
accuracy
[0.         0.01006711 0.03020134 0.16442953]
val_loss=53.4088
accuracy
[0.         0.00671141 0.03020134 0.16442953]
val_loss=54.3025
accuracy
[0.         0.01006711 0.03355705 0.16442953]
val_loss=55.5105
accuracy
[0.         0.01006711 0.03355705 0.16442953]
val_loss=54.6223
accuracy
[0.         0.01006711 0.03355705 0.16442953]
val_loss=55.4976
accuracy
[0.         0.01006711 0.03355705 0.16442953]
val_loss=55.5859
accuracy
[0.         0.01006711 0.03355705 0.16442953]
val_loss=56.3753
accuracy
[0.         0.01006711 0.03355705 0.16442953]
val_loss=56.5679
accuracy
[0.         0.01006711 0.03020134 0.16442953]
val_loss=57.2077
accuracy
[0.         0.01006711 0.03020134 0.16442953]
val_loss=56.6211
accuracy
[0.         0.01342282 0.03355705 0.16442953]
val_loss=57.1942
accuracy
[0.         0.01342282 0.03355705 0.16107383]
val_loss=57.1874
accuracy
[0.         0.01342282 0.03355705 0.16107383]
val_loss=57.5474
accuracy
[0.         0.01006711 0.03355705 0.15771812]
val_loss=57.9491
accuracy
[0.         0.01006711 0.03355705 0.15771812]
val_loss=57.3957
accuracy
[0.         0.01342282 0.03355705 0.15771812]
val_loss=58.4173
accuracy
[0.         0.01342282 0.03355705 0.15771812]
val_loss=58.9555
accuracy
[0.         0.01342282 0.03355705 0.15771812]
val_loss=58.9310
accuracy
[0.         0.01006711 0.03355705 0.15771812]
val_loss=59.1133
accuracy
[0.         0.01006711 0.03355705 0.15771812]
val_loss=59.3729
accuracy
[0.         0.01006711 0.03355705 0.15771812]
val_loss=59.6086
accuracy
[0.         0.01342282 0.03355705 0.15771812]
val_loss=59.8760
accuracy
[0.         0.01006711 0.03355705 0.15771812]
val_loss=59.9712
accuracy
[0.         0.01006711 0.03355705 0.15771812]
val_loss=60.0889
accuracy
[0.         0.01006711 0.03355705 0.15771812]
val_loss=59.9126
accuracy
[0.         0.01006711 0.03355705 0.15771812]
val_loss=60.1792
accuracy
[0.         0.01006711 0.03020134 0.15771812]
val_loss=60.2975
accuracy
[0.         0.01006711 0.03020134 0.15771812]
val_loss=60.1787
accuracy
[0.         0.01006711 0.03020134 0.15771812]
val_loss=61.0755
accuracy
[0.         0.01006711 0.03020134 0.15771812]
val_loss=60.9249
accuracy
[0.         0.01006711 0.03020134 0.15771812]
val_loss=61.3543
accuracy
[0.         0.01006711 0.03020134 0.15771812]
val_loss=61.1202
accuracy
[0.         0.01006711 0.03355705 0.15771812]
val_loss=61.7115
accuracy
[0.         0.01006711 0.03020134 0.15771812]
val_loss=61.6096
accuracy
[0.         0.01006711 0.03020134 0.15771812]
val_loss=61.7194
accuracy
[0.         0.01006711 0.03355705 0.15771812]
val_loss=61.4912
accuracy
[0.         0.01006711 0.03020134 0.15771812]
val_loss=61.7724
accuracy
[0.         0.01006711 0.03020134 0.15771812]
val_loss=61.7766
accuracy
[0.         0.01006711 0.03020134 0.15771812]
val_loss=61.8309
accuracy
[0.         0.01006711 0.03020134 0.15771812]
val_loss=61.9047
accuracy
[0.         0.01006711 0.03020134 0.15771812]
val_loss=61.8537
accuracy
[0.         0.01006711 0.03020134 0.15771812]
val_loss=61.9236
accuracy
[0.         0.01006711 0.03020134 0.15771812]
val_loss=62.0328
accuracy
[0.         0.01006711 0.03020134 0.15771812]
val_loss=62.0241
accuracy
[0.         0.01006711 0.03020134 0.15771812]
val_loss=62.0554
accuracy
[0.         0.01006711 0.03020134 0.15771812]
val_loss=62.0932
accuracy
[0.         0.01006711 0.03020134 0.15771812]
val_loss=62.1546
accuracy
[0.         0.01006711 0.03020134 0.15771812]
val_loss=62.2072
accuracy
[0.         0.01006711 0.03020134 0.15771812]
val_loss=62.2290
accuracy
[0.         0.01006711 0.03020134 0.15771812]
val_loss=62.1722
accuracy
[0.         0.01006711 0.03020134 0.15771812]
val_loss=62.1464
accuracy
[0.         0.01006711 0.03020134 0.15771812]
val_loss=62.2488
accuracy
[0.         0.01006711 0.03020134 0.15771812]
val_loss=62.2963
accuracy
[0.         0.01006711 0.03020134 0.15771812]
val_loss=62.3861
accuracy
[0.         0.01006711 0.03020134 0.15771812]
val_loss=62.3981
accuracy
[0.         0.01006711 0.03020134 0.15771812]
val_loss=62.4179
accuracy
[0.         0.01006711 0.03020134 0.15771812]
Finished Training
    rehearsal replay buffer: 500 of 1928 source samples
cpu
Finished Training
cpu
Finished Training
cpu
Finished Training
cpu
Finished Training
cpu
Finished Training
cpu
Finished Training
cpu
Finished Training
cpu
Finished Training
cpu
Finished Training
cpu
Finished Training
cpu
Finished Training
cpu
Finished Training
cpu
Finished Training
cpu
Finished Training
cpu
Finished Training
cpu
Finished Training
cpu
Finished Training
cpu
Finished Training
cpu
Finished Training
cpu
Finished Training
cpu
Finished Training
cpu
Finished Training
Saved result\stage1_s1_to_s3_rehearsal_acc.mat and result\stage1_s1_to_s3_rehearsal_pwr.mat (10/10 seeds completed)

======================================================================
Rehearsal comparison: scenario2 -> scenario4  (s2_to_s4)
======================================================================
  seed 0: pretrain on scenario2 (2379 samples), zero-shot eval on scenario4 (374 held-out test samples)
cpu
-----------------------------------------------------------------------
      Layer (type)        Output Shape         Param #     Tr. Param #
=======================================================================
          Linear-1           [32, 256]           1,280           1,280
            ReLU-2           [32, 256]               0               0
          Linear-3           [32, 256]          65,792          65,792
          Linear-4           [32, 256]          65,792          65,792
          Linear-5            [32, 16]           4,112           4,112
=======================================================================
Total params: 136,976
Trainable params: 136,976
Non-trainable params: 0
-----------------------------------------------------------------------
val_loss=44.4729
accuracy
[0.00534759 0.01069519 0.01069519 0.02673797]
val_loss=40.3628
accuracy
[0.00534759 0.01871658 0.02673797 0.02941176]
val_loss=38.6035
accuracy
[0.01604278 0.01871658 0.04278075 0.06951872]
val_loss=36.8483
accuracy
[0.01336898 0.02139037 0.02406417 0.04278075]
val_loss=36.5636
accuracy
[0.01336898 0.01871658 0.03475936 0.13101604]
val_loss=39.4867
accuracy
[0.01336898 0.02139037 0.02941176 0.07486631]
val_loss=38.1832
accuracy
[0.01336898 0.02139037 0.02941176 0.07486631]
val_loss=38.3616
accuracy
[0.01336898 0.02139037 0.02941176 0.07754011]
val_loss=34.4088
accuracy
[0.01069519 0.02139037 0.02941176 0.05614973]
val_loss=37.7919
accuracy
[0.00534759 0.02139037 0.02941176 0.07219251]
val_loss=37.7212
accuracy
[0.00534759 0.02406417 0.02406417 0.06417112]
val_loss=38.8659
accuracy
[0.00534759 0.01069519 0.02406417 0.03208556]
val_loss=34.6462
accuracy
[0.00534759 0.00534759 0.02673797 0.03208556]
val_loss=34.0744
accuracy
[0.00534759 0.02139037 0.02406417 0.05882353]
val_loss=33.0392
accuracy
[0.00534759 0.01871658 0.02406417 0.05614973]
val_loss=32.8637
accuracy
[0.00534759 0.00802139 0.02406417 0.04010695]
val_loss=38.9215
accuracy
[0.0026738  0.01069519 0.01871658 0.02941176]
val_loss=33.9714
accuracy
[0.00534759 0.00802139 0.02139037 0.05080214]
val_loss=34.7516
accuracy
[0.0026738  0.00802139 0.01069519 0.02941176]
val_loss=36.6627
accuracy
[0.0026738  0.00802139 0.01069519 0.03208556]
val_loss=39.3575
accuracy
[0.0026738  0.00802139 0.01069519 0.03208556]
val_loss=41.2373
accuracy
[0.         0.00802139 0.01069519 0.03208556]
val_loss=40.8810
accuracy
[0.0026738  0.00802139 0.00802139 0.03208556]
val_loss=43.8770
accuracy
[0.0026738  0.00802139 0.01069519 0.03208556]
val_loss=44.7989
accuracy
[0.0026738  0.00802139 0.01069519 0.03208556]
val_loss=42.1212
accuracy
[0.0026738  0.00802139 0.00802139 0.03208556]
val_loss=44.9668
accuracy
[0.0026738  0.00802139 0.00802139 0.03208556]
val_loss=45.8530
accuracy
[0.0026738  0.00802139 0.00802139 0.03208556]
val_loss=46.2727
accuracy
[0.0026738  0.00802139 0.00802139 0.03208556]
val_loss=47.2939
accuracy
[0.0026738  0.00534759 0.00802139 0.03208556]
val_loss=49.3303
accuracy
[0.0026738  0.00534759 0.01069519 0.03208556]
val_loss=49.7670
accuracy
[0.0026738  0.0026738  0.01069519 0.03208556]
val_loss=49.9250
accuracy
[0.0026738  0.0026738  0.00802139 0.03208556]
val_loss=50.3046
accuracy
[0.0026738  0.0026738  0.01069519 0.03208556]
val_loss=50.5973
accuracy
[0.0026738  0.0026738  0.00802139 0.03208556]
val_loss=49.5116
accuracy
[0.0026738  0.0026738  0.00802139 0.03208556]
val_loss=52.5957
accuracy
[0.0026738  0.0026738  0.00802139 0.03208556]
val_loss=55.8371
accuracy
[0.0026738  0.0026738  0.01069519 0.03208556]
val_loss=55.7846
accuracy
[0.0026738  0.0026738  0.01069519 0.03208556]
val_loss=56.2859
accuracy
[0.0026738  0.0026738  0.01069519 0.03208556]
val_loss=55.9968
accuracy
[0.0026738  0.0026738  0.00802139 0.03208556]
val_loss=56.1671
accuracy
[0.0026738  0.0026738  0.00802139 0.03208556]
val_loss=56.2476
accuracy
[0.0026738  0.0026738  0.00802139 0.03208556]
val_loss=56.9293
accuracy
[0.0026738  0.0026738  0.00802139 0.03208556]
val_loss=56.6938
accuracy
[0.0026738  0.0026738  0.00802139 0.03208556]
val_loss=56.8334
accuracy
[0.0026738  0.0026738  0.00802139 0.03208556]
val_loss=57.1746
accuracy
[0.0026738  0.0026738  0.00534759 0.03208556]
val_loss=57.6615
accuracy
[0.0026738  0.0026738  0.00802139 0.03208556]
val_loss=57.5050
accuracy
[0.0026738  0.0026738  0.00534759 0.03208556]
val_loss=57.6789
accuracy
[0.0026738  0.0026738  0.00802139 0.03208556]
val_loss=57.6872
accuracy
[0.0026738  0.0026738  0.00534759 0.03208556]
val_loss=58.4357
accuracy
[0.0026738  0.0026738  0.00534759 0.03208556]
val_loss=58.5637
accuracy
[0.0026738  0.0026738  0.00534759 0.03208556]
val_loss=58.6298
accuracy
[0.0026738  0.0026738  0.00534759 0.03208556]
val_loss=59.1951
accuracy
[0.0026738  0.0026738  0.00534759 0.03208556]
val_loss=58.8047
accuracy
[0.0026738  0.0026738  0.00534759 0.03208556]
val_loss=58.8855
accuracy
[0.0026738  0.0026738  0.00534759 0.03208556]
val_loss=59.9597
accuracy
[0.0026738  0.0026738  0.00534759 0.03208556]
val_loss=59.4202
accuracy
[0.0026738  0.0026738  0.00534759 0.03208556]
val_loss=59.4590
accuracy
[0.0026738  0.0026738  0.00534759 0.02941176]
val_loss=59.6980
accuracy
[0.0026738  0.0026738  0.00534759 0.02941176]
val_loss=59.7660
accuracy
[0.0026738  0.0026738  0.00534759 0.03208556]
val_loss=59.8647
accuracy
[0.0026738  0.0026738  0.00534759 0.02941176]
val_loss=59.9958
accuracy
[0.0026738  0.0026738  0.00534759 0.02941176]
val_loss=60.0530
accuracy
[0.0026738  0.0026738  0.00534759 0.02941176]
val_loss=60.1684
accuracy
[0.0026738  0.0026738  0.00534759 0.02673797]
val_loss=60.2642
accuracy
[0.0026738  0.0026738  0.00534759 0.02673797]
val_loss=60.2780
accuracy
[0.0026738  0.0026738  0.00534759 0.02673797]
val_loss=60.3447
accuracy
[0.0026738  0.0026738  0.00534759 0.02673797]
val_loss=60.2675
accuracy
[0.0026738  0.0026738  0.00534759 0.02673797]
val_loss=60.3289
accuracy
[0.0026738  0.0026738  0.00534759 0.02673797]
val_loss=60.4574
accuracy
[0.0026738  0.0026738  0.00534759 0.02673797]
val_loss=60.4992
accuracy
[0.0026738  0.0026738  0.00534759 0.02673797]
val_loss=60.5686
accuracy
[0.0026738  0.0026738  0.00534759 0.02673797]
val_loss=60.6079
accuracy
[0.0026738  0.0026738  0.0026738  0.02673797]
val_loss=60.6041
accuracy
[0.0026738  0.0026738  0.0026738  0.02673797]
val_loss=60.6168
accuracy
[0.0026738  0.0026738  0.0026738  0.02673797]
val_loss=60.7991
accuracy
[0.0026738  0.0026738  0.0026738  0.02406417]
val_loss=60.7592
accuracy
[0.0026738  0.0026738  0.0026738  0.02673797]
val_loss=60.7650
accuracy
[0.0026738  0.0026738  0.00534759 0.02673797]
Finished Training
    rehearsal replay buffer: 500 of 2379 source samples
cpu
Finished Training
cpu
Finished Training
cpu
Finished Training
cpu
Finished Training
cpu
Finished Training
cpu
Finished Training
cpu
Finished Training
cpu
Finished Training
cpu
Finished Training
cpu
Finished Training
cpu
Finished Training
cpu
Finished Training
cpu
Finished Training
cpu
Finished Training
cpu
Finished Training
cpu
Finished Training
cpu
Finished Training
cpu
Finished Training
cpu
Finished Training
cpu
Finished Training
cpu
Finished Training
cpu
Finished Training
  seed 1: pretrain on scenario2 (2379 samples), zero-shot eval on scenario4 (374 held-out test samples)
cpu
-----------------------------------------------------------------------
      Layer (type)        Output Shape         Param #     Tr. Param #
=======================================================================
          Linear-1           [32, 256]           1,280           1,280
            ReLU-2           [32, 256]               0               0
          Linear-3           [32, 256]          65,792          65,792
          Linear-4           [32, 256]          65,792          65,792
          Linear-5            [32, 16]           4,112           4,112
=======================================================================
Total params: 136,976
Trainable params: 136,976
Non-trainable params: 0
-----------------------------------------------------------------------
val_loss=55.5786
accuracy
[0.0026738  0.01069519 0.01069519 0.01336898]
val_loss=28.4752
accuracy
[0.0026738  0.01336898 0.01336898 0.13636364]
val_loss=26.8376
accuracy
[0.00534759 0.01604278 0.02406417 0.07754011]
val_loss=28.9245
accuracy
[0.00534759 0.01336898 0.01871658 0.08823529]
val_loss=21.9013
accuracy
[0.01069519 0.02941176 0.04545455 0.15240642]
val_loss=27.6840
accuracy
[0.00802139 0.02941176 0.05614973 0.18983957]
val_loss=36.0204
accuracy
[0.0026738  0.02139037 0.04545455 0.17914439]
val_loss=28.4503
accuracy
[0.02941176 0.06417112 0.12566845 0.18983957]
val_loss=34.7417
accuracy
[0.02673797 0.04812834 0.0855615  0.13903743]
val_loss=32.7423
accuracy
[0.02673797 0.06684492 0.09625668 0.13636364]
val_loss=36.9393
accuracy
[0.02941176 0.09090909 0.11497326 0.18716578]
val_loss=31.7140
accuracy
[0.02941176 0.06684492 0.0828877  0.18449198]
val_loss=40.8340
accuracy
[0.01069519 0.02406417 0.05080214 0.11497326]
val_loss=38.5224
accuracy
[0.01336898 0.03475936 0.06417112 0.17112299]
val_loss=40.7144
accuracy
[0.01336898 0.04010695 0.05882353 0.1631016 ]
val_loss=38.0762
accuracy
[0.05614973 0.07219251 0.10427807 0.18716578]
val_loss=42.5120
accuracy
[0.01604278 0.05614973 0.07219251 0.13903743]
val_loss=39.1452
accuracy
[0.01604278 0.04010695 0.06149733 0.17112299]
val_loss=39.1729
accuracy
[0.0026738  0.01871658 0.04545455 0.12299465]
val_loss=48.6544
accuracy
[0.02941176 0.04812834 0.09090909 0.1631016 ]
val_loss=45.2922
accuracy
[0.00534759 0.00802139 0.02406417 0.12299465]
val_loss=44.2559
accuracy
[0.00534759 0.03208556 0.06684492 0.14973262]
val_loss=44.3943
accuracy
[0.0026738  0.00802139 0.02406417 0.14705882]
val_loss=44.1905
accuracy
[0.0026738  0.00802139 0.02673797 0.15508021]
val_loss=44.2129
accuracy
[0.00534759 0.00802139 0.02139037 0.14973262]
val_loss=44.9346
accuracy
[0.0026738  0.00802139 0.01871658 0.15508021]
val_loss=43.9898
accuracy
[0.0026738  0.00802139 0.02139037 0.15240642]
val_loss=43.0660
accuracy
[0.0026738  0.00802139 0.01871658 0.14973262]
val_loss=43.7281
accuracy
[0.0026738  0.00802139 0.02139037 0.15508021]
val_loss=43.8753
accuracy
[0.00534759 0.00802139 0.01336898 0.15775401]
val_loss=42.7658
accuracy
[0.00534759 0.00802139 0.01604278 0.16042781]
val_loss=45.1677
accuracy
[0.00534759 0.00802139 0.01336898 0.12299465]
val_loss=43.8109
accuracy
[0.0026738  0.00802139 0.01871658 0.14705882]
val_loss=43.1012
accuracy
[0.00534759 0.00802139 0.01336898 0.11497326]
val_loss=45.8458
accuracy
[0.00534759 0.00802139 0.01336898 0.09625668]
val_loss=44.7711
accuracy
[0.00534759 0.00802139 0.01871658 0.08823529]
val_loss=41.6583
accuracy
[0.00534759 0.00802139 0.01336898 0.12566845]
val_loss=44.0488
accuracy
[0.00534759 0.00802139 0.01069519 0.06951872]
val_loss=44.5552
accuracy
[0.00534759 0.00802139 0.01336898 0.11764706]
val_loss=44.2202
accuracy
[0.00534759 0.00802139 0.01336898 0.07486631]
val_loss=44.2393
accuracy
[0.00534759 0.00802139 0.01069519 0.07486631]
val_loss=43.9474
accuracy
[0.00534759 0.00802139 0.01069519 0.0802139 ]
val_loss=44.4776
accuracy
[0.00534759 0.00802139 0.01069519 0.0802139 ]
val_loss=45.0146
accuracy
[0.00534759 0.01069519 0.01069519 0.07219251]
val_loss=44.8099
accuracy
[0.00534759 0.00802139 0.01069519 0.07486631]
val_loss=45.2100
accuracy
[0.00534759 0.01069519 0.01069519 0.07219251]
val_loss=45.4731
accuracy
[0.00534759 0.00802139 0.01069519 0.07486631]
val_loss=44.5315
accuracy
[0.00534759 0.01069519 0.01069519 0.07486631]
val_loss=45.3843
accuracy
[0.00534759 0.01069519 0.01069519 0.07219251]
val_loss=45.3065
accuracy
[0.00534759 0.01069519 0.01069519 0.07486631]
val_loss=45.7702
accuracy
[0.00534759 0.01069519 0.01069519 0.06684492]
val_loss=45.3272
accuracy
[0.00534759 0.01069519 0.01069519 0.06684492]
val_loss=45.4717
accuracy
[0.00534759 0.01069519 0.01069519 0.07219251]
val_loss=45.1562
accuracy
[0.00534759 0.00802139 0.01069519 0.07486631]
val_loss=45.3391
accuracy
[0.00534759 0.01069519 0.01069519 0.07219251]
val_loss=45.6726
accuracy
[0.00534759 0.01069519 0.01069519 0.07219251]
val_loss=46.0878
accuracy
[0.00534759 0.01069519 0.01069519 0.06951872]
val_loss=45.8089
accuracy
[0.00534759 0.00802139 0.01069519 0.07486631]
val_loss=45.6967
accuracy
[0.00534759 0.01069519 0.01069519 0.05882353]
val_loss=45.7876
accuracy
[0.00534759 0.01069519 0.01069519 0.06417112]
val_loss=45.7096
accuracy
[0.00534759 0.01069519 0.01069519 0.06417112]
val_loss=45.7740
accuracy
[0.00534759 0.01069519 0.01069519 0.06149733]
val_loss=45.7543
accuracy
[0.00534759 0.01069519 0.01069519 0.06149733]
val_loss=45.8114
accuracy
[0.00534759 0.01069519 0.01069519 0.06149733]
val_loss=45.9504
accuracy
[0.00534759 0.01069519 0.01069519 0.06149733]
val_loss=45.9970
accuracy
[0.00534759 0.01069519 0.01069519 0.06149733]
val_loss=45.9097
accuracy
[0.00534759 0.01069519 0.01069519 0.06149733]
val_loss=46.0843
accuracy
[0.00534759 0.01069519 0.01069519 0.06149733]
val_loss=46.0924
accuracy
[0.00534759 0.01069519 0.01069519 0.06149733]
val_loss=46.1041
accuracy
[0.00534759 0.01069519 0.01069519 0.06149733]
val_loss=46.0666
accuracy
[0.00534759 0.01069519 0.01069519 0.06149733]
val_loss=46.1478
accuracy
[0.00534759 0.01069519 0.01069519 0.06149733]
val_loss=46.2495
accuracy
[0.00534759 0.01069519 0.01069519 0.06149733]
val_loss=46.2440
accuracy
[0.00534759 0.01069519 0.01069519 0.06149733]
val_loss=46.4163
accuracy
[0.00534759 0.01069519 0.01069519 0.05347594]
val_loss=46.3389
accuracy
[0.00534759 0.01069519 0.01069519 0.05347594]
val_loss=46.3000
accuracy
[0.00534759 0.01069519 0.01069519 0.06149733]
val_loss=46.4877
accuracy
[0.00534759 0.01069519 0.01069519 0.05347594]
val_loss=46.4013
accuracy
[0.00534759 0.01069519 0.01069519 0.05347594]
val_loss=46.4481
accuracy
[0.00534759 0.01069519 0.01069519 0.05614973]
Finished Training
    rehearsal replay buffer: 500 of 2379 source samples
cpu
Finished Training
cpu
Finished Training
cpu
Finished Training
cpu
Finished Training
cpu
Finished Training
cpu
Finished Training
cpu
Finished Training
cpu
Finished Training
cpu
Finished Training
cpu
Finished Training
cpu
Finished Training
cpu
Finished Training
cpu
Finished Training
cpu
Finished Training
cpu
Finished Training
cpu
Finished Training
cpu
Finished Training
cpu
Finished Training
cpu
Finished Training
cpu
Finished Training
cpu
Finished Training
cpu
Finished Training
  seed 2: pretrain on scenario2 (2379 samples), zero-shot eval on scenario4 (374 held-out test samples)
cpu
-----------------------------------------------------------------------
      Layer (type)        Output Shape         Param #     Tr. Param #
=======================================================================
          Linear-1           [32, 256]           1,280           1,280
            ReLU-2           [32, 256]               0               0
          Linear-3           [32, 256]          65,792          65,792
          Linear-4           [32, 256]          65,792          65,792
          Linear-5            [32, 16]           4,112           4,112
=======================================================================
Total params: 136,976
Trainable params: 136,976
Non-trainable params: 0
-----------------------------------------------------------------------
val_loss=43.9041
accuracy
[0.00534759 0.01336898 0.01336898 0.02139037]
val_loss=26.1703
accuracy
[0.00534759 0.01069519 0.01069519 0.02406417]
val_loss=29.9686
accuracy
[0.00534759 0.01069519 0.01871658 0.03475936]
val_loss=25.6503
accuracy
[0.00802139 0.01604278 0.01604278 0.03475936]
val_loss=21.1202
accuracy
[0.00534759 0.01336898 0.01871658 0.05080214]
val_loss=21.9044
accuracy
[0.00534759 0.01336898 0.03208556 0.0828877 ]
val_loss=28.0506
accuracy
[0.00802139 0.01336898 0.02139037 0.0828877 ]
val_loss=24.2132
accuracy
[0.00802139 0.01336898 0.01871658 0.07486631]
val_loss=32.6212
accuracy
[0.00534759 0.01336898 0.01871658 0.07486631]
val_loss=29.8811
accuracy
[0.00534759 0.01336898 0.01604278 0.05347594]
val_loss=29.2425
accuracy
[0.00534759 0.01336898 0.01871658 0.05882353]
val_loss=24.8911
accuracy
[0.00802139 0.01336898 0.01604278 0.07486631]
val_loss=27.0224
accuracy
[0.00534759 0.01069519 0.01604278 0.04278075]
val_loss=32.2854
accuracy
[0.00802139 0.01336898 0.01871658 0.04812834]
val_loss=30.1179
accuracy
[0.00534759 0.00802139 0.01871658 0.07486631]
val_loss=34.1358
accuracy
[0.00802139 0.01336898 0.01871658 0.04010695]
val_loss=32.2755
accuracy
[0.00802139 0.01336898 0.01871658 0.07219251]
val_loss=29.6100
accuracy
[0.00802139 0.01604278 0.01871658 0.05347594]
val_loss=36.6536
accuracy
[0.00802139 0.01336898 0.01604278 0.07219251]
val_loss=33.8119
accuracy
[0.00802139 0.01336898 0.01871658 0.07486631]
val_loss=36.6981
accuracy
[0.00802139 0.01336898 0.01871658 0.04010695]
val_loss=37.5179
accuracy
[0.00802139 0.01336898 0.01871658 0.04812834]
val_loss=38.3444
accuracy
[0.00802139 0.01336898 0.01871658 0.05347594]
val_loss=38.3966
accuracy
[0.00802139 0.01336898 0.01871658 0.06684492]
val_loss=37.7372
accuracy
[0.00534759 0.01336898 0.01871658 0.06149733]
val_loss=38.1766
accuracy
[0.00802139 0.01336898 0.01871658 0.06417112]
val_loss=39.1782
accuracy
[0.00534759 0.01336898 0.01604278 0.07486631]
val_loss=39.9323
accuracy
[0.0026738  0.01336898 0.01871658 0.06417112]
val_loss=39.3444
accuracy
[0.00802139 0.01336898 0.01871658 0.06951872]
val_loss=40.5758
accuracy
[0.0026738  0.01336898 0.01604278 0.07486631]
val_loss=40.9614
accuracy
[0.00534759 0.01336898 0.01871658 0.07486631]
val_loss=41.4382
accuracy
[0.00534759 0.01336898 0.01604278 0.07219251]
val_loss=42.2541
accuracy
[0.00534759 0.01336898 0.01336898 0.06951872]
val_loss=42.5558
accuracy
[0.00534759 0.01336898 0.01604278 0.06951872]
val_loss=43.1369
accuracy
[0.00534759 0.01336898 0.01336898 0.06417112]
val_loss=43.5704
accuracy
[0.00534759 0.01336898 0.01336898 0.05882353]
val_loss=43.0640
accuracy
[0.00534759 0.01336898 0.01871658 0.05882353]
val_loss=43.5370
accuracy
[0.00534759 0.01336898 0.01336898 0.05882353]
val_loss=45.4981
accuracy
[0.00534759 0.01069519 0.01336898 0.05080214]
val_loss=44.7419
accuracy
[0.00534759 0.01069519 0.01336898 0.04545455]
val_loss=44.7661
accuracy
[0.00534759 0.01069519 0.01336898 0.05080214]
val_loss=45.0242
accuracy
[0.00534759 0.01069519 0.01604278 0.05347594]
val_loss=45.5605
accuracy
[0.00534759 0.01069519 0.01604278 0.05080214]
val_loss=46.0387
accuracy
[0.00534759 0.01069519 0.01604278 0.05080214]
val_loss=46.1012
accuracy
[0.00534759 0.01069519 0.01604278 0.05080214]
val_loss=46.4869
accuracy
[0.00534759 0.01069519 0.01336898 0.04545455]
val_loss=46.9028
accuracy
[0.00534759 0.01069519 0.01336898 0.05080214]
val_loss=47.0861
accuracy
[0.00534759 0.01069519 0.01604278 0.05080214]
val_loss=46.7381
accuracy
[0.00534759 0.01069519 0.01604278 0.05080214]
val_loss=46.8532
accuracy
[0.00534759 0.01069519 0.01604278 0.05080214]
val_loss=47.5196
accuracy
[0.00534759 0.01069519 0.01604278 0.04545455]
val_loss=47.7976
accuracy
[0.00534759 0.01069519 0.01069519 0.04545455]
val_loss=47.6345
accuracy
[0.00534759 0.01069519 0.01336898 0.04812834]
val_loss=48.0369
accuracy
[0.00534759 0.01069519 0.01069519 0.04545455]
val_loss=48.1340
accuracy
[0.00534759 0.01069519 0.01336898 0.04545455]
val_loss=48.5291
accuracy
[0.00534759 0.01069519 0.01336898 0.04545455]
val_loss=48.6601
accuracy
[0.00534759 0.01069519 0.01069519 0.04545455]
val_loss=48.9349
accuracy
[0.00534759 0.01069519 0.01069519 0.04545455]
val_loss=48.5557
accuracy
[0.00534759 0.01069519 0.01069519 0.04545455]
val_loss=49.0924
accuracy
[0.00534759 0.01069519 0.01069519 0.04278075]
val_loss=48.8913
accuracy
[0.00534759 0.01069519 0.01069519 0.04545455]
val_loss=49.1230
accuracy
[0.00534759 0.01069519 0.01069519 0.04545455]
val_loss=49.1093
accuracy
[0.00534759 0.01069519 0.01069519 0.04278075]
val_loss=49.2582
accuracy
[0.00534759 0.01069519 0.01069519 0.04278075]
val_loss=49.1651
accuracy
[0.00534759 0.01069519 0.01069519 0.04278075]
val_loss=49.3483
accuracy
[0.00534759 0.01069519 0.01069519 0.04278075]
val_loss=49.4066
accuracy
[0.00534759 0.01069519 0.01069519 0.04278075]
val_loss=49.3317
accuracy
[0.00534759 0.01069519 0.01069519 0.04278075]
val_loss=49.3963
accuracy
[0.00534759 0.01069519 0.01069519 0.04278075]
val_loss=49.5038
accuracy
[0.00534759 0.01069519 0.01069519 0.04278075]
val_loss=49.5220
accuracy
[0.00534759 0.01069519 0.01336898 0.04278075]
val_loss=49.5902
accuracy
[0.00534759 0.01069519 0.01336898 0.04278075]
val_loss=49.5018
accuracy
[0.00534759 0.01069519 0.01069519 0.04278075]
val_loss=49.6261
accuracy
[0.00534759 0.01069519 0.01069519 0.04278075]
val_loss=49.7259
accuracy
[0.00534759 0.01069519 0.01336898 0.04278075]
val_loss=49.6953
accuracy
[0.00534759 0.01069519 0.01336898 0.04278075]
val_loss=49.8311
accuracy
[0.00534759 0.01069519 0.01336898 0.04278075]
val_loss=49.8051
accuracy
[0.00534759 0.01069519 0.01604278 0.04278075]
val_loss=49.8567
accuracy
[0.00534759 0.01069519 0.01604278 0.04010695]
val_loss=49.8765
accuracy
[0.00534759 0.01069519 0.01604278 0.04010695]
Finished Training
    rehearsal replay buffer: 500 of 2379 source samples
cpu
Finished Training
cpu
Finished Training
cpu
Finished Training
cpu
Finished Training
cpu
Finished Training
cpu
Finished Training
cpu
Finished Training
cpu
Finished Training
cpu
Finished Training
cpu
Finished Training
cpu
Finished Training
cpu
Finished Training
cpu
Finished Training
cpu
Finished Training
cpu
Finished Training
cpu
Finished Training
cpu
Finished Training
cpu
Finished Training
cpu
Finished Training
cpu
Finished Training
cpu
Finished Training
cpu
Finished Training
  seed 3: pretrain on scenario2 (2379 samples), zero-shot eval on scenario4 (374 held-out test samples)
cpu
-----------------------------------------------------------------------
      Layer (type)        Output Shape         Param #     Tr. Param #
=======================================================================
          Linear-1           [32, 256]           1,280           1,280
            ReLU-2           [32, 256]               0               0
          Linear-3           [32, 256]          65,792          65,792
          Linear-4           [32, 256]          65,792          65,792
          Linear-5            [32, 16]           4,112           4,112
=======================================================================
Total params: 136,976
Trainable params: 136,976
Non-trainable params: 0
-----------------------------------------------------------------------
val_loss=45.3344
accuracy
[0.0026738  0.00802139 0.01336898 0.02941176]
val_loss=24.2679
accuracy
[0.01069519 0.02406417 0.03743316 0.06684492]
val_loss=20.6363
accuracy
[0.0026738  0.01069519 0.02406417 0.06149733]
val_loss=22.7885
accuracy
[0.00534759 0.01871658 0.03208556 0.05614973]
val_loss=23.8365
accuracy
[0.00802139 0.01604278 0.03208556 0.06951872]
val_loss=23.0320
accuracy
[0.00802139 0.02139037 0.03743316 0.06417112]
val_loss=21.8746
accuracy
[0.01069519 0.02406417 0.03475936 0.11497326]
val_loss=24.1347
accuracy
[0.00534759 0.01871658 0.02941176 0.09090909]
val_loss=30.5741
accuracy
[0.00802139 0.01871658 0.02941176 0.08823529]
val_loss=25.1216
accuracy
[0.01069519 0.02139037 0.03208556 0.12834225]
val_loss=23.2311
accuracy
[0.01069519 0.02139037 0.03208556 0.09893048]
val_loss=28.4111
accuracy
[0.00802139 0.01604278 0.02941176 0.07219251]
val_loss=30.5581
accuracy
[0.01069519 0.02673797 0.03208556 0.06951872]
val_loss=33.4547
accuracy
[0.01069519 0.02673797 0.02941176 0.0802139 ]
val_loss=29.6481
accuracy
[0.01069519 0.02673797 0.03208556 0.07219251]
val_loss=30.7263
accuracy
[0.00534759 0.01871658 0.03208556 0.05347594]
val_loss=27.3727
accuracy
[0.00534759 0.01871658 0.03208556 0.07219251]
val_loss=27.3649
accuracy
[0.01069519 0.01604278 0.03208556 0.06951872]
val_loss=32.7086
accuracy
[0.00802139 0.01871658 0.03208556 0.06951872]
val_loss=25.5381
accuracy
[0.00534759 0.01604278 0.03208556 0.05882353]
val_loss=31.4235
accuracy
[0.00802139 0.01871658 0.03208556 0.06951872]
val_loss=33.8424
accuracy
[0.00534759 0.01871658 0.03208556 0.06149733]
val_loss=33.3097
accuracy
[0.00802139 0.01871658 0.03208556 0.06684492]
val_loss=32.9532
accuracy
[0.01069519 0.01871658 0.03208556 0.06149733]
val_loss=33.9131
accuracy
[0.00534759 0.01871658 0.03208556 0.06149733]
val_loss=33.6784
accuracy
[0.00802139 0.01871658 0.03208556 0.06149733]
val_loss=34.4804
accuracy
[0.00534759 0.01871658 0.03208556 0.06149733]
val_loss=32.5565
accuracy
[0.00534759 0.01871658 0.03208556 0.06149733]
val_loss=32.6313
accuracy
[0.00534759 0.01871658 0.03208556 0.05347594]
val_loss=33.6128
accuracy
[0.00802139 0.01871658 0.03208556 0.06149733]
val_loss=33.9917
accuracy
[0.00534759 0.01871658 0.03208556 0.05614973]
val_loss=34.7706
accuracy
[0.00534759 0.01871658 0.03208556 0.05347594]
val_loss=34.0484
accuracy
[0.00534759 0.01871658 0.02139037 0.04278075]
val_loss=34.4919
accuracy
[0.00534759 0.01871658 0.02139037 0.04812834]
val_loss=35.7307
accuracy
[0.00534759 0.01871658 0.02406417 0.04812834]
val_loss=35.1607
accuracy
[0.00534759 0.01604278 0.02139037 0.04278075]
val_loss=34.0069
accuracy
[0.00534759 0.01871658 0.02406417 0.04278075]
val_loss=34.7747
accuracy
[0.00534759 0.01604278 0.02406417 0.04812834]
val_loss=36.2818
accuracy
[0.00534759 0.01336898 0.02406417 0.04812834]
val_loss=35.2687
accuracy
[0.00534759 0.01336898 0.02406417 0.04812834]
val_loss=35.4272
accuracy
[0.00534759 0.01604278 0.02406417 0.04812834]
val_loss=35.7292
accuracy
[0.00534759 0.01871658 0.02406417 0.04812834]
val_loss=36.0877
accuracy
[0.00534759 0.01336898 0.02406417 0.04812834]
val_loss=36.2930
accuracy
[0.00534759 0.00802139 0.02406417 0.04812834]
val_loss=36.6425
accuracy
[0.00534759 0.01336898 0.02406417 0.04812834]
val_loss=36.3036
accuracy
[0.00534759 0.01336898 0.02406417 0.04812834]
val_loss=36.7835
accuracy
[0.00534759 0.01069519 0.02406417 0.04812834]
val_loss=36.4712
accuracy
[0.00534759 0.01336898 0.02406417 0.04812834]
val_loss=36.7804
accuracy
[0.00534759 0.01336898 0.02406417 0.04812834]
val_loss=36.7475
accuracy
[0.00534759 0.00802139 0.02406417 0.04812834]
val_loss=36.7382
accuracy
[0.00534759 0.00802139 0.02406417 0.04812834]
val_loss=37.2802
accuracy
[0.00534759 0.00802139 0.02406417 0.04545455]
val_loss=37.2623
accuracy
[0.00534759 0.00802139 0.02406417 0.04812834]
val_loss=36.9809
accuracy
[0.00534759 0.00802139 0.02406417 0.04812834]
val_loss=37.5700
accuracy
[0.00534759 0.01069519 0.02406417 0.04278075]
val_loss=37.3800
accuracy
[0.00534759 0.01069519 0.02406417 0.04278075]
val_loss=37.4917
accuracy
[0.0026738  0.01069519 0.02406417 0.04010695]
val_loss=37.9026
accuracy
[0.00534759 0.01069519 0.02406417 0.04010695]
val_loss=37.7041
accuracy
[0.00534759 0.01069519 0.02406417 0.04010695]
val_loss=38.0339
accuracy
[0.         0.01069519 0.02406417 0.03743316]
val_loss=37.9099
accuracy
[0.0026738  0.01069519 0.02406417 0.04010695]
val_loss=37.9397
accuracy
[0.0026738  0.01069519 0.02406417 0.03743316]
val_loss=38.0151
accuracy
[0.0026738  0.01069519 0.02406417 0.04010695]
val_loss=37.9535
accuracy
[0.0026738  0.01069519 0.02406417 0.04010695]
val_loss=38.0931
accuracy
[0.0026738  0.01069519 0.02406417 0.03743316]
val_loss=37.9654
accuracy
[0.0026738  0.01069519 0.02406417 0.03743316]
val_loss=38.0381
accuracy
[0.0026738  0.01069519 0.02406417 0.03743316]
val_loss=38.0744
accuracy
[0.0026738  0.01069519 0.02406417 0.03743316]
val_loss=38.1017
accuracy
[0.0026738  0.01069519 0.02406417 0.03743316]
val_loss=38.1683
accuracy
[0.         0.01069519 0.02406417 0.03743316]
val_loss=38.1166
accuracy
[0.0026738  0.01069519 0.02406417 0.03743316]
val_loss=38.1680
accuracy
[0.0026738  0.01069519 0.02406417 0.03743316]
val_loss=38.1886
accuracy
[0.         0.01069519 0.02406417 0.03743316]
val_loss=38.1077
accuracy
[0.0026738  0.01069519 0.02406417 0.03743316]
val_loss=38.1852
accuracy
[0.0026738  0.01069519 0.02406417 0.03743316]
val_loss=38.2298
accuracy
[0.         0.01069519 0.02406417 0.03743316]
val_loss=38.2098
accuracy
[0.         0.01069519 0.02406417 0.03743316]
val_loss=38.3445
accuracy
[0.         0.01069519 0.02406417 0.03743316]
val_loss=38.3253
accuracy
[0.         0.01069519 0.02406417 0.03743316]
val_loss=38.3518
accuracy
[0.         0.01069519 0.02406417 0.03743316]
Finished Training
    rehearsal replay buffer: 500 of 2379 source samples
cpu
Finished Training
cpu
Finished Training
cpu
Finished Training
cpu
Finished Training
cpu
Finished Training
cpu
Finished Training
cpu
Finished Training
cpu
Finished Training
cpu
Finished Training
cpu
Finished Training
cpu
Finished Training
cpu
Finished Training
cpu
Finished Training
cpu
Finished Training
cpu
Finished Training
cpu
Finished Training
cpu
Finished Training
cpu
Finished Training
cpu
Finished Training
cpu
Finished Training
cpu
Finished Training
cpu
Finished Training
  seed 4: pretrain on scenario2 (2379 samples), zero-shot eval on scenario4 (374 held-out test samples)
cpu
-----------------------------------------------------------------------
      Layer (type)        Output Shape         Param #     Tr. Param #
=======================================================================
          Linear-1           [32, 256]           1,280           1,280
            ReLU-2           [32, 256]               0               0
          Linear-3           [32, 256]          65,792          65,792
          Linear-4           [32, 256]          65,792          65,792
          Linear-5            [32, 16]           4,112           4,112
=======================================================================
Total params: 136,976
Trainable params: 136,976
Non-trainable params: 0
-----------------------------------------------------------------------
val_loss=44.2942
accuracy
[0.0026738  0.00802139 0.01871658 0.03208556]
val_loss=29.7087
accuracy
[0.01336898 0.01604278 0.01871658 0.11497326]
val_loss=23.0268
accuracy
[0.01069519 0.02139037 0.02941176 0.19786096]
val_loss=24.1125
accuracy
[0.01069519 0.02139037 0.03208556 0.11764706]
val_loss=19.4261
accuracy
[0.01069519 0.01871658 0.02941176 0.10427807]
val_loss=21.1761
accuracy
[0.02139037 0.03743316 0.05614973 0.17914439]
val_loss=19.0132
accuracy
[0.00534759 0.02139037 0.04278075 0.12566845]
val_loss=22.3423
accuracy
[0.01069519 0.02673797 0.04545455 0.10160428]
val_loss=29.1798
accuracy
[0.01069519 0.02139037 0.03208556 0.08823529]
val_loss=22.8999
accuracy
[0.01069519 0.01871658 0.02941176 0.05347594]
val_loss=27.3857
accuracy
[0.01069519 0.02139037 0.03208556 0.07219251]
val_loss=33.9438
accuracy
[0.01336898 0.03743316 0.04812834 0.10695187]
val_loss=31.6665
accuracy
[0.0026738  0.01336898 0.02406417 0.05347594]
val_loss=35.2297
accuracy
[0.01069519 0.02139037 0.03208556 0.06684492]
val_loss=32.4643
accuracy
[0.01069519 0.02673797 0.04010695 0.06684492]
val_loss=35.0181
accuracy
[0.01069519 0.01604278 0.03208556 0.07219251]
val_loss=32.1921
accuracy
[0.0026738  0.01604278 0.01871658 0.05080214]
val_loss=32.7041
accuracy
[0.0026738  0.01336898 0.01871658 0.06149733]
val_loss=31.5444
accuracy
[0.00534759 0.01069519 0.01871658 0.07486631]
val_loss=31.7238
accuracy
[0.0026738  0.01336898 0.01871658 0.05882353]
val_loss=35.4712
accuracy
[0.0026738  0.00802139 0.01871658 0.05614973]
val_loss=34.8508
accuracy
[0.0026738  0.01604278 0.01871658 0.06417112]
val_loss=34.8813
accuracy
[0.0026738  0.01604278 0.01871658 0.06951872]
val_loss=34.7349
accuracy
[0.0026738  0.01604278 0.01871658 0.07219251]
val_loss=34.8766
accuracy
[0.0026738  0.00802139 0.01871658 0.06417112]
val_loss=36.1407
accuracy
[0.0026738  0.00802139 0.01871658 0.06417112]
val_loss=36.2432
accuracy
[0.0026738  0.00802139 0.01871658 0.06417112]
val_loss=34.3145
accuracy
[0.0026738  0.00534759 0.01871658 0.06417112]
val_loss=36.8076
accuracy
[0.0026738  0.00802139 0.01871658 0.07754011]
val_loss=35.4804
accuracy
[0.0026738  0.00802139 0.01871658 0.07754011]
val_loss=36.4375
accuracy
[0.0026738  0.00802139 0.01871658 0.07754011]
val_loss=37.4005
accuracy
[0.0026738  0.00802139 0.01871658 0.09358289]
val_loss=35.8225
accuracy
[0.0026738  0.00802139 0.01871658 0.07754011]
val_loss=37.9950
accuracy
[0.0026738  0.00802139 0.01871658 0.05614973]
val_loss=36.8669
accuracy
[0.0026738  0.00802139 0.01871658 0.05614973]
val_loss=36.8140
accuracy
[0.00534759 0.00802139 0.01871658 0.06684492]
val_loss=37.4877
accuracy
[0.00534759 0.00802139 0.01871658 0.05614973]
val_loss=38.9041
accuracy
[0.00534759 0.00802139 0.01871658 0.06684492]
val_loss=37.1939
accuracy
[0.0026738  0.00802139 0.01871658 0.06149733]
val_loss=38.0062
accuracy
[0.00534759 0.00802139 0.00802139 0.04278075]
val_loss=38.9110
accuracy
[0.00534759 0.00802139 0.00802139 0.04812834]
val_loss=38.3888
accuracy
[0.00534759 0.00802139 0.00802139 0.04812834]
val_loss=38.8335
accuracy
[0.00534759 0.00802139 0.00802139 0.04812834]
val_loss=38.4227
accuracy
[0.00534759 0.00802139 0.00802139 0.05614973]
val_loss=39.1350
accuracy
[0.00534759 0.00802139 0.00802139 0.05080214]
val_loss=39.1240
accuracy
[0.00534759 0.00802139 0.00802139 0.05614973]
val_loss=39.8635
accuracy
[0.00534759 0.00802139 0.00802139 0.05882353]
val_loss=39.5089
accuracy
[0.00534759 0.00802139 0.00802139 0.05614973]
val_loss=39.6996
accuracy
[0.00534759 0.00802139 0.00802139 0.05347594]
val_loss=39.6686
accuracy
[0.00534759 0.00802139 0.00802139 0.05347594]
val_loss=39.6277
accuracy
[0.00534759 0.00802139 0.00802139 0.05614973]
val_loss=40.2242
accuracy
[0.00534759 0.00802139 0.00802139 0.05614973]
val_loss=40.1498
accuracy
[0.00534759 0.00802139 0.00802139 0.05614973]
val_loss=40.5250
accuracy
[0.00534759 0.00802139 0.01069519 0.05347594]
val_loss=40.2790
accuracy
[0.00534759 0.00802139 0.00802139 0.05614973]
val_loss=40.5503
accuracy
[0.00534759 0.00802139 0.00802139 0.05882353]
val_loss=40.6016
accuracy
[0.00534759 0.00802139 0.01069519 0.05080214]
val_loss=40.9578
accuracy
[0.00534759 0.00802139 0.00802139 0.05882353]
val_loss=41.1710
accuracy
[0.00534759 0.00802139 0.00802139 0.05882353]
val_loss=40.4850
accuracy
[0.00534759 0.00802139 0.01069519 0.05347594]
val_loss=40.8306
accuracy
[0.00534759 0.00802139 0.01069519 0.05347594]
val_loss=40.9124
accuracy
[0.00534759 0.00802139 0.01069519 0.05347594]
val_loss=40.9840
accuracy
[0.00534759 0.00802139 0.01069519 0.05347594]
val_loss=41.0975
accuracy
[0.00534759 0.00802139 0.01069519 0.05347594]
val_loss=41.1122
accuracy
[0.00534759 0.00802139 0.01069519 0.05347594]
val_loss=40.9774
accuracy
[0.00534759 0.00802139 0.01069519 0.05347594]
val_loss=41.1692
accuracy
[0.00534759 0.00802139 0.01069519 0.05080214]
val_loss=41.2362
accuracy
[0.00534759 0.00802139 0.01069519 0.05347594]
val_loss=41.2550
accuracy
[0.00534759 0.00802139 0.01069519 0.05347594]
val_loss=41.2776
accuracy
[0.00534759 0.00802139 0.01069519 0.05080214]
val_loss=41.3275
accuracy
[0.00534759 0.00802139 0.01069519 0.05347594]
val_loss=41.3063
accuracy
[0.00534759 0.00802139 0.01069519 0.05347594]
val_loss=41.3478
accuracy
[0.00534759 0.00802139 0.01069519 0.04812834]
val_loss=41.4228
accuracy
[0.00534759 0.00802139 0.01069519 0.05080214]
val_loss=41.4496
accuracy
[0.00534759 0.00802139 0.01069519 0.05080214]
val_loss=41.4574
accuracy
[0.00534759 0.00802139 0.01069519 0.05080214]
val_loss=41.5711
accuracy
[0.00534759 0.00802139 0.01069519 0.05347594]
val_loss=41.5533
accuracy
[0.00534759 0.00802139 0.01069519 0.05080214]
val_loss=41.6549
accuracy
[0.00534759 0.00802139 0.01069519 0.04812834]
val_loss=41.6176
accuracy
[0.00534759 0.00802139 0.01069519 0.04278075]
Finished Training
    rehearsal replay buffer: 500 of 2379 source samples
cpu
Finished Training
cpu
Finished Training
cpu
Finished Training
cpu
Finished Training
cpu
Finished Training
cpu
Finished Training
cpu
Finished Training
cpu
Finished Training
cpu
Finished Training
cpu
Finished Training
cpu
Finished Training
cpu
Finished Training
cpu
Finished Training
cpu
Finished Training
cpu
Finished Training
cpu
Finished Training
cpu
Finished Training
cpu
Finished Training
cpu
Finished Training
cpu
Finished Training
cpu
Finished Training
cpu
Finished Training
  seed 5: pretrain on scenario2 (2379 samples), zero-shot eval on scenario4 (374 held-out test samples)
cpu
-----------------------------------------------------------------------
      Layer (type)        Output Shape         Param #     Tr. Param #
=======================================================================
          Linear-1           [32, 256]           1,280           1,280
            ReLU-2           [32, 256]               0               0
          Linear-3           [32, 256]          65,792          65,792
          Linear-4           [32, 256]          65,792          65,792
          Linear-5            [32, 16]           4,112           4,112
=======================================================================
Total params: 136,976
Trainable params: 136,976
Non-trainable params: 0
-----------------------------------------------------------------------
val_loss=43.0346
accuracy
[0.00534759 0.00534759 0.01336898 0.01871658]
val_loss=24.2918
accuracy
[0.0026738  0.01069519 0.01069519 0.04545455]
val_loss=18.9273
accuracy
[0.0026738  0.01069519 0.01069519 0.09090909]
val_loss=32.3170
accuracy
[0.00534759 0.01336898 0.02941176 0.09358289]
val_loss=36.6863
accuracy
[0.00534759 0.01336898 0.03208556 0.07486631]
val_loss=33.8382
accuracy
[0.00534759 0.01604278 0.03743316 0.08823529]
val_loss=33.1118
accuracy
[0.00802139 0.01069519 0.01871658 0.06684492]
val_loss=35.6597
accuracy
[0.0026738  0.01069519 0.01336898 0.08823529]
val_loss=25.9341
accuracy
[0.00534759 0.02139037 0.03475936 0.06684492]
val_loss=31.7557
accuracy
[0.00534759 0.01336898 0.02673797 0.07754011]
val_loss=32.4329
accuracy
[0.00534759 0.01336898 0.02406417 0.05614973]
val_loss=35.9251
accuracy
[0.00534759 0.01069519 0.01604278 0.03475936]
val_loss=39.9031
accuracy
[0.00534759 0.01336898 0.01604278 0.06417112]
val_loss=46.6751
accuracy
[0.00534759 0.01069519 0.01336898 0.04278075]
val_loss=43.2843
accuracy
[0.00534759 0.01336898 0.01604278 0.09358289]
val_loss=44.1949
accuracy
[0.00534759 0.01336898 0.01871658 0.08823529]
val_loss=50.8891
accuracy
[0.0026738  0.00534759 0.01336898 0.05882353]
val_loss=43.3577
accuracy
[0.0026738  0.00534759 0.01069519 0.06149733]
val_loss=43.4655
accuracy
[0.0026738  0.00534759 0.00802139 0.02406417]
val_loss=42.0290
accuracy
[0.         0.00534759 0.01336898 0.02406417]
val_loss=45.0746
accuracy
[0.0026738  0.00534759 0.01069519 0.04545455]
val_loss=45.8933
accuracy
[0.0026738  0.00534759 0.01069519 0.04812834]
val_loss=46.4568
accuracy
[0.0026738  0.00534759 0.01069519 0.04545455]
val_loss=45.9692
accuracy
[0.0026738  0.00534759 0.01069519 0.04812834]
val_loss=45.4718
accuracy
[0.0026738  0.00534759 0.01069519 0.04812834]
val_loss=47.0923
accuracy
[0.0026738  0.00534759 0.01069519 0.04545455]
val_loss=47.5188
accuracy
[0.0026738  0.00534759 0.01069519 0.05347594]
val_loss=48.4214
accuracy
[0.0026738  0.00534759 0.01069519 0.04812834]
val_loss=47.6580
accuracy
[0.0026738  0.00534759 0.01069519 0.03475936]
val_loss=46.6944
accuracy
[0.0026738  0.00534759 0.01069519 0.04278075]
val_loss=49.5177
accuracy
[0.0026738  0.00534759 0.01069519 0.04278075]
val_loss=50.5053
accuracy
[0.0026738  0.00534759 0.01336898 0.02673797]
val_loss=49.6244
accuracy
[0.0026738  0.00534759 0.00802139 0.02673797]
val_loss=50.1665
accuracy
[0.0026738  0.00534759 0.00802139 0.02673797]
val_loss=50.4168
accuracy
[0.0026738  0.00534759 0.01336898 0.02673797]
val_loss=50.7442
accuracy
[0.0026738  0.00534759 0.00802139 0.02673797]
val_loss=50.7948
accuracy
[0.0026738  0.00534759 0.00802139 0.02941176]
val_loss=51.8441
accuracy
[0.0026738  0.00534759 0.01336898 0.02941176]
val_loss=50.9766
accuracy
[0.0026738  0.00534759 0.00802139 0.02673797]
val_loss=52.4157
accuracy
[0.         0.00534759 0.01336898 0.02139037]
val_loss=52.5875
accuracy
[0.         0.00534759 0.01336898 0.02139037]
val_loss=52.2425
accuracy
[0.         0.00534759 0.01336898 0.02139037]
val_loss=53.0210
accuracy
[0.         0.00534759 0.01336898 0.02139037]
val_loss=53.5161
accuracy
[0.         0.00534759 0.01336898 0.02139037]
val_loss=53.0944
accuracy
[0.         0.00534759 0.01336898 0.02139037]
val_loss=53.7246
accuracy
[0.         0.00534759 0.01336898 0.02139037]
val_loss=53.5633
accuracy
[0.         0.00534759 0.01336898 0.02139037]
val_loss=53.8965
accuracy
[0.         0.00534759 0.01336898 0.02139037]
val_loss=53.7894
accuracy
[0.         0.00534759 0.01336898 0.02139037]
val_loss=53.4908
accuracy
[0.         0.00534759 0.01336898 0.02139037]
val_loss=54.2926
accuracy
[0.         0.00534759 0.01336898 0.02139037]
val_loss=54.1072
accuracy
[0.         0.00534759 0.01336898 0.02139037]
val_loss=54.2366
accuracy
[0.         0.00534759 0.01336898 0.02139037]
val_loss=54.8165
accuracy
[0.         0.00534759 0.01336898 0.02139037]
val_loss=55.0891
accuracy
[0.         0.00534759 0.01336898 0.02139037]
val_loss=54.5942
accuracy
[0.         0.00534759 0.01336898 0.02139037]
val_loss=54.2905
accuracy
[0.         0.00534759 0.01336898 0.02139037]
val_loss=54.7951
accuracy
[0.         0.00534759 0.01336898 0.02139037]
val_loss=54.5753
accuracy
[0.         0.00534759 0.01336898 0.02139037]
val_loss=54.6225
accuracy
[0.         0.00534759 0.01336898 0.02139037]
val_loss=55.0137
accuracy
[0.         0.00534759 0.01336898 0.02139037]
val_loss=55.0716
accuracy
[0.         0.00534759 0.01336898 0.02139037]
val_loss=55.1306
accuracy
[0.         0.00534759 0.01336898 0.02139037]
val_loss=55.3459
accuracy
[0.         0.00534759 0.01336898 0.02139037]
val_loss=55.2512
accuracy
[0.         0.00534759 0.01336898 0.02139037]
val_loss=55.3885
accuracy
[0.         0.00534759 0.01336898 0.02139037]
val_loss=55.4135
accuracy
[0.         0.00534759 0.01336898 0.02139037]
val_loss=55.4461
accuracy
[0.         0.00534759 0.01336898 0.02139037]
val_loss=55.4209
accuracy
[0.         0.00534759 0.01336898 0.02139037]
val_loss=55.5108
accuracy
[0.         0.00534759 0.01336898 0.02139037]
val_loss=55.4844
accuracy
[0.         0.00534759 0.01336898 0.02139037]
val_loss=55.5835
accuracy
[0.         0.00534759 0.01336898 0.02139037]
val_loss=55.5467
accuracy
[0.         0.00534759 0.01336898 0.02139037]
val_loss=55.6098
accuracy
[0.         0.00534759 0.01336898 0.02139037]
val_loss=55.5962
accuracy
[0.         0.00534759 0.01336898 0.02139037]
val_loss=55.7410
accuracy
[0.         0.00534759 0.01336898 0.02139037]
val_loss=55.6220
accuracy
[0.         0.00534759 0.01336898 0.02139037]
val_loss=55.6080
accuracy
[0.         0.00534759 0.01336898 0.02139037]
val_loss=55.6117
accuracy
[0.         0.00534759 0.01336898 0.02139037]
val_loss=55.8106
accuracy
[0.         0.00534759 0.01336898 0.02139037]
Finished Training
    rehearsal replay buffer: 500 of 2379 source samples
cpu
Finished Training
cpu
Finished Training
cpu
Finished Training
cpu
Finished Training
cpu
Finished Training
cpu
Finished Training
cpu
Finished Training
cpu
Finished Training
cpu
Finished Training
cpu
Finished Training
cpu
Finished Training
cpu
Finished Training
cpu
Finished Training
cpu
Finished Training
cpu
Finished Training
cpu
Finished Training
cpu
Finished Training
cpu
Finished Training
cpu
Finished Training
cpu
Finished Training
cpu
Finished Training
cpu
Finished Training
  seed 6: pretrain on scenario2 (2379 samples), zero-shot eval on scenario4 (374 held-out test samples)
cpu
-----------------------------------------------------------------------
      Layer (type)        Output Shape         Param #     Tr. Param #
=======================================================================
          Linear-1           [32, 256]           1,280           1,280
            ReLU-2           [32, 256]               0               0
          Linear-3           [32, 256]          65,792          65,792
          Linear-4           [32, 256]          65,792          65,792
          Linear-5            [32, 16]           4,112           4,112
=======================================================================
Total params: 136,976
Trainable params: 136,976
Non-trainable params: 0
-----------------------------------------------------------------------
val_loss=37.6999
accuracy
[0.         0.         0.00802139 0.01069519]
val_loss=37.9651
accuracy
[0.         0.00802139 0.01604278 0.04010695]
val_loss=27.5105
accuracy
[0.         0.00802139 0.01069519 0.03743316]
val_loss=27.2614
accuracy
[0.00802139 0.00802139 0.02406417 0.10427807]
val_loss=23.3547
accuracy
[0.05080214 0.10160428 0.12032086 0.17112299]
val_loss=29.1972
accuracy
[0.01069519 0.02406417 0.06951872 0.14705882]
val_loss=31.6604
accuracy
[0.         0.00802139 0.01871658 0.07219251]
val_loss=31.2661
accuracy
[0.00802139 0.01069519 0.01871658 0.0802139 ]
val_loss=31.5998
accuracy
[0.0026738  0.00802139 0.01604278 0.09625668]
val_loss=28.0927
accuracy
[0.         0.00802139 0.01871658 0.12032086]
val_loss=30.4247
accuracy
[0.00802139 0.01336898 0.02139037 0.12032086]
val_loss=34.5291
accuracy
[0.00802139 0.00802139 0.00802139 0.09090909]
val_loss=38.0905
accuracy
[0.0026738  0.00802139 0.01336898 0.09090909]
val_loss=34.4402
accuracy
[0.         0.00802139 0.01336898 0.10962567]
val_loss=35.2699
accuracy
[0.         0.00802139 0.01069519 0.06951872]
val_loss=33.3891
accuracy
[0.         0.00802139 0.00802139 0.0828877 ]
val_loss=35.6905
accuracy
[0.         0.         0.00802139 0.06417112]
val_loss=38.6565
accuracy
[0.         0.00802139 0.00802139 0.06417112]
val_loss=38.8950
accuracy
[0.         0.         0.00802139 0.04812834]
val_loss=37.2498
accuracy
[0.         0.00802139 0.00802139 0.05347594]
val_loss=40.1604
accuracy
[0.         0.         0.00802139 0.03743316]
val_loss=41.5944
accuracy
[0.         0.         0.00802139 0.04278075]
val_loss=41.4494
accuracy
[0.         0.         0.00802139 0.04545455]
val_loss=43.4809
accuracy
[0.         0.         0.         0.05080214]
val_loss=43.4381
accuracy
[0.         0.         0.         0.04812834]
val_loss=43.5191
accuracy
[0.         0.         0.00534759 0.05080214]
val_loss=42.9600
accuracy
[0.         0.         0.00534759 0.05347594]
val_loss=43.4644
accuracy
[0.         0.         0.00802139 0.05614973]
val_loss=43.6440
accuracy
[0.         0.         0.00534759 0.05347594]
val_loss=43.5935
accuracy
[0.         0.         0.00802139 0.05347594]
val_loss=44.5263
accuracy
[0.         0.         0.         0.05347594]
val_loss=43.2435
accuracy
[0.         0.         0.         0.04812834]
val_loss=44.7710
accuracy
[0.         0.         0.         0.05882353]
val_loss=45.7150
accuracy
[0.         0.         0.         0.04812834]
val_loss=45.3163
accuracy
[0.         0.         0.         0.04812834]
val_loss=47.8835
accuracy
[0.         0.         0.         0.03743316]
val_loss=47.5785
accuracy
[0.         0.         0.         0.03743316]
val_loss=47.7596
accuracy
[0.         0.         0.         0.03475936]
val_loss=51.2630
accuracy
[0.         0.         0.         0.03208556]
val_loss=51.9001
accuracy
[0.         0.         0.         0.03208556]
val_loss=50.8214
accuracy
[0.         0.         0.         0.03208556]
val_loss=51.2520
accuracy
[0.         0.         0.         0.03208556]
val_loss=50.5011
accuracy
[0.         0.         0.         0.03208556]
val_loss=50.9527
accuracy
[0.         0.         0.         0.03208556]
val_loss=51.5653
accuracy
[0.         0.         0.         0.02941176]
val_loss=51.7710
accuracy
[0.         0.         0.         0.02941176]
val_loss=51.7492
accuracy
[0.         0.         0.         0.02941176]
val_loss=51.5782
accuracy
[0.         0.         0.         0.03208556]
val_loss=51.9736
accuracy
[0.         0.         0.         0.03208556]
val_loss=51.9904
accuracy
[0.         0.         0.         0.03208556]
val_loss=51.8124
accuracy
[0.         0.         0.         0.02941176]
val_loss=51.7962
accuracy
[0.         0.         0.         0.03475936]
val_loss=52.9215
accuracy
[0.         0.         0.         0.02941176]
val_loss=53.0161
accuracy
[0.         0.         0.         0.02941176]
val_loss=53.0420
accuracy
[0.         0.         0.         0.02941176]
val_loss=53.3559
accuracy
[0.         0.         0.         0.02406417]
val_loss=54.0242
accuracy
[0.         0.         0.         0.02139037]
val_loss=54.0373
accuracy
[0.         0.         0.         0.02406417]
val_loss=53.7994
accuracy
[0.         0.         0.         0.02406417]
val_loss=54.6870
accuracy
[0.         0.         0.         0.02139037]
val_loss=54.4391
accuracy
[0.         0.         0.         0.02406417]
val_loss=54.5402
accuracy
[0.         0.         0.         0.02406417]
val_loss=54.5084
accuracy
[0.         0.         0.         0.02406417]
val_loss=54.7220
accuracy
[0.         0.         0.         0.02139037]
val_loss=54.7487
accuracy
[0.         0.         0.         0.02406417]
val_loss=54.6230
accuracy
[0.         0.         0.         0.02406417]
val_loss=54.6388
accuracy
[0.         0.         0.         0.02406417]
val_loss=54.9147
accuracy
[0.         0.         0.         0.02139037]
val_loss=54.9706
accuracy
[0.         0.         0.         0.02139037]
val_loss=54.9187
accuracy
[0.         0.         0.         0.02139037]
val_loss=55.0072
accuracy
[0.         0.         0.         0.02139037]
val_loss=54.9340
accuracy
[0.         0.         0.         0.02406417]
val_loss=54.9981
accuracy
[0.         0.         0.         0.02139037]
val_loss=55.1357
accuracy
[0.         0.         0.         0.02139037]
val_loss=55.0690
accuracy
[0.         0.         0.         0.02139037]
val_loss=55.3381
accuracy
[0.         0.         0.         0.02139037]
val_loss=55.3121
accuracy
[0.         0.         0.         0.02139037]
val_loss=55.2369
accuracy
[0.         0.         0.         0.02139037]
val_loss=55.2992
accuracy
[0.         0.         0.         0.02139037]
val_loss=55.4771
accuracy
[0.         0.         0.         0.02139037]
Finished Training
    rehearsal replay buffer: 500 of 2379 source samples
cpu
Finished Training
cpu
Finished Training
cpu
Finished Training
cpu
Finished Training
cpu
Finished Training
cpu
Finished Training
cpu
Finished Training
cpu
Finished Training
cpu
Finished Training
cpu
Finished Training
cpu
Finished Training
cpu
Finished Training
cpu
Finished Training
cpu
Finished Training
cpu
Finished Training
cpu
Finished Training
cpu
Finished Training
cpu
Finished Training
cpu
Finished Training
cpu
Finished Training
cpu
Finished Training
cpu
Finished Training
  seed 7: pretrain on scenario2 (2379 samples), zero-shot eval on scenario4 (374 held-out test samples)
cpu
-----------------------------------------------------------------------
      Layer (type)        Output Shape         Param #     Tr. Param #
=======================================================================
          Linear-1           [32, 256]           1,280           1,280
            ReLU-2           [32, 256]               0               0
          Linear-3           [32, 256]          65,792          65,792
          Linear-4           [32, 256]          65,792          65,792
          Linear-5            [32, 16]           4,112           4,112
=======================================================================
Total params: 136,976
Trainable params: 136,976
Non-trainable params: 0
-----------------------------------------------------------------------
val_loss=34.9008
accuracy
[0.0026738  0.00534759 0.00802139 0.01604278]
val_loss=27.8903
accuracy
[0.0026738  0.00534759 0.00802139 0.01069519]
val_loss=26.3216
accuracy
[0.0026738  0.00802139 0.01336898 0.04278075]
val_loss=21.9698
accuracy
[0.0026738  0.01069519 0.02139037 0.0828877 ]
val_loss=24.4774
accuracy
[0.0026738  0.01336898 0.02139037 0.0802139 ]
val_loss=26.3811
accuracy
[0.0026738  0.00802139 0.02139037 0.06951872]
val_loss=25.7364
accuracy
[0.0026738  0.00802139 0.01604278 0.03208556]
val_loss=22.2521
accuracy
[0.01069519 0.02406417 0.05080214 0.15240642]
val_loss=23.8303
accuracy
[0.00534759 0.01336898 0.03743316 0.15240642]
val_loss=22.9878
accuracy
[0.0026738  0.00802139 0.01871658 0.13368984]
val_loss=31.8171
accuracy
[0.0026738  0.01604278 0.01871658 0.14973262]
val_loss=26.7825
accuracy
[0.00802139 0.01604278 0.02406417 0.17379679]
val_loss=21.7616
accuracy
[0.0026738  0.00802139 0.01871658 0.11229947]
val_loss=30.7648
accuracy
[0.0026738  0.01336898 0.02406417 0.16042781]
val_loss=28.9511
accuracy
[0.00534759 0.00802139 0.01069519 0.06417112]
val_loss=30.3664
accuracy
[0.00802139 0.01336898 0.01871658 0.12834225]
val_loss=29.3572
accuracy
[0.0026738  0.00802139 0.01604278 0.09090909]
val_loss=35.0742
accuracy
[0.0026738  0.01336898 0.01871658 0.13368984]
val_loss=34.8204
accuracy
[0.0026738  0.00534759 0.01069519 0.05882353]
val_loss=36.2797
accuracy
[0.0026738  0.00802139 0.01069519 0.04278075]
val_loss=38.4651
accuracy
[0.0026738  0.00802139 0.01336898 0.06149733]
val_loss=38.7441
accuracy
[0.0026738  0.00802139 0.01336898 0.05347594]
val_loss=39.4913
accuracy
[0.0026738  0.00802139 0.01336898 0.04812834]
val_loss=39.2401
accuracy
[0.0026738  0.00802139 0.01336898 0.05614973]
val_loss=39.6599
accuracy
[0.0026738  0.00802139 0.00802139 0.04545455]
val_loss=39.8035
accuracy
[0.0026738  0.00534759 0.01069519 0.04812834]
val_loss=40.4105
accuracy
[0.0026738  0.00802139 0.00802139 0.04545455]
val_loss=40.2414
accuracy
[0.0026738  0.00802139 0.01069519 0.05614973]
val_loss=43.5043
accuracy
[0.         0.00534759 0.01069519 0.03208556]
val_loss=42.8546
accuracy
[0.         0.00534759 0.01069519 0.03208556]
val_loss=42.9207
accuracy
[0.         0.00802139 0.00802139 0.02941176]
val_loss=43.0951
accuracy
[0.         0.00802139 0.00802139 0.03208556]
val_loss=45.1480
accuracy
[0.         0.00534759 0.00802139 0.02941176]
val_loss=44.2304
accuracy
[0.0026738  0.00802139 0.00802139 0.02406417]
val_loss=45.5694
accuracy
[0.0026738  0.00534759 0.00802139 0.02673797]
val_loss=45.6567
accuracy
[0.0026738  0.00534759 0.00534759 0.02139037]
val_loss=46.2011
accuracy
[0.0026738  0.00534759 0.00534759 0.02406417]
val_loss=45.8448
accuracy
[0.0026738  0.0026738  0.00534759 0.01871658]
val_loss=46.8782
accuracy
[0.0026738  0.0026738  0.00534759 0.02406417]
val_loss=46.9861
accuracy
[0.0026738  0.00534759 0.00534759 0.02406417]
val_loss=47.8787
accuracy
[0.0026738  0.0026738  0.00534759 0.01871658]
val_loss=48.1794
accuracy
[0.0026738  0.00534759 0.00534759 0.01871658]
val_loss=48.8498
accuracy
[0.0026738  0.00534759 0.00534759 0.01871658]
val_loss=48.8856
accuracy
[0.0026738  0.0026738  0.00534759 0.01871658]
val_loss=48.7808
accuracy
[0.0026738  0.00534759 0.00534759 0.01871658]
val_loss=49.0496
accuracy
[0.0026738  0.0026738  0.00534759 0.01871658]
val_loss=49.1818
accuracy
[0.0026738  0.00534759 0.00534759 0.01871658]
val_loss=49.2935
accuracy
[0.0026738  0.00534759 0.00534759 0.01336898]
val_loss=50.1663
accuracy
[0.0026738  0.0026738  0.00534759 0.01871658]
val_loss=50.5017
accuracy
[0.0026738  0.0026738  0.00534759 0.01336898]
val_loss=50.1371
accuracy
[0.0026738  0.00534759 0.00534759 0.01336898]
val_loss=50.5021
accuracy
[0.0026738  0.00534759 0.00534759 0.01336898]
val_loss=50.7416
accuracy
[0.0026738  0.00534759 0.00534759 0.01336898]
val_loss=50.5752
accuracy
[0.0026738  0.00534759 0.00534759 0.01336898]
val_loss=51.0520
accuracy
[0.0026738  0.00534759 0.00534759 0.01336898]
val_loss=51.1195
accuracy
[0.0026738  0.0026738  0.00534759 0.01336898]
val_loss=51.2819
accuracy
[0.0026738  0.00534759 0.00534759 0.01336898]
val_loss=51.6336
accuracy
[0.0026738  0.00534759 0.00534759 0.01336898]
val_loss=51.2658
accuracy
[0.0026738  0.00534759 0.00534759 0.01336898]
val_loss=51.4089
accuracy
[0.0026738  0.00534759 0.00534759 0.01336898]
val_loss=51.5602
accuracy
[0.0026738  0.00534759 0.00534759 0.01336898]
val_loss=51.6713
accuracy
[0.0026738  0.00534759 0.00534759 0.01336898]
val_loss=51.5603
accuracy
[0.0026738  0.00534759 0.00534759 0.01336898]
val_loss=51.7957
accuracy
[0.0026738  0.00534759 0.00534759 0.01336898]
val_loss=51.6768
accuracy
[0.0026738  0.00534759 0.00534759 0.01336898]
val_loss=51.8150
accuracy
[0.0026738  0.00534759 0.00534759 0.01336898]
val_loss=52.0168
accuracy
[0.0026738  0.00534759 0.00534759 0.01336898]
val_loss=52.0130
accuracy
[0.0026738  0.00534759 0.00534759 0.01336898]
val_loss=51.9441
accuracy
[0.0026738  0.00534759 0.00534759 0.01336898]
val_loss=51.9835
accuracy
[0.0026738  0.00534759 0.00534759 0.01336898]
val_loss=52.0523
accuracy
[0.0026738  0.00534759 0.00534759 0.01336898]
val_loss=52.1272
accuracy
[0.0026738  0.00534759 0.00534759 0.01336898]
val_loss=52.1999
accuracy
[0.0026738  0.00534759 0.00534759 0.01336898]
val_loss=52.2676
accuracy
[0.0026738  0.00534759 0.00534759 0.01336898]
val_loss=52.0397
accuracy
[0.0026738  0.00534759 0.00534759 0.01336898]
val_loss=52.1201
accuracy
[0.0026738  0.00534759 0.00534759 0.01336898]
val_loss=52.2228
accuracy
[0.0026738  0.00534759 0.00534759 0.01336898]
val_loss=52.2938
accuracy
[0.0026738  0.00534759 0.00534759 0.01336898]
val_loss=52.2776
accuracy
[0.0026738  0.00534759 0.00534759 0.01336898]
val_loss=52.3268
accuracy
[0.0026738  0.00534759 0.00534759 0.01336898]
Finished Training
    rehearsal replay buffer: 500 of 2379 source samples
cpu
Finished Training
cpu
Finished Training
cpu
Finished Training
cpu
Finished Training
cpu
Finished Training
cpu
Finished Training
cpu
Finished Training
cpu
Finished Training
cpu
Finished Training
cpu
Finished Training
cpu
Finished Training
cpu
Finished Training
cpu
Finished Training
cpu
Finished Training
cpu
Finished Training
cpu
Finished Training
cpu
Finished Training
cpu
Finished Training
cpu
Finished Training
cpu
Finished Training
cpu
Finished Training
cpu
Finished Training
  seed 8: pretrain on scenario2 (2379 samples), zero-shot eval on scenario4 (374 held-out test samples)
cpu
-----------------------------------------------------------------------
      Layer (type)        Output Shape         Param #     Tr. Param #
=======================================================================
          Linear-1           [32, 256]           1,280           1,280
            ReLU-2           [32, 256]               0               0
          Linear-3           [32, 256]          65,792          65,792
          Linear-4           [32, 256]          65,792          65,792
          Linear-5            [32, 16]           4,112           4,112
=======================================================================
Total params: 136,976
Trainable params: 136,976
Non-trainable params: 0
-----------------------------------------------------------------------
val_loss=40.1482
accuracy
[0.00534759 0.01069519 0.01336898 0.02139037]
val_loss=39.8854
accuracy
[0.00534759 0.01069519 0.01336898 0.02139037]
val_loss=31.5772
accuracy
[0.00534759 0.01069519 0.01604278 0.09893048]
val_loss=22.3463
accuracy
[0.0026738  0.01069519 0.03208556 0.13368984]
val_loss=25.1950
accuracy
[0.03208556 0.07486631 0.0802139  0.19518717]
val_loss=29.0884
accuracy
[0.03208556 0.06149733 0.12566845 0.27272727]
val_loss=26.4133
accuracy
[0.02941176 0.10695187 0.13636364 0.20588235]
val_loss=24.4288
accuracy
[0.03208556 0.09090909 0.10695187 0.21657754]
val_loss=31.5962
accuracy
[0.00802139 0.04278075 0.09358289 0.14438503]
val_loss=27.8328
accuracy
[0.00802139 0.05347594 0.07486631 0.09625668]
val_loss=29.9310
accuracy
[0.00802139 0.03208556 0.06149733 0.10160428]
val_loss=24.6722
accuracy
[0.00802139 0.03475936 0.07754011 0.09358289]
val_loss=26.9817
accuracy
[0.00802139 0.02941176 0.04278075 0.09358289]
val_loss=24.7088
accuracy
[0.0026738  0.01336898 0.03208556 0.08823529]
val_loss=29.9315
accuracy
[0.00802139 0.04278075 0.06684492 0.14438503]
val_loss=26.3565
accuracy
[0.02139037 0.04278075 0.06417112 0.10427807]
val_loss=22.8395
accuracy
[0.00802139 0.01336898 0.03208556 0.08823529]
val_loss=28.6218
accuracy
[0.00802139 0.02941176 0.04812834 0.09625668]
val_loss=25.5894
accuracy
[0.00534759 0.01336898 0.02941176 0.14171123]
val_loss=25.0479
accuracy
[0.00534759 0.01069519 0.01604278 0.13903743]
val_loss=25.3871
accuracy
[0.00534759 0.01871658 0.03208556 0.1631016 ]
val_loss=27.2656
accuracy
[0.00534759 0.01336898 0.04010695 0.1631016 ]
val_loss=27.7641
accuracy
[0.00534759 0.02406417 0.03208556 0.1631016 ]
val_loss=28.2567
accuracy
[0.00534759 0.02406417 0.04545455 0.19251337]
val_loss=28.4723
accuracy
[0.00534759 0.01336898 0.03208556 0.18983957]
val_loss=28.4978
accuracy
[0.00534759 0.01336898 0.03743316 0.17914439]
val_loss=29.3628
accuracy
[0.00534759 0.02406417 0.04010695 0.1684492 ]
val_loss=28.7660
accuracy
[0.00534759 0.02406417 0.04545455 0.18716578]
val_loss=29.3919
accuracy
[0.00534759 0.02406417 0.04010695 0.1684492 ]
val_loss=30.2794
accuracy
[0.00534759 0.02406417 0.03743316 0.17112299]
val_loss=30.1226
accuracy
[0.00534759 0.01336898 0.02941176 0.16042781]
val_loss=30.2262
accuracy
[0.00534759 0.01069519 0.03208556 0.17112299]
val_loss=30.1410
accuracy
[0.00534759 0.01069519 0.03208556 0.17647059]
val_loss=29.6534
accuracy
[0.00534759 0.01336898 0.02139037 0.17914439]
val_loss=30.3157
accuracy
[0.0026738  0.01069519 0.02139037 0.15240642]
val_loss=31.0747
accuracy
[0.00802139 0.01336898 0.01871658 0.1684492 ]
val_loss=29.9625
accuracy
[0.00534759 0.01336898 0.01871658 0.17112299]
val_loss=29.7709
accuracy
[0.00534759 0.01069519 0.02406417 0.17379679]
val_loss=29.5123
accuracy
[0.00534759 0.01336898 0.01871658 0.16042781]
val_loss=30.6134
accuracy
[0.00802139 0.01336898 0.01871658 0.17112299]
val_loss=30.3041
accuracy
[0.0026738  0.01336898 0.01871658 0.1684492 ]
val_loss=30.6856
accuracy
[0.00534759 0.01336898 0.01871658 0.17112299]
val_loss=30.8867
accuracy
[0.00534759 0.01336898 0.01871658 0.17112299]
val_loss=30.6027
accuracy
[0.00802139 0.01336898 0.01871658 0.17112299]
val_loss=31.1189
accuracy
[0.0026738  0.01069519 0.01871658 0.17112299]
val_loss=30.6801
accuracy
[0.0026738  0.01336898 0.01871658 0.1684492 ]
val_loss=31.1225
accuracy
[0.00534759 0.01336898 0.01871658 0.17112299]
val_loss=31.0678
accuracy
[0.00534759 0.01069519 0.01871658 0.1684492 ]
val_loss=31.0950
accuracy
[0.00534759 0.01069519 0.01871658 0.17112299]
val_loss=31.2710
accuracy
[0.00534759 0.01336898 0.01871658 0.17112299]
val_loss=31.1578
accuracy
[0.0026738  0.01336898 0.01871658 0.1684492 ]
val_loss=30.9830
accuracy
[0.00534759 0.01336898 0.01871658 0.17112299]
val_loss=31.4526
accuracy
[0.00534759 0.01336898 0.01871658 0.17112299]
val_loss=31.4912
accuracy
[0.00534759 0.01336898 0.01871658 0.17112299]
val_loss=31.7759
accuracy
[0.00534759 0.01336898 0.01871658 0.17112299]
val_loss=31.3264
accuracy
[0.00534759 0.01336898 0.01871658 0.17112299]
val_loss=31.3348
accuracy
[0.00534759 0.01336898 0.01871658 0.17112299]
val_loss=31.4992
accuracy
[0.00534759 0.01069519 0.01871658 0.17112299]
val_loss=31.6682
accuracy
[0.00534759 0.01604278 0.01871658 0.17112299]
val_loss=31.3662
accuracy
[0.00534759 0.01336898 0.01871658 0.17112299]
val_loss=31.5304
accuracy
[0.00534759 0.01336898 0.01871658 0.17112299]
val_loss=31.4943
accuracy
[0.00534759 0.01336898 0.01871658 0.17112299]
val_loss=31.5166
accuracy
[0.00534759 0.01069519 0.01871658 0.17112299]
val_loss=31.6176
accuracy
[0.00534759 0.01069519 0.01871658 0.17112299]
val_loss=31.6168
accuracy
[0.00534759 0.01069519 0.01871658 0.17112299]
val_loss=31.6685
accuracy
[0.00534759 0.01069519 0.01871658 0.17112299]
val_loss=31.6431
accuracy
[0.00534759 0.01069519 0.01871658 0.17112299]
val_loss=31.7007
accuracy
[0.00534759 0.01069519 0.01871658 0.17112299]
val_loss=31.7708
accuracy
[0.00534759 0.01069519 0.01871658 0.17112299]
val_loss=31.7712
accuracy
[0.00534759 0.01069519 0.01871658 0.17112299]
val_loss=31.7430
accuracy
[0.00534759 0.01069519 0.01871658 0.17112299]
val_loss=31.6876
accuracy
[0.00534759 0.01069519 0.01871658 0.17112299]
val_loss=31.7483
accuracy
[0.00534759 0.01069519 0.01871658 0.17112299]
val_loss=31.8311
accuracy
[0.00534759 0.01069519 0.01871658 0.17112299]
val_loss=31.8228
accuracy
[0.00534759 0.01069519 0.01871658 0.17112299]
val_loss=31.8829
accuracy
[0.00534759 0.01069519 0.01871658 0.17112299]
val_loss=31.8526
accuracy
[0.00534759 0.01069519 0.01871658 0.17112299]
val_loss=31.8915
accuracy
[0.00534759 0.01069519 0.01871658 0.17112299]
val_loss=31.9995
accuracy
[0.00534759 0.01069519 0.01871658 0.17112299]
val_loss=32.0001
accuracy
[0.00534759 0.00802139 0.01871658 0.17112299]
Finished Training
    rehearsal replay buffer: 500 of 2379 source samples
cpu
Finished Training
cpu
Finished Training
cpu
Finished Training
cpu
Finished Training
cpu
Finished Training
cpu
Finished Training
cpu
Finished Training
cpu
Finished Training
cpu
Finished Training
cpu
Finished Training
cpu
Finished Training
cpu
Finished Training
cpu
Finished Training
cpu
Finished Training
cpu
Finished Training
cpu
Finished Training
cpu
Finished Training
cpu
Finished Training
cpu
Finished Training
cpu
Finished Training
cpu
Finished Training
cpu
Finished Training
  seed 9: pretrain on scenario2 (2379 samples), zero-shot eval on scenario4 (374 held-out test samples)
cpu
-----------------------------------------------------------------------
      Layer (type)        Output Shape         Param #     Tr. Param #
=======================================================================
          Linear-1           [32, 256]           1,280           1,280
            ReLU-2           [32, 256]               0               0
          Linear-3           [32, 256]          65,792          65,792
          Linear-4           [32, 256]          65,792          65,792
          Linear-5            [32, 16]           4,112           4,112
=======================================================================
Total params: 136,976
Trainable params: 136,976
Non-trainable params: 0
-----------------------------------------------------------------------
val_loss=49.3780
accuracy
[0.         0.         0.0026738  0.00534759]
val_loss=38.7504
accuracy
[0.         0.00534759 0.00534759 0.01069519]
val_loss=32.3494
accuracy
[0.         0.00534759 0.00534759 0.02941176]
val_loss=23.8218
accuracy
[0.01069519 0.02139037 0.02941176 0.06149733]
val_loss=32.0300
accuracy
[0.01336898 0.02406417 0.03208556 0.07486631]
val_loss=29.2753
accuracy
[0.00534759 0.01069519 0.02406417 0.04010695]
val_loss=32.0500
accuracy
[0.00534759 0.01871658 0.03208556 0.06149733]
val_loss=29.8816
accuracy
[0.01336898 0.02673797 0.04278075 0.06951872]
val_loss=32.5599
accuracy
[0.01336898 0.02139037 0.04010695 0.08823529]
val_loss=29.8575
accuracy
[0.01069519 0.02139037 0.03743316 0.06951872]
val_loss=31.3092
accuracy
[0.01336898 0.02673797 0.05614973 0.06951872]
val_loss=34.5328
accuracy
[0.01336898 0.02139037 0.04010695 0.06951872]
val_loss=29.8699
accuracy
[0.01336898 0.02139037 0.04278075 0.15775401]
val_loss=34.1315
accuracy
[0.01336898 0.02673797 0.04278075 0.06951872]
val_loss=32.0045
accuracy
[0.01336898 0.02139037 0.03208556 0.06951872]
val_loss=32.6171
accuracy
[0.01336898 0.02139037 0.04010695 0.06951872]
val_loss=33.4122
accuracy
[0.01336898 0.02139037 0.02139037 0.0828877 ]
val_loss=30.1285
accuracy
[0.00534759 0.02139037 0.02406417 0.05347594]
val_loss=31.6929
accuracy
[0.00534759 0.02139037 0.02406417 0.06684492]
val_loss=37.2516
accuracy
[0.00534759 0.01069519 0.03208556 0.05614973]
val_loss=35.4476
accuracy
[0.00534759 0.01069519 0.03208556 0.06149733]
val_loss=35.6854
accuracy
[0.00534759 0.01069519 0.02406417 0.05882353]
val_loss=35.4098
accuracy
[0.00534759 0.00534759 0.02406417 0.07219251]
val_loss=36.8251
accuracy
[0.00534759 0.00802139 0.02406417 0.06684492]
val_loss=37.1028
accuracy
[0.00534759 0.00802139 0.02406417 0.07219251]
val_loss=36.4737
accuracy
[0.00534759 0.00802139 0.02406417 0.05882353]
val_loss=37.5961
accuracy
[0.00534759 0.00802139 0.02406417 0.05614973]
val_loss=38.2915
accuracy
[0.00534759 0.00802139 0.02406417 0.05882353]
val_loss=38.2844
accuracy
[0.00534759 0.00802139 0.02406417 0.05080214]
val_loss=39.3170
accuracy
[0.00534759 0.00802139 0.02406417 0.04812834]
val_loss=39.8202
accuracy
[0.00534759 0.00802139 0.02406417 0.04812834]
val_loss=40.0809
accuracy
[0.0026738  0.00802139 0.02406417 0.04278075]
val_loss=39.1638
accuracy
[0.0026738  0.00802139 0.02406417 0.04812834]
val_loss=39.5075
accuracy
[0.0026738  0.00802139 0.02406417 0.04812834]
val_loss=40.2585
accuracy
[0.00534759 0.00802139 0.02406417 0.04545455]
val_loss=39.9507
accuracy
[0.00534759 0.00802139 0.02406417 0.04278075]
val_loss=40.8943
accuracy
[0.0026738  0.00802139 0.02406417 0.04545455]
val_loss=40.9412
accuracy
[0.0026738  0.00802139 0.02406417 0.04812834]
val_loss=40.6187
accuracy
[0.00534759 0.00802139 0.02406417 0.04812834]
val_loss=41.2407
accuracy
[0.         0.00802139 0.02406417 0.04278075]
val_loss=41.5713
accuracy
[0.0026738  0.00802139 0.02406417 0.04278075]
val_loss=42.0539
accuracy
[0.0026738  0.00802139 0.02406417 0.04010695]
val_loss=42.1328
accuracy
[0.0026738  0.00802139 0.02139037 0.03743316]
val_loss=42.2532
accuracy
[0.0026738  0.00802139 0.02406417 0.04010695]
val_loss=42.1364
accuracy
[0.0026738  0.00802139 0.02406417 0.04010695]
val_loss=42.5948
accuracy
[0.0026738  0.00802139 0.01336898 0.03743316]
val_loss=42.6450
accuracy
[0.0026738  0.00802139 0.02406417 0.03743316]
val_loss=42.8942
accuracy
[0.0026738  0.00802139 0.01336898 0.03475936]
val_loss=42.6580
accuracy
[0.0026738  0.00802139 0.02139037 0.03743316]
val_loss=43.1114
accuracy
[0.0026738  0.00802139 0.02139037 0.03743316]
val_loss=43.0665
accuracy
[0.0026738  0.00802139 0.01336898 0.03475936]
val_loss=42.8367
accuracy
[0.0026738  0.00802139 0.02406417 0.04010695]
val_loss=43.3428
accuracy
[0.0026738  0.00802139 0.01336898 0.03475936]
val_loss=43.0963
accuracy
[0.0026738  0.00802139 0.02139037 0.03743316]
val_loss=43.5487
accuracy
[0.0026738  0.00802139 0.01336898 0.03475936]
val_loss=43.4917
accuracy
[0.0026738  0.00802139 0.01336898 0.03475936]
val_loss=43.6062
accuracy
[0.0026738  0.00802139 0.01336898 0.03475936]
val_loss=43.2536
accuracy
[0.0026738  0.00802139 0.01336898 0.03475936]
val_loss=43.6798
accuracy
[0.0026738  0.00802139 0.01336898 0.03475936]
val_loss=43.9430
accuracy
[0.0026738  0.00802139 0.01069519 0.03208556]
val_loss=43.8992
accuracy
[0.0026738  0.00802139 0.01336898 0.03475936]
val_loss=43.9151
accuracy
[0.0026738  0.00802139 0.01336898 0.03475936]
val_loss=43.8776
accuracy
[0.0026738  0.00802139 0.01336898 0.03475936]
val_loss=43.9712
accuracy
[0.0026738  0.00802139 0.01336898 0.03475936]
val_loss=43.8636
accuracy
[0.0026738  0.00802139 0.01336898 0.03475936]
val_loss=43.9431
accuracy
[0.0026738  0.00802139 0.01336898 0.03475936]
val_loss=43.9879
accuracy
[0.0026738  0.00802139 0.01336898 0.03475936]
val_loss=43.9966
accuracy
[0.0026738  0.00802139 0.01336898 0.03475936]
val_loss=44.0402
accuracy
[0.0026738  0.00802139 0.01336898 0.03475936]
val_loss=44.0322
accuracy
[0.0026738  0.00802139 0.01336898 0.03475936]
val_loss=44.0429
accuracy
[0.0026738  0.00802139 0.01336898 0.03475936]
val_loss=44.0575
accuracy
[0.0026738  0.00802139 0.01336898 0.03475936]
val_loss=44.1846
accuracy
[0.0026738  0.00802139 0.01336898 0.03475936]
val_loss=44.2004
accuracy
[0.0026738  0.00802139 0.01336898 0.03475936]
val_loss=44.2308
accuracy
[0.0026738  0.00802139 0.01336898 0.03475936]
val_loss=44.1986
accuracy
[0.0026738  0.00802139 0.01336898 0.03475936]
val_loss=44.2932
accuracy
[0.0026738  0.00802139 0.01336898 0.03475936]
val_loss=44.2035
accuracy
[0.0026738  0.00802139 0.01336898 0.03475936]
val_loss=44.2527
accuracy
[0.0026738  0.00802139 0.01336898 0.03475936]
val_loss=44.2682
accuracy
[0.0026738  0.00802139 0.01336898 0.03475936]
Finished Training
    rehearsal replay buffer: 500 of 2379 source samples
cpu
Finished Training
cpu
Finished Training
cpu
Finished Training
cpu
Finished Training
cpu
Finished Training
cpu
Finished Training
cpu
Finished Training
cpu
Finished Training
cpu
Finished Training
cpu
Finished Training
cpu
Finished Training
cpu
Finished Training
cpu
Finished Training
cpu
Finished Training
cpu
Finished Training
cpu
Finished Training
cpu
Finished Training
cpu
Finished Training
cpu
Finished Training
cpu
Finished Training
cpu
Finished Training
cpu
Finished Training
Saved result\stage1_s2_to_s4_rehearsal_acc.mat and result\stage1_s2_to_s4_rehearsal_pwr.mat (10/10 seeds completed)

======================================================================
Rehearsal comparison: scenario3 -> scenario4  (s3_to_s4)
======================================================================
  seed 0: pretrain on scenario3 (1189 samples), zero-shot eval on scenario4 (374 held-out test samples)
cpu
-----------------------------------------------------------------------
      Layer (type)        Output Shape         Param #     Tr. Param #
=======================================================================
          Linear-1           [32, 256]           1,280           1,280
            ReLU-2           [32, 256]               0               0
          Linear-3           [32, 256]          65,792          65,792
          Linear-4           [32, 256]          65,792          65,792
          Linear-5            [32, 16]           4,112           4,112
=======================================================================
Total params: 136,976
Trainable params: 136,976
Non-trainable params: 0
-----------------------------------------------------------------------
val_loss=2.8392
accuracy
[0.14171123 0.26470588 0.32085561 0.51336898]
val_loss=3.5943
accuracy
[0.13101604 0.2540107  0.34491979 0.54812834]
val_loss=4.7377
accuracy
[0.06951872 0.18716578 0.2486631  0.44385027]
val_loss=4.8889
accuracy
[0.07219251 0.17914439 0.23796791 0.45721925]
val_loss=4.5518
accuracy
[0.06149733 0.1657754  0.24331551 0.42780749]
val_loss=4.5346
accuracy
[0.10695187 0.18181818 0.2486631  0.44652406]
val_loss=5.1563
accuracy
[0.09893048 0.19251337 0.23796791 0.40106952]
val_loss=5.4901
accuracy
[0.10695187 0.17914439 0.24331551 0.45989305]
val_loss=5.6736
accuracy
[0.09893048 0.1684492  0.21657754 0.40106952]
val_loss=5.8135
accuracy
[0.06417112 0.1684492  0.22727273 0.38235294]
val_loss=5.7548
accuracy
[0.10160428 0.17379679 0.21657754 0.36363636]
val_loss=5.8678
accuracy
[0.09625668 0.17112299 0.22994652 0.38502674]
val_loss=6.3911
accuracy
[0.10160428 0.17112299 0.21925134 0.34224599]
val_loss=6.1992
accuracy
[0.06417112 0.1657754  0.22192513 0.37433155]
val_loss=6.4700
accuracy
[0.07486631 0.17112299 0.22994652 0.33957219]
val_loss=5.8413
accuracy
[0.06417112 0.1684492  0.22727273 0.33957219]
val_loss=6.2503
accuracy
[0.07219251 0.17379679 0.22192513 0.31550802]
val_loss=6.6471
accuracy
[0.06684492 0.1657754  0.22192513 0.3315508 ]
val_loss=6.2740
accuracy
[0.06417112 0.1631016  0.21657754 0.34224599]
val_loss=6.9255
accuracy
[0.06417112 0.1631016  0.21122995 0.32620321]
val_loss=6.7563
accuracy
[0.07219251 0.1657754  0.21657754 0.3342246 ]
val_loss=6.9730
accuracy
[0.06684492 0.1657754  0.21657754 0.3342246 ]
val_loss=7.0820
accuracy
[0.0802139  0.1631016  0.21925134 0.35294118]
val_loss=7.1016
accuracy
[0.06951872 0.1631016  0.21657754 0.34224599]
val_loss=7.2735
accuracy
[0.06951872 0.16042781 0.21657754 0.3315508 ]
val_loss=7.2115
accuracy
[0.06684492 0.16042781 0.21390374 0.32887701]
val_loss=7.3331
accuracy
[0.07754011 0.16042781 0.21122995 0.3315508 ]
val_loss=7.4224
accuracy
[0.06684492 0.1657754  0.21925134 0.3342246 ]
val_loss=7.3522
accuracy
[0.07486631 0.1631016  0.21390374 0.33957219]
val_loss=7.6855
accuracy
[0.07219251 0.16042781 0.21390374 0.3342246 ]
val_loss=7.5893
accuracy
[0.0828877  0.16042781 0.21390374 0.3315508 ]
val_loss=7.6901
accuracy
[0.0802139  0.16042781 0.21122995 0.32352941]
val_loss=7.5811
accuracy
[0.07486631 0.16042781 0.21122995 0.32887701]
val_loss=7.4983
accuracy
[0.09090909 0.15775401 0.21122995 0.3368984 ]
val_loss=7.6733
accuracy
[0.09358289 0.15240642 0.21390374 0.32887701]
val_loss=7.6229
accuracy
[0.06684492 0.1631016  0.21657754 0.32887701]
val_loss=7.7820
accuracy
[0.09090909 0.15775401 0.21122995 0.32887701]
val_loss=7.7035
accuracy
[0.07486631 0.1631016  0.21390374 0.32620321]
val_loss=7.7227
accuracy
[0.09625668 0.14171123 0.20855615 0.32085561]
val_loss=7.7241
accuracy
[0.07219251 0.16042781 0.21390374 0.31818182]
val_loss=7.7453
accuracy
[0.07219251 0.16042781 0.21390374 0.32620321]
val_loss=7.8212
accuracy
[0.07219251 0.16042781 0.21390374 0.32620321]
val_loss=7.9009
accuracy
[0.0828877  0.16042781 0.21390374 0.32085561]
val_loss=7.9127
accuracy
[0.07754011 0.15775401 0.21390374 0.32352941]
val_loss=7.9039
accuracy
[0.07486631 0.16042781 0.21390374 0.32620321]
val_loss=7.9381
accuracy
[0.09358289 0.15775401 0.21390374 0.32352941]
val_loss=7.9739
accuracy
[0.0828877  0.16042781 0.21390374 0.32352941]
val_loss=7.9375
accuracy
[0.0855615  0.15775401 0.21390374 0.32620321]
val_loss=7.9953
accuracy
[0.08823529 0.15508021 0.21390374 0.32352941]
val_loss=8.0055
accuracy
[0.07486631 0.16042781 0.21390374 0.32085561]
val_loss=8.0241
accuracy
[0.0855615  0.15775401 0.21390374 0.32352941]
val_loss=8.0558
accuracy
[0.09358289 0.15508021 0.21390374 0.31818182]
val_loss=8.0562
accuracy
[0.0802139  0.16042781 0.21390374 0.32085561]
val_loss=8.1143
accuracy
[0.09090909 0.15775401 0.21390374 0.31818182]
val_loss=8.0809
accuracy
[0.0828877  0.15775401 0.21390374 0.32085561]
val_loss=8.1080
accuracy
[0.0855615  0.15508021 0.21390374 0.32352941]
val_loss=8.1079
accuracy
[0.09358289 0.15775401 0.21390374 0.32085561]
val_loss=8.1287
accuracy
[0.09358289 0.15508021 0.21390374 0.31818182]
val_loss=8.1435
accuracy
[0.09358289 0.15508021 0.21390374 0.32085561]
val_loss=8.1633
accuracy
[0.0828877  0.15775401 0.21390374 0.31818182]
val_loss=8.1640
accuracy
[0.0828877  0.15775401 0.21390374 0.32085561]
val_loss=8.1785
accuracy
[0.0855615  0.15775401 0.21390374 0.32085561]
val_loss=8.1749
accuracy
[0.09090909 0.15508021 0.21390374 0.32352941]
val_loss=8.1811
accuracy
[0.09090909 0.15508021 0.21390374 0.32352941]
val_loss=8.1832
accuracy
[0.09358289 0.15508021 0.21390374 0.32085561]
val_loss=8.1936
accuracy
[0.08823529 0.15508021 0.21390374 0.32085561]
val_loss=8.1978
accuracy
[0.09358289 0.15508021 0.21390374 0.31818182]
val_loss=8.1968
accuracy
[0.09090909 0.15508021 0.21390374 0.32352941]
val_loss=8.1899
accuracy
[0.09358289 0.15508021 0.21390374 0.31818182]
val_loss=8.1820
accuracy
[0.08823529 0.15508021 0.21390374 0.32352941]
val_loss=8.1967
accuracy
[0.08823529 0.15508021 0.21390374 0.31818182]
val_loss=8.1985
accuracy
[0.09358289 0.15508021 0.21390374 0.32352941]
val_loss=8.2076
accuracy
[0.09090909 0.15508021 0.21390374 0.31818182]
val_loss=8.1979
accuracy
[0.09090909 0.15508021 0.21390374 0.31818182]
val_loss=8.1991
accuracy
[0.09358289 0.15240642 0.21390374 0.31818182]
val_loss=8.2045
accuracy
[0.09090909 0.15508021 0.21390374 0.32352941]
val_loss=8.2134
accuracy
[0.09358289 0.15508021 0.21390374 0.32085561]
val_loss=8.2194
accuracy
[0.08823529 0.15508021 0.21390374 0.32085561]
val_loss=8.2291
accuracy
[0.09358289 0.15508021 0.21390374 0.32085561]
val_loss=8.2290
accuracy
[0.0828877  0.15508021 0.21390374 0.32085561]
Finished Training
    rehearsal replay buffer: 500 of 1189 source samples
cpu
Finished Training
cpu
Finished Training
cpu
Finished Training
cpu
Finished Training
cpu
Finished Training
cpu
Finished Training
cpu
Finished Training
cpu
Finished Training
cpu
Finished Training
cpu
Finished Training
cpu
Finished Training
cpu
Finished Training
cpu
Finished Training
cpu
Finished Training
cpu
Finished Training
cpu
Finished Training
cpu
Finished Training
cpu
Finished Training
cpu
Finished Training
cpu
Finished Training
cpu
Finished Training
cpu
Finished Training
  seed 1: pretrain on scenario3 (1189 samples), zero-shot eval on scenario4 (374 held-out test samples)
cpu
-----------------------------------------------------------------------
      Layer (type)        Output Shape         Param #     Tr. Param #
=======================================================================
          Linear-1           [32, 256]           1,280           1,280
            ReLU-2           [32, 256]               0               0
          Linear-3           [32, 256]          65,792          65,792
          Linear-4           [32, 256]          65,792          65,792
          Linear-5            [32, 16]           4,112           4,112
=======================================================================
Total params: 136,976
Trainable params: 136,976
Non-trainable params: 0
-----------------------------------------------------------------------
val_loss=2.9507
accuracy
[0.14705882 0.23262032 0.30481283 0.47058824]
val_loss=3.1195
accuracy
[0.1684492  0.31283422 0.42780749 0.64171123]
val_loss=4.2318
accuracy
[0.06149733 0.20588235 0.28877005 0.43315508]
val_loss=4.8660
accuracy
[0.12299465 0.20053476 0.28342246 0.45454545]
val_loss=4.6752
accuracy
[0.11497326 0.18449198 0.25935829 0.43315508]
val_loss=5.6905
accuracy
[0.06149733 0.18181818 0.2540107  0.38502674]
val_loss=5.4293
accuracy
[0.12834225 0.23796791 0.27272727 0.45187166]
val_loss=6.4408
accuracy
[0.06951872 0.19786096 0.27272727 0.40641711]
val_loss=5.6187
accuracy
[0.06417112 0.18181818 0.25668449 0.4197861 ]
val_loss=5.7416
accuracy
[0.06149733 0.19518717 0.25935829 0.4144385 ]
val_loss=6.1143
accuracy
[0.09893048 0.18983957 0.27272727 0.46256684]
val_loss=7.3831
accuracy
[0.06417112 0.18181818 0.25935829 0.36096257]
val_loss=7.2422
accuracy
[0.0802139  0.17914439 0.2486631  0.4197861 ]
val_loss=6.0689
accuracy
[0.10962567 0.19786096 0.25935829 0.37433155]
val_loss=6.4080
accuracy
[0.12032086 0.23529412 0.27272727 0.39839572]
val_loss=7.1372
accuracy
[0.05882353 0.17647059 0.2459893  0.42245989]
val_loss=6.6179
accuracy
[0.11229947 0.17914439 0.24064171 0.36096257]
val_loss=6.9487
accuracy
[0.11229947 0.18716578 0.2459893  0.44117647]
val_loss=7.9946
accuracy
[0.11229947 0.17647059 0.2486631  0.35828877]
val_loss=6.7448
accuracy
[0.06149733 0.17647059 0.25668449 0.3342246 ]
val_loss=7.3483
accuracy
[0.06951872 0.17647059 0.2513369  0.35026738]
val_loss=7.7134
accuracy
[0.11497326 0.17647059 0.2513369  0.3342246 ]
val_loss=7.9631
accuracy
[0.11229947 0.17647059 0.2486631  0.35828877]
val_loss=8.1932
accuracy
[0.11497326 0.17647059 0.2459893  0.3342246 ]
val_loss=8.1801
accuracy
[0.11229947 0.18181818 0.2513369  0.3368984 ]
val_loss=8.2347
accuracy
[0.11229947 0.17914439 0.23796791 0.3342246 ]
val_loss=8.2315
accuracy
[0.10962567 0.17112299 0.23529412 0.34491979]
val_loss=8.4476
accuracy
[0.11229947 0.17112299 0.23262032 0.3315508 ]
val_loss=8.7880
accuracy
[0.0802139  0.17914439 0.24331551 0.32887701]
val_loss=8.5150
accuracy
[0.10962567 0.1684492  0.22459893 0.34224599]
val_loss=8.6094
accuracy
[0.0855615  0.17914439 0.23796791 0.32620321]
val_loss=8.8050
accuracy
[0.11497326 0.1684492  0.23529412 0.3342246 ]
val_loss=8.5385
accuracy
[0.10962567 0.1684492  0.22994652 0.33957219]
val_loss=8.8977
accuracy
[0.10427807 0.17914439 0.24064171 0.31550802]
val_loss=8.7738
accuracy
[0.11497326 0.1684492  0.23262032 0.32620321]
val_loss=8.4360
accuracy
[0.11229947 0.1684492  0.23529412 0.3342246 ]
val_loss=8.8462
accuracy
[0.10962567 0.1684492  0.22994652 0.34491979]
val_loss=8.8762
accuracy
[0.09625668 0.17914439 0.24331551 0.32620321]
val_loss=8.6227
accuracy
[0.10695187 0.17379679 0.23796791 0.32887701]
val_loss=8.7640
accuracy
[0.11229947 0.17112299 0.23262032 0.32085561]
val_loss=8.8336
accuracy
[0.11229947 0.17112299 0.23262032 0.31818182]
val_loss=8.8562
accuracy
[0.11229947 0.1684492  0.22994652 0.32085561]
val_loss=8.9498
accuracy
[0.11229947 0.17112299 0.22994652 0.31818182]
val_loss=8.9736
accuracy
[0.10427807 0.17379679 0.23529412 0.31818182]
val_loss=8.9560
accuracy
[0.10962567 0.17379679 0.23262032 0.32085561]
val_loss=9.1198
accuracy
[0.11229947 0.17112299 0.23262032 0.31550802]
val_loss=9.1081
accuracy
[0.10695187 0.17379679 0.23262032 0.31818182]
val_loss=9.1491
accuracy
[0.11229947 0.17112299 0.22994652 0.31283422]
val_loss=9.0802
accuracy
[0.10962567 0.17112299 0.23262032 0.32085561]
val_loss=9.0952
accuracy
[0.10962567 0.17379679 0.23262032 0.32085561]
val_loss=9.1072
accuracy
[0.10962567 0.17112299 0.22994652 0.31550802]
val_loss=9.1188
accuracy
[0.10695187 0.17379679 0.23262032 0.31818182]
val_loss=9.2006
accuracy
[0.10427807 0.17379679 0.23262032 0.31818182]
val_loss=9.1778
accuracy
[0.10695187 0.17379679 0.23529412 0.32085561]
val_loss=9.1840
accuracy
[0.10695187 0.17112299 0.23796791 0.31818182]
val_loss=9.2488
accuracy
[0.10695187 0.17112299 0.23262032 0.31550802]
val_loss=9.2177
accuracy
[0.10427807 0.17379679 0.23262032 0.32085561]
val_loss=9.2307
accuracy
[0.10695187 0.17112299 0.22994652 0.32085561]
val_loss=9.3151
accuracy
[0.10427807 0.17379679 0.23529412 0.31818182]
val_loss=9.3069
accuracy
[0.10695187 0.17379679 0.22994652 0.32085561]
val_loss=9.3250
accuracy
[0.10695187 0.17379679 0.22994652 0.32085561]
val_loss=9.3188
accuracy
[0.10695187 0.17112299 0.22994652 0.31818182]
val_loss=9.3204
accuracy
[0.10695187 0.17112299 0.22994652 0.31818182]
val_loss=9.3310
accuracy
[0.10962567 0.17112299 0.22994652 0.31818182]
val_loss=9.3283
accuracy
[0.10695187 0.17112299 0.22994652 0.32085561]
val_loss=9.3361
accuracy
[0.10962567 0.17112299 0.22994652 0.31818182]
val_loss=9.3493
accuracy
[0.10695187 0.17112299 0.22994652 0.31818182]
val_loss=9.3455
accuracy
[0.10962567 0.17112299 0.22994652 0.31818182]
val_loss=9.3499
accuracy
[0.10695187 0.17112299 0.22994652 0.31818182]
val_loss=9.3495
accuracy
[0.10695187 0.17112299 0.22994652 0.31818182]
val_loss=9.3614
accuracy
[0.10695187 0.17112299 0.22994652 0.31818182]
val_loss=9.3602
accuracy
[0.10695187 0.17379679 0.22994652 0.31818182]
val_loss=9.3608
accuracy
[0.10695187 0.17112299 0.22994652 0.31818182]
val_loss=9.3716
accuracy
[0.10695187 0.17112299 0.22994652 0.32085561]
val_loss=9.3777
accuracy
[0.10695187 0.17112299 0.22994652 0.31818182]
val_loss=9.3905
accuracy
[0.10695187 0.17112299 0.22994652 0.31818182]
val_loss=9.3950
accuracy
[0.10695187 0.17112299 0.22994652 0.31818182]
val_loss=9.3891
accuracy
[0.10695187 0.17112299 0.22994652 0.31818182]
val_loss=9.3839
accuracy
[0.10962567 0.17112299 0.22994652 0.32085561]
val_loss=9.4029
accuracy
[0.10695187 0.17112299 0.22994652 0.31818182]
Finished Training
    rehearsal replay buffer: 500 of 1189 source samples
cpu
Finished Training
cpu
Finished Training
cpu
Finished Training
cpu
Finished Training
cpu
Finished Training
cpu
Finished Training
cpu
Finished Training
cpu
Finished Training
cpu
Finished Training
cpu
Finished Training
cpu
Finished Training
cpu
Finished Training
cpu
Finished Training
cpu
Finished Training
cpu
Finished Training
cpu
Finished Training
cpu
Finished Training
cpu
Finished Training
cpu
Finished Training
cpu
Finished Training
cpu
Finished Training
cpu
Finished Training
  seed 2: pretrain on scenario3 (1189 samples), zero-shot eval on scenario4 (374 held-out test samples)
cpu
-----------------------------------------------------------------------
      Layer (type)        Output Shape         Param #     Tr. Param #
=======================================================================
          Linear-1           [32, 256]           1,280           1,280
            ReLU-2           [32, 256]               0               0
          Linear-3           [32, 256]          65,792          65,792
          Linear-4           [32, 256]          65,792          65,792
          Linear-5            [32, 16]           4,112           4,112
=======================================================================
Total params: 136,976
Trainable params: 136,976
Non-trainable params: 0
-----------------------------------------------------------------------
val_loss=3.7219
accuracy
[0.10962567 0.23796791 0.31550802 0.47860963]
val_loss=4.0720
accuracy
[0.12299465 0.19251337 0.28342246 0.5       ]
val_loss=5.0363
accuracy
[0.12566845 0.18983957 0.29144385 0.44117647]
val_loss=5.1454
accuracy
[0.10427807 0.19251337 0.2540107  0.40374332]
val_loss=5.1591
accuracy
[0.05614973 0.16042781 0.26203209 0.4144385 ]
val_loss=5.3326
accuracy
[0.05882353 0.1631016  0.26203209 0.43850267]
val_loss=5.5969
accuracy
[0.10160428 0.17112299 0.23529412 0.39304813]
val_loss=6.0628
accuracy
[0.05614973 0.1657754  0.2513369  0.34224599]
val_loss=5.7704
accuracy
[0.04812834 0.14438503 0.23529412 0.39572193]
val_loss=5.8921
accuracy
[0.09893048 0.15240642 0.22727273 0.38770053]
val_loss=6.7332
accuracy
[0.10160428 0.14438503 0.23796791 0.35561497]
val_loss=6.7509
accuracy
[0.06417112 0.13368984 0.22192513 0.35294118]
val_loss=6.5942
accuracy
[0.0855615  0.16042781 0.2540107  0.34224599]
val_loss=6.7305
accuracy
[0.05614973 0.16042781 0.2540107  0.37433155]
val_loss=6.9651
accuracy
[0.04010695 0.13903743 0.23529412 0.36898396]
val_loss=7.0932
accuracy
[0.04545455 0.12299465 0.22727273 0.31016043]
val_loss=7.0920
accuracy
[0.04278075 0.13636364 0.22459893 0.35026738]
val_loss=6.6708
accuracy
[0.04278075 0.13903743 0.22727273 0.35294118]
val_loss=6.6567
accuracy
[0.06684492 0.14705882 0.24064171 0.33957219]
val_loss=7.7462
accuracy
[0.04812834 0.14171123 0.23796791 0.34491979]
val_loss=7.6618
accuracy
[0.09358289 0.13636364 0.23262032 0.35026738]
val_loss=8.0530
accuracy
[0.06149733 0.13368984 0.22727273 0.32620321]
val_loss=8.3178
accuracy
[0.04278075 0.13368984 0.22192513 0.31818182]
val_loss=8.1865
accuracy
[0.06684492 0.13903743 0.22994652 0.3368984 ]
val_loss=8.5122
accuracy
[0.06149733 0.13903743 0.23262032 0.3368984 ]
val_loss=8.2543
accuracy
[0.04812834 0.13636364 0.22994652 0.33957219]
val_loss=8.6390
accuracy
[0.0828877  0.13368984 0.21925134 0.32887701]
val_loss=8.7331
accuracy
[0.04812834 0.13636364 0.22459893 0.34224599]
val_loss=8.6117
accuracy
[0.05080214 0.13636364 0.22459893 0.32085561]
val_loss=8.9253
accuracy
[0.04812834 0.13368984 0.22192513 0.31550802]
val_loss=8.7236
accuracy
[0.06149733 0.13368984 0.22192513 0.32887701]
val_loss=8.9862
accuracy
[0.05347594 0.13368984 0.21925134 0.31818182]
val_loss=9.0818
accuracy
[0.06149733 0.13368984 0.22192513 0.31550802]
val_loss=9.1422
accuracy
[0.09358289 0.13368984 0.22192513 0.32085561]
val_loss=8.9225
accuracy
[0.08823529 0.13368984 0.22459893 0.31818182]
val_loss=9.0912
accuracy
[0.05614973 0.13368984 0.22192513 0.32085561]
val_loss=9.0405
accuracy
[0.05347594 0.13636364 0.22459893 0.3315508 ]
val_loss=9.0720
accuracy
[0.05347594 0.13368984 0.21657754 0.32085561]
val_loss=9.0594
accuracy
[0.05882353 0.13368984 0.22192513 0.30213904]
val_loss=9.2161
accuracy
[0.06149733 0.13368984 0.21925134 0.31016043]
val_loss=9.1830
accuracy
[0.06684492 0.13636364 0.22192513 0.31550802]
val_loss=9.2397
accuracy
[0.06684492 0.13368984 0.22192513 0.31016043]
val_loss=9.3577
accuracy
[0.06684492 0.13636364 0.22459893 0.31283422]
val_loss=9.3436
accuracy
[0.06149733 0.13368984 0.22192513 0.31550802]
val_loss=9.3714
accuracy
[0.05882353 0.13636364 0.22459893 0.31550802]
val_loss=9.3879
accuracy
[0.06417112 0.13636364 0.22459893 0.31283422]
val_loss=9.3621
accuracy
[0.06149733 0.13636364 0.22459893 0.31550802]
val_loss=9.4316
accuracy
[0.06684492 0.13636364 0.22192513 0.31550802]
val_loss=9.4687
accuracy
[0.06417112 0.13636364 0.22727273 0.30481283]
val_loss=9.4741
accuracy
[0.05347594 0.13636364 0.22459893 0.31550802]
val_loss=9.4884
accuracy
[0.06149733 0.13636364 0.22459893 0.31283422]
val_loss=9.5542
accuracy
[0.05347594 0.13368984 0.22459893 0.31283422]
val_loss=9.5765
accuracy
[0.05614973 0.13368984 0.22459893 0.31283422]
val_loss=9.5430
accuracy
[0.05614973 0.13636364 0.22192513 0.30748663]
val_loss=9.5719
accuracy
[0.06149733 0.13368984 0.22192513 0.30748663]
val_loss=9.6166
accuracy
[0.05347594 0.13368984 0.21390374 0.31283422]
val_loss=9.5699
accuracy
[0.05080214 0.13368984 0.22192513 0.31016043]
val_loss=9.6240
accuracy
[0.05347594 0.13368984 0.22727273 0.31016043]
val_loss=9.5935
accuracy
[0.05347594 0.13368984 0.22192513 0.32085561]
val_loss=9.6683
accuracy
[0.05080214 0.13368984 0.21925134 0.32085561]
val_loss=9.6645
accuracy
[0.05347594 0.13368984 0.20320856 0.31818182]
val_loss=9.6733
accuracy
[0.05347594 0.13368984 0.20855615 0.31550802]
val_loss=9.6819
accuracy
[0.05347594 0.13368984 0.21390374 0.31283422]
val_loss=9.6859
accuracy
[0.05347594 0.13368984 0.21390374 0.31283422]
val_loss=9.6875
accuracy
[0.05347594 0.13368984 0.21925134 0.31283422]
val_loss=9.7004
accuracy
[0.05080214 0.13368984 0.22192513 0.31550802]
val_loss=9.7052
accuracy
[0.05347594 0.13368984 0.21657754 0.31550802]
val_loss=9.7074
accuracy
[0.05347594 0.13368984 0.21657754 0.31283422]
val_loss=9.7170
accuracy
[0.05347594 0.13368984 0.21390374 0.31016043]
val_loss=9.7189
accuracy
[0.05347594 0.13368984 0.21657754 0.31283422]
val_loss=9.7239
accuracy
[0.05347594 0.13368984 0.21925134 0.31283422]
val_loss=9.7225
accuracy
[0.05347594 0.13368984 0.21925134 0.31283422]
val_loss=9.7210
accuracy
[0.05080214 0.13368984 0.22192513 0.31016043]
val_loss=9.7207
accuracy
[0.05347594 0.13368984 0.22192513 0.31283422]
val_loss=9.7081
accuracy
[0.05347594 0.13368984 0.21390374 0.31283422]
val_loss=9.7328
accuracy
[0.05614973 0.13368984 0.22192513 0.31016043]
val_loss=9.7332
accuracy
[0.05080214 0.13368984 0.21657754 0.31016043]
val_loss=9.7397
accuracy
[0.05614973 0.13368984 0.22192513 0.31283422]
val_loss=9.7461
accuracy
[0.05614973 0.13368984 0.22192513 0.31016043]
val_loss=9.7601
accuracy
[0.05614973 0.13368984 0.22192513 0.31016043]
Finished Training
    rehearsal replay buffer: 500 of 1189 source samples
cpu
Finished Training
cpu
Finished Training
cpu
Finished Training
cpu
Finished Training
cpu
Finished Training
cpu
Finished Training
cpu
Finished Training
cpu
Finished Training
cpu
Finished Training
cpu
Finished Training
cpu
Finished Training
cpu
Finished Training
cpu
Finished Training
cpu
Finished Training
cpu
Finished Training
cpu
Finished Training
cpu
Finished Training
cpu
Finished Training
cpu
Finished Training
cpu
Finished Training
cpu
Finished Training
cpu
Finished Training
  seed 3: pretrain on scenario3 (1189 samples), zero-shot eval on scenario4 (374 held-out test samples)
cpu
-----------------------------------------------------------------------
      Layer (type)        Output Shape         Param #     Tr. Param #
=======================================================================
          Linear-1           [32, 256]           1,280           1,280
            ReLU-2           [32, 256]               0               0
          Linear-3           [32, 256]          65,792          65,792
          Linear-4           [32, 256]          65,792          65,792
          Linear-5            [32, 16]           4,112           4,112
=======================================================================
Total params: 136,976
Trainable params: 136,976
Non-trainable params: 0
-----------------------------------------------------------------------
val_loss=2.7010
accuracy
[0.17379679 0.27272727 0.42245989 0.63636364]
val_loss=3.5634
accuracy
[0.10695187 0.26203209 0.39839572 0.60427807]
val_loss=3.9460
accuracy
[0.11764706 0.15775401 0.25668449 0.44652406]
val_loss=4.3056
accuracy
[0.05347594 0.15508021 0.27272727 0.54010695]
val_loss=4.6199
accuracy
[0.11764706 0.15775401 0.25668449 0.44652406]
val_loss=5.5297
accuracy
[0.10695187 0.14973262 0.2459893  0.40106952]
val_loss=5.4861
accuracy
[0.06149733 0.15508021 0.2540107  0.39572193]
val_loss=5.9740
accuracy
[0.10160428 0.15508021 0.25668449 0.39572193]
val_loss=5.3135
accuracy
[0.10695187 0.15240642 0.2540107  0.43048128]
val_loss=5.4026
accuracy
[0.05080214 0.14171123 0.24331551 0.4144385 ]
val_loss=6.3484
accuracy
[0.07754011 0.17914439 0.2459893  0.37165775]
val_loss=6.8087
accuracy
[0.05614973 0.14705882 0.2459893  0.36363636]
val_loss=6.6709
accuracy
[0.08823529 0.14973262 0.2513369  0.37165775]
val_loss=6.4082
accuracy
[0.06149733 0.14973262 0.24064171 0.34224599]
val_loss=6.3832
accuracy
[0.06417112 0.14705882 0.2486631  0.37433155]
val_loss=6.9564
accuracy
[0.10427807 0.15508021 0.24064171 0.3368984 ]
val_loss=6.9024
accuracy
[0.10427807 0.15775401 0.2486631  0.36898396]
val_loss=6.1926
accuracy
[0.09358289 0.1631016  0.2513369  0.35026738]
val_loss=7.5665
accuracy
[0.05347594 0.14171123 0.2459893  0.35828877]
val_loss=7.4172
accuracy
[0.11764706 0.18449198 0.2513369  0.35828877]
val_loss=7.4397
accuracy
[0.05882353 0.14171123 0.24064171 0.35828877]
val_loss=7.7577
accuracy
[0.09358289 0.14973262 0.24064171 0.36363636]
val_loss=7.9681
accuracy
[0.07486631 0.14171123 0.2459893  0.36096257]
val_loss=8.0123
accuracy
[0.0802139  0.14438503 0.24064171 0.35561497]
val_loss=8.3213
accuracy
[0.09358289 0.15240642 0.23796791 0.35828877]
val_loss=8.2628
accuracy
[0.08823529 0.14438503 0.24331551 0.35828877]
val_loss=8.1616
accuracy
[0.0828877  0.14171123 0.23796791 0.36096257]
val_loss=8.6324
accuracy
[0.07754011 0.14438503 0.24331551 0.34224599]
val_loss=8.2082
accuracy
[0.07754011 0.14438503 0.24064171 0.34759358]
val_loss=8.2839
accuracy
[0.09893048 0.14438503 0.23529412 0.34759358]
val_loss=8.4616
accuracy
[0.10695187 0.14438503 0.24064171 0.33957219]
val_loss=8.5991
accuracy
[0.08823529 0.14438503 0.24331551 0.35294118]
val_loss=8.5904
accuracy
[0.0828877  0.14438503 0.23796791 0.34491979]
val_loss=8.6266
accuracy
[0.0855615  0.14171123 0.23529412 0.34759358]
val_loss=8.7462
accuracy
[0.06684492 0.14171123 0.24064171 0.3342246 ]
val_loss=8.9243
accuracy
[0.0802139  0.14171123 0.23796791 0.34224599]
val_loss=8.9126
accuracy
[0.05882353 0.14705882 0.24064171 0.32085561]
val_loss=8.6906
accuracy
[0.06684492 0.14171123 0.23796791 0.3342246 ]
val_loss=8.8320
accuracy
[0.07219251 0.14171123 0.23796791 0.32352941]
val_loss=8.7209
accuracy
[0.08823529 0.14705882 0.23796791 0.34224599]
val_loss=8.8356
accuracy
[0.0828877  0.14171123 0.24064171 0.33957219]
val_loss=8.8843
accuracy
[0.0828877  0.14171123 0.24331551 0.3342246 ]
val_loss=8.8961
accuracy
[0.0828877  0.14171123 0.23796791 0.33957219]
val_loss=8.9360
accuracy
[0.0855615  0.14438503 0.23796791 0.3342246 ]
val_loss=8.9604
accuracy
[0.0828877  0.14171123 0.23529412 0.3342246 ]
val_loss=9.0227
accuracy
[0.0855615  0.14171123 0.24064171 0.3315508 ]
val_loss=9.0740
accuracy
[0.0828877  0.14171123 0.24064171 0.3342246 ]
val_loss=9.0482
accuracy
[0.0828877  0.14438503 0.23796791 0.3342246 ]
val_loss=9.0534
accuracy
[0.0855615  0.14438503 0.23796791 0.3368984 ]
val_loss=9.0851
accuracy
[0.09090909 0.14438503 0.24331551 0.3342246 ]
val_loss=9.0863
accuracy
[0.0802139  0.14171123 0.23796791 0.32887701]
val_loss=9.1069
accuracy
[0.0828877  0.14171123 0.24064171 0.3342246 ]
val_loss=9.1390
accuracy
[0.0828877  0.14438503 0.23796791 0.32887701]
val_loss=9.1927
accuracy
[0.0828877  0.14438503 0.23796791 0.3315508 ]
val_loss=9.1367
accuracy
[0.0828877  0.14438503 0.23529412 0.32887701]
val_loss=9.2055
accuracy
[0.0828877  0.14438503 0.23796791 0.3315508 ]
val_loss=9.2038
accuracy
[0.0828877  0.14438503 0.24064171 0.3368984 ]
val_loss=9.2315
accuracy
[0.0828877  0.14171123 0.23529412 0.3315508 ]
val_loss=9.2395
accuracy
[0.0828877  0.14171123 0.23796791 0.32887701]
val_loss=9.2452
accuracy
[0.0828877  0.14438503 0.23529412 0.32887701]
val_loss=9.2641
accuracy
[0.0855615  0.14171123 0.23796791 0.32887701]
val_loss=9.2761
accuracy
[0.0855615  0.14171123 0.23796791 0.32887701]
val_loss=9.2946
accuracy
[0.0855615  0.14171123 0.23796791 0.32887701]
val_loss=9.2767
accuracy
[0.0828877  0.14171123 0.23796791 0.32887701]
val_loss=9.2834
accuracy
[0.0828877  0.14171123 0.23796791 0.32887701]
val_loss=9.2839
accuracy
[0.0828877  0.14438503 0.23796791 0.32887701]
val_loss=9.2820
accuracy
[0.0828877  0.14171123 0.23796791 0.32887701]
val_loss=9.2876
accuracy
[0.0828877  0.14438503 0.23796791 0.32887701]
val_loss=9.2871
accuracy
[0.0828877  0.14171123 0.23796791 0.32887701]
val_loss=9.2864
accuracy
[0.0828877  0.14438503 0.23796791 0.32887701]
val_loss=9.2916
accuracy
[0.0828877  0.14438503 0.23796791 0.32887701]
val_loss=9.3008
accuracy
[0.0828877  0.14438503 0.23796791 0.32887701]
val_loss=9.2819
accuracy
[0.0828877  0.14438503 0.23796791 0.32887701]
val_loss=9.2795
accuracy
[0.0855615  0.14438503 0.23796791 0.32887701]
val_loss=9.2747
accuracy
[0.0828877  0.14438503 0.23796791 0.3315508 ]
val_loss=9.2860
accuracy
[0.0828877  0.14438503 0.23796791 0.32887701]
val_loss=9.2941
accuracy
[0.0828877  0.14438503 0.23796791 0.32887701]
val_loss=9.2892
accuracy
[0.0828877  0.14438503 0.23796791 0.3315508 ]
val_loss=9.3005
accuracy
[0.0828877  0.14438503 0.23796791 0.32887701]
val_loss=9.3079
accuracy
[0.0828877  0.14438503 0.23796791 0.32887701]
Finished Training
    rehearsal replay buffer: 500 of 1189 source samples
cpu
Finished Training
cpu
Finished Training
cpu
Finished Training
cpu
Finished Training
cpu
Finished Training
cpu
Finished Training
cpu
Finished Training
cpu
Finished Training
cpu
Finished Training
cpu
Finished Training
cpu
Finished Training
cpu
Finished Training
cpu
Finished Training
cpu
Finished Training
cpu
Finished Training
cpu
Finished Training
cpu
Finished Training
cpu
Finished Training
cpu
Finished Training
cpu
Finished Training
cpu
Finished Training
cpu
Finished Training
  seed 4: pretrain on scenario3 (1189 samples), zero-shot eval on scenario4 (374 held-out test samples)
cpu
-----------------------------------------------------------------------
      Layer (type)        Output Shape         Param #     Tr. Param #
=======================================================================
          Linear-1           [32, 256]           1,280           1,280
            ReLU-2           [32, 256]               0               0
          Linear-3           [32, 256]          65,792          65,792
          Linear-4           [32, 256]          65,792          65,792
          Linear-5            [32, 16]           4,112           4,112
=======================================================================
Total params: 136,976
Trainable params: 136,976
Non-trainable params: 0
-----------------------------------------------------------------------
val_loss=3.2509
accuracy
[0.19251337 0.29946524 0.40106952 0.55080214]
val_loss=3.3893
accuracy
[0.0828877  0.23529412 0.3368984  0.45989305]
val_loss=3.9453
accuracy
[0.11229947 0.20320856 0.31550802 0.5       ]
val_loss=5.0143
accuracy
[0.06684492 0.17647059 0.27807487 0.39839572]
val_loss=5.3123
accuracy
[0.09625668 0.17112299 0.27005348 0.39304813]
val_loss=5.2556
accuracy
[0.12032086 0.22459893 0.32887701 0.46256684]
val_loss=5.0638
accuracy
[0.06149733 0.17379679 0.26737968 0.39304813]
val_loss=5.4558
accuracy
[0.11497326 0.17379679 0.26737968 0.45454545]
val_loss=5.6681
accuracy
[0.11229947 0.18716578 0.26470588 0.39572193]
val_loss=5.9796
accuracy
[0.09090909 0.17379679 0.25935829 0.44919786]
val_loss=5.7094
accuracy
[0.05080214 0.1631016  0.2486631  0.35026738]
val_loss=6.3622
accuracy
[0.04812834 0.1631016  0.25668449 0.35561497]
val_loss=6.1638
accuracy
[0.05080214 0.17112299 0.26737968 0.35561497]
val_loss=5.6107
accuracy
[0.09625668 0.1631016  0.25935829 0.36363636]
val_loss=7.0146
accuracy
[0.07486631 0.17647059 0.2540107  0.36631016]
val_loss=5.9813
accuracy
[0.04278075 0.1631016  0.2513369  0.33957219]
val_loss=6.8236
accuracy
[0.04812834 0.16042781 0.2540107  0.36363636]
val_loss=6.0745
accuracy
[0.0855615  0.15775401 0.2486631  0.35026738]
val_loss=6.4130
accuracy
[0.09358289 0.17379679 0.25935829 0.35294118]
val_loss=6.6427
accuracy
[0.05347594 0.1657754  0.26203209 0.34224599]
val_loss=6.9302
accuracy
[0.0802139  0.16042781 0.2540107  0.35828877]
val_loss=7.1300
accuracy
[0.10160428 0.16042781 0.2486631  0.34759358]
val_loss=7.2420
accuracy
[0.07219251 0.16042781 0.2513369  0.3368984 ]
val_loss=7.4561
accuracy
[0.09893048 0.16042781 0.2513369  0.3315508 ]
val_loss=7.5046
accuracy
[0.09090909 0.16042781 0.2540107  0.33957219]
val_loss=7.4321
accuracy
[0.08823529 0.16042781 0.2513369  0.3368984 ]
val_loss=7.6081
accuracy
[0.10695187 0.15508021 0.24064171 0.31550802]
val_loss=7.7450
accuracy
[0.0855615  0.15775401 0.24064171 0.31550802]
val_loss=7.6752
accuracy
[0.09358289 0.15775401 0.24064171 0.32887701]
val_loss=7.7076
accuracy
[0.09893048 0.15508021 0.2459893  0.3315508 ]
val_loss=7.7697
accuracy
[0.10695187 0.15775401 0.24331551 0.3342246 ]
val_loss=7.7835
accuracy
[0.09893048 0.16042781 0.2486631  0.3368984 ]
val_loss=7.7761
accuracy
[0.06951872 0.16042781 0.24331551 0.32887701]
val_loss=8.1187
accuracy
[0.07219251 0.15508021 0.2486631  0.31283422]
val_loss=8.0500
accuracy
[0.06684492 0.15775401 0.24064171 0.31550802]
val_loss=8.0210
accuracy
[0.0855615  0.15508021 0.24064171 0.31283422]
val_loss=8.0294
accuracy
[0.06951872 0.15775401 0.2459893  0.32887701]
val_loss=7.9868
accuracy
[0.09358289 0.16042781 0.24331551 0.32620321]
val_loss=8.1527
accuracy
[0.07486631 0.16042781 0.2459893  0.32085561]
val_loss=8.1749
accuracy
[0.09090909 0.16042781 0.24331551 0.31818182]
val_loss=8.2489
accuracy
[0.09090909 0.15775401 0.2459893  0.31818182]
val_loss=8.2969
accuracy
[0.08823529 0.16042781 0.2459893  0.32085561]
val_loss=8.2693
accuracy
[0.09090909 0.15775401 0.2459893  0.32352941]
val_loss=8.3646
accuracy
[0.0802139  0.16042781 0.2459893  0.31550802]
val_loss=8.3295
accuracy
[0.08823529 0.15775401 0.2459893  0.32352941]
val_loss=8.3611
accuracy
[0.09090909 0.15775401 0.2459893  0.32085561]
val_loss=8.4138
accuracy
[0.07486631 0.16042781 0.2459893  0.31818182]
val_loss=8.4478
accuracy
[0.08823529 0.15775401 0.2459893  0.31818182]
val_loss=8.4602
accuracy
[0.08823529 0.15775401 0.2459893  0.31818182]
val_loss=8.5070
accuracy
[0.09090909 0.15775401 0.2459893  0.31550802]
val_loss=8.4760
accuracy
[0.07219251 0.16042781 0.2459893  0.32085561]
val_loss=8.5332
accuracy
[0.09090909 0.15775401 0.2459893  0.32085561]
val_loss=8.5019
accuracy
[0.0855615  0.15775401 0.2459893  0.32352941]
val_loss=8.5359
accuracy
[0.0802139  0.16042781 0.2459893  0.31818182]
val_loss=8.5500
accuracy
[0.0802139  0.16042781 0.2459893  0.32085561]
val_loss=8.5842
accuracy
[0.0828877  0.15775401 0.2459893  0.32085561]
val_loss=8.5745
accuracy
[0.06684492 0.16042781 0.24331551 0.31550802]
val_loss=8.5689
accuracy
[0.06951872 0.16042781 0.24331551 0.31818182]
val_loss=8.5886
accuracy
[0.09090909 0.15775401 0.24331551 0.31818182]
val_loss=8.6143
accuracy
[0.07754011 0.15775401 0.24331551 0.31283422]
val_loss=8.6107
accuracy
[0.0802139  0.15775401 0.24331551 0.31550802]
val_loss=8.6072
accuracy
[0.0828877  0.15775401 0.24331551 0.31818182]
val_loss=8.6151
accuracy
[0.0802139  0.15775401 0.24331551 0.31818182]
val_loss=8.6247
accuracy
[0.0828877  0.15775401 0.24331551 0.31818182]
val_loss=8.6228
accuracy
[0.0828877  0.15775401 0.24331551 0.31818182]
val_loss=8.6075
accuracy
[0.0828877  0.15775401 0.24331551 0.31818182]
val_loss=8.6173
accuracy
[0.0828877  0.15775401 0.24331551 0.31818182]
val_loss=8.6287
accuracy
[0.0855615  0.15775401 0.24331551 0.32085561]
val_loss=8.6237
accuracy
[0.0828877  0.15775401 0.24331551 0.31818182]
val_loss=8.6402
accuracy
[0.0802139  0.15775401 0.24331551 0.31818182]
val_loss=8.6350
accuracy
[0.0802139  0.15775401 0.24331551 0.32085561]
val_loss=8.6439
accuracy
[0.07754011 0.15775401 0.24331551 0.32085561]
val_loss=8.6497
accuracy
[0.0828877  0.15775401 0.24331551 0.32085561]
val_loss=8.6596
accuracy
[0.0802139  0.15775401 0.24331551 0.32085561]
val_loss=8.6623
accuracy
[0.0802139  0.15775401 0.24331551 0.32085561]
val_loss=8.6703
accuracy
[0.0828877  0.15775401 0.24331551 0.32085561]
val_loss=8.6629
accuracy
[0.08823529 0.15775401 0.24331551 0.32085561]
val_loss=8.6690
accuracy
[0.08823529 0.15775401 0.24331551 0.32085561]
val_loss=8.6847
accuracy
[0.08823529 0.15775401 0.24331551 0.32085561]
val_loss=8.6891
accuracy
[0.0855615  0.15775401 0.24331551 0.32085561]
Finished Training
    rehearsal replay buffer: 500 of 1189 source samples
cpu
Finished Training
cpu
Finished Training
cpu
Finished Training
cpu
Finished Training
cpu
Finished Training
cpu
Finished Training
cpu
Finished Training
cpu
Finished Training
cpu
Finished Training
cpu
Finished Training
cpu
Finished Training
cpu
Finished Training
cpu
Finished Training
cpu
Finished Training
cpu
Finished Training
cpu
Finished Training
cpu
Finished Training
cpu
Finished Training
cpu
Finished Training
cpu
Finished Training
cpu
Finished Training
cpu
Finished Training
  seed 5: pretrain on scenario3 (1189 samples), zero-shot eval on scenario4 (374 held-out test samples)
cpu
-----------------------------------------------------------------------
      Layer (type)        Output Shape         Param #     Tr. Param #
=======================================================================
          Linear-1           [32, 256]           1,280           1,280
            ReLU-2           [32, 256]               0               0
          Linear-3           [32, 256]          65,792          65,792
          Linear-4           [32, 256]          65,792          65,792
          Linear-5            [32, 16]           4,112           4,112
=======================================================================
Total params: 136,976
Trainable params: 136,976
Non-trainable params: 0
-----------------------------------------------------------------------
val_loss=3.6383
accuracy
[0.12032086 0.21390374 0.31283422 0.54278075]
val_loss=3.8739
accuracy
[0.12566845 0.24064171 0.3368984  0.54278075]
val_loss=4.2165
accuracy
[0.08823529 0.15508021 0.2459893  0.49197861]
val_loss=4.9184
accuracy
[0.06951872 0.14171123 0.21122995 0.39839572]
val_loss=5.2975
accuracy
[0.09625668 0.1657754  0.2540107  0.44117647]
val_loss=5.3501
accuracy
[0.08823529 0.12834225 0.20855615 0.37967914]
val_loss=5.8956
accuracy
[0.06684492 0.13636364 0.20588235 0.35828877]
val_loss=5.6984
accuracy
[0.0828877  0.17914439 0.20588235 0.28074866]
val_loss=6.4315
accuracy
[0.09090909 0.14705882 0.20588235 0.36898396]
val_loss=6.4694
accuracy
[0.08823529 0.13101604 0.20320856 0.37967914]
val_loss=6.7803
accuracy
[0.07219251 0.13101604 0.20053476 0.36096257]
val_loss=6.7051
accuracy
[0.08823529 0.1631016  0.20320856 0.31283422]
val_loss=7.1010
accuracy
[0.0855615  0.12834225 0.19518717 0.32352941]
val_loss=7.2896
accuracy
[0.0828877  0.12566845 0.19518717 0.32887701]
val_loss=6.8044
accuracy
[0.06417112 0.13101604 0.20855615 0.38502674]
val_loss=7.2991
accuracy
[0.07754011 0.12566845 0.19251337 0.32620321]
val_loss=7.2610
accuracy
[0.09090909 0.14171123 0.20855615 0.31550802]
val_loss=6.5364
accuracy
[0.0855615  0.12834225 0.19786096 0.38235294]
val_loss=7.4244
accuracy
[0.0855615  0.12566845 0.19251337 0.30748663]
val_loss=7.6018
accuracy
[0.0855615  0.12566845 0.19518717 0.34491979]
val_loss=7.6898
accuracy
[0.0855615  0.12566845 0.20053476 0.3315508 ]
val_loss=8.1458
accuracy
[0.0855615  0.12566845 0.19786096 0.32352941]
val_loss=8.3250
accuracy
[0.0855615  0.12834225 0.20588235 0.31016043]
val_loss=8.3472
accuracy
[0.0855615  0.12566845 0.18716578 0.32352941]
val_loss=8.3720
accuracy
[0.0828877  0.12566845 0.19251337 0.32085561]
val_loss=8.5393
accuracy
[0.0828877  0.12566845 0.18449198 0.32620321]
val_loss=8.3885
accuracy
[0.0802139  0.12566845 0.18716578 0.3315508 ]
val_loss=8.5595
accuracy
[0.06684492 0.12566845 0.18983957 0.3342246 ]
val_loss=8.5449
accuracy
[0.07754011 0.12566845 0.1684492  0.32085561]
val_loss=8.7827
accuracy
[0.0828877  0.12834225 0.20588235 0.32620321]
val_loss=8.7671
accuracy
[0.0855615  0.12566845 0.19518717 0.32085561]
val_loss=8.8870
accuracy
[0.07219251 0.12566845 0.18181818 0.30748663]
val_loss=8.7465
accuracy
[0.07754011 0.12566845 0.18716578 0.32352941]
val_loss=8.7594
accuracy
[0.06951872 0.10962567 0.17112299 0.31283422]
val_loss=8.9969
accuracy
[0.07754011 0.12834225 0.18449198 0.33957219]
val_loss=8.7821
accuracy
[0.0855615  0.12566845 0.18449198 0.30213904]
val_loss=8.7232
accuracy
[0.07754011 0.12566845 0.18449198 0.31818182]
val_loss=9.0705
accuracy
[0.0828877  0.12566845 0.19251337 0.31818182]
val_loss=9.0065
accuracy
[0.07219251 0.12566845 0.18181818 0.31283422]
val_loss=8.8970
accuracy
[0.07754011 0.12566845 0.18716578 0.30748663]
val_loss=9.0962
accuracy
[0.07486631 0.12566845 0.18983957 0.30748663]
val_loss=9.0821
accuracy
[0.07754011 0.12566845 0.18716578 0.31016043]
val_loss=9.1450
accuracy
[0.07754011 0.12566845 0.18716578 0.31016043]
val_loss=9.2071
accuracy
[0.07219251 0.12566845 0.18716578 0.31283422]
val_loss=9.2597
accuracy
[0.07486631 0.12566845 0.18716578 0.31016043]
val_loss=9.2173
accuracy
[0.06951872 0.12566845 0.18716578 0.31016043]
val_loss=9.3245
accuracy
[0.07486631 0.12566845 0.18716578 0.31283422]
val_loss=9.3341
accuracy
[0.07486631 0.12566845 0.18716578 0.30748663]
val_loss=9.3532
accuracy
[0.07219251 0.12566845 0.18716578 0.30748663]
val_loss=9.3612
accuracy
[0.06951872 0.12566845 0.18716578 0.31283422]
val_loss=9.3525
accuracy
[0.07219251 0.12566845 0.18716578 0.31283422]
val_loss=9.3762
accuracy
[0.06951872 0.12566845 0.18716578 0.31016043]
val_loss=9.3773
accuracy
[0.07486631 0.12566845 0.18716578 0.31283422]
val_loss=9.4369
accuracy
[0.07754011 0.12566845 0.18716578 0.31016043]
val_loss=9.4147
accuracy
[0.07486631 0.12834225 0.18449198 0.31283422]
val_loss=9.4532
accuracy
[0.07219251 0.12566845 0.18716578 0.31016043]
val_loss=9.5107
accuracy
[0.07219251 0.12566845 0.18716578 0.29946524]
val_loss=9.5292
accuracy
[0.06951872 0.12834225 0.18983957 0.30748663]
val_loss=9.5601
accuracy
[0.06951872 0.12299465 0.18449198 0.29946524]
val_loss=9.4984
accuracy
[0.07219251 0.12834225 0.18983957 0.30748663]
val_loss=9.5198
accuracy
[0.06951872 0.12834225 0.18716578 0.31016043]
val_loss=9.5337
accuracy
[0.06951872 0.12566845 0.18716578 0.31016043]
val_loss=9.5328
accuracy
[0.07219251 0.12566845 0.18716578 0.31016043]
val_loss=9.5440
accuracy
[0.06951872 0.12566845 0.18716578 0.31016043]
val_loss=9.5432
accuracy
[0.06951872 0.12566845 0.18716578 0.31016043]
val_loss=9.5449
accuracy
[0.06951872 0.12566845 0.18716578 0.31016043]
val_loss=9.5646
accuracy
[0.06951872 0.12566845 0.18716578 0.31016043]
val_loss=9.5728
accuracy
[0.06951872 0.12566845 0.18716578 0.31016043]
val_loss=9.5652
accuracy
[0.06951872 0.12566845 0.18716578 0.31016043]
val_loss=9.5803
accuracy
[0.07219251 0.12566845 0.18716578 0.31016043]
val_loss=9.5837
accuracy
[0.07219251 0.12566845 0.18716578 0.31016043]
val_loss=9.5820
accuracy
[0.07219251 0.12566845 0.18716578 0.31016043]
val_loss=9.5907
accuracy
[0.07486631 0.12566845 0.18716578 0.31016043]
val_loss=9.5828
accuracy
[0.07219251 0.12566845 0.18716578 0.31016043]
val_loss=9.5878
accuracy
[0.07219251 0.12566845 0.18716578 0.31016043]
val_loss=9.5948
accuracy
[0.06951872 0.12566845 0.18716578 0.31016043]
val_loss=9.5986
accuracy
[0.07486631 0.12566845 0.18716578 0.31016043]
val_loss=9.5835
accuracy
[0.07486631 0.12566845 0.18449198 0.31016043]
val_loss=9.6000
accuracy
[0.06951872 0.12566845 0.18716578 0.31016043]
val_loss=9.5999
accuracy
[0.06951872 0.12566845 0.18716578 0.31016043]
Finished Training
    rehearsal replay buffer: 500 of 1189 source samples
cpu
Finished Training
cpu
Finished Training
cpu
Finished Training
cpu
Finished Training
cpu
Finished Training
cpu
Finished Training
cpu
Finished Training
cpu
Finished Training
cpu
Finished Training
cpu
Finished Training
cpu
Finished Training
cpu
Finished Training
cpu
Finished Training
cpu
Finished Training
cpu
Finished Training
cpu
Finished Training
cpu
Finished Training
cpu
Finished Training
cpu
Finished Training
cpu
Finished Training
cpu
Finished Training
cpu
Finished Training
  seed 6: pretrain on scenario3 (1189 samples), zero-shot eval on scenario4 (374 held-out test samples)
cpu
-----------------------------------------------------------------------
      Layer (type)        Output Shape         Param #     Tr. Param #
=======================================================================
          Linear-1           [32, 256]           1,280           1,280
            ReLU-2           [32, 256]               0               0
          Linear-3           [32, 256]          65,792          65,792
          Linear-4           [32, 256]          65,792          65,792
          Linear-5            [32, 16]           4,112           4,112
=======================================================================
Total params: 136,976
Trainable params: 136,976
Non-trainable params: 0
-----------------------------------------------------------------------
val_loss=2.8866
accuracy
[0.11764706 0.27005348 0.46256684 0.62032086]
val_loss=3.7617
accuracy
[0.06149733 0.17914439 0.31283422 0.51069519]
val_loss=4.0927
accuracy
[0.11497326 0.18983957 0.27272727 0.45454545]
val_loss=4.8919
accuracy
[0.12032086 0.19786096 0.27540107 0.35828877]
val_loss=4.5443
accuracy
[0.09625668 0.17914439 0.27005348 0.37700535]
val_loss=5.4301
accuracy
[0.10962567 0.22192513 0.26203209 0.4144385 ]
val_loss=5.0842
accuracy
[0.09893048 0.20588235 0.26470588 0.37967914]
val_loss=5.3449
accuracy
[0.09893048 0.1684492  0.26737968 0.39572193]
val_loss=5.4166
accuracy
[0.10695187 0.20855615 0.26737968 0.34491979]
val_loss=6.2030
accuracy
[0.10962567 0.22459893 0.27807487 0.38770053]
val_loss=5.6597
accuracy
[0.09625668 0.21925134 0.26737968 0.39839572]
val_loss=5.7212
accuracy
[0.0855615  0.1684492  0.26203209 0.36363636]
val_loss=6.2119
accuracy
[0.10160428 0.19786096 0.2513369  0.40909091]
val_loss=5.4826
accuracy
[0.10695187 0.15775401 0.26203209 0.36898396]
val_loss=6.5717
accuracy
[0.07486631 0.21390374 0.26737968 0.39304813]
val_loss=6.3149
accuracy
[0.09625668 0.20053476 0.2513369  0.35026738]
val_loss=6.6297
accuracy
[0.09358289 0.15775401 0.26470588 0.34759358]
val_loss=7.2270
accuracy
[0.10160428 0.18181818 0.2486631  0.32887701]
val_loss=6.4984
accuracy
[0.10427807 0.21657754 0.26737968 0.38502674]
val_loss=7.2363
accuracy
[0.09358289 0.20588235 0.2513369  0.34491979]
val_loss=6.6766
accuracy
[0.09090909 0.15240642 0.2540107  0.34224599]
val_loss=7.1060
accuracy
[0.10160428 0.15508021 0.2513369  0.32620321]
val_loss=7.3512
accuracy
[0.09090909 0.14973262 0.2540107  0.31818182]
val_loss=7.5333
accuracy
[0.05614973 0.15240642 0.2486631  0.32352941]
val_loss=7.6646
accuracy
[0.05080214 0.14973262 0.25668449 0.32085561]
val_loss=7.8262
accuracy
[0.05882353 0.13636364 0.2459893  0.32887701]
val_loss=7.9109
accuracy
[0.06684492 0.15508021 0.2513369  0.32352941]
val_loss=7.8516
accuracy
[0.05347594 0.15240642 0.25668449 0.32352941]
val_loss=7.8649
accuracy
[0.0802139  0.14973262 0.2486631  0.32887701]
val_loss=7.9739
accuracy
[0.09358289 0.14705882 0.25668449 0.32620321]
val_loss=8.0125
accuracy
[0.05882353 0.14705882 0.25935829 0.32352941]
val_loss=8.2138
accuracy
[0.05080214 0.13101604 0.2459893  0.3315508 ]
val_loss=7.9885
accuracy
[0.09090909 0.14438503 0.2486631  0.32887701]
val_loss=8.3074
accuracy
[0.06417112 0.13903743 0.25668449 0.32085561]
val_loss=8.2005
accuracy
[0.06149733 0.14973262 0.2459893  0.3315508 ]
val_loss=8.4593
accuracy
[0.07754011 0.15508021 0.23529412 0.32887701]
val_loss=8.4041
accuracy
[0.06951872 0.13903743 0.25668449 0.3315508 ]
val_loss=8.4002
accuracy
[0.04812834 0.14973262 0.2513369  0.32887701]
val_loss=8.3400
accuracy
[0.04812834 0.13101604 0.24331551 0.3315508 ]
val_loss=8.4062
accuracy
[0.0802139  0.1631016  0.2486631  0.32620321]
val_loss=8.3649
accuracy
[0.07219251 0.13903743 0.2513369  0.3342246 ]
val_loss=8.4899
accuracy
[0.06684492 0.13636364 0.2486631  0.32887701]
val_loss=8.5660
accuracy
[0.05080214 0.13636364 0.2486631  0.3315508 ]
val_loss=8.5399
accuracy
[0.05882353 0.13903743 0.2459893  0.3315508 ]
val_loss=8.6271
accuracy
[0.05080214 0.13636364 0.2486631  0.32887701]
val_loss=8.5998
accuracy
[0.06149733 0.13903743 0.2486631  0.32887701]
val_loss=8.6997
accuracy
[0.06149733 0.13903743 0.2513369  0.32887701]
val_loss=8.7283
accuracy
[0.06149733 0.13903743 0.2540107  0.32887701]
val_loss=8.7286
accuracy
[0.06149733 0.13636364 0.2513369  0.32887701]
val_loss=8.7506
accuracy
[0.04812834 0.13903743 0.2486631  0.3315508 ]
val_loss=8.7744
accuracy
[0.04278075 0.13903743 0.2459893  0.32887701]
val_loss=8.8373
accuracy
[0.06149733 0.13903743 0.2486631  0.32620321]
val_loss=8.7997
accuracy
[0.04545455 0.13636364 0.2513369  0.32887701]
val_loss=8.8563
accuracy
[0.04278075 0.13368984 0.2513369  0.32887701]
val_loss=8.8629
accuracy
[0.05080214 0.13903743 0.2486631  0.32887701]
val_loss=8.9146
accuracy
[0.05882353 0.14171123 0.2459893  0.32887701]
val_loss=8.9067
accuracy
[0.05347594 0.13636364 0.2540107  0.3315508 ]
val_loss=8.9455
accuracy
[0.05882353 0.13903743 0.2486631  0.32887701]
val_loss=8.9264
accuracy
[0.05080214 0.13903743 0.2540107  0.32887701]
val_loss=8.8904
accuracy
[0.06149733 0.13903743 0.2486631  0.32887701]
val_loss=8.9050
accuracy
[0.06149733 0.13903743 0.2486631  0.32887701]
val_loss=8.9199
accuracy
[0.06149733 0.13903743 0.2486631  0.32887701]
val_loss=8.9315
accuracy
[0.06149733 0.13903743 0.2486631  0.32887701]
val_loss=8.9413
accuracy
[0.05614973 0.13903743 0.2486631  0.32887701]
val_loss=8.9304
accuracy
[0.06149733 0.13903743 0.2486631  0.32887701]
val_loss=8.9379
accuracy
[0.06149733 0.13903743 0.2486631  0.3315508 ]
val_loss=8.9597
accuracy
[0.06149733 0.14171123 0.2486631  0.32620321]
val_loss=8.9557
accuracy
[0.05882353 0.13903743 0.2486631  0.32887701]
val_loss=8.9679
accuracy
[0.06149733 0.13903743 0.2486631  0.3315508 ]
val_loss=8.9723
accuracy
[0.05614973 0.13903743 0.2486631  0.3315508 ]
val_loss=8.9724
accuracy
[0.05882353 0.13903743 0.2486631  0.32887701]
val_loss=8.9860
accuracy
[0.06149733 0.13903743 0.2486631  0.3315508 ]
val_loss=8.9906
accuracy
[0.05882353 0.13903743 0.2486631  0.3315508 ]
val_loss=8.9963
accuracy
[0.05882353 0.13903743 0.2513369  0.32887701]
val_loss=9.0077
accuracy
[0.06149733 0.13903743 0.2486631  0.32887701]
val_loss=9.0023
accuracy
[0.05347594 0.13636364 0.2486631  0.32887701]
val_loss=9.0161
accuracy
[0.05347594 0.13636364 0.2486631  0.32887701]
val_loss=9.0167
accuracy
[0.05882353 0.14171123 0.2486631  0.32887701]
val_loss=9.0239
accuracy
[0.05347594 0.13903743 0.2486631  0.32887701]
val_loss=9.0268
accuracy
[0.05882353 0.13903743 0.2486631  0.32887701]
Finished Training
    rehearsal replay buffer: 500 of 1189 source samples
cpu
Finished Training
cpu
Finished Training
cpu
Finished Training
cpu
Finished Training
cpu
Finished Training
cpu
Finished Training
cpu
Finished Training
cpu
Finished Training
cpu
Finished Training
cpu
Finished Training
cpu
Finished Training
cpu
Finished Training
cpu
Finished Training
cpu
Finished Training
cpu
Finished Training
cpu
Finished Training
cpu
Finished Training
cpu
Finished Training
cpu
Finished Training
cpu
Finished Training
cpu
Finished Training
cpu
Finished Training
  seed 7: pretrain on scenario3 (1189 samples), zero-shot eval on scenario4 (374 held-out test samples)
cpu
-----------------------------------------------------------------------
      Layer (type)        Output Shape         Param #     Tr. Param #
=======================================================================
          Linear-1           [32, 256]           1,280           1,280
            ReLU-2           [32, 256]               0               0
          Linear-3           [32, 256]          65,792          65,792
          Linear-4           [32, 256]          65,792          65,792
          Linear-5            [32, 16]           4,112           4,112
=======================================================================
Total params: 136,976
Trainable params: 136,976
Non-trainable params: 0
-----------------------------------------------------------------------
val_loss=3.0170
accuracy
[0.18983957 0.28342246 0.3342246  0.48930481]
val_loss=3.6600
accuracy
[0.15508021 0.23529412 0.31818182 0.5       ]
val_loss=4.1950
accuracy
[0.0828877  0.19518717 0.27540107 0.46524064]
val_loss=3.9514
accuracy
[0.09625668 0.20588235 0.27540107 0.44385027]
val_loss=4.7296
accuracy
[0.15508021 0.21390374 0.28877005 0.47058824]
val_loss=5.0880
accuracy
[0.07754011 0.18716578 0.25668449 0.40106952]
val_loss=5.2349
accuracy
[0.13903743 0.18716578 0.26470588 0.44652406]
val_loss=5.7823
accuracy
[0.07754011 0.18449198 0.2459893  0.35026738]
val_loss=5.5255
accuracy
[0.09090909 0.18449198 0.2486631  0.38502674]
val_loss=5.0289
accuracy
[0.13903743 0.22727273 0.25668449 0.36363636]
val_loss=5.4882
accuracy
[0.14438503 0.20588235 0.25668449 0.37700535]
val_loss=6.3427
accuracy
[0.13636364 0.18449198 0.25935829 0.35026738]
val_loss=6.4772
accuracy
[0.04278075 0.18449198 0.2486631  0.36898396]
val_loss=5.9583
accuracy
[0.13636364 0.21390374 0.25935829 0.41176471]
val_loss=5.2359
accuracy
[0.13101604 0.18181818 0.24331551 0.35561497]
val_loss=6.4082
accuracy
[0.13903743 0.18181818 0.2486631  0.35828877]
val_loss=5.7271
accuracy
[0.0828877  0.18716578 0.25935829 0.36631016]
val_loss=5.9669
accuracy
[0.13368984 0.19786096 0.24331551 0.35026738]
val_loss=6.8630
accuracy
[0.13368984 0.18716578 0.25935829 0.41176471]
val_loss=6.4057
accuracy
[0.14171123 0.21657754 0.2486631  0.39572193]
val_loss=6.3848
accuracy
[0.13636364 0.18449198 0.2486631  0.37165775]
val_loss=6.6328
accuracy
[0.09893048 0.18449198 0.24331551 0.36363636]
val_loss=6.7858
accuracy
[0.13101604 0.18181818 0.24331551 0.36096257]
val_loss=6.8525
accuracy
[0.09893048 0.18181818 0.24064171 0.35561497]
val_loss=6.9510
accuracy
[0.11497326 0.18181818 0.24331551 0.35026738]
val_loss=7.1039
accuracy
[0.11497326 0.18181818 0.2459893  0.34491979]
val_loss=7.2679
accuracy
[0.12032086 0.18449198 0.24331551 0.34491979]
val_loss=7.0727
accuracy
[0.0828877  0.18181818 0.2459893  0.33957219]
val_loss=7.2606
accuracy
[0.10427807 0.18449198 0.2486631  0.34491979]
val_loss=7.1968
accuracy
[0.09893048 0.18449198 0.2486631  0.35026738]
val_loss=7.2459
accuracy
[0.09893048 0.18181818 0.2486631  0.3368984 ]
val_loss=7.3927
accuracy
[0.0828877  0.18449198 0.2459893  0.34224599]
val_loss=7.4576
accuracy
[0.09625668 0.18181818 0.24331551 0.34759358]
val_loss=7.7050
accuracy
[0.09358289 0.18181818 0.2459893  0.32887701]
val_loss=7.6286
accuracy
[0.09358289 0.18449198 0.2459893  0.32887701]
val_loss=7.7051
accuracy
[0.09090909 0.18181818 0.24064171 0.34759358]
val_loss=7.7590
accuracy
[0.09625668 0.18181818 0.2459893  0.3368984 ]
val_loss=7.8165
accuracy
[0.11229947 0.18181818 0.2459893  0.3342246 ]
val_loss=7.6825
accuracy
[0.10962567 0.17914439 0.24331551 0.34491979]
val_loss=7.7521
accuracy
[0.0855615  0.18449198 0.24331551 0.32620321]
val_loss=7.7668
accuracy
[0.09358289 0.18449198 0.24331551 0.32620321]
val_loss=7.7794
accuracy
[0.09358289 0.18449198 0.24331551 0.32620321]
val_loss=7.7773
accuracy
[0.09625668 0.18449198 0.2459893  0.32620321]
val_loss=7.8295
accuracy
[0.09358289 0.18449198 0.2459893  0.32352941]
val_loss=7.8464
accuracy
[0.09358289 0.18449198 0.24331551 0.32352941]
val_loss=7.8118
accuracy
[0.09893048 0.18449198 0.24331551 0.32352941]
val_loss=7.8479
accuracy
[0.09893048 0.18181818 0.24331551 0.32887701]
val_loss=7.8496
accuracy
[0.09893048 0.18449198 0.2459893  0.32887701]
val_loss=7.9299
accuracy
[0.09090909 0.18181818 0.2459893  0.32887701]
val_loss=7.9048
accuracy
[0.09090909 0.18449198 0.2459893  0.32620321]
val_loss=7.9598
accuracy
[0.09090909 0.18449198 0.2459893  0.32620321]
val_loss=7.9586
accuracy
[0.09090909 0.18449198 0.2459893  0.32352941]
val_loss=7.9705
accuracy
[0.09625668 0.18449198 0.2459893  0.32352941]
val_loss=7.9796
accuracy
[0.09625668 0.18181818 0.24331551 0.32887701]
val_loss=7.9997
accuracy
[0.09893048 0.18449198 0.2459893  0.32352941]
val_loss=8.0378
accuracy
[0.09358289 0.18449198 0.2459893  0.31550802]
val_loss=8.0220
accuracy
[0.09358289 0.18449198 0.2459893  0.31818182]
val_loss=8.1162
accuracy
[0.09358289 0.18449198 0.24331551 0.32085561]
val_loss=8.0919
accuracy
[0.09090909 0.18449198 0.2459893  0.32620321]
val_loss=8.0857
accuracy
[0.09358289 0.18449198 0.2459893  0.32352941]
val_loss=8.1059
accuracy
[0.09358289 0.18449198 0.2459893  0.32352941]
val_loss=8.0983
accuracy
[0.09625668 0.18449198 0.2459893  0.32352941]
val_loss=8.1021
accuracy
[0.09625668 0.18449198 0.2459893  0.32620321]
val_loss=8.1075
accuracy
[0.09358289 0.18449198 0.24331551 0.32887701]
val_loss=8.1168
accuracy
[0.09358289 0.18449198 0.24331551 0.32887701]
val_loss=8.1304
accuracy
[0.09358289 0.18449198 0.24331551 0.32620321]
val_loss=8.1247
accuracy
[0.09358289 0.18449198 0.2459893  0.32887701]
val_loss=8.1369
accuracy
[0.09358289 0.18449198 0.24331551 0.32352941]
val_loss=8.1543
accuracy
[0.09358289 0.18449198 0.24331551 0.32352941]
val_loss=8.1507
accuracy
[0.09090909 0.18449198 0.24331551 0.32352941]
val_loss=8.1464
accuracy
[0.09358289 0.18449198 0.24331551 0.32620321]
val_loss=8.1561
accuracy
[0.09358289 0.18449198 0.24331551 0.32620321]
val_loss=8.1682
accuracy
[0.09358289 0.18449198 0.24331551 0.32352941]
val_loss=8.1694
accuracy
[0.09358289 0.18449198 0.24331551 0.32620321]
val_loss=8.1551
accuracy
[0.09625668 0.18181818 0.24331551 0.32620321]
val_loss=8.1689
accuracy
[0.09358289 0.18449198 0.24331551 0.32352941]
val_loss=8.1798
accuracy
[0.09358289 0.18181818 0.24331551 0.32620321]
val_loss=8.1745
accuracy
[0.09358289 0.18181818 0.24331551 0.32620321]
val_loss=8.1774
accuracy
[0.09625668 0.18181818 0.24331551 0.32352941]
val_loss=8.1884
accuracy
[0.09358289 0.18181818 0.24331551 0.32352941]
Finished Training
    rehearsal replay buffer: 500 of 1189 source samples
cpu
Finished Training
cpu
Finished Training
cpu
Finished Training
cpu
Finished Training
cpu
Finished Training
cpu
Finished Training
cpu
Finished Training
cpu
Finished Training
cpu
Finished Training
cpu
Finished Training
cpu
Finished Training
cpu
Finished Training
cpu
Finished Training
cpu
Finished Training
cpu
Finished Training
cpu
Finished Training
cpu
Finished Training
cpu
Finished Training
cpu
Finished Training
cpu
Finished Training
cpu
Finished Training
cpu
Finished Training
  seed 8: pretrain on scenario3 (1189 samples), zero-shot eval on scenario4 (374 held-out test samples)
cpu
-----------------------------------------------------------------------
      Layer (type)        Output Shape         Param #     Tr. Param #
=======================================================================
          Linear-1           [32, 256]           1,280           1,280
            ReLU-2           [32, 256]               0               0
          Linear-3           [32, 256]          65,792          65,792
          Linear-4           [32, 256]          65,792          65,792
          Linear-5            [32, 16]           4,112           4,112
=======================================================================
Total params: 136,976
Trainable params: 136,976
Non-trainable params: 0
-----------------------------------------------------------------------
val_loss=3.2542
accuracy
[0.12299465 0.27540107 0.39572193 0.59090909]
val_loss=4.7412
accuracy
[0.12299465 0.21122995 0.26737968 0.46524064]
val_loss=4.4731
accuracy
[0.06417112 0.1684492  0.23262032 0.46256684]
val_loss=4.5512
accuracy
[0.07486631 0.17914439 0.22994652 0.45989305]
val_loss=5.3106
accuracy
[0.10427807 0.18181818 0.22994652 0.44385027]
val_loss=5.4019
accuracy
[0.07486631 0.17379679 0.23262032 0.45721925]
val_loss=4.7640
accuracy
[0.10160428 0.17914439 0.22727273 0.36631016]
val_loss=5.8738
accuracy
[0.07486631 0.1684492  0.22192513 0.40374332]
val_loss=5.9272
accuracy
[0.09893048 0.17379679 0.22192513 0.41176471]
val_loss=6.3831
accuracy
[0.10160428 0.17647059 0.21925134 0.35828877]
val_loss=5.6223
accuracy
[0.09893048 0.17379679 0.21657754 0.35561497]
val_loss=6.0664
accuracy
[0.06417112 0.1657754  0.21657754 0.35294118]
val_loss=6.5825
accuracy
[0.0802139  0.1684492  0.21925134 0.32085561]
val_loss=6.9205
accuracy
[0.07219251 0.14973262 0.21390374 0.34759358]
val_loss=6.4378
accuracy
[0.09893048 0.17379679 0.21925134 0.36096257]
val_loss=6.3142
accuracy
[0.07486631 0.1631016  0.21657754 0.34759358]
val_loss=6.2917
accuracy
[0.09625668 0.16042781 0.21122995 0.32085561]
val_loss=6.4770
accuracy
[0.09893048 0.16042781 0.21657754 0.34759358]
val_loss=6.9952
accuracy
[0.09625668 0.1684492  0.21925134 0.3315508 ]
val_loss=7.1111
accuracy
[0.06149733 0.1684492  0.21390374 0.29946524]
val_loss=7.3991
accuracy
[0.09358289 0.16042781 0.21657754 0.29144385]
val_loss=7.7435
accuracy
[0.09893048 0.16042781 0.21390374 0.29946524]
val_loss=7.8823
accuracy
[0.09625668 0.16042781 0.21390374 0.28877005]
val_loss=7.9183
accuracy
[0.09893048 0.1631016  0.21657754 0.30481283]
val_loss=7.9516
accuracy
[0.09893048 0.16042781 0.21390374 0.29144385]
val_loss=8.1176
accuracy
[0.09893048 0.1631016  0.21390374 0.28609626]
val_loss=8.2471
accuracy
[0.09893048 0.14973262 0.21390374 0.28609626]
val_loss=8.0294
accuracy
[0.09358289 0.16042781 0.21390374 0.29411765]
val_loss=8.1564
accuracy
[0.09893048 0.16042781 0.21122995 0.28074866]
val_loss=8.0158
accuracy
[0.09893048 0.16042781 0.21122995 0.28074866]
val_loss=8.1522
accuracy
[0.09893048 0.1631016  0.21390374 0.29946524]
val_loss=8.1760
accuracy
[0.09893048 0.14171123 0.20588235 0.29144385]
val_loss=8.3182
accuracy
[0.09893048 0.15775401 0.21390374 0.28342246]
val_loss=8.1345
accuracy
[0.05614973 0.1631016  0.21122995 0.29411765]
val_loss=8.2783
accuracy
[0.09893048 0.15775401 0.21390374 0.28609626]
val_loss=8.2548
accuracy
[0.0855615  0.1631016  0.21122995 0.29411765]
val_loss=8.3640
accuracy
[0.09893048 0.15775401 0.21122995 0.28609626]
val_loss=8.4475
accuracy
[0.09625668 0.16042781 0.20588235 0.29411765]
val_loss=8.5140
accuracy
[0.09893048 0.15775401 0.21390374 0.29144385]
val_loss=8.6309
accuracy
[0.09893048 0.15775401 0.21390374 0.28609626]
val_loss=8.6017
accuracy
[0.09893048 0.16042781 0.21390374 0.28609626]
val_loss=8.5908
accuracy
[0.09893048 0.16042781 0.21122995 0.28609626]
val_loss=8.6275
accuracy
[0.09893048 0.15775401 0.21122995 0.29411765]
val_loss=8.6564
accuracy
[0.09893048 0.15775401 0.21122995 0.29144385]
val_loss=8.6700
accuracy
[0.09893048 0.15775401 0.21390374 0.28877005]
val_loss=8.7059
accuracy
[0.09893048 0.15775401 0.21122995 0.29144385]
val_loss=8.7052
accuracy
[0.09893048 0.15775401 0.21122995 0.28877005]
val_loss=8.7957
accuracy
[0.09893048 0.15775401 0.21122995 0.29144385]
val_loss=8.7880
accuracy
[0.09893048 0.15775401 0.20855615 0.28609626]
val_loss=8.7604
accuracy
[0.09893048 0.16042781 0.21122995 0.28877005]
val_loss=8.7606
accuracy
[0.09893048 0.15775401 0.20855615 0.29144385]
val_loss=8.7927
accuracy
[0.09893048 0.15775401 0.20320856 0.28877005]
val_loss=8.8086
accuracy
[0.09893048 0.15775401 0.20588235 0.28609626]
val_loss=8.8257
accuracy
[0.09893048 0.15775401 0.21122995 0.29144385]
val_loss=8.8956
accuracy
[0.09893048 0.14973262 0.20855615 0.28609626]
val_loss=8.8590
accuracy
[0.09893048 0.15775401 0.20855615 0.28877005]
val_loss=8.8742
accuracy
[0.09893048 0.15775401 0.21122995 0.28877005]
val_loss=8.8971
accuracy
[0.09893048 0.15775401 0.21122995 0.28877005]
val_loss=8.8557
accuracy
[0.09893048 0.14973262 0.20855615 0.28877005]
val_loss=8.9260
accuracy
[0.09893048 0.14973262 0.21122995 0.28609626]
val_loss=8.9413
accuracy
[0.09893048 0.15508021 0.21122995 0.28609626]
val_loss=8.9290
accuracy
[0.09893048 0.14973262 0.21122995 0.28877005]
val_loss=8.9323
accuracy
[0.09893048 0.14705882 0.21122995 0.28609626]
val_loss=8.9364
accuracy
[0.09893048 0.14705882 0.21122995 0.28609626]
val_loss=8.9446
accuracy
[0.09893048 0.14705882 0.21122995 0.28609626]
val_loss=8.9447
accuracy
[0.09893048 0.14973262 0.21122995 0.28877005]
val_loss=8.9500
accuracy
[0.09893048 0.14973262 0.21122995 0.28877005]
val_loss=8.9502
accuracy
[0.09893048 0.14973262 0.21122995 0.28609626]
val_loss=8.9617
accuracy
[0.09893048 0.14705882 0.21122995 0.28609626]
val_loss=8.9565
accuracy
[0.09893048 0.14705882 0.21122995 0.28609626]
val_loss=8.9525
accuracy
[0.09893048 0.14705882 0.21122995 0.28877005]
val_loss=8.9619
accuracy
[0.09893048 0.14973262 0.21122995 0.28609626]
val_loss=8.9535
accuracy
[0.09893048 0.14705882 0.21122995 0.28609626]
val_loss=8.9771
accuracy
[0.09893048 0.14973262 0.21122995 0.28609626]
val_loss=8.9794
accuracy
[0.09893048 0.14705882 0.21122995 0.28877005]
val_loss=8.9746
accuracy
[0.09893048 0.14973262 0.21122995 0.28609626]
val_loss=8.9754
accuracy
[0.09893048 0.14705882 0.21122995 0.28609626]
val_loss=8.9726
accuracy
[0.09893048 0.14973262 0.21122995 0.28877005]
val_loss=8.9878
accuracy
[0.09893048 0.14438503 0.20855615 0.28609626]
val_loss=8.9741
accuracy
[0.09893048 0.14705882 0.21122995 0.28609626]
Finished Training
    rehearsal replay buffer: 500 of 1189 source samples
cpu
Finished Training
cpu
Finished Training
cpu
Finished Training
cpu
Finished Training
cpu
Finished Training
cpu
Finished Training
cpu
Finished Training
cpu
Finished Training
cpu
Finished Training
cpu
Finished Training
cpu
Finished Training
cpu
Finished Training
cpu
Finished Training
cpu
Finished Training
cpu
Finished Training
cpu
Finished Training
cpu
Finished Training
cpu
Finished Training
cpu
Finished Training
cpu
Finished Training
cpu
Finished Training
cpu
Finished Training
  seed 9: pretrain on scenario3 (1189 samples), zero-shot eval on scenario4 (374 held-out test samples)
cpu
-----------------------------------------------------------------------
      Layer (type)        Output Shape         Param #     Tr. Param #
=======================================================================
          Linear-1           [32, 256]           1,280           1,280
            ReLU-2           [32, 256]               0               0
          Linear-3           [32, 256]          65,792          65,792
          Linear-4           [32, 256]          65,792          65,792
          Linear-5            [32, 16]           4,112           4,112
=======================================================================
Total params: 136,976
Trainable params: 136,976
Non-trainable params: 0
-----------------------------------------------------------------------
val_loss=2.9362
accuracy
[0.13101604 0.22994652 0.32620321 0.52941176]
val_loss=3.3593
accuracy
[0.10427807 0.1631016  0.26203209 0.44117647]
val_loss=3.8107
accuracy
[0.06951872 0.1657754  0.28074866 0.44919786]
val_loss=3.8351
accuracy
[0.12299465 0.23529412 0.3342246  0.55080214]
val_loss=4.3444
accuracy
[0.10962567 0.1684492  0.28074866 0.50534759]
val_loss=5.2360
accuracy
[0.07486631 0.17914439 0.26470588 0.37165775]
val_loss=5.2319
accuracy
[0.07219251 0.1684492  0.27272727 0.43582888]
val_loss=5.7440
accuracy
[0.06951872 0.1657754  0.26737968 0.45454545]
val_loss=5.2681
accuracy
[0.10427807 0.15775401 0.2486631  0.40909091]
val_loss=5.3579
accuracy
[0.10695187 0.16042781 0.2459893  0.4171123 ]
val_loss=6.0444
accuracy
[0.06684492 0.1657754  0.2540107  0.37700535]
val_loss=6.1868
accuracy
[0.06417112 0.15775401 0.2459893  0.37433155]
val_loss=6.4814
accuracy
[0.09358289 0.15775401 0.2459893  0.36631016]
val_loss=6.5095
accuracy
[0.10160428 0.15775401 0.2459893  0.37700535]
val_loss=6.3289
accuracy
[0.06951872 0.1631016  0.2486631  0.34759358]
val_loss=6.7757
accuracy
[0.10160428 0.15775401 0.2459893  0.31016043]
val_loss=6.2525
accuracy
[0.10160428 0.1631016  0.25935829 0.37700535]
val_loss=6.6445
accuracy
[0.09893048 0.16042781 0.2486631  0.36096257]
val_loss=6.7843
accuracy
[0.10160428 0.16042781 0.2540107  0.36631016]
val_loss=7.3896
accuracy
[0.09893048 0.15508021 0.2486631  0.32352941]
val_loss=7.2546
accuracy
[0.09893048 0.15775401 0.23796791 0.35561497]
val_loss=7.4748
accuracy
[0.09625668 0.15508021 0.23529412 0.36096257]
val_loss=7.8204
accuracy
[0.09625668 0.16042781 0.23529412 0.3368984 ]
val_loss=7.9291
accuracy
[0.09893048 0.15508021 0.23796791 0.35828877]
val_loss=7.8951
accuracy
[0.09893048 0.15508021 0.24064171 0.35026738]
val_loss=8.1079
accuracy
[0.09893048 0.15508021 0.23262032 0.35026738]
val_loss=8.2161
accuracy
[0.09625668 0.16042781 0.22459893 0.3368984 ]
val_loss=8.2013
accuracy
[0.09893048 0.15508021 0.19786096 0.33957219]
val_loss=8.5477
accuracy
[0.09893048 0.16042781 0.20855615 0.33957219]
val_loss=8.4358
accuracy
[0.10160428 0.15775401 0.22727273 0.35294118]
val_loss=8.2960
accuracy
[0.10160428 0.15240642 0.21657754 0.34759358]
val_loss=8.4594
accuracy
[0.09893048 0.15775401 0.19786096 0.3315508 ]
val_loss=8.6480
accuracy
[0.09893048 0.15240642 0.20855615 0.3342246 ]
val_loss=8.6756
accuracy
[0.09893048 0.15775401 0.20053476 0.34224599]
val_loss=8.7275
accuracy
[0.09893048 0.16042781 0.20320856 0.33957219]
val_loss=8.5937
accuracy
[0.09893048 0.14973262 0.21122995 0.3315508 ]
val_loss=8.4511
accuracy
[0.09893048 0.15240642 0.18983957 0.33957219]
val_loss=8.4285
accuracy
[0.09625668 0.15775401 0.19786096 0.34224599]
val_loss=8.7144
accuracy
[0.09893048 0.14171123 0.22192513 0.3368984 ]
val_loss=8.5969
accuracy
[0.09893048 0.14973262 0.18983957 0.34759358]
val_loss=8.7186
accuracy
[0.10160428 0.14973262 0.20053476 0.3368984 ]
val_loss=8.7425
accuracy
[0.09893048 0.15240642 0.20053476 0.3315508 ]
val_loss=8.7990
accuracy
[0.10160428 0.14973262 0.20855615 0.32887701]
val_loss=8.8317
accuracy
[0.10160428 0.15240642 0.19786096 0.32887701]
val_loss=8.8028
accuracy
[0.10160428 0.14973262 0.18449198 0.3342246 ]
val_loss=8.9139
accuracy
[0.09893048 0.14973262 0.18449198 0.32085561]
val_loss=8.9820
accuracy
[0.10160428 0.14973262 0.19786096 0.32620321]
val_loss=8.9034
accuracy
[0.09893048 0.14438503 0.18983957 0.3368984 ]
val_loss=9.0394
accuracy
[0.10160428 0.14973262 0.18716578 0.32887701]
val_loss=8.9369
accuracy
[0.10160428 0.14705882 0.19251337 0.3315508 ]
val_loss=9.0449
accuracy
[0.10160428 0.14973262 0.19251337 0.3315508 ]
val_loss=9.0701
accuracy
[0.10160428 0.14973262 0.19251337 0.32085561]
val_loss=9.0889
accuracy
[0.10160428 0.14973262 0.20320856 0.32085561]
val_loss=9.1331
accuracy
[0.10160428 0.14973262 0.19518717 0.32085561]
val_loss=9.1107
accuracy
[0.10160428 0.14973262 0.18449198 0.31818182]
val_loss=9.0754
accuracy
[0.09893048 0.14973262 0.18449198 0.32887701]
val_loss=9.1022
accuracy
[0.09893048 0.14973262 0.18716578 0.32620321]
val_loss=9.1742
accuracy
[0.09893048 0.14705882 0.18181818 0.32352941]
val_loss=9.1252
accuracy
[0.09893048 0.14973262 0.17914439 0.32620321]
val_loss=9.2184
accuracy
[0.09893048 0.14973262 0.17914439 0.31818182]
val_loss=9.1906
accuracy
[0.09893048 0.14973262 0.17914439 0.32352941]
val_loss=9.1928
accuracy
[0.09893048 0.14973262 0.18181818 0.32352941]
val_loss=9.1967
accuracy
[0.09893048 0.14973262 0.17914439 0.32352941]
val_loss=9.2016
accuracy
[0.10160428 0.14973262 0.18181818 0.32085561]
val_loss=9.2003
accuracy
[0.10160428 0.14973262 0.17914439 0.32352941]
val_loss=9.2096
accuracy
[0.10160428 0.14973262 0.17914439 0.32352941]
val_loss=9.2130
accuracy
[0.09893048 0.14973262 0.17914439 0.32352941]
val_loss=9.2272
accuracy
[0.10160428 0.14973262 0.18181818 0.32352941]
val_loss=9.2211
accuracy
[0.10160428 0.14973262 0.17914439 0.32352941]
val_loss=9.2204
accuracy
[0.10160428 0.14973262 0.17914439 0.32085561]
val_loss=9.2217
accuracy
[0.10160428 0.14973262 0.17914439 0.32352941]
val_loss=9.2437
accuracy
[0.10160428 0.14973262 0.17914439 0.31818182]
val_loss=9.2321
accuracy
[0.10160428 0.14705882 0.17914439 0.32085561]
val_loss=9.2354
accuracy
[0.10160428 0.14973262 0.17914439 0.32085561]
val_loss=9.2581
accuracy
[0.10160428 0.14973262 0.17914439 0.31818182]
val_loss=9.2383
accuracy
[0.10160428 0.14705882 0.17914439 0.32085561]
val_loss=9.2584
accuracy
[0.10160428 0.14973262 0.17914439 0.31818182]
val_loss=9.2570
accuracy
[0.10160428 0.14705882 0.17914439 0.32085561]
val_loss=9.2567
accuracy
[0.10160428 0.14705882 0.17379679 0.32085561]
val_loss=9.2629
accuracy
[0.09893048 0.14705882 0.17914439 0.32085561]
Finished Training
    rehearsal replay buffer: 500 of 1189 source samples
cpu
Finished Training
cpu
Finished Training
cpu
Finished Training
cpu
Finished Training
cpu
Finished Training
cpu
Finished Training
cpu
Finished Training
cpu
Finished Training
cpu
Finished Training
cpu
Finished Training
cpu
Finished Training
cpu
Finished Training
cpu
Finished Training
cpu
Finished Training
cpu
Finished Training
cpu
Finished Training
cpu
Finished Training
cpu
Finished Training
cpu
Finished Training
cpu
Finished Training
cpu
Finished Training
cpu
Finished Training
Saved result\stage1_s3_to_s4_rehearsal_acc.mat and result\stage1_s3_to_s4_rehearsal_pwr.mat (10/10 seeds completed)

=== Base-4 MLP rehearsal summary: mean top-2 accuracy ===
s1_to_s2     0= 48.71% 100= 52.96% 200= 56.17%
s1_to_s3     0=  1.44% 100= 19.06% 200= 28.02%
s2_to_s4     0=  0.70% 100= 26.98% 200= 32.57%
s3_to_s4     0= 15.03% 100= 17.46% 200= 18.96%

Completed 4/4 comparisons successfully.
Base-4 MLP rehearsal batch complete.
